<?xml version='1.0' encoding='utf-8'?>
<COLLADA xmlns="http://www.collada.org/2005/11/COLLADASchema" version="1.4.1">
  <asset>
    <created>2026-10-03T00:00:00Z</created>
    <modified>2026-10-03T00:00:00Z</modified>
    <unit name="engine_unit" meter="1" />
    <up_axis>Z_UP</up_axis>
  </asset>
  <library_effects>
    <effect id="animal-effect">
      <profile_COMMON>
        <technique sid="common">
          <phong>
            <emission>
              <color>0.02 0.025 0.035 1</color>
            </emission>
            <ambient>
              <color>0.3 0.3 0.3 1</color>
            </ambient>
            <diffuse>
              <color>0.33 0.48 0.52 1</color>
            </diffuse>
            <specular>
              <color>0.05 0.05 0.05 1</color>
            </specular>
            <shininess>
              <float>12</float>
            </shininess>
          </phong>
        </technique>
      </profile_COMMON>
    </effect>
  </library_effects>
  <library_materials>
    <material id="animal-material" name="Own muted blue grey hide">
      <instance_effect url="#animal-effect" />
    </material>
  </library_materials>
  <library_geometries>
    <geometry id="animal-geometry">
      <mesh>
        <source id="animal-geometry-positions">
          <float_array id="animal-geometry-positions-array" count="5244">0 0 81 0 0 81 0 0 81 0 0 81 0 0 81 0 0 81 0 0 81 0 0 81 0 0 81 0 0 81 0 0 81 0 0 81 0 0 81 0 0 81 0 0 81 0 0 81 0 0 81 0 0 81 0 0 81 0 0 81 6.48935688 0 80.2169043 6.17174515 3.5331856 80.2169043 5.25 6.72051838 80.2169043 3.81434827 9.25 80.2169043 2.00532156 10.8740272 80.2169043 3.97358507e-16 11.4336288 80.2169043 -2.00532156 10.8740272 80.2169043 -3.81434827 9.25 80.2169043 -5.25 6.72051838 80.2169043 -6.17174515 3.5331856 80.2169043 -6.48935688 1.40021569e-15 80.2169043 -6.17174515 -3.5331856 80.2169043 -5.25 -6.72051838 80.2169043 -3.81434827 -9.25 80.2169043 -2.00532156 -10.8740272 80.2169043 -1.19207552e-15 -11.4336288 80.2169043 2.00532156 -10.8740272 80.2169043 3.81434827 -9.25 80.2169043 5.25 -6.72051838 80.2169043 6.17174515 -3.5331856 80.2169043 12.3434903 0 77.9442719 11.7393569 6.72051838 77.9442719 9.98609342 12.7831856 77.9442719 7.25532156 17.5945456 77.9442719 3.81434827 20.6836288 77.9442719 7.55820794e-16 21.7480543 77.9442719 -3.81434827 20.6836288 77.9442719 -7.25532156 17.5945456 77.9442719 -9.98609342 12.7831856 77.9442719 -11.7393569 6.72051838 77.9442719 -12.3434903 2.66336851e-15 77.9442719 -11.7393569 -6.72051838 77.9442719 -9.98609342 -12.7831856 77.9442719 -7.25532156 -17.5945456 77.9442719 -3.81434827 -20.6836288 77.9442719 -2.26746238e-15 -21.7480543 77.9442719 3.81434827 -20.6836288 77.9442719 7.25532156 -17.5945456 77.9442719 9.98609342 -12.7831856 77.9442719 11.7393569 -6.72051838 77.9442719 16.9893569 0 74.404564 16.1578386 9.25 74.404564 13.7446784 17.5945456 74.404564 9.98609342 24.2168144 74.404564 5.25 28.4685727 74.404564 1.04029808e-15 29.9336288 74.404564 -5.25 28.4685727 74.404564 -9.98609342 24.2168144 74.404564 -13.7446784 17.5945456 74.404564 -16.1578386 9.25 74.404564 -16.9893569 3.66581227e-15 74.404564 -16.1578386 -9.25 74.404564 -13.7446784 -17.5945456 74.404564 -9.98609342 -24.2168144 74.404564 -5.25 -28.4685727 74.404564 -3.12089423e-15 -29.9336288 74.404564 5.25 -28.4685727 74.404564 9.98609342 -24.2168144 74.404564 13.7446784 -17.5945456 74.404564 16.1578386 -9.25 74.404564 19.9721868 0 69.9442719 18.9946784 10.8740272 69.9442719 16.1578386 20.6836288 69.9442719 11.7393569 28.4685727 69.9442719 6.17174515 33.4668144 69.9442719 1.22294373e-15 35.1890911 69.9442719 -6.17174515 33.4668144 69.9442719 -11.7393569 28.4685727 69.9442719 -16.1578386 20.6836288 69.9442719 -18.9946784 10.8740272 69.9442719 -19.9721868 4.30942078e-15 69.9442719 -18.9946784 -10.8740272 69.9442719 -16.1578386 -20.6836288 69.9442719 -11.7393569 -28.4685727 69.9442719 -6.17174515 -33.4668144 69.9442719 -3.6688312e-15 -35.1890911 69.9442719 6.17174515 -33.4668144 69.9442719 11.7393569 -28.4685727 69.9442719 16.1578386 -20.6836288 69.9442719 18.9946784 -10.8740272 69.9442719 21 0 65 19.9721868 11.4336288 65 16.9893569 21.7480543 65 12.3434903 29.9336288 65 6.48935688 35.1890911 65 1.28587914e-15 37 65 -6.48935688 35.1890911 65 -12.3434903 29.9336288 65 -16.9893569 21.7480543 65 -19.9721868 11.4336288 65 -21 4.53119316e-15 65 -19.9721868 -11.4336288 65 -16.9893569 -21.7480543 65 -12.3434903 -29.9336288 65 -6.48935688 -35.1890911 65 -3.85763742e-15 -37 65 6.48935688 -35.1890911 65 12.3434903 -29.9336288 65 16.9893569 -21.7480543 65 19.9721868 -11.4336288 65 19.9721868 0 60.0557281 18.9946784 10.8740272 60.0557281 16.1578386 20.6836288 60.0557281 11.7393569 28.4685727 60.0557281 6.17174515 33.4668144 60.0557281 1.22294373e-15 35.1890911 60.0557281 -6.17174515 33.4668144 60.0557281 -11.7393569 28.4685727 60.0557281 -16.1578386 20.6836288 60.0557281 -18.9946784 10.8740272 60.0557281 -19.9721868 4.30942078e-15 60.0557281 -18.9946784 -10.8740272 60.0557281 -16.1578386 -20.6836288 60.0557281 -11.7393569 -28.4685727 60.0557281 -6.17174515 -33.4668144 60.0557281 -3.6688312e-15 -35.1890911 60.0557281 6.17174515 -33.4668144 60.0557281 11.7393569 -28.4685727 60.0557281 16.1578386 -20.6836288 60.0557281 18.9946784 -10.8740272 60.0557281 16.9893569 0 55.595436 16.1578386 9.25 55.595436 13.7446784 17.5945456 55.595436 9.98609342 24.2168144 55.595436 5.25 28.4685727 55.595436 1.04029808e-15 29.9336288 55.595436 -5.25 28.4685727 55.595436 -9.98609342 24.2168144 55.595436 -13.7446784 17.5945456 55.595436 -16.1578386 9.25 55.595436 -16.9893569 3.66581227e-15 55.595436 -16.1578386 -9.25 55.595436 -13.7446784 -17.5945456 55.595436 -9.98609342 -24.2168144 55.595436 -5.25 -28.4685727 55.595436 -3.12089423e-15 -29.9336288 55.595436 5.25 -28.4685727 55.595436 9.98609342 -24.2168144 55.595436 13.7446784 -17.5945456 55.595436 16.1578386 -9.25 55.595436 12.3434903 0 52.0557281 11.7393569 6.72051838 52.0557281 9.98609342 12.7831856 52.0557281 7.25532156 17.5945456 52.0557281 3.81434827 20.6836288 52.0557281 7.55820794e-16 21.7480543 52.0557281 -3.81434827 20.6836288 52.0557281 -7.25532156 17.5945456 52.0557281 -9.98609342 12.7831856 52.0557281 -11.7393569 6.72051838 52.0557281 -12.3434903 2.66336851e-15 52.0557281 -11.7393569 -6.72051838 52.0557281 -9.98609342 -12.7831856 52.0557281 -7.25532156 -17.5945456 52.0557281 -3.81434827 -20.6836288 52.0557281 -2.26746238e-15 -21.7480543 52.0557281 3.81434827 -20.6836288 52.0557281 7.25532156 -17.5945456 52.0557281 9.98609342 -12.7831856 52.0557281 11.7393569 -6.72051838 52.0557281 6.48935688 0 49.7830957 6.17174515 3.5331856 49.7830957 5.25 6.72051838 49.7830957 3.81434827 9.25 49.7830957 2.00532156 10.8740272 49.7830957 3.97358507e-16 11.4336288 49.7830957 -2.00532156 10.8740272 49.7830957 -3.81434827 9.25 49.7830957 -5.25 6.72051838 49.7830957 -6.17174515 3.5331856 49.7830957 -6.48935688 1.40021569e-15 49.7830957 -6.17174515 -3.5331856 49.7830957 -5.25 -6.72051838 49.7830957 -3.81434827 -9.25 49.7830957 -2.00532156 -10.8740272 49.7830957 -1.19207552e-15 -11.4336288 49.7830957 2.00532156 -10.8740272 49.7830957 3.81434827 -9.25 49.7830957 5.25 -6.72051838 49.7830957 6.17174515 -3.5331856 49.7830957 2.57175828e-15 0 49 2.44588747e-15 1.40021569e-15 49 2.08059615e-15 2.66336851e-15 49 1.51164159e-15 3.66581227e-15 49 7.94717013e-16 4.30942078e-15 49 1.57474777e-31 4.53119316e-15 49 -7.94717013e-16 4.30942078e-15 49 -1.51164159e-15 3.66581227e-15 49 -2.08059615e-15 2.66336851e-15 49 -2.44588747e-15 1.40021569e-15 49 -2.57175828e-15 5.5491112e-31 49 -2.44588747e-15 -1.40021569e-15 49 -2.08059615e-15 -2.66336851e-15 49 -1.51164159e-15 -3.66581227e-15 49 -7.94717013e-16 -4.30942078e-15 49 -4.72424332e-31 -4.53119316e-15 49 7.94717013e-16 -4.30942078e-15 49 1.51164159e-15 -3.66581227e-15 49 2.08059615e-15 -2.66336851e-15 49 2.44588747e-15 -1.40021569e-15 49 0 28 106 0 28 106 0 28 106 0 28 106 0 28 106 0 28 106 0 28 106 0 28 106 0 28 106 0 28 106 0 28 106 0 28 106 0 28 106 0 28 106 0 28 106 0 28 106 3.82683432 28 104.477591 3.53553391 29.6109127 104.477591 2.7059805 30.9765786 104.477591 1.46446609 31.8890873 104.477591 2.3432602e-16 32.2095178 104.477591 -1.46446609 31.8890873 104.477591 -2.7059805 30.9765786 104.477591 -3.53553391 29.6109127 104.477591 -3.82683432 28 104.477591 -3.53553391 26.3890873 104.477591 -2.7059805 25.0234214 104.477591 -1.46446609 24.1109127 104.477591 -7.02978061e-16 23.7904822 104.477591 1.46446609 24.1109127 104.477591 2.7059805 25.0234214 104.477591 3.53553391 26.3890873 104.477591 7.07106781 28 100.142136 6.53281482 30.9765786 100.142136 5 33.5 100.142136 2.7059805 35.1860963 100.142136 4.32978028e-16 35.7781746 100.142136 -2.7059805 35.1860963 100.142136 -5 33.5 100.142136 -6.53281482 30.9765786 100.142136 -7.07106781 28 100.142136 -6.53281482 25.0234214 100.142136 -5 22.5 100.142136 -2.7059805 20.8139037 100.142136 -1.29893408e-15 20.2218254 100.142136 2.7059805 20.8139037 100.142136 5 22.5 100.142136 6.53281482 25.0234214 100.142136 9.23879533 28 93.6536686 8.53553391 31.8890873 93.6536686 6.53281482 35.1860963 93.6536686 3.53553391 37.3890873 93.6536686 5.65713056e-16 38.1626749 93.6536686 -3.53553391 37.3890873 93.6536686 -6.53281482 35.1860963 93.6536686 -8.53553391 31.8890873 93.6536686 -9.23879533 28 93.6536686 -8.53553391 24.1109127 93.6536686 -6.53281482 20.8139037 93.6536686 -3.53553391 18.6109127 93.6536686 -1.69713917e-15 17.8373251 93.6536686 3.53553391 18.6109127 93.6536686 6.53281482 20.8139037 93.6536686 8.53553391 24.1109127 93.6536686 10 28 86 9.23879533 32.2095178 86 7.07106781 35.7781746 86 3.82683432 38.1626749 86 6.123234e-16 39 86 -3.82683432 38.1626749 86 -7.07106781 35.7781746 86 -9.23879533 32.2095178 86 -10 28 86 -9.23879533 23.7904822 86 -7.07106781 20.2218254 86 -3.82683432 17.8373251 86 -1.8369702e-15 17 86 3.82683432 17.8373251 86 7.07106781 20.2218254 86 9.23879533 23.7904822 86 9.23879533 28 78.3463314 8.53553391 31.8890873 78.3463314 6.53281482 35.1860963 78.3463314 3.53553391 37.3890873 78.3463314 5.65713056e-16 38.1626749 78.3463314 -3.53553391 37.3890873 78.3463314 -6.53281482 35.1860963 78.3463314 -8.53553391 31.8890873 78.3463314 -9.23879533 28 78.3463314 -8.53553391 24.1109127 78.3463314 -6.53281482 20.8139037 78.3463314 -3.53553391 18.6109127 78.3463314 -1.69713917e-15 17.8373251 78.3463314 3.53553391 18.6109127 78.3463314 6.53281482 20.8139037 78.3463314 8.53553391 24.1109127 78.3463314 7.07106781 28 71.8578644 6.53281482 30.9765786 71.8578644 5 33.5 71.8578644 2.7059805 35.1860963 71.8578644 4.32978028e-16 35.7781746 71.8578644 -2.7059805 35.1860963 71.8578644 -5 33.5 71.8578644 -6.53281482 30.9765786 71.8578644 -7.07106781 28 71.8578644 -6.53281482 25.0234214 71.8578644 -5 22.5 71.8578644 -2.7059805 20.8139037 71.8578644 -1.29893408e-15 20.2218254 71.8578644 2.7059805 20.8139037 71.8578644 5 22.5 71.8578644 6.53281482 25.0234214 71.8578644 3.82683432 28 67.5224093 3.53553391 29.6109127 67.5224093 2.7059805 30.9765786 67.5224093 1.46446609 31.8890873 67.5224093 2.3432602e-16 32.2095178 67.5224093 -1.46446609 31.8890873 67.5224093 -2.7059805 30.9765786 67.5224093 -3.53553391 29.6109127 67.5224093 -3.82683432 28 67.5224093 -3.53553391 26.3890873 67.5224093 -2.7059805 25.0234214 67.5224093 -1.46446609 24.1109127 67.5224093 -7.02978061e-16 23.7904822 67.5224093 1.46446609 24.1109127 67.5224093 2.7059805 25.0234214 67.5224093 3.53553391 26.3890873 67.5224093 1.2246468e-15 28 66 1.13142611e-15 28 66 8.65956056e-16 28 66 4.68652041e-16 28 66 7.49879891e-32 28 66 -4.68652041e-16 28 66 -8.65956056e-16 28 66 -1.13142611e-15 28 66 -1.2246468e-15 28 66 -1.13142611e-15 28 66 -8.65956056e-16 28 66 -4.68652041e-16 28 66 -2.24963967e-31 28 66 4.68652041e-16 28 66 8.65956056e-16 28 66 1.13142611e-15 28 66 0 37 109 0 37 109 0 37 109 0 37 109 0 37 109 0 37 109 0 37 109 0 37 109 0 37 109 0 37 109 0 37 109 0 37 109 0 37 109 0 37 109 0 37 109 0 37 109 3.82683432 37 108.391036 3.53553391 39.3431458 108.391036 2.7059805 41.3295688 108.391036 1.46446609 42.6568542 108.391036 2.3432602e-16 43.1229349 108.391036 -1.46446609 42.6568542 108.391036 -2.7059805 41.3295688 108.391036 -3.53553391 39.3431458 108.391036 -3.82683432 37 108.391036 -3.53553391 34.6568542 108.391036 -2.7059805 32.6704312 108.391036 -1.46446609 31.3431458 108.391036 -7.02978061e-16 30.8770651 108.391036 1.46446609 31.3431458 108.391036 2.7059805 32.6704312 108.391036 3.53553391 34.6568542 108.391036 7.07106781 37 106.656854 6.53281482 41.3295688 106.656854 5 45 106.656854 2.7059805 47.4525037 106.656854 4.32978028e-16 48.3137085 106.656854 -2.7059805 47.4525037 106.656854 -5 45 106.656854 -6.53281482 41.3295688 106.656854 -7.07106781 37 106.656854 -6.53281482 32.6704312 106.656854 -5 29 106.656854 -2.7059805 26.5474963 106.656854 -1.29893408e-15 25.6862915 106.656854 2.7059805 26.5474963 106.656854 5 29 106.656854 6.53281482 32.6704312 106.656854 9.23879533 37 104.061467 8.53553391 42.6568542 104.061467 6.53281482 47.4525037 104.061467 3.53553391 50.6568542 104.061467 5.65713056e-16 51.7820725 104.061467 -3.53553391 50.6568542 104.061467 -6.53281482 47.4525037 104.061467 -8.53553391 42.6568542 104.061467 -9.23879533 37 104.061467 -8.53553391 31.3431458 104.061467 -6.53281482 26.5474963 104.061467 -3.53553391 23.3431458 104.061467 -1.69713917e-15 22.2179275 104.061467 3.53553391 23.3431458 104.061467 6.53281482 26.5474963 104.061467 8.53553391 31.3431458 104.061467 10 37 101 9.23879533 43.1229349 101 7.07106781 48.3137085 101 3.82683432 51.7820725 101 6.123234e-16 53 101 -3.82683432 51.7820725 101 -7.07106781 48.3137085 101 -9.23879533 43.1229349 101 -10 37 101 -9.23879533 30.8770651 101 -7.07106781 25.6862915 101 -3.82683432 22.2179275 101 -1.8369702e-15 21 101 3.82683432 22.2179275 101 7.07106781 25.6862915 101 9.23879533 30.8770651 101 9.23879533 37 97.9385325 8.53553391 42.6568542 97.9385325 6.53281482 47.4525037 97.9385325 3.53553391 50.6568542 97.9385325 5.65713056e-16 51.7820725 97.9385325 -3.53553391 50.6568542 97.9385325 -6.53281482 47.4525037 97.9385325 -8.53553391 42.6568542 97.9385325 -9.23879533 37 97.9385325 -8.53553391 31.3431458 97.9385325 -6.53281482 26.5474963 97.9385325 -3.53553391 23.3431458 97.9385325 -1.69713917e-15 22.2179275 97.9385325 3.53553391 23.3431458 97.9385325 6.53281482 26.5474963 97.9385325 8.53553391 31.3431458 97.9385325 7.07106781 37 95.3431458 6.53281482 41.3295688 95.3431458 5 45 95.3431458 2.7059805 47.4525037 95.3431458 4.32978028e-16 48.3137085 95.3431458 -2.7059805 47.4525037 95.3431458 -5 45 95.3431458 -6.53281482 41.3295688 95.3431458 -7.07106781 37 95.3431458 -6.53281482 32.6704312 95.3431458 -5 29 95.3431458 -2.7059805 26.5474963 95.3431458 -1.29893408e-15 25.6862915 95.3431458 2.7059805 26.5474963 95.3431458 5 29 95.3431458 6.53281482 32.6704312 95.3431458 3.82683432 37 93.6089637 3.53553391 39.3431458 93.6089637 2.7059805 41.3295688 93.6089637 1.46446609 42.6568542 93.6089637 2.3432602e-16 43.1229349 93.6089637 -1.46446609 42.6568542 93.6089637 -2.7059805 41.3295688 93.6089637 -3.53553391 39.3431458 93.6089637 -3.82683432 37 93.6089637 -3.53553391 34.6568542 93.6089637 -2.7059805 32.6704312 93.6089637 -1.46446609 31.3431458 93.6089637 -7.02978061e-16 30.8770651 93.6089637 1.46446609 31.3431458 93.6089637 2.7059805 32.6704312 93.6089637 3.53553391 34.6568542 93.6089637 1.2246468e-15 37 93 1.13142611e-15 37 93 8.65956056e-16 37 93 4.68652041e-16 37 93 7.49879891e-32 37 93 -4.68652041e-16 37 93 -8.65956056e-16 37 93 -1.13142611e-15 37 93 -1.2246468e-15 37 93 -1.13142611e-15 37 93 -8.65956056e-16 37 93 -4.68652041e-16 37 93 -2.24963967e-31 37 93 4.68652041e-16 37 93 8.65956056e-16 37 93 1.13142611e-15 37 93 0 48 102 0 48 102 0 48 102 0 48 102 0 48 102 0 48 102 0 48 102 0 48 102 0 48 102 0 48 102 0 48 102 0 48 102 3.5 48 101.330127 3.03108891 50.5 101.330127 1.75 52.330127 101.330127 2.1431319e-16 53 101.330127 -1.75 52.330127 101.330127 -3.03108891 50.5 101.330127 -3.5 48 101.330127 -3.03108891 45.5 101.330127 -1.75 43.669873 101.330127 -6.4293957e-16 43 101.330127 1.75 43.669873 101.330127 3.03108891 45.5 101.330127 6.06217783 48 99.5 5.25 52.330127 99.5 3.03108891 55.5 99.5 3.71201334e-16 56.660254 99.5 -3.03108891 55.5 99.5 -5.25 52.330127 99.5 -6.06217783 48 99.5 -5.25 43.669873 99.5 -3.03108891 40.5 99.5 -1.113604e-15 39.339746 99.5 3.03108891 40.5 99.5 5.25 43.669873 99.5 7 48 97 6.06217783 53 97 3.5 56.660254 97 4.2862638e-16 58 97 -3.5 56.660254 97 -6.06217783 53 97 -7 48 97 -6.06217783 43 97 -3.5 39.339746 97 -1.28587914e-15 38 97 3.5 39.339746 97 6.06217783 43 97 6.06217783 48 94.5 5.25 52.330127 94.5 3.03108891 55.5 94.5 3.71201334e-16 56.660254 94.5 -3.03108891 55.5 94.5 -5.25 52.330127 94.5 -6.06217783 48 94.5 -5.25 43.669873 94.5 -3.03108891 40.5 94.5 -1.113604e-15 39.339746 94.5 3.03108891 40.5 94.5 5.25 43.669873 94.5 3.5 48 92.669873 3.03108891 50.5 92.669873 1.75 52.330127 92.669873 2.1431319e-16 53 92.669873 -1.75 52.330127 92.669873 -3.03108891 50.5 92.669873 -3.5 48 92.669873 -3.03108891 45.5 92.669873 -1.75 43.669873 92.669873 -6.4293957e-16 43 92.669873 1.75 43.669873 92.669873 3.03108891 45.5 92.669873 8.57252759e-16 48 92 7.42402667e-16 48 92 4.2862638e-16 48 92 5.24915924e-32 48 92 -4.2862638e-16 48 92 -7.42402667e-16 48 92 -8.57252759e-16 48 92 -7.42402667e-16 48 92 -4.2862638e-16 48 92 -1.57474777e-31 48 92 4.2862638e-16 48 92 7.42402667e-16 48 92 -14 26 64 -14 26 64 -14 26 64 -14 26 64 -14 26 64 -14 26 64 -14 26 64 -14 26 64 -14 26 64 -14 26 64 -14 26 64 -14 26 64 -11.75 26 61.9903811 -12.0514428 27.25 61.9903811 -12.875 28.1650635 61.9903811 -14 28.5 61.9903811 -15.125 28.1650635 61.9903811 -15.9485572 27.25 61.9903811 -16.25 26 61.9903811 -15.9485572 24.75 61.9903811 -15.125 23.8349365 61.9903811 -14 23.5 61.9903811 -12.875 23.8349365 61.9903811 -12.0514428 24.75 61.9903811 -10.1028857 26 56.5 -10.625 28.1650635 56.5 -12.0514428 29.75 56.5 -14 30.330127 56.5 -15.9485572 29.75 56.5 -17.375 28.1650635 56.5 -17.8971143 26 56.5 -17.375 23.8349365 56.5 -15.9485572 22.25 56.5 -14 21.669873 56.5 -12.0514428 22.25 56.5 -10.625 23.8349365 56.5 -9.5 26 49 -10.1028857 28.5 49 -11.75 30.330127 49 -14 31 49 -16.25 30.330127 49 -17.8971143 28.5 49 -18.5 26 49 -17.8971143 23.5 49 -16.25 21.669873 49 -14 21 49 -11.75 21.669873 49 -10.1028857 23.5 49 -10.1028857 26 41.5 -10.625 28.1650635 41.5 -12.0514428 29.75 41.5 -14 30.330127 41.5 -15.9485572 29.75 41.5 -17.375 28.1650635 41.5 -17.8971143 26 41.5 -17.375 23.8349365 41.5 -15.9485572 22.25 41.5 -14 21.669873 41.5 -12.0514428 22.25 41.5 -10.625 23.8349365 41.5 -11.75 26 36.0096189 -12.0514428 27.25 36.0096189 -12.875 28.1650635 36.0096189 -14 28.5 36.0096189 -15.125 28.1650635 36.0096189 -15.9485572 27.25 36.0096189 -16.25 26 36.0096189 -15.9485572 24.75 36.0096189 -15.125 23.8349365 36.0096189 -14 23.5 36.0096189 -12.875 23.8349365 36.0096189 -12.0514428 24.75 36.0096189 -14 26 34 -14 26 34 -14 26 34 -14 26 34 -14 26 34 -14 26 34 -14 26 34 -14 26 34 -14 26 34 -14 26 34 -14 26 34 -14 26 34 -14 26 35 -14 26 35 -14 26 35 -14 26 35 -14 26 35 -14 26 35 -14 26 35 -14 26 35 -14 26 35 -14 26 35 -14 26 35 -14 26 35 -12.5 26 32.9903811 -12.7009619 26.9 32.9903811 -13.25 27.5588457 32.9903811 -14 27.8 32.9903811 -14.75 27.5588457 32.9903811 -15.2990381 26.9 32.9903811 -15.5 26 32.9903811 -15.2990381 25.1 32.9903811 -14.75 24.4411543 32.9903811 -14 24.2 32.9903811 -13.25 24.4411543 32.9903811 -12.7009619 25.1 32.9903811 -11.4019238 26 27.5 -11.75 27.5588457 27.5 -12.7009619 28.7 27.5 -14 29.1176915 27.5 -15.2990381 28.7 27.5 -16.25 27.5588457 27.5 -16.5980762 26 27.5 -16.25 24.4411543 27.5 -15.2990381 23.3 27.5 -14 22.8823085 27.5 -12.7009619 23.3 27.5 -11.75 24.4411543 27.5 -11 26 20 -11.4019238 27.8 20 -12.5 29.1176915 20 -14 29.6 20 -15.5 29.1176915 20 -16.5980762 27.8 20 -17 26 20 -16.5980762 24.2 20 -15.5 22.8823085 20 -14 22.4 20 -12.5 22.8823085 20 -11.4019238 24.2 20 -11.4019238 26 12.5 -11.75 27.5588457 12.5 -12.7009619 28.7 12.5 -14 29.1176915 12.5 -15.2990381 28.7 12.5 -16.25 27.5588457 12.5 -16.5980762 26 12.5 -16.25 24.4411543 12.5 -15.2990381 23.3 12.5 -14 22.8823085 12.5 -12.7009619 23.3 12.5 -11.75 24.4411543 12.5 -12.5 26 7.00961894 -12.7009619 26.9 7.00961894 -13.25 27.5588457 7.00961894 -14 27.8 7.00961894 -14.75 27.5588457 7.00961894 -15.2990381 26.9 7.00961894 -15.5 26 7.00961894 -15.2990381 25.1 7.00961894 -14.75 24.4411543 7.00961894 -14 24.2 7.00961894 -13.25 24.4411543 7.00961894 -12.7009619 25.1 7.00961894 -14 26 5 -14 26 5 -14 26 5 -14 26 5 -14 26 5 -14 26 5 -14 26 5 -14 26 5 -14 26 5 -14 26 5 -14 26 5 -14 26 5 -14 28 7 -14 28 7 -14 28 7 -14 28 7 -14 28 7 -14 28 7 -14 28 7 -14 28 7 -14 28 7 -14 28 7 -14 28 7 -14 28 7 -10.8180195 28 6.12132034 -11.244324 30.298097 6.12132034 -12.4090097 31.9804208 6.12132034 -14 32.5961941 6.12132034 -15.5909903 31.9804208 6.12132034 -16.755676 30.298097 6.12132034 -17.1819805 28 6.12132034 -16.755676 25.701903 6.12132034 -15.5909903 24.0195792 6.12132034 -14 23.4038059 6.12132034 -12.4090097 24.0195792 6.12132034 -11.244324 25.701903 6.12132034 -9.5 28 4 -10.1028857 31.25 4 -11.75 33.6291651 4 -14 34.5 4 -16.25 33.6291651 4 -17.8971143 31.25 4 -18.5 28 4 -17.8971143 24.75 4 -16.25 22.3708349 4 -14 21.5 4 -11.75 22.3708349 4 -10.1028857 24.75 4 -10.8180195 28 1.87867966 -11.244324 30.298097 1.87867966 -12.4090097 31.9804208 1.87867966 -14 32.5961941 1.87867966 -15.5909903 31.9804208 1.87867966 -16.755676 30.298097 1.87867966 -17.1819805 28 1.87867966 -16.755676 25.701903 1.87867966 -15.5909903 24.0195792 1.87867966 -14 23.4038059 1.87867966 -12.4090097 24.0195792 1.87867966 -11.244324 25.701903 1.87867966 -14 28 1 -14 28 1 -14 28 1 -14 28 1 -14 28 1 -14 28 1 -14 28 1 -14 28 1 -14 28 1 -14 28 1 -14 28 1 -14 28 1 14 26 64 14 26 64 14 26 64 14 26 64 14 26 64 14 26 64 14 26 64 14 26 64 14 26 64 14 26 64 14 26 64 14 26 64 16.25 26 61.9903811 15.9485572 27.25 61.9903811 15.125 28.1650635 61.9903811 14 28.5 61.9903811 12.875 28.1650635 61.9903811 12.0514428 27.25 61.9903811 11.75 26 61.9903811 12.0514428 24.75 61.9903811 12.875 23.8349365 61.9903811 14 23.5 61.9903811 15.125 23.8349365 61.9903811 15.9485572 24.75 61.9903811 17.8971143 26 56.5 17.375 28.1650635 56.5 15.9485572 29.75 56.5 14 30.330127 56.5 12.0514428 29.75 56.5 10.625 28.1650635 56.5 10.1028857 26 56.5 10.625 23.8349365 56.5 12.0514428 22.25 56.5 14 21.669873 56.5 15.9485572 22.25 56.5 17.375 23.8349365 56.5 18.5 26 49 17.8971143 28.5 49 16.25 30.330127 49 14 31 49 11.75 30.330127 49 10.1028857 28.5 49 9.5 26 49 10.1028857 23.5 49 11.75 21.669873 49 14 21 49 16.25 21.669873 49 17.8971143 23.5 49 17.8971143 26 41.5 17.375 28.1650635 41.5 15.9485572 29.75 41.5 14 30.330127 41.5 12.0514428 29.75 41.5 10.625 28.1650635 41.5 10.1028857 26 41.5 10.625 23.8349365 41.5 12.0514428 22.25 41.5 14 21.669873 41.5 15.9485572 22.25 41.5 17.375 23.8349365 41.5 16.25 26 36.0096189 15.9485572 27.25 36.0096189 15.125 28.1650635 36.0096189 14 28.5 36.0096189 12.875 28.1650635 36.0096189 12.0514428 27.25 36.0096189 11.75 26 36.0096189 12.0514428 24.75 36.0096189 12.875 23.8349365 36.0096189 14 23.5 36.0096189 15.125 23.8349365 36.0096189 15.9485572 24.75 36.0096189 14 26 34 14 26 34 14 26 34 14 26 34 14 26 34 14 26 34 14 26 34 14 26 34 14 26 34 14 26 34 14 26 34 14 26 34 14 26 35 14 26 35 14 26 35 14 26 35 14 26 35 14 26 35 14 26 35 14 26 35 14 26 35 14 26 35 14 26 35 14 26 35 15.5 26 32.9903811 15.2990381 26.9 32.9903811 14.75 27.5588457 32.9903811 14 27.8 32.9903811 13.25 27.5588457 32.9903811 12.7009619 26.9 32.9903811 12.5 26 32.9903811 12.7009619 25.1 32.9903811 13.25 24.4411543 32.9903811 14 24.2 32.9903811 14.75 24.4411543 32.9903811 15.2990381 25.1 32.9903811 16.5980762 26 27.5 16.25 27.5588457 27.5 15.2990381 28.7 27.5 14 29.1176915 27.5 12.7009619 28.7 27.5 11.75 27.5588457 27.5 11.4019238 26 27.5 11.75 24.4411543 27.5 12.7009619 23.3 27.5 14 22.8823085 27.5 15.2990381 23.3 27.5 16.25 24.4411543 27.5 17 26 20 16.5980762 27.8 20 15.5 29.1176915 20 14 29.6 20 12.5 29.1176915 20 11.4019238 27.8 20 11 26 20 11.4019238 24.2 20 12.5 22.8823085 20 14 22.4 20 15.5 22.8823085 20 16.5980762 24.2 20 16.5980762 26 12.5 16.25 27.5588457 12.5 15.2990381 28.7 12.5 14 29.1176915 12.5 12.7009619 28.7 12.5 11.75 27.5588457 12.5 11.4019238 26 12.5 11.75 24.4411543 12.5 12.7009619 23.3 12.5 14 22.8823085 12.5 15.2990381 23.3 12.5 16.25 24.4411543 12.5 15.5 26 7.00961894 15.2990381 26.9 7.00961894 14.75 27.5588457 7.00961894 14 27.8 7.00961894 13.25 27.5588457 7.00961894 12.7009619 26.9 7.00961894 12.5 26 7.00961894 12.7009619 25.1 7.00961894 13.25 24.4411543 7.00961894 14 24.2 7.00961894 14.75 24.4411543 7.00961894 15.2990381 25.1 7.00961894 14 26 5 14 26 5 14 26 5 14 26 5 14 26 5 14 26 5 14 26 5 14 26 5 14 26 5 14 26 5 14 26 5 14 26 5 14 28 7 14 28 7 14 28 7 14 28 7 14 28 7 14 28 7 14 28 7 14 28 7 14 28 7 14 28 7 14 28 7 14 28 7 17.1819805 28 6.12132034 16.755676 30.298097 6.12132034 15.5909903 31.9804208 6.12132034 14 32.5961941 6.12132034 12.4090097 31.9804208 6.12132034 11.244324 30.298097 6.12132034 10.8180195 28 6.12132034 11.244324 25.701903 6.12132034 12.4090097 24.0195792 6.12132034 14 23.4038059 6.12132034 15.5909903 24.0195792 6.12132034 16.755676 25.701903 6.12132034 18.5 28 4 17.8971143 31.25 4 16.25 33.6291651 4 14 34.5 4 11.75 33.6291651 4 10.1028857 31.25 4 9.5 28 4 10.1028857 24.75 4 11.75 22.3708349 4 14 21.5 4 16.25 22.3708349 4 17.8971143 24.75 4 17.1819805 28 1.87867966 16.755676 30.298097 1.87867966 15.5909903 31.9804208 1.87867966 14 32.5961941 1.87867966 12.4090097 31.9804208 1.87867966 11.244324 30.298097 1.87867966 10.8180195 28 1.87867966 11.244324 25.701903 1.87867966 12.4090097 24.0195792 1.87867966 14 23.4038059 1.87867966 15.5909903 24.0195792 1.87867966 16.755676 25.701903 1.87867966 14 28 1 14 28 1 14 28 1 14 28 1 14 28 1 14 28 1 14 28 1 14 28 1 14 28 1 14 28 1 14 28 1 14 28 1 -14 -26 64 -14 -26 64 -14 -26 64 -14 -26 64 -14 -26 64 -14 -26 64 -14 -26 64 -14 -26 64 -14 -26 64 -14 -26 64 -14 -26 64 -14 -26 64 -11.75 -26 61.9903811 -12.0514428 -24.75 61.9903811 -12.875 -23.8349365 61.9903811 -14 -23.5 61.9903811 -15.125 -23.8349365 61.9903811 -15.9485572 -24.75 61.9903811 -16.25 -26 61.9903811 -15.9485572 -27.25 61.9903811 -15.125 -28.1650635 61.9903811 -14 -28.5 61.9903811 -12.875 -28.1650635 61.9903811 -12.0514428 -27.25 61.9903811 -10.1028857 -26 56.5 -10.625 -23.8349365 56.5 -12.0514428 -22.25 56.5 -14 -21.669873 56.5 -15.9485572 -22.25 56.5 -17.375 -23.8349365 56.5 -17.8971143 -26 56.5 -17.375 -28.1650635 56.5 -15.9485572 -29.75 56.5 -14 -30.330127 56.5 -12.0514428 -29.75 56.5 -10.625 -28.1650635 56.5 -9.5 -26 49 -10.1028857 -23.5 49 -11.75 -21.669873 49 -14 -21 49 -16.25 -21.669873 49 -17.8971143 -23.5 49 -18.5 -26 49 -17.8971143 -28.5 49 -16.25 -30.330127 49 -14 -31 49 -11.75 -30.330127 49 -10.1028857 -28.5 49 -10.1028857 -26 41.5 -10.625 -23.8349365 41.5 -12.0514428 -22.25 41.5 -14 -21.669873 41.5 -15.9485572 -22.25 41.5 -17.375 -23.8349365 41.5 -17.8971143 -26 41.5 -17.375 -28.1650635 41.5 -15.9485572 -29.75 41.5 -14 -30.330127 41.5 -12.0514428 -29.75 41.5 -10.625 -28.1650635 41.5 -11.75 -26 36.0096189 -12.0514428 -24.75 36.0096189 -12.875 -23.8349365 36.0096189 -14 -23.5 36.0096189 -15.125 -23.8349365 36.0096189 -15.9485572 -24.75 36.0096189 -16.25 -26 36.0096189 -15.9485572 -27.25 36.0096189 -15.125 -28.1650635 36.0096189 -14 -28.5 36.0096189 -12.875 -28.1650635 36.0096189 -12.0514428 -27.25 36.0096189 -14 -26 34 -14 -26 34 -14 -26 34 -14 -26 34 -14 -26 34 -14 -26 34 -14 -26 34 -14 -26 34 -14 -26 34 -14 -26 34 -14 -26 34 -14 -26 34 -14 -26 35 -14 -26 35 -14 -26 35 -14 -26 35 -14 -26 35 -14 -26 35 -14 -26 35 -14 -26 35 -14 -26 35 -14 -26 35 -14 -26 35 -14 -26 35 -12.5 -26 32.9903811 -12.7009619 -25.1 32.9903811 -13.25 -24.4411543 32.9903811 -14 -24.2 32.9903811 -14.75 -24.4411543 32.9903811 -15.2990381 -25.1 32.9903811 -15.5 -26 32.9903811 -15.2990381 -26.9 32.9903811 -14.75 -27.5588457 32.9903811 -14 -27.8 32.9903811 -13.25 -27.5588457 32.9903811 -12.7009619 -26.9 32.9903811 -11.4019238 -26 27.5 -11.75 -24.4411543 27.5 -12.7009619 -23.3 27.5 -14 -22.8823085 27.5 -15.2990381 -23.3 27.5 -16.25 -24.4411543 27.5 -16.5980762 -26 27.5 -16.25 -27.5588457 27.5 -15.2990381 -28.7 27.5 -14 -29.1176915 27.5 -12.7009619 -28.7 27.5 -11.75 -27.5588457 27.5 -11 -26 20 -11.4019238 -24.2 20 -12.5 -22.8823085 20 -14 -22.4 20 -15.5 -22.8823085 20 -16.5980762 -24.2 20 -17 -26 20 -16.5980762 -27.8 20 -15.5 -29.1176915 20 -14 -29.6 20 -12.5 -29.1176915 20 -11.4019238 -27.8 20 -11.4019238 -26 12.5 -11.75 -24.4411543 12.5 -12.7009619 -23.3 12.5 -14 -22.8823085 12.5 -15.2990381 -23.3 12.5 -16.25 -24.4411543 12.5 -16.5980762 -26 12.5 -16.25 -27.5588457 12.5 -15.2990381 -28.7 12.5 -14 -29.1176915 12.5 -12.7009619 -28.7 12.5 -11.75 -27.5588457 12.5 -12.5 -26 7.00961894 -12.7009619 -25.1 7.00961894 -13.25 -24.4411543 7.00961894 -14 -24.2 7.00961894 -14.75 -24.4411543 7.00961894 -15.2990381 -25.1 7.00961894 -15.5 -26 7.00961894 -15.2990381 -26.9 7.00961894 -14.75 -27.5588457 7.00961894 -14 -27.8 7.00961894 -13.25 -27.5588457 7.00961894 -12.7009619 -26.9 7.00961894 -14 -26 5 -14 -26 5 -14 -26 5 -14 -26 5 -14 -26 5 -14 -26 5 -14 -26 5 -14 -26 5 -14 -26 5 -14 -26 5 -14 -26 5 -14 -26 5 -14 -24 7 -14 -24 7 -14 -24 7 -14 -24 7 -14 -24 7 -14 -24 7 -14 -24 7 -14 -24 7 -14 -24 7 -14 -24 7 -14 -24 7 -14 -24 7 -10.8180195 -24 6.12132034 -11.244324 -21.701903 6.12132034 -12.4090097 -20.0195792 6.12132034 -14 -19.4038059 6.12132034 -15.5909903 -20.0195792 6.12132034 -16.755676 -21.701903 6.12132034 -17.1819805 -24 6.12132034 -16.755676 -26.298097 6.12132034 -15.5909903 -27.9804208 6.12132034 -14 -28.5961941 6.12132034 -12.4090097 -27.9804208 6.12132034 -11.244324 -26.298097 6.12132034 -9.5 -24 4 -10.1028857 -20.75 4 -11.75 -18.3708349 4 -14 -17.5 4 -16.25 -18.3708349 4 -17.8971143 -20.75 4 -18.5 -24 4 -17.8971143 -27.25 4 -16.25 -29.6291651 4 -14 -30.5 4 -11.75 -29.6291651 4 -10.1028857 -27.25 4 -10.8180195 -24 1.87867966 -11.244324 -21.701903 1.87867966 -12.4090097 -20.0195792 1.87867966 -14 -19.4038059 1.87867966 -15.5909903 -20.0195792 1.87867966 -16.755676 -21.701903 1.87867966 -17.1819805 -24 1.87867966 -16.755676 -26.298097 1.87867966 -15.5909903 -27.9804208 1.87867966 -14 -28.5961941 1.87867966 -12.4090097 -27.9804208 1.87867966 -11.244324 -26.298097 1.87867966 -14 -24 1 -14 -24 1 -14 -24 1 -14 -24 1 -14 -24 1 -14 -24 1 -14 -24 1 -14 -24 1 -14 -24 1 -14 -24 1 -14 -24 1 -14 -24 1 14 -26 64 14 -26 64 14 -26 64 14 -26 64 14 -26 64 14 -26 64 14 -26 64 14 -26 64 14 -26 64 14 -26 64 14 -26 64 14 -26 64 16.25 -26 61.9903811 15.9485572 -24.75 61.9903811 15.125 -23.8349365 61.9903811 14 -23.5 61.9903811 12.875 -23.8349365 61.9903811 12.0514428 -24.75 61.9903811 11.75 -26 61.9903811 12.0514428 -27.25 61.9903811 12.875 -28.1650635 61.9903811 14 -28.5 61.9903811 15.125 -28.1650635 61.9903811 15.9485572 -27.25 61.9903811 17.8971143 -26 56.5 17.375 -23.8349365 56.5 15.9485572 -22.25 56.5 14 -21.669873 56.5 12.0514428 -22.25 56.5 10.625 -23.8349365 56.5 10.1028857 -26 56.5 10.625 -28.1650635 56.5 12.0514428 -29.75 56.5 14 -30.330127 56.5 15.9485572 -29.75 56.5 17.375 -28.1650635 56.5 18.5 -26 49 17.8971143 -23.5 49 16.25 -21.669873 49 14 -21 49 11.75 -21.669873 49 10.1028857 -23.5 49 9.5 -26 49 10.1028857 -28.5 49 11.75 -30.330127 49 14 -31 49 16.25 -30.330127 49 17.8971143 -28.5 49 17.8971143 -26 41.5 17.375 -23.8349365 41.5 15.9485572 -22.25 41.5 14 -21.669873 41.5 12.0514428 -22.25 41.5 10.625 -23.8349365 41.5 10.1028857 -26 41.5 10.625 -28.1650635 41.5 12.0514428 -29.75 41.5 14 -30.330127 41.5 15.9485572 -29.75 41.5 17.375 -28.1650635 41.5 16.25 -26 36.0096189 15.9485572 -24.75 36.0096189 15.125 -23.8349365 36.0096189 14 -23.5 36.0096189 12.875 -23.8349365 36.0096189 12.0514428 -24.75 36.0096189 11.75 -26 36.0096189 12.0514428 -27.25 36.0096189 12.875 -28.1650635 36.0096189 14 -28.5 36.0096189 15.125 -28.1650635 36.0096189 15.9485572 -27.25 36.0096189 14 -26 34 14 -26 34 14 -26 34 14 -26 34 14 -26 34 14 -26 34 14 -26 34 14 -26 34 14 -26 34 14 -26 34 14 -26 34 14 -26 34 14 -26 35 14 -26 35 14 -26 35 14 -26 35 14 -26 35 14 -26 35 14 -26 35 14 -26 35 14 -26 35 14 -26 35 14 -26 35 14 -26 35 15.5 -26 32.9903811 15.2990381 -25.1 32.9903811 14.75 -24.4411543 32.9903811 14 -24.2 32.9903811 13.25 -24.4411543 32.9903811 12.7009619 -25.1 32.9903811 12.5 -26 32.9903811 12.7009619 -26.9 32.9903811 13.25 -27.5588457 32.9903811 14 -27.8 32.9903811 14.75 -27.5588457 32.9903811 15.2990381 -26.9 32.9903811 16.5980762 -26 27.5 16.25 -24.4411543 27.5 15.2990381 -23.3 27.5 14 -22.8823085 27.5 12.7009619 -23.3 27.5 11.75 -24.4411543 27.5 11.4019238 -26 27.5 11.75 -27.5588457 27.5 12.7009619 -28.7 27.5 14 -29.1176915 27.5 15.2990381 -28.7 27.5 16.25 -27.5588457 27.5 17 -26 20 16.5980762 -24.2 20 15.5 -22.8823085 20 14 -22.4 20 12.5 -22.8823085 20 11.4019238 -24.2 20 11 -26 20 11.4019238 -27.8 20 12.5 -29.1176915 20 14 -29.6 20 15.5 -29.1176915 20 16.5980762 -27.8 20 16.5980762 -26 12.5 16.25 -24.4411543 12.5 15.2990381 -23.3 12.5 14 -22.8823085 12.5 12.7009619 -23.3 12.5 11.75 -24.4411543 12.5 11.4019238 -26 12.5 11.75 -27.5588457 12.5 12.7009619 -28.7 12.5 14 -29.1176915 12.5 15.2990381 -28.7 12.5 16.25 -27.5588457 12.5 15.5 -26 7.00961894 15.2990381 -25.1 7.00961894 14.75 -24.4411543 7.00961894 14 -24.2 7.00961894 13.25 -24.4411543 7.00961894 12.7009619 -25.1 7.00961894 12.5 -26 7.00961894 12.7009619 -26.9 7.00961894 13.25 -27.5588457 7.00961894 14 -27.8 7.00961894 14.75 -27.5588457 7.00961894 15.2990381 -26.9 7.00961894 14 -26 5 14 -26 5 14 -26 5 14 -26 5 14 -26 5 14 -26 5 14 -26 5 14 -26 5 14 -26 5 14 -26 5 14 -26 5 14 -26 5 14 -24 7 14 -24 7 14 -24 7 14 -24 7 14 -24 7 14 -24 7 14 -24 7 14 -24 7 14 -24 7 14 -24 7 14 -24 7 14 -24 7 17.1819805 -24 6.12132034 16.755676 -21.701903 6.12132034 15.5909903 -20.0195792 6.12132034 14 -19.4038059 6.12132034 12.4090097 -20.0195792 6.12132034 11.244324 -21.701903 6.12132034 10.8180195 -24 6.12132034 11.244324 -26.298097 6.12132034 12.4090097 -27.9804208 6.12132034 14 -28.5961941 6.12132034 15.5909903 -27.9804208 6.12132034 16.755676 -26.298097 6.12132034 18.5 -24 4 17.8971143 -20.75 4 16.25 -18.3708349 4 14 -17.5 4 11.75 -18.3708349 4 10.1028857 -20.75 4 9.5 -24 4 10.1028857 -27.25 4 11.75 -29.6291651 4 14 -30.5 4 16.25 -29.6291651 4 17.8971143 -27.25 4 17.1819805 -24 1.87867966 16.755676 -21.701903 1.87867966 15.5909903 -20.0195792 1.87867966 14 -19.4038059 1.87867966 12.4090097 -20.0195792 1.87867966 11.244324 -21.701903 1.87867966 10.8180195 -24 1.87867966 11.244324 -26.298097 1.87867966 12.4090097 -27.9804208 1.87867966 14 -28.5961941 1.87867966 15.5909903 -27.9804208 1.87867966 16.755676 -26.298097 1.87867966 14 -24 1 14 -24 1 14 -24 1 14 -24 1 14 -24 1 14 -24 1 14 -24 1 14 -24 1 14 -24 1 14 -24 1 14 -24 1 14 -24 1 -11 34 111.5 -11 34 111.5 -11 34 111.5 -11 34 111.5 -11 34 111.5 -11 34 111.5 -11 34 111.5 -11 34 111.5 -11 34 111.5 -11 34 111.5 -8.17157288 34 110.767767 -8.71175439 36.9093886 110.767767 -10.125968 38.7074896 110.767767 -11.874032 38.7074896 110.767767 -13.2882456 36.9093886 110.767767 -13.8284271 34 110.767767 -13.2882456 31.0906114 110.767767 -11.874032 29.2925104 110.767767 -10.125968 29.2925104 110.767767 -8.71175439 31.0906114 110.767767 -7 34 109 -7.76393202 38.1144968 109 -9.76393202 40.6573956 109 -12.236068 40.6573956 109 -14.236068 38.1144968 109 -15 34 109 -14.236068 29.8855032 109 -12.236068 27.3426044 109 -9.76393202 27.3426044 109 -7.76393202 29.8855032 109 -8.17157288 34 107.232233 -8.71175439 36.9093886 107.232233 -10.125968 38.7074896 107.232233 -11.874032 38.7074896 107.232233 -13.2882456 36.9093886 107.232233 -13.8284271 34 107.232233 -13.2882456 31.0906114 107.232233 -11.874032 29.2925104 107.232233 -10.125968 29.2925104 107.232233 -8.71175439 31.0906114 107.232233 -11 34 106.5 -11 34 106.5 -11 34 106.5 -11 34 106.5 -11 34 106.5 -11 34 106.5 -11 34 106.5 -11 34 106.5 -11 34 106.5 -11 34 106.5 -7.80426844 40 107.137089 -7.27581045 38.5857864 107.38983 -6 38 108 -4.72418955 38.5857864 108.61017 -4.19573156 40 108.862911 -4.72418955 41.4142136 108.61017 -6 42 108 -7.27581045 41.4142136 107.38983 -18.8042684 40 130.137089 -18.2758105 38.5857864 130.38983 -17 38 131 -15.7241895 38.5857864 131.61017 -15.1957316 40 131.862911 -15.7241895 41.4142136 131.61017 -17 42 131 -18.2758105 41.4142136 130.38983 -16.3054055 41.2155404 131 -17.1490546 41.2253495 130.339469 -17.9053896 40.5173655 130.065868 -18.1313596 39.5063158 130.339469 -17.6945945 38.7844596 131 -16.8509454 38.7746505 131.660531 -16.0946104 39.4826345 131.934132 -15.8686404 40.4936842 131.660531 -23.3054055 45.2155404 140 -24.1490546 45.2253495 139.339469 -24.9053896 44.5173655 139.065868 -25.1313596 43.5063158 139.339469 -24.6945945 42.7844596 140 -23.8509454 42.7746505 140.660531 -23.0946104 43.4826345 140.934132 -22.8686404 44.4936842 140.660531 -11.8485281 40.8485281 118 -11.9683761 40.2316239 117.330225 -11.5209624 39.4790376 117.052796 -10.7683761 39.0316239 117.330225 -10.1514719 39.1514719 118 -10.0316239 39.7683761 118.669775 -10.4790376 40.5209624 118.947204 -11.2316239 40.9683761 118.669775 -21.8485281 30.8485281 129 -21.9683761 30.2316239 128.330225 -21.5209624 29.4790376 128.052796 -20.7683761 29.0316239 128.330225 -20.1514719 29.1514719 129 -20.0316239 29.7683761 129.669775 -20.4790376 30.5209624 129.947204 -21.2316239 30.9683761 129.669775 -13.2841295 39.1648177 125 -13.0596125 39.7816003 124.472769 -13.3859618 40.5263185 124.254382 -14.0720063 40.9627264 124.472769 -14.7158705 40.8351823 125 -14.9403875 40.2183997 125.527231 -14.6140382 39.4736815 125.745618 -13.9279937 39.0372736 125.527231 -6.28412949 45.1648177 135 -6.05961252 45.7816003 134.472769 -6.38596179 46.5263185 134.254382 -7.07200631 46.9627264 134.472769 -7.71587051 46.8351823 135 -7.94038748 46.2183997 135.527231 -7.61403821 45.4736815 135.745618 -6.92799369 45.0372736 135.527231 11 34 111.5 11 34 111.5 11 34 111.5 11 34 111.5 11 34 111.5 11 34 111.5 11 34 111.5 11 34 111.5 11 34 111.5 11 34 111.5 13.8284271 34 110.767767 13.2882456 36.9093886 110.767767 11.874032 38.7074896 110.767767 10.125968 38.7074896 110.767767 8.71175439 36.9093886 110.767767 8.17157288 34 110.767767 8.71175439 31.0906114 110.767767 10.125968 29.2925104 110.767767 11.874032 29.2925104 110.767767 13.2882456 31.0906114 110.767767 15 34 109 14.236068 38.1144968 109 12.236068 40.6573956 109 9.76393202 40.6573956 109 7.76393202 38.1144968 109 7 34 109 7.76393202 29.8855032 109 9.76393202 27.3426044 109 12.236068 27.3426044 109 14.236068 29.8855032 109 13.8284271 34 107.232233 13.2882456 36.9093886 107.232233 11.874032 38.7074896 107.232233 10.125968 38.7074896 107.232233 8.71175439 36.9093886 107.232233 8.17157288 34 107.232233 8.71175439 31.0906114 107.232233 10.125968 29.2925104 107.232233 11.874032 29.2925104 107.232233 13.2882456 31.0906114 107.232233 11 34 106.5 11 34 106.5 11 34 106.5 11 34 106.5 11 34 106.5 11 34 106.5 11 34 106.5 11 34 106.5 11 34 106.5 11 34 106.5 4.19573156 40 108.862911 4.72418955 38.5857864 108.61017 6 38 108 7.27581045 38.5857864 107.38983 7.80426844 40 107.137089 7.27581045 41.4142136 107.38983 6 42 108 4.72418955 41.4142136 108.61017 15.1957316 40 131.862911 15.7241895 38.5857864 131.61017 17 38 131 18.2758105 38.5857864 130.38983 18.8042684 40 130.137089 18.2758105 41.4142136 130.38983 17 42 131 15.7241895 41.4142136 131.61017 17.6945945 38.7844596 131 18.1313596 39.5063158 130.339469 17.9053896 40.5173655 130.065868 17.1490546 41.2253495 130.339469 16.3054055 41.2155404 131 15.8686404 40.4936842 131.660531 16.0946104 39.4826345 131.934132 16.8509454 38.7746505 131.660531 24.6945945 42.7844596 140 25.1313596 43.5063158 139.339469 24.9053896 44.5173655 139.065868 24.1490546 45.2253495 139.339469 23.3054055 45.2155404 140 22.8686404 44.4936842 140.660531 23.0946104 43.4826345 140.934132 23.8509454 42.7746505 140.660531 10.1514719 39.1514719 118 10.7683761 39.0316239 117.330225 11.5209624 39.4790376 117.052796 11.9683761 40.2316239 117.330225 11.8485281 40.8485281 118 11.2316239 40.9683761 118.669775 10.4790376 40.5209624 118.947204 10.0316239 39.7683761 118.669775 20.1514719 29.1514719 129 20.7683761 29.0316239 128.330225 21.5209624 29.4790376 128.052796 21.9683761 30.2316239 128.330225 21.8485281 30.8485281 129 21.2316239 30.9683761 129.669775 20.4790376 30.5209624 129.947204 20.0316239 29.7683761 129.669775 14.7158705 40.8351823 125 14.0720063 40.9627264 124.472769 13.3859618 40.5263185 124.254382 13.0596125 39.7816003 124.472769 13.2841295 39.1648177 125 13.9279937 39.0372736 125.527231 14.6140382 39.4736815 125.745618 14.9403875 40.2183997 125.527231 7.71587051 46.8351823 135 7.07200631 46.9627264 134.472769 6.38596179 46.5263185 134.254382 6.05961252 45.7816003 134.472769 6.28412949 45.1648177 135 6.92799369 45.0372736 135.527231 7.61403821 45.4736815 135.745618 7.94038748 46.2183997 135.527231 -3 -33 67 -2.12132034 -31.4455103 65.5565452 -1.8369702e-16 -30.8016195 64.9586467 2.12132034 -31.4455103 65.5565452 3 -33 67 2.12132034 -34.5544897 68.4434548 5.5109106e-16 -35.1983805 69.0413533 -2.12132034 -34.5544897 68.4434548 -3 -46 53 -2.12132034 -44.4455103 51.5565452 -1.8369702e-16 -43.8016195 50.9586467 2.12132034 -44.4455103 51.5565452 3 -46 53 2.12132034 -47.5544897 54.4434548 5.5109106e-16 -48.1983805 55.0413533 -2.12132034 -47.5544897 54.4434548</float_array>
          <technique_common>
            <accessor source="#animal-geometry-positions-array" count="1748" stride="3">
              <param name="X" type="float" />
              <param name="Y" type="float" />
              <param name="Z" type="float" />
            </accessor>
          </technique_common>
        </source>
        <source id="animal-geometry-normals">
          <float_array id="animal-geometry-normals-array" count="5244">0 0 1 0 0 1 0 0 1 0 0 1 0 0 1 0 0 1 -0 0 1 -0 0 1 -0 0 1 -0 0 1 -0 0 1 -0 -0 1 -0 -0 1 -0 -0 1 -0 -0 1 -0 -0 1 0 -0 1 0 -0 1 0 -0 1 0 -0 1 0.240303853 0 0.970697717 0.228970884 0.0422254096 0.972517017 0.195737981 0.0807149006 0.977328884 0.143091972 0.11178198 0.983376569 0.0756085403 0.132072496 0.988352267 1.50110978e-17 0.139139093 0.990272848 -0.0756085403 0.132072496 0.988352267 -0.143091972 0.11178198 0.983376569 -0.195737981 0.0807149006 0.977328884 -0.228970884 0.0422254096 0.972517017 -0.240303853 1.67027952e-17 0.970697717 -0.228970884 -0.0422254096 0.972517017 -0.195737981 -0.0807149006 0.977328884 -0.143091972 -0.11178198 0.983376569 -0.0756085403 -0.132072496 0.988352267 -4.50332933e-17 -0.139139093 0.990272848 0.0756085403 -0.132072496 0.988352267 0.143091972 -0.11178198 0.983376569 0.195737981 -0.0807149006 0.977328884 0.228970884 -0.0422254096 0.972517017 0.484305693 0 0.874898849 0.464138998 0.0855936742 0.881617102 0.403037599 0.16619738 0.89996618 0.300745872 0.234939589 0.924313426 0.161740012 0.282526378 0.945525787 3.23371068e-17 0.299735288 0.954022409 -0.161740012 0.282526378 0.945525787 -0.300745872 0.234939589 0.924313426 -0.403037599 0.16619738 0.89996618 -0.464138998 0.0855936742 0.881617102 -0.484305693 3.36626263e-17 0.874898849 -0.464138998 -0.0855936742 0.881617102 -0.403037599 -0.16619738 0.89996618 -0.300745872 -0.234939589 0.924313426 -0.161740012 -0.282526378 0.945525787 -9.70113203e-17 -0.299735288 0.954022409 0.161740012 -0.282526378 0.945525787 0.300745872 -0.234939589 0.924313426 0.403037599 -0.16619738 0.89996618 0.464138998 -0.0855936742 0.881617102 0.723701871 0 0.690112746 0.700253822 0.129136525 0.702117043 0.625076624 0.257757832 0.736776841 0.485514587 0.379279013 0.787669357 0.271423678 0.474121079 0.837578885 5.51785753e-17 0.511454727 0.859310224 -0.271423678 0.474121079 0.837578885 -0.485514587 0.379279013 0.787669357 -0.625076624 0.257757832 0.736776841 -0.700253822 0.129136525 0.702117043 -0.723701871 5.03023318e-17 0.690112746 -0.700253822 -0.129136525 0.702117043 -0.625076624 -0.257757832 0.736776841 -0.485514587 -0.379279013 0.787669357 -0.271423678 -0.474121079 0.837578885 -1.65535726e-16 -0.511454727 0.859310224 0.271423678 -0.474121079 0.837578885 0.485514587 -0.379279013 0.787669357 0.625076624 -0.257757832 0.736776841 0.700253822 -0.129136525 0.702117043 0.919847735 0 0.392275599 0.899815508 0.165938471 0.403480452 0.831054406 0.342695236 0.438073681 0.684120915 0.534428239 0.496351722 0.409760057 0.715766146 0.565486977 8.62514073e-17 0.799471349 0.600704222 -0.409760057 0.715766146 0.565486977 -0.684120915 0.534428239 0.496351722 -0.831054406 0.342695236 0.438073681 -0.899815508 0.165938471 0.403480452 -0.919847735 6.39358385e-17 0.392275599 -0.899815508 -0.165938471 0.403480452 -0.831054406 -0.342695236 0.438073681 -0.684120915 -0.534428239 0.496351722 -0.409760057 -0.715766146 0.565486977 -2.58754222e-16 -0.799471349 0.600704222 0.409760057 -0.715766146 0.565486977 0.684120915 -0.534428239 0.496351722 0.831054406 -0.342695236 0.438073681 0.899815508 -0.165938471 0.403480452 1 0 8.03674462e-17 0.98341754 0.181355846 8.31020605e-17 0.924483576 0.381221874 9.18378533e-17 0.788047412 0.615614552 1.07749144e-16 0.496825059 0.867850713 1.29211538e-16 1.07885551e-16 1 1.41599786e-16 -0.496825059 0.867850713 1.29211538e-16 -0.788047412 0.615614552 1.07749144e-16 -0.924483576 0.381221874 9.18378533e-17 -0.98341754 0.181355846 8.31020605e-17 -1 6.95069805e-17 8.03674462e-17 -0.98341754 -0.181355846 8.31020605e-17 -0.924483576 -0.381221874 9.18378533e-17 -0.788047412 -0.615614552 1.07749144e-16 -0.496825059 -0.867850713 1.29211538e-16 -3.23656654e-16 -1 1.41599786e-16 0.496825059 -0.867850713 1.29211538e-16 0.788047412 -0.615614552 1.07749144e-16 0.924483576 -0.381221874 9.18378533e-17 0.98341754 -0.181355846 8.31020605e-17 0.919847735 0 -0.392275599 0.899815508 0.165938471 -0.403480452 0.831054406 0.342695236 -0.438073681 0.684120915 0.534428239 -0.496351722 0.409760057 0.715766146 -0.565486977 8.62514073e-17 0.799471349 -0.600704222 -0.409760057 0.715766146 -0.565486977 -0.684120915 0.534428239 -0.496351722 -0.831054406 0.342695236 -0.438073681 -0.899815508 0.165938471 -0.403480452 -0.919847735 6.39358385e-17 -0.392275599 -0.899815508 -0.165938471 -0.403480452 -0.831054406 -0.342695236 -0.438073681 -0.684120915 -0.534428239 -0.496351722 -0.409760057 -0.715766146 -0.565486977 -2.58754222e-16 -0.799471349 -0.600704222 0.409760057 -0.715766146 -0.565486977 0.684120915 -0.534428239 -0.496351722 0.831054406 -0.342695236 -0.438073681 0.899815508 -0.165938471 -0.403480452 0.723701871 0 -0.690112746 0.700253822 0.129136525 -0.702117043 0.625076624 0.257757832 -0.736776841 0.485514587 0.379279013 -0.787669357 0.271423678 0.474121079 -0.837578885 5.51785753e-17 0.511454727 -0.859310224 -0.271423678 0.474121079 -0.837578885 -0.485514587 0.379279013 -0.787669357 -0.625076624 0.257757832 -0.736776841 -0.700253822 0.129136525 -0.702117043 -0.723701871 5.03023318e-17 -0.690112746 -0.700253822 -0.129136525 -0.702117043 -0.625076624 -0.257757832 -0.736776841 -0.485514587 -0.379279013 -0.787669357 -0.271423678 -0.474121079 -0.837578885 -1.65535726e-16 -0.511454727 -0.859310224 0.271423678 -0.474121079 -0.837578885 0.485514587 -0.379279013 -0.787669357 0.625076624 -0.257757832 -0.736776841 0.700253822 -0.129136525 -0.702117043 0.484305693 0 -0.874898849 0.464138998 0.0855936742 -0.881617102 0.403037599 0.16619738 -0.89996618 0.300745872 0.234939589 -0.924313426 0.161740012 0.282526378 -0.945525787 3.23371068e-17 0.299735288 -0.954022409 -0.161740012 0.282526378 -0.945525787 -0.300745872 0.234939589 -0.924313426 -0.403037599 0.16619738 -0.89996618 -0.464138998 0.0855936742 -0.881617102 -0.484305693 3.36626263e-17 -0.874898849 -0.464138998 -0.0855936742 -0.881617102 -0.403037599 -0.16619738 -0.89996618 -0.300745872 -0.234939589 -0.924313426 -0.161740012 -0.282526378 -0.945525787 -9.70113203e-17 -0.299735288 -0.954022409 0.161740012 -0.282526378 -0.945525787 0.300745872 -0.234939589 -0.924313426 0.403037599 -0.16619738 -0.89996618 0.464138998 -0.0855936742 -0.881617102 0.240303853 0 -0.970697717 0.228970884 0.0422254096 -0.972517017 0.195737981 0.0807149006 -0.977328884 0.143091972 0.11178198 -0.983376569 0.0756085403 0.132072496 -0.988352267 1.50110978e-17 0.139139093 -0.990272848 -0.0756085403 0.132072496 -0.988352267 -0.143091972 0.11178198 -0.983376569 -0.195737981 0.0807149006 -0.977328884 -0.228970884 0.0422254096 -0.972517017 -0.240303853 1.67027952e-17 -0.970697717 -0.228970884 -0.0422254096 -0.972517017 -0.195737981 -0.0807149006 -0.977328884 -0.143091972 -0.11178198 -0.983376569 -0.0756085403 -0.132072496 -0.988352267 -4.50332933e-17 -0.139139093 -0.990272848 0.0756085403 -0.132072496 -0.988352267 0.143091972 -0.11178198 -0.983376569 0.195737981 -0.0807149006 -0.977328884 0.228970884 -0.0422254096 -0.972517017 9.33064228e-17 0 -1 8.87396814e-17 1.63648291e-17 -1 7.54864817e-17 3.11277547e-17 -1 5.48441393e-17 4.28436788e-17 -1 2.88332703e-17 5.03657651e-17 -1 5.7133706e-33 5.29576994e-17 -1 -2.88332703e-17 5.03657651e-17 -1 -5.48441393e-17 4.28436788e-17 -1 -7.54864817e-17 3.11277547e-17 -1 -8.87396814e-17 1.63648291e-17 -1 -9.33064228e-17 6.48544771e-33 -1 -8.87396814e-17 -1.63648291e-17 -1 -7.54864817e-17 -3.11277547e-17 -1 -5.48441393e-17 -4.28436788e-17 -1 -2.88332703e-17 -5.03657651e-17 -1 -1.71401118e-32 -5.29576994e-17 -1 2.88332703e-17 -5.03657651e-17 -1 5.48441393e-17 -4.28436788e-17 -1 7.54864817e-17 -3.11277547e-17 -1 8.87396814e-17 -1.63648291e-17 -1 0 0 1 0 0 1 0 0 1 0 0 1 0 0 1 -0 0 1 -0 0 1 -0 0 1 -0 0 1 -0 -0 1 -0 -0 1 -0 -0 1 -0 -0 1 0 -0 1 0 -0 1 0 -0 1 0.637951973 0 0.770076152 0.592462959 0.223096539 0.77409016 0.459283245 0.417530223 0.784045543 0.251843398 0.552730679 0.794395178 4.05205473e-17 0.601591596 0.798803825 -0.251843398 0.552730679 0.794395178 -0.459283245 0.417530223 0.784045543 -0.592462959 0.223096539 0.77409016 -0.637951973 7.10241674e-17 0.770076152 -0.592462959 -0.223096539 0.77409016 -0.459283245 -0.417530223 0.784045543 -0.251843398 -0.552730679 0.794395178 -1.21561642e-16 -0.601591596 0.798803825 0.251843398 -0.552730679 0.794395178 0.459283245 -0.417530223 0.784045543 0.592462959 -0.223096539 0.77409016 0.894427191 0 0.447213595 0.83487435 0.314378435 0.451830742 0.655621951 0.596019955 0.463594727 0.364565806 0.800127013 0.476328181 5.90180254e-17 0.876215909 0.48191875 -0.364565806 0.800127013 0.476328181 -0.655621951 0.596019955 0.463594727 -0.83487435 0.314378435 0.451830742 -0.894427191 9.95779451e-17 0.447213595 -0.83487435 -0.314378435 0.451830742 -0.655621951 -0.596019955 0.463594727 -0.364565806 -0.800127013 0.476328181 -1.77054076e-16 -0.876215909 0.48191875 0.364565806 -0.800127013 0.476328181 0.655621951 -0.596019955 0.463594727 0.83487435 -0.314378435 0.451830742 0.979219556 0 0.20280301 0.915910577 0.344893257 0.205320374 0.72315206 0.657410964 0.211806335 0.404564141 0.887912943 0.218948536 6.56728932e-17 0.975017944 0.222126111 -0.404564141 0.887912943 0.218948536 -0.72315206 0.657410964 0.211806335 -0.915910577 0.344893257 0.205320374 -0.979219556 1.09018009e-16 0.20280301 -0.915910577 -0.344893257 0.205320374 -0.72315206 -0.657410964 0.211806335 -0.404564141 -0.887912943 0.218948536 -1.9701868e-16 -0.975017944 0.222126111 0.404564141 -0.887912943 0.218948536 0.72315206 -0.657410964 0.211806335 0.915910577 -0.344893257 0.205320374 1 0 3.061617e-17 0.935849012 0.35240123 3.1012823e-17 0.739940073 0.672672794 3.20377794e-17 0.414624419 0.909992632 3.31715737e-17 6.7355574e-17 1 3.3677787e-17 -0.414624419 0.909992632 3.31715737e-17 -0.739940073 0.672672794 3.20377794e-17 -0.935849012 0.35240123 3.1012823e-17 -1 1.11331527e-16 3.061617e-17 -0.935849012 -0.35240123 3.1012823e-17 -0.739940073 -0.672672794 3.20377794e-17 -0.414624419 -0.909992632 3.31715737e-17 -2.02066722e-16 -1 3.3677787e-17 0.414624419 -0.909992632 3.31715737e-17 0.739940073 -0.672672794 3.20377794e-17 0.935849012 -0.35240123 3.1012823e-17 0.979219556 0 -0.20280301 0.915910577 0.344893257 -0.205320374 0.72315206 0.657410964 -0.211806335 0.404564141 0.887912943 -0.218948536 6.56728932e-17 0.975017944 -0.222126111 -0.404564141 0.887912943 -0.218948536 -0.72315206 0.657410964 -0.211806335 -0.915910577 0.344893257 -0.205320374 -0.979219556 1.09018009e-16 -0.20280301 -0.915910577 -0.344893257 -0.205320374 -0.72315206 -0.657410964 -0.211806335 -0.404564141 -0.887912943 -0.218948536 -1.9701868e-16 -0.975017944 -0.222126111 0.404564141 -0.887912943 -0.218948536 0.72315206 -0.657410964 -0.211806335 0.915910577 -0.344893257 -0.205320374 0.894427191 0 -0.447213595 0.83487435 0.314378435 -0.451830742 0.655621951 0.596019955 -0.463594727 0.364565806 0.800127013 -0.476328181 5.90180254e-17 0.876215909 -0.48191875 -0.364565806 0.800127013 -0.476328181 -0.655621951 0.596019955 -0.463594727 -0.83487435 0.314378435 -0.451830742 -0.894427191 9.95779451e-17 -0.447213595 -0.83487435 -0.314378435 -0.451830742 -0.655621951 -0.596019955 -0.463594727 -0.364565806 -0.800127013 -0.476328181 -1.77054076e-16 -0.876215909 -0.48191875 0.364565806 -0.800127013 -0.476328181 0.655621951 -0.596019955 -0.463594727 0.83487435 -0.314378435 -0.451830742 0.637951973 0 -0.770076152 0.592462959 0.223096539 -0.77409016 0.459283245 0.417530223 -0.784045543 0.251843398 0.552730679 -0.794395178 4.05205473e-17 0.601591596 -0.798803825 -0.251843398 0.552730679 -0.794395178 -0.459283245 0.417530223 -0.784045543 -0.592462959 0.223096539 -0.77409016 -0.637951973 7.10241674e-17 -0.770076152 -0.592462959 -0.223096539 -0.77409016 -0.459283245 -0.417530223 -0.784045543 -0.251843398 -0.552730679 -0.794395178 -1.21561642e-16 -0.601591596 -0.798803825 0.251843398 -0.552730679 -0.794395178 0.459283245 -0.417530223 -0.784045543 0.592462959 -0.223096539 -0.77409016 2.4492936e-16 0 -1 2.26285222e-16 8.52094619e-17 -1 1.73191211e-16 1.57446556e-16 -1 9.37304081e-17 2.05713839e-16 -1 1.49975978e-32 2.22663054e-16 -1 -9.37304081e-17 2.05713839e-16 -1 -1.73191211e-16 1.57446556e-16 -1 -2.26285222e-16 8.52094619e-17 -1 -2.4492936e-16 2.72683597e-32 -1 -2.26285222e-16 -8.52094619e-17 -1 -1.73191211e-16 -1.57446556e-16 -1 -9.37304081e-17 -2.05713839e-16 -1 -4.49927935e-32 -2.22663054e-16 -1 9.37304081e-17 -2.05713839e-16 -1 1.73191211e-16 -1.57446556e-16 -1 2.26285222e-16 -8.52094619e-17 -1 0 0 1 0 0 1 0 0 1 0 0 1 0 0 1 -0 0 1 -0 0 1 -0 0 1 -0 0 1 -0 -0 1 -0 -0 1 -0 -0 1 -0 -0 1 0 -0 1 0 -0 1 0 -0 1 0.31455069 0 0.949240677 0.291898488 0.0755676953 0.953459384 0.225851282 0.141157051 0.963880638 0.123595656 0.186491443 0.974651248 1.98689646e-17 0.20280301 0.979219556 -0.123595656 0.186491443 0.974651248 -0.225851282 0.141157051 0.963880638 -0.291898488 0.0755676953 0.953459384 -0.31455069 2.40758435e-17 0.949240677 -0.291898488 -0.0755676953 0.953459384 -0.225851282 -0.141157051 0.963880638 -0.123595656 -0.186491443 0.974651248 -5.96068938e-17 -0.20280301 0.979219556 0.123595656 -0.186491443 0.974651248 0.225851282 -0.141157051 0.963880638 0.291898488 -0.0755676953 0.953459384 0.624695048 0 0.780868809 0.587463026 0.152084471 0.794831747 0.470588235 0.294117647 0.831890331 0.267776762 0.404043931 0.874667999 4.38142959e-17 0.447213595 0.894427191 -0.267776762 0.404043931 0.874667999 -0.470588235 0.294117647 0.831890331 -0.587463026 0.152084471 0.794831747 -0.624695048 4.78144244e-17 0.780868809 -0.587463026 -0.152084471 0.794831747 -0.470588235 -0.294117647 0.831890331 -0.267776762 -0.404043931 0.874667999 -1.31442888e-16 -0.447213595 0.894427191 0.267776762 -0.404043931 0.874667999 0.470588235 -0.294117647 0.831890331 0.587463026 -0.152084471 0.794831747 0.888027112 0 0.459791092 0.85091778 0.220288553 0.476877223 0.720415058 0.450259411 0.527511713 0.442490353 0.667666382 0.598685134 7.54457036e-17 0.770076152 0.637951973 -0.442490353 0.667666382 0.598685134 -0.720415058 0.450259411 0.527511713 -0.85091778 0.220288553 0.476877223 -0.888027112 6.79699725e-17 0.459791092 -0.85091778 -0.220288553 0.476877223 -0.720415058 -0.450259411 0.527511713 -0.442490353 -0.667666382 0.598685134 -2.26337111e-16 -0.770076152 0.637951973 0.442490353 -0.667666382 0.598685134 0.720415058 -0.450259411 0.527511713 0.85091778 -0.220288553 0.476877223 1 0 7.65404249e-17 0.968085214 0.250621266 8.02027224e-17 0.847998304 0.52999894 9.17911584e-17 0.552433129 0.83355722 1.10492022e-16 9.79717439e-17 1 1.2246468e-16 -0.552433129 0.83355722 1.10492022e-16 -0.847998304 0.52999894 9.17911584e-17 -0.968085214 0.250621266 8.02027224e-17 -1 7.65404249e-17 7.65404249e-17 -0.968085214 -0.250621266 8.02027224e-17 -0.847998304 -0.52999894 9.17911584e-17 -0.552433129 -0.83355722 1.10492022e-16 -2.93915232e-16 -1 1.2246468e-16 0.552433129 -0.83355722 1.10492022e-16 0.847998304 -0.52999894 9.17911584e-17 0.968085214 -0.250621266 8.02027224e-17 0.888027112 0 -0.459791092 0.85091778 0.220288553 -0.476877223 0.720415058 0.450259411 -0.527511713 0.442490353 0.667666382 -0.598685134 7.54457036e-17 0.770076152 -0.637951973 -0.442490353 0.667666382 -0.598685134 -0.720415058 0.450259411 -0.527511713 -0.85091778 0.220288553 -0.476877223 -0.888027112 6.79699725e-17 -0.459791092 -0.85091778 -0.220288553 -0.476877223 -0.720415058 -0.450259411 -0.527511713 -0.442490353 -0.667666382 -0.598685134 -2.26337111e-16 -0.770076152 -0.637951973 0.442490353 -0.667666382 -0.598685134 0.720415058 -0.450259411 -0.527511713 0.85091778 -0.220288553 -0.476877223 0.624695048 0 -0.780868809 0.587463026 0.152084471 -0.794831747 0.470588235 0.294117647 -0.831890331 0.267776762 0.404043931 -0.874667999 4.38142959e-17 0.447213595 -0.894427191 -0.267776762 0.404043931 -0.874667999 -0.470588235 0.294117647 -0.831890331 -0.587463026 0.152084471 -0.794831747 -0.624695048 4.78144244e-17 -0.780868809 -0.587463026 -0.152084471 -0.794831747 -0.470588235 -0.294117647 -0.831890331 -0.267776762 -0.404043931 -0.874667999 -1.31442888e-16 -0.447213595 -0.894427191 0.267776762 -0.404043931 -0.874667999 0.470588235 -0.294117647 -0.831890331 0.587463026 -0.152084471 -0.794831747 0.31455069 0 -0.949240677 0.291898488 0.0755676953 -0.953459384 0.225851282 0.141157051 -0.963880638 0.123595656 0.186491443 -0.974651248 1.98689646e-17 0.20280301 -0.979219556 -0.123595656 0.186491443 -0.974651248 -0.225851282 0.141157051 -0.963880638 -0.291898488 0.0755676953 -0.953459384 -0.31455069 2.40758435e-17 -0.949240677 -0.291898488 -0.0755676953 -0.953459384 -0.225851282 -0.141157051 -0.963880638 -0.123595656 -0.186491443 -0.974651248 -5.96068938e-17 -0.20280301 -0.979219556 0.123595656 -0.186491443 -0.974651248 0.225851282 -0.141157051 -0.963880638 0.291898488 -0.0755676953 -0.953459384 9.79717439e-17 0 -1 9.0514089e-17 2.3432602e-17 -1 6.92764845e-17 4.32978028e-17 -1 3.74921632e-17 5.65713056e-17 -1 5.99903913e-33 6.123234e-17 -1 -3.74921632e-17 5.65713056e-17 -1 -6.92764845e-17 4.32978028e-17 -1 -9.0514089e-17 2.3432602e-17 -1 -9.79717439e-17 7.49879891e-33 -1 -9.0514089e-17 -2.3432602e-17 -1 -6.92764845e-17 -4.32978028e-17 -1 -3.74921632e-17 -5.65713056e-17 -1 -1.79971174e-32 -6.123234e-17 -1 3.74921632e-17 -5.65713056e-17 -1 6.92764845e-17 -4.32978028e-17 -1 9.0514089e-17 -2.3432602e-17 -1 0 0 1 0 0 1 0 0 1 0 0 1 -0 0 1 -0 0 1 -0 0 1 -0 -0 1 -0 -0 1 -0 -0 1 0 -0 1 0 -0 1 0.381246426 0 0.924473452 0.333271622 0.134690123 0.933160542 0.196153861 0.237823917 0.951295668 2.42611364e-17 0.277350098 0.960768923 -0.196153861 0.237823917 0.951295668 -0.333271622 0.134690123 0.933160542 -0.381246426 3.26824551e-17 0.924473452 -0.333271622 -0.134690123 0.933160542 -0.196153861 -0.237823917 0.951295668 -7.27834093e-17 -0.277350098 0.960768923 0.196153861 -0.237823917 0.951295668 0.333271622 -0.134690123 0.933160542 0.777713771 0 0.628618557 0.701095343 0.28334431 0.654355654 0.443532763 0.537754896 0.717006528 5.72656802e-17 0.654653671 0.755928946 -0.443532763 0.537754896 0.717006528 -0.701095343 0.28334431 0.654355654 -0.777713771 6.66697276e-17 0.628618557 -0.701095343 -0.28334431 0.654355654 -0.443532763 -0.537754896 0.717006528 -1.71797041e-16 -0.654653671 0.755928946 0.443532763 -0.537754896 0.717006528 0.701095343 -0.28334431 0.654355654 1 0 8.57252759e-17 0.927145541 0.374701409 9.17753763e-17 0.636284763 0.771454276 1.09091374e-16 8.74747714e-17 1 1.2246468e-16 -0.636284763 0.771454276 1.09091374e-16 -0.927145541 0.374701409 9.17753763e-17 -1 8.57252759e-17 8.57252759e-17 -0.927145541 -0.374701409 9.17753763e-17 -0.636284763 -0.771454276 1.09091374e-16 -2.62424314e-16 -1 1.2246468e-16 0.636284763 -0.771454276 1.09091374e-16 0.927145541 -0.374701409 9.17753763e-17 0.777713771 0 -0.628618557 0.701095343 0.28334431 -0.654355654 0.443532763 0.537754896 -0.717006528 5.72656802e-17 0.654653671 -0.755928946 -0.443532763 0.537754896 -0.717006528 -0.701095343 0.28334431 -0.654355654 -0.777713771 6.66697276e-17 -0.628618557 -0.701095343 -0.28334431 -0.654355654 -0.443532763 -0.537754896 -0.717006528 -1.71797041e-16 -0.654653671 -0.755928946 0.443532763 -0.537754896 -0.717006528 0.701095343 -0.28334431 -0.654355654 0.381246426 0 -0.924473452 0.333271622 0.134690123 -0.933160542 0.196153861 0.237823917 -0.951295668 2.42611364e-17 0.277350098 -0.960768923 -0.196153861 0.237823917 -0.951295668 -0.333271622 0.134690123 -0.933160542 -0.381246426 3.26824551e-17 -0.924473452 -0.333271622 -0.134690123 -0.933160542 -0.196153861 -0.237823917 -0.951295668 -7.27834093e-17 -0.277350098 -0.960768923 0.196153861 -0.237823917 -0.951295668 0.333271622 -0.134690123 -0.933160542 8.74747714e-17 0 -1 7.57553742e-17 3.061617e-17 -1 4.37373857e-17 5.30287619e-17 -1 5.35628494e-33 6.123234e-17 -1 -4.37373857e-17 5.30287619e-17 -1 -7.57553742e-17 3.061617e-17 -1 -8.74747714e-17 7.49879891e-33 -1 -7.57553742e-17 -3.061617e-17 -1 -4.37373857e-17 -5.30287619e-17 -1 -1.60688548e-32 -6.123234e-17 -1 4.37373857e-17 -5.30287619e-17 -1 7.57553742e-17 -3.061617e-17 -1 0 0 1 0 0 1 0 0 1 0 0 1 -0 0 1 -0 0 1 -0 0 1 -0 -0 1 -0 -0 1 -0 -0 1 0 -0 1 0 -0 1 0.887356509 0 0.461083968 0.78326045 0.406994068 0.46995627 0.470881609 0.734031785 0.489354523 5.89208466e-17 0.866025404 0.5 -0.470881609 0.734031785 0.489354523 -0.78326045 0.406994068 0.46995627 -0.887356509 9.78028478e-17 0.461083968 -0.78326045 -0.406994068 0.46995627 -0.470881609 -0.734031785 0.489354523 -1.7676254e-16 -0.866025404 0.5 0.470881609 -0.734031785 0.489354523 0.78326045 -0.406994068 0.46995627 0.985329278 0 0.170664037 0.873704057 0.453989945 0.174740811 0.530744892 0.827349408 0.183855424 6.68099602e-17 0.981980506 0.188982237 -0.530744892 0.827349408 0.183855424 -0.873704057 0.453989945 0.174740811 -0.985329278 1.08601231e-16 0.170664037 -0.873704057 -0.453989945 0.174740811 -0.530744892 -0.827349408 0.183855424 -2.00429881e-16 -0.981980506 0.188982237 0.530744892 -0.827349408 0.183855424 0.873704057 -0.453989945 0.174740811 1 0 1.8369702e-17 0.887356509 0.461083968 1.88221668e-17 0.539949247 0.841697577 1.98374135e-17 6.80359333e-17 1 2.041078e-17 -0.539949247 0.841697577 1.98374135e-17 -0.887356509 0.461083968 1.88221668e-17 -1 1.10218212e-16 1.8369702e-17 -0.887356509 -0.461083968 1.88221668e-17 -0.539949247 -0.841697577 1.98374135e-17 -2.041078e-16 -1 2.041078e-17 0.539949247 -0.841697577 1.98374135e-17 0.887356509 -0.461083968 1.88221668e-17 0.985329278 0 -0.170664037 0.873704057 0.453989945 -0.174740811 0.530744892 0.827349408 -0.183855424 6.68099602e-17 0.981980506 -0.188982237 -0.530744892 0.827349408 -0.183855424 -0.873704057 0.453989945 -0.174740811 -0.985329278 1.08601231e-16 -0.170664037 -0.873704057 -0.453989945 -0.174740811 -0.530744892 -0.827349408 -0.183855424 -2.00429881e-16 -0.981980506 -0.188982237 0.530744892 -0.827349408 -0.183855424 0.873704057 -0.453989945 -0.174740811 0.887356509 0 -0.461083968 0.78326045 0.406994068 -0.46995627 0.470881609 0.734031785 -0.489354523 5.89208466e-17 0.866025404 -0.5 -0.470881609 0.734031785 -0.489354523 -0.78326045 0.406994068 -0.46995627 -0.887356509 9.78028478e-17 -0.461083968 -0.78326045 -0.406994068 -0.46995627 -0.470881609 -0.734031785 -0.489354523 -1.7676254e-16 -0.866025404 -0.5 0.470881609 -0.734031785 -0.489354523 0.78326045 -0.406994068 -0.46995627 4.082156e-16 0 -1 3.5352508e-16 1.8369702e-16 -1 2.041078e-16 3.18172572e-16 -1 2.49959964e-32 3.6739404e-16 -1 -2.041078e-16 3.18172572e-16 -1 -3.5352508e-16 1.8369702e-16 -1 -4.082156e-16 4.49927935e-32 -1 -3.5352508e-16 -1.8369702e-16 -1 -2.041078e-16 -3.18172572e-16 -1 -7.49879891e-32 -3.6739404e-16 -1 2.041078e-16 -3.18172572e-16 -1 3.5352508e-16 -1.8369702e-16 -1 0 0 1 0 0 1 0 0 1 0 0 1 -0 0 1 -0 0 1 -0 0 1 -0 -0 1 -0 -0 1 -0 -0 1 0 -0 1 0 -0 1 0.944911183 0 0.327326835 0.847737285 0.407867791 0.339094914 0.529750987 0.764629688 0.36702225 6.78500424e-17 0.923396069 0.383848538 -0.529750987 0.764629688 0.36702225 -0.847737285 0.407867791 0.339094914 -0.944911183 9.64318713e-17 0.327326835 -0.847737285 -0.407867791 0.339094914 -0.529750987 -0.764629688 0.36702225 -2.03550127e-16 -0.923396069 0.383848538 0.529750987 -0.764629688 0.36702225 0.847737285 -0.407867791 0.339094914 0.993399268 0 0.114707867 0.894692324 0.430459045 0.11929231 0.564632426 0.814976708 0.130396273 7.27834093e-17 0.990536065 0.137252703 -0.564632426 0.814976708 0.130396273 -0.894692324 0.430459045 0.11929231 -0.993399268 1.01380269e-16 0.114707867 -0.894692324 -0.430459045 0.11929231 -0.564632426 -0.814976708 0.130396273 -2.18350228e-16 -0.990536065 0.137252703 0.564632426 -0.814976708 0.130396273 0.894692324 -0.430459045 0.11929231 1 0 1.2246468e-17 0.901127114 0.433554985 1.27428414e-17 0.569494797 0.821994937 1.39485996e-17 7.34788079e-17 1 1.46957616e-17 -0.569494797 0.821994937 1.39485996e-17 -0.901127114 0.433554985 1.27428414e-17 -1 1.020539e-16 1.2246468e-17 -0.901127114 -0.433554985 1.27428414e-17 -0.569494797 -0.821994937 1.39485996e-17 -2.20436424e-16 -1 1.46957616e-17 0.569494797 -0.821994937 1.39485996e-17 0.901127114 -0.433554985 1.27428414e-17 0.993399268 0 -0.114707867 0.894692324 0.430459045 -0.11929231 0.564632426 0.814976708 -0.130396273 7.27834093e-17 0.990536065 -0.137252703 -0.564632426 0.814976708 -0.130396273 -0.894692324 0.430459045 -0.11929231 -0.993399268 1.01380269e-16 -0.114707867 -0.894692324 -0.430459045 -0.11929231 -0.564632426 -0.814976708 -0.130396273 -2.18350228e-16 -0.990536065 -0.137252703 0.564632426 -0.814976708 -0.130396273 0.894692324 -0.430459045 -0.11929231 0.944911183 0 -0.327326835 0.847737285 0.407867791 -0.339094914 0.529750987 0.764629688 -0.36702225 6.78500424e-17 0.923396069 -0.383848538 -0.529750987 0.764629688 -0.36702225 -0.847737285 0.407867791 -0.339094914 -0.944911183 9.64318713e-17 -0.327326835 -0.847737285 -0.407867791 -0.339094914 -0.529750987 -0.764629688 -0.36702225 -2.03550127e-16 -0.923396069 -0.383848538 0.529750987 -0.764629688 -0.36702225 0.847737285 -0.407867791 -0.339094914 6.123234e-16 0 -1 5.30287619e-16 2.5513475e-16 -1 3.061617e-16 4.41906349e-16 -1 3.74939946e-32 5.102695e-16 -1 -3.061617e-16 4.41906349e-16 -1 -5.30287619e-16 2.5513475e-16 -1 -6.123234e-16 6.24899909e-32 -1 -5.30287619e-16 -2.5513475e-16 -1 -3.061617e-16 -4.41906349e-16 -1 -1.12481984e-31 -5.102695e-16 -1 3.061617e-16 -4.41906349e-16 -1 5.30287619e-16 -2.5513475e-16 -1 0 0 1 0 0 1 0 0 1 0 0 1 -0 0 1 -0 0 1 -0 0 1 -0 -0 1 -0 -0 1 -0 -0 1 0 -0 1 0 -0 1 0.554700196 0 0.832050294 0.490304286 0.1959766 0.849231935 0.295683728 0.354557935 0.887051184 3.70643185e-17 0.419058177 0.907959385 -0.295683728 0.354557935 0.887051184 -0.490304286 0.1959766 0.849231935 -0.554700196 4.70292798e-17 0.832050294 -0.490304286 -0.1959766 0.849231935 -0.295683728 -0.354557935 0.887051184 -1.11192955e-16 -0.419058177 0.907959385 0.295683728 -0.354557935 0.887051184 0.490304286 -0.1959766 0.849231935 1 0 9.18485099e-17 0.928571429 0.371153744 9.84819865e-17 0.640464031 0.767988167 1.17651334e-16 8.84467133e-17 1 1.3267007e-16 -0.640464031 0.767988167 1.17651334e-16 -0.928571429 0.371153744 9.84819865e-17 -1 8.47832399e-17 9.18485099e-17 -0.928571429 -0.371153744 9.84819865e-17 -0.640464031 -0.767988167 1.17651334e-16 -2.6534014e-16 -1 1.3267007e-16 0.640464031 -0.767988167 1.17651334e-16 0.928571429 -0.371153744 9.84819865e-17 0.554700196 0 -0.832050294 0.490304286 0.1959766 -0.849231935 0.295683728 0.354557935 -0.887051184 3.70643185e-17 0.419058177 -0.907959385 -0.295683728 0.354557935 -0.887051184 -0.490304286 0.1959766 -0.849231935 -0.554700196 4.70292798e-17 -0.832050294 -0.490304286 -0.1959766 -0.849231935 -0.295683728 -0.354557935 -0.887051184 -1.11192955e-16 -0.419058177 -0.907959385 0.295683728 -0.354557935 -0.887051184 0.490304286 -0.1959766 -0.849231935 8.16431199e-17 0 -1 7.07050159e-17 2.826108e-17 -1 4.082156e-17 4.89496264e-17 -1 4.99919928e-33 5.652216e-17 -1 -4.082156e-17 4.89496264e-17 -1 -7.07050159e-17 2.826108e-17 -1 -8.16431199e-17 6.92196823e-33 -1 -7.07050159e-17 -2.826108e-17 -1 -4.082156e-17 -4.89496264e-17 -1 -1.49975978e-32 -5.652216e-17 -1 4.082156e-17 -4.89496264e-17 -1 7.07050159e-17 -2.826108e-17 -1 0 0 1 0 0 1 0 0 1 0 0 1 -0 0 1 -0 0 1 -0 0 1 -0 -0 1 -0 -0 1 -0 -0 1 0 -0 1 0 -0 1 0.887356509 0 0.461083968 0.78326045 0.406994068 0.46995627 0.470881609 0.734031785 0.489354523 5.89208466e-17 0.866025404 0.5 -0.470881609 0.734031785 0.489354523 -0.78326045 0.406994068 0.46995627 -0.887356509 9.78028478e-17 0.461083968 -0.78326045 -0.406994068 0.46995627 -0.470881609 -0.734031785 0.489354523 -1.7676254e-16 -0.866025404 0.5 0.470881609 -0.734031785 0.489354523 0.78326045 -0.406994068 0.46995627 0.985329278 0 0.170664037 0.873704057 0.453989945 0.174740811 0.530744892 0.827349408 0.183855424 6.68099602e-17 0.981980506 0.188982237 -0.530744892 0.827349408 0.183855424 -0.873704057 0.453989945 0.174740811 -0.985329278 1.08601231e-16 0.170664037 -0.873704057 -0.453989945 0.174740811 -0.530744892 -0.827349408 0.183855424 -2.00429881e-16 -0.981980506 0.188982237 0.530744892 -0.827349408 0.183855424 0.873704057 -0.453989945 0.174740811 1 0 1.8369702e-17 0.887356509 0.461083968 1.88221668e-17 0.539949247 0.841697577 1.98374135e-17 6.80359333e-17 1 2.041078e-17 -0.539949247 0.841697577 1.98374135e-17 -0.887356509 0.461083968 1.88221668e-17 -1 1.10218212e-16 1.8369702e-17 -0.887356509 -0.461083968 1.88221668e-17 -0.539949247 -0.841697577 1.98374135e-17 -2.041078e-16 -1 2.041078e-17 0.539949247 -0.841697577 1.98374135e-17 0.887356509 -0.461083968 1.88221668e-17 0.985329278 0 -0.170664037 0.873704057 0.453989945 -0.174740811 0.530744892 0.827349408 -0.183855424 6.68099602e-17 0.981980506 -0.188982237 -0.530744892 0.827349408 -0.183855424 -0.873704057 0.453989945 -0.174740811 -0.985329278 1.08601231e-16 -0.170664037 -0.873704057 -0.453989945 -0.174740811 -0.530744892 -0.827349408 -0.183855424 -2.00429881e-16 -0.981980506 -0.188982237 0.530744892 -0.827349408 -0.183855424 0.873704057 -0.453989945 -0.174740811 0.887356509 0 -0.461083968 0.78326045 0.406994068 -0.46995627 0.470881609 0.734031785 -0.489354523 5.89208466e-17 0.866025404 -0.5 -0.470881609 0.734031785 -0.489354523 -0.78326045 0.406994068 -0.46995627 -0.887356509 9.78028478e-17 -0.461083968 -0.78326045 -0.406994068 -0.46995627 -0.470881609 -0.734031785 -0.489354523 -1.7676254e-16 -0.866025404 -0.5 0.470881609 -0.734031785 -0.489354523 0.78326045 -0.406994068 -0.46995627 4.082156e-16 0 -1 3.5352508e-16 1.8369702e-16 -1 2.041078e-16 3.18172572e-16 -1 2.49959964e-32 3.6739404e-16 -1 -2.041078e-16 3.18172572e-16 -1 -3.5352508e-16 1.8369702e-16 -1 -4.082156e-16 4.49927935e-32 -1 -3.5352508e-16 -1.8369702e-16 -1 -2.041078e-16 -3.18172572e-16 -1 -7.49879891e-32 -3.6739404e-16 -1 2.041078e-16 -3.18172572e-16 -1 3.5352508e-16 -1.8369702e-16 -1 0 0 1 0 0 1 0 0 1 0 0 1 -0 0 1 -0 0 1 -0 0 1 -0 -0 1 -0 -0 1 -0 -0 1 0 -0 1 0 -0 1 0.944911183 0 0.327326835 0.847737285 0.407867791 0.339094914 0.529750987 0.764629688 0.36702225 6.78500424e-17 0.923396069 0.383848538 -0.529750987 0.764629688 0.36702225 -0.847737285 0.407867791 0.339094914 -0.944911183 9.64318713e-17 0.327326835 -0.847737285 -0.407867791 0.339094914 -0.529750987 -0.764629688 0.36702225 -2.03550127e-16 -0.923396069 0.383848538 0.529750987 -0.764629688 0.36702225 0.847737285 -0.407867791 0.339094914 0.993399268 0 0.114707867 0.894692324 0.430459045 0.11929231 0.564632426 0.814976708 0.130396273 7.27834093e-17 0.990536065 0.137252703 -0.564632426 0.814976708 0.130396273 -0.894692324 0.430459045 0.11929231 -0.993399268 1.01380269e-16 0.114707867 -0.894692324 -0.430459045 0.11929231 -0.564632426 -0.814976708 0.130396273 -2.18350228e-16 -0.990536065 0.137252703 0.564632426 -0.814976708 0.130396273 0.894692324 -0.430459045 0.11929231 1 0 1.2246468e-17 0.901127114 0.433554985 1.27428414e-17 0.569494797 0.821994937 1.39485996e-17 7.34788079e-17 1 1.46957616e-17 -0.569494797 0.821994937 1.39485996e-17 -0.901127114 0.433554985 1.27428414e-17 -1 1.020539e-16 1.2246468e-17 -0.901127114 -0.433554985 1.27428414e-17 -0.569494797 -0.821994937 1.39485996e-17 -2.20436424e-16 -1 1.46957616e-17 0.569494797 -0.821994937 1.39485996e-17 0.901127114 -0.433554985 1.27428414e-17 0.993399268 0 -0.114707867 0.894692324 0.430459045 -0.11929231 0.564632426 0.814976708 -0.130396273 7.27834093e-17 0.990536065 -0.137252703 -0.564632426 0.814976708 -0.130396273 -0.894692324 0.430459045 -0.11929231 -0.993399268 1.01380269e-16 -0.114707867 -0.894692324 -0.430459045 -0.11929231 -0.564632426 -0.814976708 -0.130396273 -2.18350228e-16 -0.990536065 -0.137252703 0.564632426 -0.814976708 -0.130396273 0.894692324 -0.430459045 -0.11929231 0.944911183 0 -0.327326835 0.847737285 0.407867791 -0.339094914 0.529750987 0.764629688 -0.36702225 6.78500424e-17 0.923396069 -0.383848538 -0.529750987 0.764629688 -0.36702225 -0.847737285 0.407867791 -0.339094914 -0.944911183 9.64318713e-17 -0.327326835 -0.847737285 -0.407867791 -0.339094914 -0.529750987 -0.764629688 -0.36702225 -2.03550127e-16 -0.923396069 -0.383848538 0.529750987 -0.764629688 -0.36702225 0.847737285 -0.407867791 -0.339094914 6.123234e-16 0 -1 5.30287619e-16 2.5513475e-16 -1 3.061617e-16 4.41906349e-16 -1 3.74939946e-32 5.102695e-16 -1 -3.061617e-16 4.41906349e-16 -1 -5.30287619e-16 2.5513475e-16 -1 -6.123234e-16 6.24899909e-32 -1 -5.30287619e-16 -2.5513475e-16 -1 -3.061617e-16 -4.41906349e-16 -1 -1.12481984e-31 -5.102695e-16 -1 3.061617e-16 -4.41906349e-16 -1 5.30287619e-16 -2.5513475e-16 -1 0 0 1 0 0 1 0 0 1 0 0 1 -0 0 1 -0 0 1 -0 0 1 -0 -0 1 -0 -0 1 -0 -0 1 0 -0 1 0 -0 1 0.554700196 0 0.832050294 0.490304286 0.1959766 0.849231935 0.295683728 0.354557935 0.887051184 3.70643185e-17 0.419058177 0.907959385 -0.295683728 0.354557935 0.887051184 -0.490304286 0.1959766 0.849231935 -0.554700196 4.70292798e-17 0.832050294 -0.490304286 -0.1959766 0.849231935 -0.295683728 -0.354557935 0.887051184 -1.11192955e-16 -0.419058177 0.907959385 0.295683728 -0.354557935 0.887051184 0.490304286 -0.1959766 0.849231935 1 0 9.18485099e-17 0.928571429 0.371153744 9.84819865e-17 0.640464031 0.767988167 1.17651334e-16 8.84467133e-17 1 1.3267007e-16 -0.640464031 0.767988167 1.17651334e-16 -0.928571429 0.371153744 9.84819865e-17 -1 8.47832399e-17 9.18485099e-17 -0.928571429 -0.371153744 9.84819865e-17 -0.640464031 -0.767988167 1.17651334e-16 -2.6534014e-16 -1 1.3267007e-16 0.640464031 -0.767988167 1.17651334e-16 0.928571429 -0.371153744 9.84819865e-17 0.554700196 0 -0.832050294 0.490304286 0.1959766 -0.849231935 0.295683728 0.354557935 -0.887051184 3.70643185e-17 0.419058177 -0.907959385 -0.295683728 0.354557935 -0.887051184 -0.490304286 0.1959766 -0.849231935 -0.554700196 4.70292798e-17 -0.832050294 -0.490304286 -0.1959766 -0.849231935 -0.295683728 -0.354557935 -0.887051184 -1.11192955e-16 -0.419058177 -0.907959385 0.295683728 -0.354557935 -0.887051184 0.490304286 -0.1959766 -0.849231935 8.16431199e-17 0 -1 7.07050159e-17 2.826108e-17 -1 4.082156e-17 4.89496264e-17 -1 4.99919928e-33 5.652216e-17 -1 -4.082156e-17 4.89496264e-17 -1 -7.07050159e-17 2.826108e-17 -1 -8.16431199e-17 6.92196823e-33 -1 -7.07050159e-17 -2.826108e-17 -1 -4.082156e-17 -4.89496264e-17 -1 -1.49975978e-32 -5.652216e-17 -1 4.082156e-17 -4.89496264e-17 -1 7.07050159e-17 -2.826108e-17 -1 0 0 1 0 0 1 0 0 1 0 0 1 -0 0 1 -0 0 1 -0 0 1 -0 -0 1 -0 -0 1 -0 -0 1 0 -0 1 0 -0 1 0.887356509 0 0.461083968 0.78326045 0.406994068 0.46995627 0.470881609 0.734031785 0.489354523 5.89208466e-17 0.866025404 0.5 -0.470881609 0.734031785 0.489354523 -0.78326045 0.406994068 0.46995627 -0.887356509 9.78028478e-17 0.461083968 -0.78326045 -0.406994068 0.46995627 -0.470881609 -0.734031785 0.489354523 -1.7676254e-16 -0.866025404 0.5 0.470881609 -0.734031785 0.489354523 0.78326045 -0.406994068 0.46995627 0.985329278 0 0.170664037 0.873704057 0.453989945 0.174740811 0.530744892 0.827349408 0.183855424 6.68099602e-17 0.981980506 0.188982237 -0.530744892 0.827349408 0.183855424 -0.873704057 0.453989945 0.174740811 -0.985329278 1.08601231e-16 0.170664037 -0.873704057 -0.453989945 0.174740811 -0.530744892 -0.827349408 0.183855424 -2.00429881e-16 -0.981980506 0.188982237 0.530744892 -0.827349408 0.183855424 0.873704057 -0.453989945 0.174740811 1 0 1.8369702e-17 0.887356509 0.461083968 1.88221668e-17 0.539949247 0.841697577 1.98374135e-17 6.80359333e-17 1 2.041078e-17 -0.539949247 0.841697577 1.98374135e-17 -0.887356509 0.461083968 1.88221668e-17 -1 1.10218212e-16 1.8369702e-17 -0.887356509 -0.461083968 1.88221668e-17 -0.539949247 -0.841697577 1.98374135e-17 -2.041078e-16 -1 2.041078e-17 0.539949247 -0.841697577 1.98374135e-17 0.887356509 -0.461083968 1.88221668e-17 0.985329278 0 -0.170664037 0.873704057 0.453989945 -0.174740811 0.530744892 0.827349408 -0.183855424 6.68099602e-17 0.981980506 -0.188982237 -0.530744892 0.827349408 -0.183855424 -0.873704057 0.453989945 -0.174740811 -0.985329278 1.08601231e-16 -0.170664037 -0.873704057 -0.453989945 -0.174740811 -0.530744892 -0.827349408 -0.183855424 -2.00429881e-16 -0.981980506 -0.188982237 0.530744892 -0.827349408 -0.183855424 0.873704057 -0.453989945 -0.174740811 0.887356509 0 -0.461083968 0.78326045 0.406994068 -0.46995627 0.470881609 0.734031785 -0.489354523 5.89208466e-17 0.866025404 -0.5 -0.470881609 0.734031785 -0.489354523 -0.78326045 0.406994068 -0.46995627 -0.887356509 9.78028478e-17 -0.461083968 -0.78326045 -0.406994068 -0.46995627 -0.470881609 -0.734031785 -0.489354523 -1.7676254e-16 -0.866025404 -0.5 0.470881609 -0.734031785 -0.489354523 0.78326045 -0.406994068 -0.46995627 4.082156e-16 0 -1 3.5352508e-16 1.8369702e-16 -1 2.041078e-16 3.18172572e-16 -1 2.49959964e-32 3.6739404e-16 -1 -2.041078e-16 3.18172572e-16 -1 -3.5352508e-16 1.8369702e-16 -1 -4.082156e-16 4.49927935e-32 -1 -3.5352508e-16 -1.8369702e-16 -1 -2.041078e-16 -3.18172572e-16 -1 -7.49879891e-32 -3.6739404e-16 -1 2.041078e-16 -3.18172572e-16 -1 3.5352508e-16 -1.8369702e-16 -1 0 0 1 0 0 1 0 0 1 0 0 1 -0 0 1 -0 0 1 -0 0 1 -0 -0 1 -0 -0 1 -0 -0 1 0 -0 1 0 -0 1 0.944911183 0 0.327326835 0.847737285 0.407867791 0.339094914 0.529750987 0.764629688 0.36702225 6.78500424e-17 0.923396069 0.383848538 -0.529750987 0.764629688 0.36702225 -0.847737285 0.407867791 0.339094914 -0.944911183 9.64318713e-17 0.327326835 -0.847737285 -0.407867791 0.339094914 -0.529750987 -0.764629688 0.36702225 -2.03550127e-16 -0.923396069 0.383848538 0.529750987 -0.764629688 0.36702225 0.847737285 -0.407867791 0.339094914 0.993399268 0 0.114707867 0.894692324 0.430459045 0.11929231 0.564632426 0.814976708 0.130396273 7.27834093e-17 0.990536065 0.137252703 -0.564632426 0.814976708 0.130396273 -0.894692324 0.430459045 0.11929231 -0.993399268 1.01380269e-16 0.114707867 -0.894692324 -0.430459045 0.11929231 -0.564632426 -0.814976708 0.130396273 -2.18350228e-16 -0.990536065 0.137252703 0.564632426 -0.814976708 0.130396273 0.894692324 -0.430459045 0.11929231 1 0 1.2246468e-17 0.901127114 0.433554985 1.27428414e-17 0.569494797 0.821994937 1.39485996e-17 7.34788079e-17 1 1.46957616e-17 -0.569494797 0.821994937 1.39485996e-17 -0.901127114 0.433554985 1.27428414e-17 -1 1.020539e-16 1.2246468e-17 -0.901127114 -0.433554985 1.27428414e-17 -0.569494797 -0.821994937 1.39485996e-17 -2.20436424e-16 -1 1.46957616e-17 0.569494797 -0.821994937 1.39485996e-17 0.901127114 -0.433554985 1.27428414e-17 0.993399268 0 -0.114707867 0.894692324 0.430459045 -0.11929231 0.564632426 0.814976708 -0.130396273 7.27834093e-17 0.990536065 -0.137252703 -0.564632426 0.814976708 -0.130396273 -0.894692324 0.430459045 -0.11929231 -0.993399268 1.01380269e-16 -0.114707867 -0.894692324 -0.430459045 -0.11929231 -0.564632426 -0.814976708 -0.130396273 -2.18350228e-16 -0.990536065 -0.137252703 0.564632426 -0.814976708 -0.130396273 0.894692324 -0.430459045 -0.11929231 0.944911183 0 -0.327326835 0.847737285 0.407867791 -0.339094914 0.529750987 0.764629688 -0.36702225 6.78500424e-17 0.923396069 -0.383848538 -0.529750987 0.764629688 -0.36702225 -0.847737285 0.407867791 -0.339094914 -0.944911183 9.64318713e-17 -0.327326835 -0.847737285 -0.407867791 -0.339094914 -0.529750987 -0.764629688 -0.36702225 -2.03550127e-16 -0.923396069 -0.383848538 0.529750987 -0.764629688 -0.36702225 0.847737285 -0.407867791 -0.339094914 6.123234e-16 0 -1 5.30287619e-16 2.5513475e-16 -1 3.061617e-16 4.41906349e-16 -1 3.74939946e-32 5.102695e-16 -1 -3.061617e-16 4.41906349e-16 -1 -5.30287619e-16 2.5513475e-16 -1 -6.123234e-16 6.24899909e-32 -1 -5.30287619e-16 -2.5513475e-16 -1 -3.061617e-16 -4.41906349e-16 -1 -1.12481984e-31 -5.102695e-16 -1 3.061617e-16 -4.41906349e-16 -1 5.30287619e-16 -2.5513475e-16 -1 0 0 1 0 0 1 0 0 1 0 0 1 -0 0 1 -0 0 1 -0 0 1 -0 -0 1 -0 -0 1 -0 -0 1 0 -0 1 0 -0 1 0.554700196 0 0.832050294 0.490304286 0.1959766 0.849231935 0.295683728 0.354557935 0.887051184 3.70643185e-17 0.419058177 0.907959385 -0.295683728 0.354557935 0.887051184 -0.490304286 0.1959766 0.849231935 -0.554700196 4.70292798e-17 0.832050294 -0.490304286 -0.1959766 0.849231935 -0.295683728 -0.354557935 0.887051184 -1.11192955e-16 -0.419058177 0.907959385 0.295683728 -0.354557935 0.887051184 0.490304286 -0.1959766 0.849231935 1 0 9.18485099e-17 0.928571429 0.371153744 9.84819865e-17 0.640464031 0.767988167 1.17651334e-16 8.84467133e-17 1 1.3267007e-16 -0.640464031 0.767988167 1.17651334e-16 -0.928571429 0.371153744 9.84819865e-17 -1 8.47832399e-17 9.18485099e-17 -0.928571429 -0.371153744 9.84819865e-17 -0.640464031 -0.767988167 1.17651334e-16 -2.6534014e-16 -1 1.3267007e-16 0.640464031 -0.767988167 1.17651334e-16 0.928571429 -0.371153744 9.84819865e-17 0.554700196 0 -0.832050294 0.490304286 0.1959766 -0.849231935 0.295683728 0.354557935 -0.887051184 3.70643185e-17 0.419058177 -0.907959385 -0.295683728 0.354557935 -0.887051184 -0.490304286 0.1959766 -0.849231935 -0.554700196 4.70292798e-17 -0.832050294 -0.490304286 -0.1959766 -0.849231935 -0.295683728 -0.354557935 -0.887051184 -1.11192955e-16 -0.419058177 -0.907959385 0.295683728 -0.354557935 -0.887051184 0.490304286 -0.1959766 -0.849231935 8.16431199e-17 0 -1 7.07050159e-17 2.826108e-17 -1 4.082156e-17 4.89496264e-17 -1 4.99919928e-33 5.652216e-17 -1 -4.082156e-17 4.89496264e-17 -1 -7.07050159e-17 2.826108e-17 -1 -8.16431199e-17 6.92196823e-33 -1 -7.07050159e-17 -2.826108e-17 -1 -4.082156e-17 -4.89496264e-17 -1 -1.49975978e-32 -5.652216e-17 -1 4.082156e-17 -4.89496264e-17 -1 7.07050159e-17 -2.826108e-17 -1 0 0 1 0 0 1 0 0 1 0 0 1 -0 0 1 -0 0 1 -0 0 1 -0 -0 1 -0 -0 1 -0 -0 1 0 -0 1 0 -0 1 0.887356509 0 0.461083968 0.78326045 0.406994068 0.46995627 0.470881609 0.734031785 0.489354523 5.89208466e-17 0.866025404 0.5 -0.470881609 0.734031785 0.489354523 -0.78326045 0.406994068 0.46995627 -0.887356509 9.78028478e-17 0.461083968 -0.78326045 -0.406994068 0.46995627 -0.470881609 -0.734031785 0.489354523 -1.7676254e-16 -0.866025404 0.5 0.470881609 -0.734031785 0.489354523 0.78326045 -0.406994068 0.46995627 0.985329278 0 0.170664037 0.873704057 0.453989945 0.174740811 0.530744892 0.827349408 0.183855424 6.68099602e-17 0.981980506 0.188982237 -0.530744892 0.827349408 0.183855424 -0.873704057 0.453989945 0.174740811 -0.985329278 1.08601231e-16 0.170664037 -0.873704057 -0.453989945 0.174740811 -0.530744892 -0.827349408 0.183855424 -2.00429881e-16 -0.981980506 0.188982237 0.530744892 -0.827349408 0.183855424 0.873704057 -0.453989945 0.174740811 1 0 1.8369702e-17 0.887356509 0.461083968 1.88221668e-17 0.539949247 0.841697577 1.98374135e-17 6.80359333e-17 1 2.041078e-17 -0.539949247 0.841697577 1.98374135e-17 -0.887356509 0.461083968 1.88221668e-17 -1 1.10218212e-16 1.8369702e-17 -0.887356509 -0.461083968 1.88221668e-17 -0.539949247 -0.841697577 1.98374135e-17 -2.041078e-16 -1 2.041078e-17 0.539949247 -0.841697577 1.98374135e-17 0.887356509 -0.461083968 1.88221668e-17 0.985329278 0 -0.170664037 0.873704057 0.453989945 -0.174740811 0.530744892 0.827349408 -0.183855424 6.68099602e-17 0.981980506 -0.188982237 -0.530744892 0.827349408 -0.183855424 -0.873704057 0.453989945 -0.174740811 -0.985329278 1.08601231e-16 -0.170664037 -0.873704057 -0.453989945 -0.174740811 -0.530744892 -0.827349408 -0.183855424 -2.00429881e-16 -0.981980506 -0.188982237 0.530744892 -0.827349408 -0.183855424 0.873704057 -0.453989945 -0.174740811 0.887356509 0 -0.461083968 0.78326045 0.406994068 -0.46995627 0.470881609 0.734031785 -0.489354523 5.89208466e-17 0.866025404 -0.5 -0.470881609 0.734031785 -0.489354523 -0.78326045 0.406994068 -0.46995627 -0.887356509 9.78028478e-17 -0.461083968 -0.78326045 -0.406994068 -0.46995627 -0.470881609 -0.734031785 -0.489354523 -1.7676254e-16 -0.866025404 -0.5 0.470881609 -0.734031785 -0.489354523 0.78326045 -0.406994068 -0.46995627 4.082156e-16 0 -1 3.5352508e-16 1.8369702e-16 -1 2.041078e-16 3.18172572e-16 -1 2.49959964e-32 3.6739404e-16 -1 -2.041078e-16 3.18172572e-16 -1 -3.5352508e-16 1.8369702e-16 -1 -4.082156e-16 4.49927935e-32 -1 -3.5352508e-16 -1.8369702e-16 -1 -2.041078e-16 -3.18172572e-16 -1 -7.49879891e-32 -3.6739404e-16 -1 2.041078e-16 -3.18172572e-16 -1 3.5352508e-16 -1.8369702e-16 -1 0 0 1 0 0 1 0 0 1 0 0 1 -0 0 1 -0 0 1 -0 0 1 -0 -0 1 -0 -0 1 -0 -0 1 0 -0 1 0 -0 1 0.944911183 0 0.327326835 0.847737285 0.407867791 0.339094914 0.529750987 0.764629688 0.36702225 6.78500424e-17 0.923396069 0.383848538 -0.529750987 0.764629688 0.36702225 -0.847737285 0.407867791 0.339094914 -0.944911183 9.64318713e-17 0.327326835 -0.847737285 -0.407867791 0.339094914 -0.529750987 -0.764629688 0.36702225 -2.03550127e-16 -0.923396069 0.383848538 0.529750987 -0.764629688 0.36702225 0.847737285 -0.407867791 0.339094914 0.993399268 0 0.114707867 0.894692324 0.430459045 0.11929231 0.564632426 0.814976708 0.130396273 7.27834093e-17 0.990536065 0.137252703 -0.564632426 0.814976708 0.130396273 -0.894692324 0.430459045 0.11929231 -0.993399268 1.01380269e-16 0.114707867 -0.894692324 -0.430459045 0.11929231 -0.564632426 -0.814976708 0.130396273 -2.18350228e-16 -0.990536065 0.137252703 0.564632426 -0.814976708 0.130396273 0.894692324 -0.430459045 0.11929231 1 0 1.2246468e-17 0.901127114 0.433554985 1.27428414e-17 0.569494797 0.821994937 1.39485996e-17 7.34788079e-17 1 1.46957616e-17 -0.569494797 0.821994937 1.39485996e-17 -0.901127114 0.433554985 1.27428414e-17 -1 1.020539e-16 1.2246468e-17 -0.901127114 -0.433554985 1.27428414e-17 -0.569494797 -0.821994937 1.39485996e-17 -2.20436424e-16 -1 1.46957616e-17 0.569494797 -0.821994937 1.39485996e-17 0.901127114 -0.433554985 1.27428414e-17 0.993399268 0 -0.114707867 0.894692324 0.430459045 -0.11929231 0.564632426 0.814976708 -0.130396273 7.27834093e-17 0.990536065 -0.137252703 -0.564632426 0.814976708 -0.130396273 -0.894692324 0.430459045 -0.11929231 -0.993399268 1.01380269e-16 -0.114707867 -0.894692324 -0.430459045 -0.11929231 -0.564632426 -0.814976708 -0.130396273 -2.18350228e-16 -0.990536065 -0.137252703 0.564632426 -0.814976708 -0.130396273 0.894692324 -0.430459045 -0.11929231 0.944911183 0 -0.327326835 0.847737285 0.407867791 -0.339094914 0.529750987 0.764629688 -0.36702225 6.78500424e-17 0.923396069 -0.383848538 -0.529750987 0.764629688 -0.36702225 -0.847737285 0.407867791 -0.339094914 -0.944911183 9.64318713e-17 -0.327326835 -0.847737285 -0.407867791 -0.339094914 -0.529750987 -0.764629688 -0.36702225 -2.03550127e-16 -0.923396069 -0.383848538 0.529750987 -0.764629688 -0.36702225 0.847737285 -0.407867791 -0.339094914 6.123234e-16 0 -1 5.30287619e-16 2.5513475e-16 -1 3.061617e-16 4.41906349e-16 -1 3.74939946e-32 5.102695e-16 -1 -3.061617e-16 4.41906349e-16 -1 -5.30287619e-16 2.5513475e-16 -1 -6.123234e-16 6.24899909e-32 -1 -5.30287619e-16 -2.5513475e-16 -1 -3.061617e-16 -4.41906349e-16 -1 -1.12481984e-31 -5.102695e-16 -1 3.061617e-16 -4.41906349e-16 -1 5.30287619e-16 -2.5513475e-16 -1 0 0 1 0 0 1 0 0 1 0 0 1 -0 0 1 -0 0 1 -0 0 1 -0 -0 1 -0 -0 1 -0 -0 1 0 -0 1 0 -0 1 0.554700196 0 0.832050294 0.490304286 0.1959766 0.849231935 0.295683728 0.354557935 0.887051184 3.70643185e-17 0.419058177 0.907959385 -0.295683728 0.354557935 0.887051184 -0.490304286 0.1959766 0.849231935 -0.554700196 4.70292798e-17 0.832050294 -0.490304286 -0.1959766 0.849231935 -0.295683728 -0.354557935 0.887051184 -1.11192955e-16 -0.419058177 0.907959385 0.295683728 -0.354557935 0.887051184 0.490304286 -0.1959766 0.849231935 1 0 9.18485099e-17 0.928571429 0.371153744 9.84819865e-17 0.640464031 0.767988167 1.17651334e-16 8.84467133e-17 1 1.3267007e-16 -0.640464031 0.767988167 1.17651334e-16 -0.928571429 0.371153744 9.84819865e-17 -1 8.47832399e-17 9.18485099e-17 -0.928571429 -0.371153744 9.84819865e-17 -0.640464031 -0.767988167 1.17651334e-16 -2.6534014e-16 -1 1.3267007e-16 0.640464031 -0.767988167 1.17651334e-16 0.928571429 -0.371153744 9.84819865e-17 0.554700196 0 -0.832050294 0.490304286 0.1959766 -0.849231935 0.295683728 0.354557935 -0.887051184 3.70643185e-17 0.419058177 -0.907959385 -0.295683728 0.354557935 -0.887051184 -0.490304286 0.1959766 -0.849231935 -0.554700196 4.70292798e-17 -0.832050294 -0.490304286 -0.1959766 -0.849231935 -0.295683728 -0.354557935 -0.887051184 -1.11192955e-16 -0.419058177 -0.907959385 0.295683728 -0.354557935 -0.887051184 0.490304286 -0.1959766 -0.849231935 8.16431199e-17 0 -1 7.07050159e-17 2.826108e-17 -1 4.082156e-17 4.89496264e-17 -1 4.99919928e-33 5.652216e-17 -1 -4.082156e-17 4.89496264e-17 -1 -7.07050159e-17 2.826108e-17 -1 -8.16431199e-17 6.92196823e-33 -1 -7.07050159e-17 -2.826108e-17 -1 -4.082156e-17 -4.89496264e-17 -1 -1.49975978e-32 -5.652216e-17 -1 4.082156e-17 -4.89496264e-17 -1 7.07050159e-17 -2.826108e-17 -1 0 0 1 0 0 1 0 0 1 -0 0 1 -0 0 1 -0 0 1 -0 -0 1 -0 -0 1 0 -0 1 0 -0 1 0.52999894 0 0.847998304 0.443516954 0.184133674 0.877147366 0.179891003 0.316370045 0.931423224 -0.179891003 0.316370045 0.931423224 -0.443516954 0.184133674 0.877147366 -0.52999894 3.70892289e-17 0.847998304 -0.443516954 -0.184133674 0.877147366 -0.179891003 -0.316370045 0.931423224 0.179891003 -0.316370045 0.931423224 0.443516954 -0.184133674 0.877147366 1 0 9.79717439e-17 0.923567848 0.38343504 1.11843822e-16 0.494290412 0.869296836 1.56711425e-16 -0.494290412 0.869296836 1.56711425e-16 -0.923567848 0.38343504 1.11843822e-16 -1 6.99798171e-17 9.79717439e-17 -0.923567848 -0.38343504 1.11843822e-16 -0.494290412 -0.869296836 1.56711425e-16 0.494290412 -0.869296836 1.56711425e-16 0.923567848 -0.38343504 1.11843822e-16 0.52999894 0 -0.847998304 0.443516954 0.184133674 -0.877147366 0.179891003 0.316370045 -0.931423224 -0.179891003 0.316370045 -0.931423224 -0.443516954 0.184133674 -0.877147366 -0.52999894 3.70892289e-17 -0.847998304 -0.443516954 -0.184133674 -0.877147366 -0.179891003 -0.316370045 -0.931423224 0.179891003 -0.316370045 -0.931423224 0.443516954 -0.184133674 -0.877147366 7.65404249e-17 0 -1 6.19225045e-17 2.57081903e-17 -1 2.36522921e-17 4.15967257e-17 -1 -2.36522921e-17 4.15967257e-17 -1 -6.19225045e-17 2.57081903e-17 -1 -7.65404249e-17 5.35628494e-33 -1 -6.19225045e-17 -2.57081903e-17 -1 -2.36522921e-17 -4.15967257e-17 -1 2.36522921e-17 -4.15967257e-17 -1 6.19225045e-17 -2.57081903e-17 -1 -0.902134222 0 -0.431455497 -0.637905226 -0.707106781 -0.305085108 -5.52397893e-17 -1 -2.64190297e-17 0.637905226 -0.707106781 0.305085108 0.902134222 -1.2246468e-16 0.431455497 0.637905226 0.707106781 0.305085108 1.65719368e-16 1 7.92570891e-17 -0.637905226 0.707106781 -0.305085108 -0.902134222 0 -0.431455497 -0.637905226 -0.707106781 -0.305085108 -5.52397893e-17 -1 -2.64190297e-17 0.637905226 -0.707106781 0.305085108 0.902134222 -1.2246468e-16 0.431455497 0.637905226 0.707106781 0.305085108 1.65719368e-16 1 7.92570891e-17 -0.637905226 0.707106781 -0.305085108 0.496138938 0.868243142 -0 -0.106467573 0.875249631 -0.471807948 -0.646706823 0.369546756 -0.667237199 -0.808113988 -0.352631596 -0.471807948 -0.496138938 -0.868243142 -8.171299e-17 0.106467573 -0.875249631 0.471807948 0.646706823 -0.369546756 0.667237199 0.808113988 0.352631596 0.471807948 0.496138938 0.868243142 -0 -0.106467573 0.875249631 -0.471807948 -0.646706823 0.369546756 -0.667237199 -0.808113988 -0.352631596 -0.471807948 -0.496138938 -0.868243142 -8.171299e-17 0.106467573 -0.875249631 0.471807948 0.646706823 -0.369546756 0.667237199 0.808113988 0.352631596 0.471807948 -0.707106781 0.707106781 0 -0.806980065 0.193019935 -0.558145572 -0.434135371 -0.434135371 -0.789337038 0.193019935 -0.806980065 -0.558145572 0.707106781 -0.707106781 -9.66659077e-17 0.806980065 -0.193019935 0.558145572 0.434135371 0.434135371 0.789337038 -0.193019935 0.806980065 0.558145572 -0.707106781 0.707106781 0 -0.806980065 0.193019935 -0.558145572 -0.434135371 -0.434135371 -0.789337038 0.193019935 -0.806980065 -0.558145572 0.707106781 -0.707106781 -9.66659077e-17 0.806980065 -0.193019935 0.558145572 0.434135371 0.434135371 0.789337038 -0.193019935 0.806980065 0.558145572 0.650791373 -0.759256602 0 0.854897705 -0.198545168 -0.479301293 0.558216556 0.478471334 -0.677834389 -0.0654602812 0.875205817 -0.479301293 -0.650791373 0.759256602 -8.30107715e-17 -0.854897705 0.198545168 0.479301293 -0.558216556 -0.478471334 0.677834389 0.0654602812 -0.875205817 0.479301293 0.650791373 -0.759256602 0 0.854897705 -0.198545168 -0.479301293 0.558216556 0.478471334 -0.677834389 -0.0654602812 0.875205817 -0.479301293 -0.650791373 0.759256602 -8.30107715e-17 -0.854897705 0.198545168 0.479301293 -0.558216556 -0.478471334 0.677834389 0.0654602812 -0.875205817 0.479301293 0 0 1 0 0 1 0 0 1 -0 0 1 -0 0 1 -0 0 1 -0 -0 1 -0 -0 1 0 -0 1 0 -0 1 0.52999894 0 0.847998304 0.443516954 0.184133674 0.877147366 0.179891003 0.316370045 0.931423224 -0.179891003 0.316370045 0.931423224 -0.443516954 0.184133674 0.877147366 -0.52999894 3.70892289e-17 0.847998304 -0.443516954 -0.184133674 0.877147366 -0.179891003 -0.316370045 0.931423224 0.179891003 -0.316370045 0.931423224 0.443516954 -0.184133674 0.877147366 1 0 9.79717439e-17 0.923567848 0.38343504 1.11843822e-16 0.494290412 0.869296836 1.56711425e-16 -0.494290412 0.869296836 1.56711425e-16 -0.923567848 0.38343504 1.11843822e-16 -1 6.99798171e-17 9.79717439e-17 -0.923567848 -0.38343504 1.11843822e-16 -0.494290412 -0.869296836 1.56711425e-16 0.494290412 -0.869296836 1.56711425e-16 0.923567848 -0.38343504 1.11843822e-16 0.52999894 0 -0.847998304 0.443516954 0.184133674 -0.877147366 0.179891003 0.316370045 -0.931423224 -0.179891003 0.316370045 -0.931423224 -0.443516954 0.184133674 -0.877147366 -0.52999894 3.70892289e-17 -0.847998304 -0.443516954 -0.184133674 -0.877147366 -0.179891003 -0.316370045 -0.931423224 0.179891003 -0.316370045 -0.931423224 0.443516954 -0.184133674 -0.877147366 7.65404249e-17 0 -1 6.19225045e-17 2.57081903e-17 -1 2.36522921e-17 4.15967257e-17 -1 -2.36522921e-17 4.15967257e-17 -1 -6.19225045e-17 2.57081903e-17 -1 -7.65404249e-17 5.35628494e-33 -1 -6.19225045e-17 -2.57081903e-17 -1 -2.36522921e-17 -4.15967257e-17 -1 2.36522921e-17 -4.15967257e-17 -1 6.19225045e-17 -2.57081903e-17 -1 -0.902134222 0 0.431455497 -0.637905226 -0.707106781 0.305085108 -5.52397893e-17 -1 2.64190297e-17 0.637905226 -0.707106781 -0.305085108 0.902134222 -1.2246468e-16 -0.431455497 0.637905226 0.707106781 -0.305085108 1.65719368e-16 1 -7.92570891e-17 -0.637905226 0.707106781 0.305085108 -0.902134222 0 0.431455497 -0.637905226 -0.707106781 0.305085108 -5.52397893e-17 -1 2.64190297e-17 0.637905226 -0.707106781 -0.305085108 0.902134222 -1.2246468e-16 -0.431455497 0.637905226 0.707106781 -0.305085108 1.65719368e-16 1 -7.92570891e-17 -0.637905226 0.707106781 0.305085108 0.496138938 -0.868243142 0 0.808113988 -0.352631596 -0.471807948 0.646706823 0.369546756 -0.667237199 0.106467573 0.875249631 -0.471807948 -0.496138938 0.868243142 -8.171299e-17 -0.808113988 0.352631596 0.471807948 -0.646706823 -0.369546756 0.667237199 -0.106467573 -0.875249631 0.471807948 0.496138938 -0.868243142 0 0.808113988 -0.352631596 -0.471807948 0.646706823 0.369546756 -0.667237199 0.106467573 0.875249631 -0.471807948 -0.496138938 0.868243142 -8.171299e-17 -0.808113988 0.352631596 0.471807948 -0.646706823 -0.369546756 0.667237199 -0.106467573 -0.875249631 0.471807948 -0.707106781 -0.707106781 0 -0.193019935 -0.806980065 -0.558145572 0.434135371 -0.434135371 -0.789337038 0.806980065 0.193019935 -0.558145572 0.707106781 0.707106781 -9.66659077e-17 0.193019935 0.806980065 0.558145572 -0.434135371 0.434135371 0.789337038 -0.806980065 -0.193019935 0.558145572 -0.707106781 -0.707106781 0 -0.193019935 -0.806980065 -0.558145572 0.434135371 -0.434135371 -0.789337038 0.806980065 0.193019935 -0.558145572 0.707106781 0.707106781 -9.66659077e-17 0.193019935 0.806980065 0.558145572 -0.434135371 0.434135371 0.789337038 -0.806980065 -0.193019935 0.558145572 0.650791373 0.759256602 -0 0.0654602812 0.875205817 -0.479301293 -0.558216556 0.478471334 -0.677834389 -0.854897705 -0.198545168 -0.479301293 -0.650791373 -0.759256602 -8.30107715e-17 -0.0654602812 -0.875205817 0.479301293 0.558216556 -0.478471334 0.677834389 0.854897705 0.198545168 0.479301293 0.650791373 0.759256602 -0 0.0654602812 0.875205817 -0.479301293 -0.558216556 0.478471334 -0.677834389 -0.854897705 -0.198545168 -0.479301293 -0.650791373 -0.759256602 -8.30107715e-17 -0.0654602812 -0.875205817 0.479301293 0.558216556 -0.478471334 0.677834389 0.854897705 0.198545168 0.479301293 -1 0 0 -0.707106781 0.518163247 -0.481151587 -6.123234e-17 0.732793492 -0.680451099 0.707106781 0.518163247 -0.481151587 1 8.97413204e-17 -8.33312261e-17 0.707106781 -0.518163247 0.481151587 1.8369702e-16 -0.732793492 0.680451099 -0.707106781 -0.518163247 0.481151587 -1 0 0 -0.707106781 0.518163247 -0.481151587 -6.123234e-17 0.732793492 -0.680451099 0.707106781 0.518163247 -0.481151587 1 8.97413204e-17 -8.33312261e-17 0.707106781 -0.518163247 0.481151587 1.8369702e-16 -0.732793492 0.680451099 -0.707106781 -0.518163247 0.481151587</float_array>
          <technique_common>
            <accessor source="#animal-geometry-normals-array" count="1748" stride="3">
              <param name="X" type="float" />
              <param name="Y" type="float" />
              <param name="Z" type="float" />
            </accessor>
          </technique_common>
        </source>
        <vertices id="animal-geometry-vertices">
          <input semantic="POSITION" source="#animal-geometry-positions" />
        </vertices>
        <triangles count="2440" material="body-material">
          <input semantic="VERTEX" source="#animal-geometry-vertices" offset="0" />
          <input semantic="NORMAL" source="#animal-geometry-normals" offset="1" />
          <p>1 1 20 20 21 21 2 2 21 21 22 22 3 3 22 22 23 23 4 4 23 23 24 24 5 5 24 24 25 25 6 6 25 25 26 26 7 7 26 26 27 27 8 8 27 27 28 28 9 9 28 28 29 29 10 10 29 29 30 30 11 11 30 30 31 31 12 12 31 31 32 32 13 13 32 32 33 33 14 14 33 33 34 34 15 15 34 34 35 35 16 16 35 35 36 36 17 17 36 36 37 37 18 18 37 37 38 38 19 19 38 38 39 39 0 0 39 39 20 20 20 20 40 40 21 21 21 21 40 40 41 41 21 21 41 41 22 22 22 22 41 41 42 42 22 22 42 42 23 23 23 23 42 42 43 43 23 23 43 43 24 24 24 24 43 43 44 44 24 24 44 44 25 25 25 25 44 44 45 45 25 25 45 45 26 26 26 26 45 45 46 46 26 26 46 46 27 27 27 27 46 46 47 47 27 27 47 47 28 28 28 28 47 47 48 48 28 28 48 48 29 29 29 29 48 48 49 49 29 29 49 49 30 30 30 30 49 49 50 50 30 30 50 50 31 31 31 31 50 50 51 51 31 31 51 51 32 32 32 32 51 51 52 52 32 32 52 52 33 33 33 33 52 52 53 53 33 33 53 53 34 34 34 34 53 53 54 54 34 34 54 54 35 35 35 35 54 54 55 55 35 35 55 55 36 36 36 36 55 55 56 56 36 36 56 56 37 37 37 37 56 56 57 57 37 37 57 57 38 38 38 38 57 57 58 58 38 38 58 58 39 39 39 39 58 58 59 59 39 39 59 59 20 20 20 20 59 59 40 40 40 40 60 60 41 41 41 41 60 60 61 61 41 41 61 61 42 42 42 42 61 61 62 62 42 42 62 62 43 43 43 43 62 62 63 63 43 43 63 63 44 44 44 44 63 63 64 64 44 44 64 64 45 45 45 45 64 64 65 65 45 45 65 65 46 46 46 46 65 65 66 66 46 46 66 66 47 47 47 47 66 66 67 67 47 47 67 67 48 48 48 48 67 67 68 68 48 48 68 68 49 49 49 49 68 68 69 69 49 49 69 69 50 50 50 50 69 69 70 70 50 50 70 70 51 51 51 51 70 70 71 71 51 51 71 71 52 52 52 52 71 71 72 72 52 52 72 72 53 53 53 53 72 72 73 73 53 53 73 73 54 54 54 54 73 73 74 74 54 54 74 74 55 55 55 55 74 74 75 75 55 55 75 75 56 56 56 56 75 75 76 76 56 56 76 76 57 57 57 57 76 76 77 77 57 57 77 77 58 58 58 58 77 77 78 78 58 58 78 78 59 59 59 59 78 78 79 79 59 59 79 79 40 40 40 40 79 79 60 60 60 60 80 80 61 61 61 61 80 80 81 81 61 61 81 81 62 62 62 62 81 81 82 82 62 62 82 82 63 63 63 63 82 82 83 83 63 63 83 83 64 64 64 64 83 83 84 84 64 64 84 84 65 65 65 65 84 84 85 85 65 65 85 85 66 66 66 66 85 85 86 86 66 66 86 86 67 67 67 67 86 86 87 87 67 67 87 87 68 68 68 68 87 87 88 88 68 68 88 88 69 69 69 69 88 88 89 89 69 69 89 89 70 70 70 70 89 89 90 90 70 70 90 90 71 71 71 71 90 90 91 91 71 71 91 91 72 72 72 72 91 91 92 92 72 72 92 92 73 73 73 73 92 92 93 93 73 73 93 93 74 74 74 74 93 93 94 94 74 74 94 94 75 75 75 75 94 94 95 95 75 75 95 95 76 76 76 76 95 95 96 96 76 76 96 96 77 77 77 77 96 96 97 97 77 77 97 97 78 78 78 78 97 97 98 98 78 78 98 98 79 79 79 79 98 98 99 99 79 79 99 99 60 60 60 60 99 99 80 80 80 80 100 100 81 81 81 81 100 100 101 101 81 81 101 101 82 82 82 82 101 101 102 102 82 82 102 102 83 83 83 83 102 102 103 103 83 83 103 103 84 84 84 84 103 103 104 104 84 84 104 104 85 85 85 85 104 104 105 105 85 85 105 105 86 86 86 86 105 105 106 106 86 86 106 106 87 87 87 87 106 106 107 107 87 87 107 107 88 88 88 88 107 107 108 108 88 88 108 108 89 89 89 89 108 108 109 109 89 89 109 109 90 90 90 90 109 109 110 110 90 90 110 110 91 91 91 91 110 110 111 111 91 91 111 111 92 92 92 92 111 111 112 112 92 92 112 112 93 93 93 93 112 112 113 113 93 93 113 113 94 94 94 94 113 113 114 114 94 94 114 114 95 95 95 95 114 114 115 115 95 95 115 115 96 96 96 96 115 115 116 116 96 96 116 116 97 97 97 97 116 116 117 117 97 97 117 117 98 98 98 98 117 117 118 118 98 98 118 118 99 99 99 99 118 118 119 119 99 99 119 119 80 80 80 80 119 119 100 100 100 100 120 120 101 101 101 101 120 120 121 121 101 101 121 121 102 102 102 102 121 121 122 122 102 102 122 122 103 103 103 103 122 122 123 123 103 103 123 123 104 104 104 104 123 123 124 124 104 104 124 124 105 105 105 105 124 124 125 125 105 105 125 125 106 106 106 106 125 125 126 126 106 106 126 126 107 107 107 107 126 126 127 127 107 107 127 127 108 108 108 108 127 127 128 128 108 108 128 128 109 109 109 109 128 128 129 129 109 109 129 129 110 110 110 110 129 129 130 130 110 110 130 130 111 111 111 111 130 130 131 131 111 111 131 131 112 112 112 112 131 131 132 132 112 112 132 132 113 113 113 113 132 132 133 133 113 113 133 133 114 114 114 114 133 133 134 134 114 114 134 134 115 115 115 115 134 134 135 135 115 115 135 135 116 116 116 116 135 135 136 136 116 116 136 136 117 117 117 117 136 136 137 137 117 117 137 137 118 118 118 118 137 137 138 138 118 118 138 138 119 119 119 119 138 138 139 139 119 119 139 139 100 100 100 100 139 139 120 120 120 120 140 140 121 121 121 121 140 140 141 141 121 121 141 141 122 122 122 122 141 141 142 142 122 122 142 142 123 123 123 123 142 142 143 143 123 123 143 143 124 124 124 124 143 143 144 144 124 124 144 144 125 125 125 125 144 144 145 145 125 125 145 145 126 126 126 126 145 145 146 146 126 126 146 146 127 127 127 127 146 146 147 147 127 127 147 147 128 128 128 128 147 147 148 148 128 128 148 148 129 129 129 129 148 148 149 149 129 129 149 149 130 130 130 130 149 149 150 150 130 130 150 150 131 131 131 131 150 150 151 151 131 131 151 151 132 132 132 132 151 151 152 152 132 132 152 152 133 133 133 133 152 152 153 153 133 133 153 153 134 134 134 134 153 153 154 154 134 134 154 154 135 135 135 135 154 154 155 155 135 135 155 155 136 136 136 136 155 155 156 156 136 136 156 156 137 137 137 137 156 156 157 157 137 137 157 157 138 138 138 138 157 157 158 158 138 138 158 158 139 139 139 139 158 158 159 159 139 139 159 159 120 120 120 120 159 159 140 140 140 140 160 160 141 141 141 141 160 160 161 161 141 141 161 161 142 142 142 142 161 161 162 162 142 142 162 162 143 143 143 143 162 162 163 163 143 143 163 163 144 144 144 144 163 163 164 164 144 144 164 164 145 145 145 145 164 164 165 165 145 145 165 165 146 146 146 146 165 165 166 166 146 146 166 166 147 147 147 147 166 166 167 167 147 147 167 167 148 148 148 148 167 167 168 168 148 148 168 168 149 149 149 149 168 168 169 169 149 149 169 169 150 150 150 150 169 169 170 170 150 150 170 170 151 151 151 151 170 170 171 171 151 151 171 171 152 152 152 152 171 171 172 172 152 152 172 172 153 153 153 153 172 172 173 173 153 153 173 173 154 154 154 154 173 173 174 174 154 154 174 174 155 155 155 155 174 174 175 175 155 155 175 175 156 156 156 156 175 175 176 176 156 156 176 176 157 157 157 157 176 176 177 177 157 157 177 177 158 158 158 158 177 177 178 178 158 158 178 178 159 159 159 159 178 178 179 179 159 159 179 179 140 140 140 140 179 179 160 160 160 160 180 180 161 161 161 161 180 180 181 181 161 161 181 181 162 162 162 162 181 181 182 182 162 162 182 182 163 163 163 163 182 182 183 183 163 163 183 183 164 164 164 164 183 183 184 184 164 164 184 184 165 165 165 165 184 184 185 185 165 165 185 185 166 166 166 166 185 185 186 186 166 166 186 186 167 167 167 167 186 186 187 187 167 167 187 187 168 168 168 168 187 187 188 188 168 168 188 188 169 169 169 169 188 188 189 189 169 169 189 189 170 170 170 170 189 189 190 190 170 170 190 190 171 171 171 171 190 190 191 191 171 171 191 191 172 172 172 172 191 191 192 192 172 172 192 192 173 173 173 173 192 192 193 193 173 173 193 193 174 174 174 174 193 193 194 194 174 174 194 194 175 175 175 175 194 194 195 195 175 175 195 195 176 176 176 176 195 195 196 196 176 176 196 196 177 177 177 177 196 196 197 197 177 177 197 197 178 178 178 178 197 197 198 198 178 178 198 198 179 179 179 179 198 198 199 199 179 179 199 199 160 160 160 160 199 199 180 180 180 180 200 200 181 181 181 181 201 201 182 182 182 182 202 202 183 183 183 183 203 203 184 184 184 184 204 204 185 185 185 185 205 205 186 186 186 186 206 206 187 187 187 187 207 207 188 188 188 188 208 208 189 189 189 189 209 209 190 190 190 190 210 210 191 191 191 191 211 211 192 192 192 192 212 212 193 193 193 193 213 213 194 194 194 194 214 214 195 195 195 195 215 215 196 196 196 196 216 216 197 197 197 197 217 217 198 198 198 198 218 218 199 199 199 199 219 219 180 180 221 221 236 236 237 237 222 222 237 237 238 238 223 223 238 238 239 239 224 224 239 239 240 240 225 225 240 240 241 241 226 226 241 241 242 242 227 227 242 242 243 243 228 228 243 243 244 244 229 229 244 244 245 245 230 230 245 245 246 246 231 231 246 246 247 247 232 232 247 247 248 248 233 233 248 248 249 249 234 234 249 249 250 250 235 235 250 250 251 251 220 220 251 251 236 236 236 236 252 252 237 237 237 237 252 252 253 253 237 237 253 253 238 238 238 238 253 253 254 254 238 238 254 254 239 239 239 239 254 254 255 255 239 239 255 255 240 240 240 240 255 255 256 256 240 240 256 256 241 241 241 241 256 256 257 257 241 241 257 257 242 242 242 242 257 257 258 258 242 242 258 258 243 243 243 243 258 258 259 259 243 243 259 259 244 244 244 244 259 259 260 260 244 244 260 260 245 245 245 245 260 260 261 261 245 245 261 261 246 246 246 246 261 261 262 262 246 246 262 262 247 247 247 247 262 262 263 263 247 247 263 263 248 248 248 248 263 263 264 264 248 248 264 264 249 249 249 249 264 264 265 265 249 249 265 265 250 250 250 250 265 265 266 266 250 250 266 266 251 251 251 251 266 266 267 267 251 251 267 267 236 236 236 236 267 267 252 252 252 252 268 268 253 253 253 253 268 268 269 269 253 253 269 269 254 254 254 254 269 269 270 270 254 254 270 270 255 255 255 255 270 270 271 271 255 255 271 271 256 256 256 256 271 271 272 272 256 256 272 272 257 257 257 257 272 272 273 273 257 257 273 273 258 258 258 258 273 273 274 274 258 258 274 274 259 259 259 259 274 274 275 275 259 259 275 275 260 260 260 260 275 275 276 276 260 260 276 276 261 261 261 261 276 276 277 277 261 261 277 277 262 262 262 262 277 277 278 278 262 262 278 278 263 263 263 263 278 278 279 279 263 263 279 279 264 264 264 264 279 279 280 280 264 264 280 280 265 265 265 265 280 280 281 281 265 265 281 281 266 266 266 266 281 281 282 282 266 266 282 282 267 267 267 267 282 282 283 283 267 267 283 283 252 252 252 252 283 283 268 268 268 268 284 284 269 269 269 269 284 284 285 285 269 269 285 285 270 270 270 270 285 285 286 286 270 270 286 286 271 271 271 271 286 286 287 287 271 271 287 287 272 272 272 272 287 287 288 288 272 272 288 288 273 273 273 273 288 288 289 289 273 273 289 289 274 274 274 274 289 289 290 290 274 274 290 290 275 275 275 275 290 290 291 291 275 275 291 291 276 276 276 276 291 291 292 292 276 276 292 292 277 277 277 277 292 292 293 293 277 277 293 293 278 278 278 278 293 293 294 294 278 278 294 294 279 279 279 279 294 294 295 295 279 279 295 295 280 280 280 280 295 295 296 296 280 280 296 296 281 281 281 281 296 296 297 297 281 281 297 297 282 282 282 282 297 297 298 298 282 282 298 298 283 283 283 283 298 298 299 299 283 283 299 299 268 268 268 268 299 299 284 284 284 284 300 300 285 285 285 285 300 300 301 301 285 285 301 301 286 286 286 286 301 301 302 302 286 286 302 302 287 287 287 287 302 302 303 303 287 287 303 303 288 288 288 288 303 303 304 304 288 288 304 304 289 289 289 289 304 304 305 305 289 289 305 305 290 290 290 290 305 305 306 306 290 290 306 306 291 291 291 291 306 306 307 307 291 291 307 307 292 292 292 292 307 307 308 308 292 292 308 308 293 293 293 293 308 308 309 309 293 293 309 309 294 294 294 294 309 309 310 310 294 294 310 310 295 295 295 295 310 310 311 311 295 295 311 311 296 296 296 296 311 311 312 312 296 296 312 312 297 297 297 297 312 312 313 313 297 297 313 313 298 298 298 298 313 313 314 314 298 298 314 314 299 299 299 299 314 314 315 315 299 299 315 315 284 284 284 284 315 315 300 300 300 300 316 316 301 301 301 301 316 316 317 317 301 301 317 317 302 302 302 302 317 317 318 318 302 302 318 318 303 303 303 303 318 318 319 319 303 303 319 319 304 304 304 304 319 319 320 320 304 304 320 320 305 305 305 305 320 320 321 321 305 305 321 321 306 306 306 306 321 321 322 322 306 306 322 322 307 307 307 307 322 322 323 323 307 307 323 323 308 308 308 308 323 323 324 324 308 308 324 324 309 309 309 309 324 324 325 325 309 309 325 325 310 310 310 310 325 325 326 326 310 310 326 326 311 311 311 311 326 326 327 327 311 311 327 327 312 312 312 312 327 327 328 328 312 312 328 328 313 313 313 313 328 328 329 329 313 313 329 329 314 314 314 314 329 329 330 330 314 314 330 330 315 315 315 315 330 330 331 331 315 315 331 331 300 300 300 300 331 331 316 316 316 316 332 332 317 317 317 317 332 332 333 333 317 317 333 333 318 318 318 318 333 333 334 334 318 318 334 334 319 319 319 319 334 334 335 335 319 319 335 335 320 320 320 320 335 335 336 336 320 320 336 336 321 321 321 321 336 336 337 337 321 321 337 337 322 322 322 322 337 337 338 338 322 322 338 338 323 323 323 323 338 338 339 339 323 323 339 339 324 324 324 324 339 339 340 340 324 324 340 340 325 325 325 325 340 340 341 341 325 325 341 341 326 326 326 326 341 341 342 342 326 326 342 342 327 327 327 327 342 342 343 343 327 327 343 343 328 328 328 328 343 343 344 344 328 328 344 344 329 329 329 329 344 344 345 345 329 329 345 345 330 330 330 330 345 345 346 346 330 330 346 346 331 331 331 331 346 346 347 347 331 331 347 347 316 316 316 316 347 347 332 332 332 332 348 348 333 333 333 333 349 349 334 334 334 334 350 350 335 335 335 335 351 351 336 336 336 336 352 352 337 337 337 337 353 353 338 338 338 338 354 354 339 339 339 339 355 355 340 340 340 340 356 356 341 341 341 341 357 357 342 342 342 342 358 358 343 343 343 343 359 359 344 344 344 344 360 360 345 345 345 345 361 361 346 346 346 346 362 362 347 347 347 347 363 363 332 332 365 365 380 380 381 381 366 366 381 381 382 382 367 367 382 382 383 383 368 368 383 383 384 384 369 369 384 384 385 385 370 370 385 385 386 386 371 371 386 386 387 387 372 372 387 387 388 388 373 373 388 388 389 389 374 374 389 389 390 390 375 375 390 390 391 391 376 376 391 391 392 392 377 377 392 392 393 393 378 378 393 393 394 394 379 379 394 394 395 395 364 364 395 395 380 380 380 380 396 396 381 381 381 381 396 396 397 397 381 381 397 397 382 382 382 382 397 397 398 398 382 382 398 398 383 383 383 383 398 398 399 399 383 383 399 399 384 384 384 384 399 399 400 400 384 384 400 400 385 385 385 385 400 400 401 401 385 385 401 401 386 386 386 386 401 401 402 402 386 386 402 402 387 387 387 387 402 402 403 403 387 387 403 403 388 388 388 388 403 403 404 404 388 388 404 404 389 389 389 389 404 404 405 405 389 389 405 405 390 390 390 390 405 405 406 406 390 390 406 406 391 391 391 391 406 406 407 407 391 391 407 407 392 392 392 392 407 407 408 408 392 392 408 408 393 393 393 393 408 408 409 409 393 393 409 409 394 394 394 394 409 409 410 410 394 394 410 410 395 395 395 395 410 410 411 411 395 395 411 411 380 380 380 380 411 411 396 396 396 396 412 412 397 397 397 397 412 412 413 413 397 397 413 413 398 398 398 398 413 413 414 414 398 398 414 414 399 399 399 399 414 414 415 415 399 399 415 415 400 400 400 400 415 415 416 416 400 400 416 416 401 401 401 401 416 416 417 417 401 401 417 417 402 402 402 402 417 417 418 418 402 402 418 418 403 403 403 403 418 418 419 419 403 403 419 419 404 404 404 404 419 419 420 420 404 404 420 420 405 405 405 405 420 420 421 421 405 405 421 421 406 406 406 406 421 421 422 422 406 406 422 422 407 407 407 407 422 422 423 423 407 407 423 423 408 408 408 408 423 423 424 424 408 408 424 424 409 409 409 409 424 424 425 425 409 409 425 425 410 410 410 410 425 425 426 426 410 410 426 426 411 411 411 411 426 426 427 427 411 411 427 427 396 396 396 396 427 427 412 412 412 412 428 428 413 413 413 413 428 428 429 429 413 413 429 429 414 414 414 414 429 429 430 430 414 414 430 430 415 415 415 415 430 430 431 431 415 415 431 431 416 416 416 416 431 431 432 432 416 416 432 432 417 417 417 417 432 432 433 433 417 417 433 433 418 418 418 418 433 433 434 434 418 418 434 434 419 419 419 419 434 434 435 435 419 419 435 435 420 420 420 420 435 435 436 436 420 420 436 436 421 421 421 421 436 436 437 437 421 421 437 437 422 422 422 422 437 437 438 438 422 422 438 438 423 423 423 423 438 438 439 439 423 423 439 439 424 424 424 424 439 439 440 440 424 424 440 440 425 425 425 425 440 440 441 441 425 425 441 441 426 426 426 426 441 441 442 442 426 426 442 442 427 427 427 427 442 442 443 443 427 427 443 443 412 412 412 412 443 443 428 428 428 428 444 444 429 429 429 429 444 444 445 445 429 429 445 445 430 430 430 430 445 445 446 446 430 430 446 446 431 431 431 431 446 446 447 447 431 431 447 447 432 432 432 432 447 447 448 448 432 432 448 448 433 433 433 433 448 448 449 449 433 433 449 449 434 434 434 434 449 449 450 450 434 434 450 450 435 435 435 435 450 450 451 451 435 435 451 451 436 436 436 436 451 451 452 452 436 436 452 452 437 437 437 437 452 452 453 453 437 437 453 453 438 438 438 438 453 453 454 454 438 438 454 454 439 439 439 439 454 454 455 455 439 439 455 455 440 440 440 440 455 455 456 456 440 440 456 456 441 441 441 441 456 456 457 457 441 441 457 457 442 442 442 442 457 457 458 458 442 442 458 458 443 443 443 443 458 458 459 459 443 443 459 459 428 428 428 428 459 459 444 444 444 444 460 460 445 445 445 445 460 460 461 461 445 445 461 461 446 446 446 446 461 461 462 462 446 446 462 462 447 447 447 447 462 462 463 463 447 447 463 463 448 448 448 448 463 463 464 464 448 448 464 464 449 449 449 449 464 464 465 465 449 449 465 465 450 450 450 450 465 465 466 466 450 450 466 466 451 451 451 451 466 466 467 467 451 451 467 467 452 452 452 452 467 467 468 468 452 452 468 468 453 453 453 453 468 468 469 469 453 453 469 469 454 454 454 454 469 469 470 470 454 454 470 470 455 455 455 455 470 470 471 471 455 455 471 471 456 456 456 456 471 471 472 472 456 456 472 472 457 457 457 457 472 472 473 473 457 457 473 473 458 458 458 458 473 473 474 474 458 458 474 474 459 459 459 459 474 474 475 475 459 459 475 475 444 444 444 444 475 475 460 460 460 460 476 476 461 461 461 461 476 476 477 477 461 461 477 477 462 462 462 462 477 477 478 478 462 462 478 478 463 463 463 463 478 478 479 479 463 463 479 479 464 464 464 464 479 479 480 480 464 464 480 480 465 465 465 465 480 480 481 481 465 465 481 481 466 466 466 466 481 481 482 482 466 466 482 482 467 467 467 467 482 482 483 483 467 467 483 483 468 468 468 468 483 483 484 484 468 468 484 484 469 469 469 469 484 484 485 485 469 469 485 485 470 470 470 470 485 485 486 486 470 470 486 486 471 471 471 471 486 486 487 487 471 471 487 487 472 472 472 472 487 487 488 488 472 472 488 488 473 473 473 473 488 488 489 489 473 473 489 489 474 474 474 474 489 489 490 490 474 474 490 490 475 475 475 475 490 490 491 491 475 475 491 491 460 460 460 460 491 491 476 476 476 476 492 492 477 477 477 477 493 493 478 478 478 478 494 494 479 479 479 479 495 495 480 480 480 480 496 496 481 481 481 481 497 497 482 482 482 482 498 498 483 483 483 483 499 499 484 484 484 484 500 500 485 485 485 485 501 501 486 486 486 486 502 502 487 487 487 487 503 503 488 488 488 488 504 504 489 489 489 489 505 505 490 490 490 490 506 506 491 491 491 491 507 507 476 476 509 509 520 520 521 521 510 510 521 521 522 522 511 511 522 522 523 523 512 512 523 523 524 524 513 513 524 524 525 525 514 514 525 525 526 526 515 515 526 526 527 527 516 516 527 527 528 528 517 517 528 528 529 529 518 518 529 529 530 530 519 519 530 530 531 531 508 508 531 531 520 520 520 520 532 532 521 521 521 521 532 532 533 533 521 521 533 533 522 522 522 522 533 533 534 534 522 522 534 534 523 523 523 523 534 534 535 535 523 523 535 535 524 524 524 524 535 535 536 536 524 524 536 536 525 525 525 525 536 536 537 537 525 525 537 537 526 526 526 526 537 537 538 538 526 526 538 538 527 527 527 527 538 538 539 539 527 527 539 539 528 528 528 528 539 539 540 540 528 528 540 540 529 529 529 529 540 540 541 541 529 529 541 541 530 530 530 530 541 541 542 542 530 530 542 542 531 531 531 531 542 542 543 543 531 531 543 543 520 520 520 520 543 543 532 532 532 532 544 544 533 533 533 533 544 544 545 545 533 533 545 545 534 534 534 534 545 545 546 546 534 534 546 546 535 535 535 535 546 546 547 547 535 535 547 547 536 536 536 536 547 547 548 548 536 536 548 548 537 537 537 537 548 548 549 549 537 537 549 549 538 538 538 538 549 549 550 550 538 538 550 550 539 539 539 539 550 550 551 551 539 539 551 551 540 540 540 540 551 551 552 552 540 540 552 552 541 541 541 541 552 552 553 553 541 541 553 553 542 542 542 542 553 553 554 554 542 542 554 554 543 543 543 543 554 554 555 555 543 543 555 555 532 532 532 532 555 555 544 544 544 544 556 556 545 545 545 545 556 556 557 557 545 545 557 557 546 546 546 546 557 557 558 558 546 546 558 558 547 547 547 547 558 558 559 559 547 547 559 559 548 548 548 548 559 559 560 560 548 548 560 560 549 549 549 549 560 560 561 561 549 549 561 561 550 550 550 550 561 561 562 562 550 550 562 562 551 551 551 551 562 562 563 563 551 551 563 563 552 552 552 552 563 563 564 564 552 552 564 564 553 553 553 553 564 564 565 565 553 553 565 565 554 554 554 554 565 565 566 566 554 554 566 566 555 555 555 555 566 566 567 567 555 555 567 567 544 544 544 544 567 567 556 556 556 556 568 568 557 557 557 557 568 568 569 569 557 557 569 569 558 558 558 558 569 569 570 570 558 558 570 570 559 559 559 559 570 570 571 571 559 559 571 571 560 560 560 560 571 571 572 572 560 560 572 572 561 561 561 561 572 572 573 573 561 561 573 573 562 562 562 562 573 573 574 574 562 562 574 574 563 563 563 563 574 574 575 575 563 563 575 575 564 564 564 564 575 575 576 576 564 564 576 576 565 565 565 565 576 576 577 577 565 565 577 577 566 566 566 566 577 577 578 578 566 566 578 578 567 567 567 567 578 578 579 579 567 567 579 579 556 556 556 556 579 579 568 568 568 568 580 580 569 569 569 569 581 581 570 570 570 570 582 582 571 571 571 571 583 583 572 572 572 572 584 584 573 573 573 573 585 585 574 574 574 574 586 586 575 575 575 575 587 587 576 576 576 576 588 588 577 577 577 577 589 589 578 578 578 578 590 590 579 579 579 579 591 591 568 568 593 593 604 604 605 605 594 594 605 605 606 606 595 595 606 606 607 607 596 596 607 607 608 608 597 597 608 608 609 609 598 598 609 609 610 610 599 599 610 610 611 611 600 600 611 611 612 612 601 601 612 612 613 613 602 602 613 613 614 614 603 603 614 614 615 615 592 592 615 615 604 604 604 604 616 616 605 605 605 605 616 616 617 617 605 605 617 617 606 606 606 606 617 617 618 618 606 606 618 618 607 607 607 607 618 618 619 619 607 607 619 619 608 608 608 608 619 619 620 620 608 608 620 620 609 609 609 609 620 620 621 621 609 609 621 621 610 610 610 610 621 621 622 622 610 610 622 622 611 611 611 611 622 622 623 623 611 611 623 623 612 612 612 612 623 623 624 624 612 612 624 624 613 613 613 613 624 624 625 625 613 613 625 625 614 614 614 614 625 625 626 626 614 614 626 626 615 615 615 615 626 626 627 627 615 615 627 627 604 604 604 604 627 627 616 616 616 616 628 628 617 617 617 617 628 628 629 629 617 617 629 629 618 618 618 618 629 629 630 630 618 618 630 630 619 619 619 619 630 630 631 631 619 619 631 631 620 620 620 620 631 631 632 632 620 620 632 632 621 621 621 621 632 632 633 633 621 621 633 633 622 622 622 622 633 633 634 634 622 622 634 634 623 623 623 623 634 634 635 635 623 623 635 635 624 624 624 624 635 635 636 636 624 624 636 636 625 625 625 625 636 636 637 637 625 625 637 637 626 626 626 626 637 637 638 638 626 626 638 638 627 627 627 627 638 638 639 639 627 627 639 639 616 616 616 616 639 639 628 628 628 628 640 640 629 629 629 629 640 640 641 641 629 629 641 641 630 630 630 630 641 641 642 642 630 630 642 642 631 631 631 631 642 642 643 643 631 631 643 643 632 632 632 632 643 643 644 644 632 632 644 644 633 633 633 633 644 644 645 645 633 633 645 645 634 634 634 634 645 645 646 646 634 634 646 646 635 635 635 635 646 646 647 647 635 635 647 647 636 636 636 636 647 647 648 648 636 636 648 648 637 637 637 637 648 648 649 649 637 637 649 649 638 638 638 638 649 649 650 650 638 638 650 650 639 639 639 639 650 650 651 651 639 639 651 651 628 628 628 628 651 651 640 640 640 640 652 652 641 641 641 641 652 652 653 653 641 641 653 653 642 642 642 642 653 653 654 654 642 642 654 654 643 643 643 643 654 654 655 655 643 643 655 655 644 644 644 644 655 655 656 656 644 644 656 656 645 645 645 645 656 656 657 657 645 645 657 657 646 646 646 646 657 657 658 658 646 646 658 658 647 647 647 647 658 658 659 659 647 647 659 659 648 648 648 648 659 659 660 660 648 648 660 660 649 649 649 649 660 660 661 661 649 649 661 661 650 650 650 650 661 661 662 662 650 650 662 662 651 651 651 651 662 662 663 663 651 651 663 663 640 640 640 640 663 663 652 652 652 652 664 664 653 653 653 653 665 665 654 654 654 654 666 666 655 655 655 655 667 667 656 656 656 656 668 668 657 657 657 657 669 669 658 658 658 658 670 670 659 659 659 659 671 671 660 660 660 660 672 672 661 661 661 661 673 673 662 662 662 662 674 674 663 663 663 663 675 675 652 652 677 677 688 688 689 689 678 678 689 689 690 690 679 679 690 690 691 691 680 680 691 691 692 692 681 681 692 692 693 693 682 682 693 693 694 694 683 683 694 694 695 695 684 684 695 695 696 696 685 685 696 696 697 697 686 686 697 697 698 698 687 687 698 698 699 699 676 676 699 699 688 688 688 688 700 700 689 689 689 689 700 700 701 701 689 689 701 701 690 690 690 690 701 701 702 702 690 690 702 702 691 691 691 691 702 702 703 703 691 691 703 703 692 692 692 692 703 703 704 704 692 692 704 704 693 693 693 693 704 704 705 705 693 693 705 705 694 694 694 694 705 705 706 706 694 694 706 706 695 695 695 695 706 706 707 707 695 695 707 707 696 696 696 696 707 707 708 708 696 696 708 708 697 697 697 697 708 708 709 709 697 697 709 709 698 698 698 698 709 709 710 710 698 698 710 710 699 699 699 699 710 710 711 711 699 699 711 711 688 688 688 688 711 711 700 700 700 700 712 712 701 701 701 701 712 712 713 713 701 701 713 713 702 702 702 702 713 713 714 714 702 702 714 714 703 703 703 703 714 714 715 715 703 703 715 715 704 704 704 704 715 715 716 716 704 704 716 716 705 705 705 705 716 716 717 717 705 705 717 717 706 706 706 706 717 717 718 718 706 706 718 718 707 707 707 707 718 718 719 719 707 707 719 719 708 708 708 708 719 719 720 720 708 708 720 720 709 709 709 709 720 720 721 721 709 709 721 721 710 710 710 710 721 721 722 722 710 710 722 722 711 711 711 711 722 722 723 723 711 711 723 723 700 700 700 700 723 723 712 712 712 712 724 724 713 713 713 713 724 724 725 725 713 713 725 725 714 714 714 714 725 725 726 726 714 714 726 726 715 715 715 715 726 726 727 727 715 715 727 727 716 716 716 716 727 727 728 728 716 716 728 728 717 717 717 717 728 728 729 729 717 717 729 729 718 718 718 718 729 729 730 730 718 718 730 730 719 719 719 719 730 730 731 731 719 719 731 731 720 720 720 720 731 731 732 732 720 720 732 732 721 721 721 721 732 732 733 733 721 721 733 733 722 722 722 722 733 733 734 734 722 722 734 734 723 723 723 723 734 734 735 735 723 723 735 735 712 712 712 712 735 735 724 724 724 724 736 736 725 725 725 725 736 736 737 737 725 725 737 737 726 726 726 726 737 737 738 738 726 726 738 738 727 727 727 727 738 738 739 739 727 727 739 739 728 728 728 728 739 739 740 740 728 728 740 740 729 729 729 729 740 740 741 741 729 729 741 741 730 730 730 730 741 741 742 742 730 730 742 742 731 731 731 731 742 742 743 743 731 731 743 743 732 732 732 732 743 743 744 744 732 732 744 744 733 733 733 733 744 744 745 745 733 733 745 745 734 734 734 734 745 745 746 746 734 734 746 746 735 735 735 735 746 746 747 747 735 735 747 747 724 724 724 724 747 747 736 736 736 736 748 748 737 737 737 737 749 749 738 738 738 738 750 750 739 739 739 739 751 751 740 740 740 740 752 752 741 741 741 741 753 753 742 742 742 742 754 754 743 743 743 743 755 755 744 744 744 744 756 756 745 745 745 745 757 757 746 746 746 746 758 758 747 747 747 747 759 759 736 736 761 761 772 772 773 773 762 762 773 773 774 774 763 763 774 774 775 775 764 764 775 775 776 776 765 765 776 776 777 777 766 766 777 777 778 778 767 767 778 778 779 779 768 768 779 779 780 780 769 769 780 780 781 781 770 770 781 781 782 782 771 771 782 782 783 783 760 760 783 783 772 772 772 772 784 784 773 773 773 773 784 784 785 785 773 773 785 785 774 774 774 774 785 785 786 786 774 774 786 786 775 775 775 775 786 786 787 787 775 775 787 787 776 776 776 776 787 787 788 788 776 776 788 788 777 777 777 777 788 788 789 789 777 777 789 789 778 778 778 778 789 789 790 790 778 778 790 790 779 779 779 779 790 790 791 791 779 779 791 791 780 780 780 780 791 791 792 792 780 780 792 792 781 781 781 781 792 792 793 793 781 781 793 793 782 782 782 782 793 793 794 794 782 782 794 794 783 783 783 783 794 794 795 795 783 783 795 795 772 772 772 772 795 795 784 784 784 784 796 796 785 785 785 785 796 796 797 797 785 785 797 797 786 786 786 786 797 797 798 798 786 786 798 798 787 787 787 787 798 798 799 799 787 787 799 799 788 788 788 788 799 799 800 800 788 788 800 800 789 789 789 789 800 800 801 801 789 789 801 801 790 790 790 790 801 801 802 802 790 790 802 802 791 791 791 791 802 802 803 803 791 791 803 803 792 792 792 792 803 803 804 804 792 792 804 804 793 793 793 793 804 804 805 805 793 793 805 805 794 794 794 794 805 805 806 806 794 794 806 806 795 795 795 795 806 806 807 807 795 795 807 807 784 784 784 784 807 807 796 796 796 796 808 808 797 797 797 797 809 809 798 798 798 798 810 810 799 799 799 799 811 811 800 800 800 800 812 812 801 801 801 801 813 813 802 802 802 802 814 814 803 803 803 803 815 815 804 804 804 804 816 816 805 805 805 805 817 817 806 806 806 806 818 818 807 807 807 807 819 819 796 796 821 821 832 832 833 833 822 822 833 833 834 834 823 823 834 834 835 835 824 824 835 835 836 836 825 825 836 836 837 837 826 826 837 837 838 838 827 827 838 838 839 839 828 828 839 839 840 840 829 829 840 840 841 841 830 830 841 841 842 842 831 831 842 842 843 843 820 820 843 843 832 832 832 832 844 844 833 833 833 833 844 844 845 845 833 833 845 845 834 834 834 834 845 845 846 846 834 834 846 846 835 835 835 835 846 846 847 847 835 835 847 847 836 836 836 836 847 847 848 848 836 836 848 848 837 837 837 837 848 848 849 849 837 837 849 849 838 838 838 838 849 849 850 850 838 838 850 850 839 839 839 839 850 850 851 851 839 839 851 851 840 840 840 840 851 851 852 852 840 840 852 852 841 841 841 841 852 852 853 853 841 841 853 853 842 842 842 842 853 853 854 854 842 842 854 854 843 843 843 843 854 854 855 855 843 843 855 855 832 832 832 832 855 855 844 844 844 844 856 856 845 845 845 845 856 856 857 857 845 845 857 857 846 846 846 846 857 857 858 858 846 846 858 858 847 847 847 847 858 858 859 859 847 847 859 859 848 848 848 848 859 859 860 860 848 848 860 860 849 849 849 849 860 860 861 861 849 849 861 861 850 850 850 850 861 861 862 862 850 850 862 862 851 851 851 851 862 862 863 863 851 851 863 863 852 852 852 852 863 863 864 864 852 852 864 864 853 853 853 853 864 864 865 865 853 853 865 865 854 854 854 854 865 865 866 866 854 854 866 866 855 855 855 855 866 866 867 867 855 855 867 867 844 844 844 844 867 867 856 856 856 856 868 868 857 857 857 857 868 868 869 869 857 857 869 869 858 858 858 858 869 869 870 870 858 858 870 870 859 859 859 859 870 870 871 871 859 859 871 871 860 860 860 860 871 871 872 872 860 860 872 872 861 861 861 861 872 872 873 873 861 861 873 873 862 862 862 862 873 873 874 874 862 862 874 874 863 863 863 863 874 874 875 875 863 863 875 875 864 864 864 864 875 875 876 876 864 864 876 876 865 865 865 865 876 876 877 877 865 865 877 877 866 866 866 866 877 877 878 878 866 866 878 878 867 867 867 867 878 878 879 879 867 867 879 879 856 856 856 856 879 879 868 868 868 868 880 880 869 869 869 869 880 880 881 881 869 869 881 881 870 870 870 870 881 881 882 882 870 870 882 882 871 871 871 871 882 882 883 883 871 871 883 883 872 872 872 872 883 883 884 884 872 872 884 884 873 873 873 873 884 884 885 885 873 873 885 885 874 874 874 874 885 885 886 886 874 874 886 886 875 875 875 875 886 886 887 887 875 875 887 887 876 876 876 876 887 887 888 888 876 876 888 888 877 877 877 877 888 888 889 889 877 877 889 889 878 878 878 878 889 889 890 890 878 878 890 890 879 879 879 879 890 890 891 891 879 879 891 891 868 868 868 868 891 891 880 880 880 880 892 892 881 881 881 881 893 893 882 882 882 882 894 894 883 883 883 883 895 895 884 884 884 884 896 896 885 885 885 885 897 897 886 886 886 886 898 898 887 887 887 887 899 899 888 888 888 888 900 900 889 889 889 889 901 901 890 890 890 890 902 902 891 891 891 891 903 903 880 880 905 905 916 916 917 917 906 906 917 917 918 918 907 907 918 918 919 919 908 908 919 919 920 920 909 909 920 920 921 921 910 910 921 921 922 922 911 911 922 922 923 923 912 912 923 923 924 924 913 913 924 924 925 925 914 914 925 925 926 926 915 915 926 926 927 927 904 904 927 927 916 916 916 916 928 928 917 917 917 917 928 928 929 929 917 917 929 929 918 918 918 918 929 929 930 930 918 918 930 930 919 919 919 919 930 930 931 931 919 919 931 931 920 920 920 920 931 931 932 932 920 920 932 932 921 921 921 921 932 932 933 933 921 921 933 933 922 922 922 922 933 933 934 934 922 922 934 934 923 923 923 923 934 934 935 935 923 923 935 935 924 924 924 924 935 935 936 936 924 924 936 936 925 925 925 925 936 936 937 937 925 925 937 937 926 926 926 926 937 937 938 938 926 926 938 938 927 927 927 927 938 938 939 939 927 927 939 939 916 916 916 916 939 939 928 928 928 928 940 940 929 929 929 929 940 940 941 941 929 929 941 941 930 930 930 930 941 941 942 942 930 930 942 942 931 931 931 931 942 942 943 943 931 931 943 943 932 932 932 932 943 943 944 944 932 932 944 944 933 933 933 933 944 944 945 945 933 933 945 945 934 934 934 934 945 945 946 946 934 934 946 946 935 935 935 935 946 946 947 947 935 935 947 947 936 936 936 936 947 947 948 948 936 936 948 948 937 937 937 937 948 948 949 949 937 937 949 949 938 938 938 938 949 949 950 950 938 938 950 950 939 939 939 939 950 950 951 951 939 939 951 951 928 928 928 928 951 951 940 940 940 940 952 952 941 941 941 941 952 952 953 953 941 941 953 953 942 942 942 942 953 953 954 954 942 942 954 954 943 943 943 943 954 954 955 955 943 943 955 955 944 944 944 944 955 955 956 956 944 944 956 956 945 945 945 945 956 956 957 957 945 945 957 957 946 946 946 946 957 957 958 958 946 946 958 958 947 947 947 947 958 958 959 959 947 947 959 959 948 948 948 948 959 959 960 960 948 948 960 960 949 949 949 949 960 960 961 961 949 949 961 961 950 950 950 950 961 961 962 962 950 950 962 962 951 951 951 951 962 962 963 963 951 951 963 963 940 940 940 940 963 963 952 952 952 952 964 964 953 953 953 953 964 964 965 965 953 953 965 965 954 954 954 954 965 965 966 966 954 954 966 966 955 955 955 955 966 966 967 967 955 955 967 967 956 956 956 956 967 967 968 968 956 956 968 968 957 957 957 957 968 968 969 969 957 957 969 969 958 958 958 958 969 969 970 970 958 958 970 970 959 959 959 959 970 970 971 971 959 959 971 971 960 960 960 960 971 971 972 972 960 960 972 972 961 961 961 961 972 972 973 973 961 961 973 973 962 962 962 962 973 973 974 974 962 962 974 974 963 963 963 963 974 974 975 975 963 963 975 975 952 952 952 952 975 975 964 964 964 964 976 976 965 965 965 965 977 977 966 966 966 966 978 978 967 967 967 967 979 979 968 968 968 968 980 980 969 969 969 969 981 981 970 970 970 970 982 982 971 971 971 971 983 983 972 972 972 972 984 984 973 973 973 973 985 985 974 974 974 974 986 986 975 975 975 975 987 987 964 964 989 989 1000 1000 1001 1001 990 990 1001 1001 1002 1002 991 991 1002 1002 1003 1003 992 992 1003 1003 1004 1004 993 993 1004 1004 1005 1005 994 994 1005 1005 1006 1006 995 995 1006 1006 1007 1007 996 996 1007 1007 1008 1008 997 997 1008 1008 1009 1009 998 998 1009 1009 1010 1010 999 999 1010 1010 1011 1011 988 988 1011 1011 1000 1000 1000 1000 1012 1012 1001 1001 1001 1001 1012 1012 1013 1013 1001 1001 1013 1013 1002 1002 1002 1002 1013 1013 1014 1014 1002 1002 1014 1014 1003 1003 1003 1003 1014 1014 1015 1015 1003 1003 1015 1015 1004 1004 1004 1004 1015 1015 1016 1016 1004 1004 1016 1016 1005 1005 1005 1005 1016 1016 1017 1017 1005 1005 1017 1017 1006 1006 1006 1006 1017 1017 1018 1018 1006 1006 1018 1018 1007 1007 1007 1007 1018 1018 1019 1019 1007 1007 1019 1019 1008 1008 1008 1008 1019 1019 1020 1020 1008 1008 1020 1020 1009 1009 1009 1009 1020 1020 1021 1021 1009 1009 1021 1021 1010 1010 1010 1010 1021 1021 1022 1022 1010 1010 1022 1022 1011 1011 1011 1011 1022 1022 1023 1023 1011 1011 1023 1023 1000 1000 1000 1000 1023 1023 1012 1012 1012 1012 1024 1024 1013 1013 1013 1013 1024 1024 1025 1025 1013 1013 1025 1025 1014 1014 1014 1014 1025 1025 1026 1026 1014 1014 1026 1026 1015 1015 1015 1015 1026 1026 1027 1027 1015 1015 1027 1027 1016 1016 1016 1016 1027 1027 1028 1028 1016 1016 1028 1028 1017 1017 1017 1017 1028 1028 1029 1029 1017 1017 1029 1029 1018 1018 1018 1018 1029 1029 1030 1030 1018 1018 1030 1030 1019 1019 1019 1019 1030 1030 1031 1031 1019 1019 1031 1031 1020 1020 1020 1020 1031 1031 1032 1032 1020 1020 1032 1032 1021 1021 1021 1021 1032 1032 1033 1033 1021 1021 1033 1033 1022 1022 1022 1022 1033 1033 1034 1034 1022 1022 1034 1034 1023 1023 1023 1023 1034 1034 1035 1035 1023 1023 1035 1035 1012 1012 1012 1012 1035 1035 1024 1024 1024 1024 1036 1036 1025 1025 1025 1025 1037 1037 1026 1026 1026 1026 1038 1038 1027 1027 1027 1027 1039 1039 1028 1028 1028 1028 1040 1040 1029 1029 1029 1029 1041 1041 1030 1030 1030 1030 1042 1042 1031 1031 1031 1031 1043 1043 1032 1032 1032 1032 1044 1044 1033 1033 1033 1033 1045 1045 1034 1034 1034 1034 1046 1046 1035 1035 1035 1035 1047 1047 1024 1024 1049 1049 1060 1060 1061 1061 1050 1050 1061 1061 1062 1062 1051 1051 1062 1062 1063 1063 1052 1052 1063 1063 1064 1064 1053 1053 1064 1064 1065 1065 1054 1054 1065 1065 1066 1066 1055 1055 1066 1066 1067 1067 1056 1056 1067 1067 1068 1068 1057 1057 1068 1068 1069 1069 1058 1058 1069 1069 1070 1070 1059 1059 1070 1070 1071 1071 1048 1048 1071 1071 1060 1060 1060 1060 1072 1072 1061 1061 1061 1061 1072 1072 1073 1073 1061 1061 1073 1073 1062 1062 1062 1062 1073 1073 1074 1074 1062 1062 1074 1074 1063 1063 1063 1063 1074 1074 1075 1075 1063 1063 1075 1075 1064 1064 1064 1064 1075 1075 1076 1076 1064 1064 1076 1076 1065 1065 1065 1065 1076 1076 1077 1077 1065 1065 1077 1077 1066 1066 1066 1066 1077 1077 1078 1078 1066 1066 1078 1078 1067 1067 1067 1067 1078 1078 1079 1079 1067 1067 1079 1079 1068 1068 1068 1068 1079 1079 1080 1080 1068 1068 1080 1080 1069 1069 1069 1069 1080 1080 1081 1081 1069 1069 1081 1081 1070 1070 1070 1070 1081 1081 1082 1082 1070 1070 1082 1082 1071 1071 1071 1071 1082 1082 1083 1083 1071 1071 1083 1083 1060 1060 1060 1060 1083 1083 1072 1072 1072 1072 1084 1084 1073 1073 1073 1073 1084 1084 1085 1085 1073 1073 1085 1085 1074 1074 1074 1074 1085 1085 1086 1086 1074 1074 1086 1086 1075 1075 1075 1075 1086 1086 1087 1087 1075 1075 1087 1087 1076 1076 1076 1076 1087 1087 1088 1088 1076 1076 1088 1088 1077 1077 1077 1077 1088 1088 1089 1089 1077 1077 1089 1089 1078 1078 1078 1078 1089 1089 1090 1090 1078 1078 1090 1090 1079 1079 1079 1079 1090 1090 1091 1091 1079 1079 1091 1091 1080 1080 1080 1080 1091 1091 1092 1092 1080 1080 1092 1092 1081 1081 1081 1081 1092 1092 1093 1093 1081 1081 1093 1093 1082 1082 1082 1082 1093 1093 1094 1094 1082 1082 1094 1094 1083 1083 1083 1083 1094 1094 1095 1095 1083 1083 1095 1095 1072 1072 1072 1072 1095 1095 1084 1084 1084 1084 1096 1096 1085 1085 1085 1085 1096 1096 1097 1097 1085 1085 1097 1097 1086 1086 1086 1086 1097 1097 1098 1098 1086 1086 1098 1098 1087 1087 1087 1087 1098 1098 1099 1099 1087 1087 1099 1099 1088 1088 1088 1088 1099 1099 1100 1100 1088 1088 1100 1100 1089 1089 1089 1089 1100 1100 1101 1101 1089 1089 1101 1101 1090 1090 1090 1090 1101 1101 1102 1102 1090 1090 1102 1102 1091 1091 1091 1091 1102 1102 1103 1103 1091 1091 1103 1103 1092 1092 1092 1092 1103 1103 1104 1104 1092 1092 1104 1104 1093 1093 1093 1093 1104 1104 1105 1105 1093 1093 1105 1105 1094 1094 1094 1094 1105 1105 1106 1106 1094 1094 1106 1106 1095 1095 1095 1095 1106 1106 1107 1107 1095 1095 1107 1107 1084 1084 1084 1084 1107 1107 1096 1096 1096 1096 1108 1108 1097 1097 1097 1097 1108 1108 1109 1109 1097 1097 1109 1109 1098 1098 1098 1098 1109 1109 1110 1110 1098 1098 1110 1110 1099 1099 1099 1099 1110 1110 1111 1111 1099 1099 1111 1111 1100 1100 1100 1100 1111 1111 1112 1112 1100 1100 1112 1112 1101 1101 1101 1101 1112 1112 1113 1113 1101 1101 1113 1113 1102 1102 1102 1102 1113 1113 1114 1114 1102 1102 1114 1114 1103 1103 1103 1103 1114 1114 1115 1115 1103 1103 1115 1115 1104 1104 1104 1104 1115 1115 1116 1116 1104 1104 1116 1116 1105 1105 1105 1105 1116 1116 1117 1117 1105 1105 1117 1117 1106 1106 1106 1106 1117 1117 1118 1118 1106 1106 1118 1118 1107 1107 1107 1107 1118 1118 1119 1119 1107 1107 1119 1119 1096 1096 1096 1096 1119 1119 1108 1108 1108 1108 1120 1120 1109 1109 1109 1109 1121 1121 1110 1110 1110 1110 1122 1122 1111 1111 1111 1111 1123 1123 1112 1112 1112 1112 1124 1124 1113 1113 1113 1113 1125 1125 1114 1114 1114 1114 1126 1126 1115 1115 1115 1115 1127 1127 1116 1116 1116 1116 1128 1128 1117 1117 1117 1117 1129 1129 1118 1118 1118 1118 1130 1130 1119 1119 1119 1119 1131 1131 1108 1108 1133 1133 1144 1144 1145 1145 1134 1134 1145 1145 1146 1146 1135 1135 1146 1146 1147 1147 1136 1136 1147 1147 1148 1148 1137 1137 1148 1148 1149 1149 1138 1138 1149 1149 1150 1150 1139 1139 1150 1150 1151 1151 1140 1140 1151 1151 1152 1152 1141 1141 1152 1152 1153 1153 1142 1142 1153 1153 1154 1154 1143 1143 1154 1154 1155 1155 1132 1132 1155 1155 1144 1144 1144 1144 1156 1156 1145 1145 1145 1145 1156 1156 1157 1157 1145 1145 1157 1157 1146 1146 1146 1146 1157 1157 1158 1158 1146 1146 1158 1158 1147 1147 1147 1147 1158 1158 1159 1159 1147 1147 1159 1159 1148 1148 1148 1148 1159 1159 1160 1160 1148 1148 1160 1160 1149 1149 1149 1149 1160 1160 1161 1161 1149 1149 1161 1161 1150 1150 1150 1150 1161 1161 1162 1162 1150 1150 1162 1162 1151 1151 1151 1151 1162 1162 1163 1163 1151 1151 1163 1163 1152 1152 1152 1152 1163 1163 1164 1164 1152 1152 1164 1164 1153 1153 1153 1153 1164 1164 1165 1165 1153 1153 1165 1165 1154 1154 1154 1154 1165 1165 1166 1166 1154 1154 1166 1166 1155 1155 1155 1155 1166 1166 1167 1167 1155 1155 1167 1167 1144 1144 1144 1144 1167 1167 1156 1156 1156 1156 1168 1168 1157 1157 1157 1157 1168 1168 1169 1169 1157 1157 1169 1169 1158 1158 1158 1158 1169 1169 1170 1170 1158 1158 1170 1170 1159 1159 1159 1159 1170 1170 1171 1171 1159 1159 1171 1171 1160 1160 1160 1160 1171 1171 1172 1172 1160 1160 1172 1172 1161 1161 1161 1161 1172 1172 1173 1173 1161 1161 1173 1173 1162 1162 1162 1162 1173 1173 1174 1174 1162 1162 1174 1174 1163 1163 1163 1163 1174 1174 1175 1175 1163 1163 1175 1175 1164 1164 1164 1164 1175 1175 1176 1176 1164 1164 1176 1176 1165 1165 1165 1165 1176 1176 1177 1177 1165 1165 1177 1177 1166 1166 1166 1166 1177 1177 1178 1178 1166 1166 1178 1178 1167 1167 1167 1167 1178 1178 1179 1179 1167 1167 1179 1179 1156 1156 1156 1156 1179 1179 1168 1168 1168 1168 1180 1180 1169 1169 1169 1169 1180 1180 1181 1181 1169 1169 1181 1181 1170 1170 1170 1170 1181 1181 1182 1182 1170 1170 1182 1182 1171 1171 1171 1171 1182 1182 1183 1183 1171 1171 1183 1183 1172 1172 1172 1172 1183 1183 1184 1184 1172 1172 1184 1184 1173 1173 1173 1173 1184 1184 1185 1185 1173 1173 1185 1185 1174 1174 1174 1174 1185 1185 1186 1186 1174 1174 1186 1186 1175 1175 1175 1175 1186 1186 1187 1187 1175 1175 1187 1187 1176 1176 1176 1176 1187 1187 1188 1188 1176 1176 1188 1188 1177 1177 1177 1177 1188 1188 1189 1189 1177 1177 1189 1189 1178 1178 1178 1178 1189 1189 1190 1190 1178 1178 1190 1190 1179 1179 1179 1179 1190 1190 1191 1191 1179 1179 1191 1191 1168 1168 1168 1168 1191 1191 1180 1180 1180 1180 1192 1192 1181 1181 1181 1181 1192 1192 1193 1193 1181 1181 1193 1193 1182 1182 1182 1182 1193 1193 1194 1194 1182 1182 1194 1194 1183 1183 1183 1183 1194 1194 1195 1195 1183 1183 1195 1195 1184 1184 1184 1184 1195 1195 1196 1196 1184 1184 1196 1196 1185 1185 1185 1185 1196 1196 1197 1197 1185 1185 1197 1197 1186 1186 1186 1186 1197 1197 1198 1198 1186 1186 1198 1198 1187 1187 1187 1187 1198 1198 1199 1199 1187 1187 1199 1199 1188 1188 1188 1188 1199 1199 1200 1200 1188 1188 1200 1200 1189 1189 1189 1189 1200 1200 1201 1201 1189 1189 1201 1201 1190 1190 1190 1190 1201 1201 1202 1202 1190 1190 1202 1202 1191 1191 1191 1191 1202 1202 1203 1203 1191 1191 1203 1203 1180 1180 1180 1180 1203 1203 1192 1192 1192 1192 1204 1204 1193 1193 1193 1193 1205 1205 1194 1194 1194 1194 1206 1206 1195 1195 1195 1195 1207 1207 1196 1196 1196 1196 1208 1208 1197 1197 1197 1197 1209 1209 1198 1198 1198 1198 1210 1210 1199 1199 1199 1199 1211 1211 1200 1200 1200 1200 1212 1212 1201 1201 1201 1201 1213 1213 1202 1202 1202 1202 1214 1214 1203 1203 1203 1203 1215 1215 1192 1192 1217 1217 1228 1228 1229 1229 1218 1218 1229 1229 1230 1230 1219 1219 1230 1230 1231 1231 1220 1220 1231 1231 1232 1232 1221 1221 1232 1232 1233 1233 1222 1222 1233 1233 1234 1234 1223 1223 1234 1234 1235 1235 1224 1224 1235 1235 1236 1236 1225 1225 1236 1236 1237 1237 1226 1226 1237 1237 1238 1238 1227 1227 1238 1238 1239 1239 1216 1216 1239 1239 1228 1228 1228 1228 1240 1240 1229 1229 1229 1229 1240 1240 1241 1241 1229 1229 1241 1241 1230 1230 1230 1230 1241 1241 1242 1242 1230 1230 1242 1242 1231 1231 1231 1231 1242 1242 1243 1243 1231 1231 1243 1243 1232 1232 1232 1232 1243 1243 1244 1244 1232 1232 1244 1244 1233 1233 1233 1233 1244 1244 1245 1245 1233 1233 1245 1245 1234 1234 1234 1234 1245 1245 1246 1246 1234 1234 1246 1246 1235 1235 1235 1235 1246 1246 1247 1247 1235 1235 1247 1247 1236 1236 1236 1236 1247 1247 1248 1248 1236 1236 1248 1248 1237 1237 1237 1237 1248 1248 1249 1249 1237 1237 1249 1249 1238 1238 1238 1238 1249 1249 1250 1250 1238 1238 1250 1250 1239 1239 1239 1239 1250 1250 1251 1251 1239 1239 1251 1251 1228 1228 1228 1228 1251 1251 1240 1240 1240 1240 1252 1252 1241 1241 1241 1241 1252 1252 1253 1253 1241 1241 1253 1253 1242 1242 1242 1242 1253 1253 1254 1254 1242 1242 1254 1254 1243 1243 1243 1243 1254 1254 1255 1255 1243 1243 1255 1255 1244 1244 1244 1244 1255 1255 1256 1256 1244 1244 1256 1256 1245 1245 1245 1245 1256 1256 1257 1257 1245 1245 1257 1257 1246 1246 1246 1246 1257 1257 1258 1258 1246 1246 1258 1258 1247 1247 1247 1247 1258 1258 1259 1259 1247 1247 1259 1259 1248 1248 1248 1248 1259 1259 1260 1260 1248 1248 1260 1260 1249 1249 1249 1249 1260 1260 1261 1261 1249 1249 1261 1261 1250 1250 1250 1250 1261 1261 1262 1262 1250 1250 1262 1262 1251 1251 1251 1251 1262 1262 1263 1263 1251 1251 1263 1263 1240 1240 1240 1240 1263 1263 1252 1252 1252 1252 1264 1264 1253 1253 1253 1253 1265 1265 1254 1254 1254 1254 1266 1266 1255 1255 1255 1255 1267 1267 1256 1256 1256 1256 1268 1268 1257 1257 1257 1257 1269 1269 1258 1258 1258 1258 1270 1270 1259 1259 1259 1259 1271 1271 1260 1260 1260 1260 1272 1272 1261 1261 1261 1261 1273 1273 1262 1262 1262 1262 1274 1274 1263 1263 1263 1263 1275 1275 1252 1252 1277 1277 1288 1288 1289 1289 1278 1278 1289 1289 1290 1290 1279 1279 1290 1290 1291 1291 1280 1280 1291 1291 1292 1292 1281 1281 1292 1292 1293 1293 1282 1282 1293 1293 1294 1294 1283 1283 1294 1294 1295 1295 1284 1284 1295 1295 1296 1296 1285 1285 1296 1296 1297 1297 1286 1286 1297 1297 1298 1298 1287 1287 1298 1298 1299 1299 1276 1276 1299 1299 1288 1288 1288 1288 1300 1300 1289 1289 1289 1289 1300 1300 1301 1301 1289 1289 1301 1301 1290 1290 1290 1290 1301 1301 1302 1302 1290 1290 1302 1302 1291 1291 1291 1291 1302 1302 1303 1303 1291 1291 1303 1303 1292 1292 1292 1292 1303 1303 1304 1304 1292 1292 1304 1304 1293 1293 1293 1293 1304 1304 1305 1305 1293 1293 1305 1305 1294 1294 1294 1294 1305 1305 1306 1306 1294 1294 1306 1306 1295 1295 1295 1295 1306 1306 1307 1307 1295 1295 1307 1307 1296 1296 1296 1296 1307 1307 1308 1308 1296 1296 1308 1308 1297 1297 1297 1297 1308 1308 1309 1309 1297 1297 1309 1309 1298 1298 1298 1298 1309 1309 1310 1310 1298 1298 1310 1310 1299 1299 1299 1299 1310 1310 1311 1311 1299 1299 1311 1311 1288 1288 1288 1288 1311 1311 1300 1300 1300 1300 1312 1312 1301 1301 1301 1301 1312 1312 1313 1313 1301 1301 1313 1313 1302 1302 1302 1302 1313 1313 1314 1314 1302 1302 1314 1314 1303 1303 1303 1303 1314 1314 1315 1315 1303 1303 1315 1315 1304 1304 1304 1304 1315 1315 1316 1316 1304 1304 1316 1316 1305 1305 1305 1305 1316 1316 1317 1317 1305 1305 1317 1317 1306 1306 1306 1306 1317 1317 1318 1318 1306 1306 1318 1318 1307 1307 1307 1307 1318 1318 1319 1319 1307 1307 1319 1319 1308 1308 1308 1308 1319 1319 1320 1320 1308 1308 1320 1320 1309 1309 1309 1309 1320 1320 1321 1321 1309 1309 1321 1321 1310 1310 1310 1310 1321 1321 1322 1322 1310 1310 1322 1322 1311 1311 1311 1311 1322 1322 1323 1323 1311 1311 1323 1323 1300 1300 1300 1300 1323 1323 1312 1312 1312 1312 1324 1324 1313 1313 1313 1313 1324 1324 1325 1325 1313 1313 1325 1325 1314 1314 1314 1314 1325 1325 1326 1326 1314 1314 1326 1326 1315 1315 1315 1315 1326 1326 1327 1327 1315 1315 1327 1327 1316 1316 1316 1316 1327 1327 1328 1328 1316 1316 1328 1328 1317 1317 1317 1317 1328 1328 1329 1329 1317 1317 1329 1329 1318 1318 1318 1318 1329 1329 1330 1330 1318 1318 1330 1330 1319 1319 1319 1319 1330 1330 1331 1331 1319 1319 1331 1331 1320 1320 1320 1320 1331 1331 1332 1332 1320 1320 1332 1332 1321 1321 1321 1321 1332 1332 1333 1333 1321 1321 1333 1333 1322 1322 1322 1322 1333 1333 1334 1334 1322 1322 1334 1334 1323 1323 1323 1323 1334 1334 1335 1335 1323 1323 1335 1335 1312 1312 1312 1312 1335 1335 1324 1324 1324 1324 1336 1336 1325 1325 1325 1325 1336 1336 1337 1337 1325 1325 1337 1337 1326 1326 1326 1326 1337 1337 1338 1338 1326 1326 1338 1338 1327 1327 1327 1327 1338 1338 1339 1339 1327 1327 1339 1339 1328 1328 1328 1328 1339 1339 1340 1340 1328 1328 1340 1340 1329 1329 1329 1329 1340 1340 1341 1341 1329 1329 1341 1341 1330 1330 1330 1330 1341 1341 1342 1342 1330 1330 1342 1342 1331 1331 1331 1331 1342 1342 1343 1343 1331 1331 1343 1343 1332 1332 1332 1332 1343 1343 1344 1344 1332 1332 1344 1344 1333 1333 1333 1333 1344 1344 1345 1345 1333 1333 1345 1345 1334 1334 1334 1334 1345 1345 1346 1346 1334 1334 1346 1346 1335 1335 1335 1335 1346 1346 1347 1347 1335 1335 1347 1347 1324 1324 1324 1324 1347 1347 1336 1336 1336 1336 1348 1348 1337 1337 1337 1337 1349 1349 1338 1338 1338 1338 1350 1350 1339 1339 1339 1339 1351 1351 1340 1340 1340 1340 1352 1352 1341 1341 1341 1341 1353 1353 1342 1342 1342 1342 1354 1354 1343 1343 1343 1343 1355 1355 1344 1344 1344 1344 1356 1356 1345 1345 1345 1345 1357 1357 1346 1346 1346 1346 1358 1358 1347 1347 1347 1347 1359 1359 1336 1336 1361 1361 1372 1372 1373 1373 1362 1362 1373 1373 1374 1374 1363 1363 1374 1374 1375 1375 1364 1364 1375 1375 1376 1376 1365 1365 1376 1376 1377 1377 1366 1366 1377 1377 1378 1378 1367 1367 1378 1378 1379 1379 1368 1368 1379 1379 1380 1380 1369 1369 1380 1380 1381 1381 1370 1370 1381 1381 1382 1382 1371 1371 1382 1382 1383 1383 1360 1360 1383 1383 1372 1372 1372 1372 1384 1384 1373 1373 1373 1373 1384 1384 1385 1385 1373 1373 1385 1385 1374 1374 1374 1374 1385 1385 1386 1386 1374 1374 1386 1386 1375 1375 1375 1375 1386 1386 1387 1387 1375 1375 1387 1387 1376 1376 1376 1376 1387 1387 1388 1388 1376 1376 1388 1388 1377 1377 1377 1377 1388 1388 1389 1389 1377 1377 1389 1389 1378 1378 1378 1378 1389 1389 1390 1390 1378 1378 1390 1390 1379 1379 1379 1379 1390 1390 1391 1391 1379 1379 1391 1391 1380 1380 1380 1380 1391 1391 1392 1392 1380 1380 1392 1392 1381 1381 1381 1381 1392 1392 1393 1393 1381 1381 1393 1393 1382 1382 1382 1382 1393 1393 1394 1394 1382 1382 1394 1394 1383 1383 1383 1383 1394 1394 1395 1395 1383 1383 1395 1395 1372 1372 1372 1372 1395 1395 1384 1384 1384 1384 1396 1396 1385 1385 1385 1385 1396 1396 1397 1397 1385 1385 1397 1397 1386 1386 1386 1386 1397 1397 1398 1398 1386 1386 1398 1398 1387 1387 1387 1387 1398 1398 1399 1399 1387 1387 1399 1399 1388 1388 1388 1388 1399 1399 1400 1400 1388 1388 1400 1400 1389 1389 1389 1389 1400 1400 1401 1401 1389 1389 1401 1401 1390 1390 1390 1390 1401 1401 1402 1402 1390 1390 1402 1402 1391 1391 1391 1391 1402 1402 1403 1403 1391 1391 1403 1403 1392 1392 1392 1392 1403 1403 1404 1404 1392 1392 1404 1404 1393 1393 1393 1393 1404 1404 1405 1405 1393 1393 1405 1405 1394 1394 1394 1394 1405 1405 1406 1406 1394 1394 1406 1406 1395 1395 1395 1395 1406 1406 1407 1407 1395 1395 1407 1407 1384 1384 1384 1384 1407 1407 1396 1396 1396 1396 1408 1408 1397 1397 1397 1397 1408 1408 1409 1409 1397 1397 1409 1409 1398 1398 1398 1398 1409 1409 1410 1410 1398 1398 1410 1410 1399 1399 1399 1399 1410 1410 1411 1411 1399 1399 1411 1411 1400 1400 1400 1400 1411 1411 1412 1412 1400 1400 1412 1412 1401 1401 1401 1401 1412 1412 1413 1413 1401 1401 1413 1413 1402 1402 1402 1402 1413 1413 1414 1414 1402 1402 1414 1414 1403 1403 1403 1403 1414 1414 1415 1415 1403 1403 1415 1415 1404 1404 1404 1404 1415 1415 1416 1416 1404 1404 1416 1416 1405 1405 1405 1405 1416 1416 1417 1417 1405 1405 1417 1417 1406 1406 1406 1406 1417 1417 1418 1418 1406 1406 1418 1418 1407 1407 1407 1407 1418 1418 1419 1419 1407 1407 1419 1419 1396 1396 1396 1396 1419 1419 1408 1408 1408 1408 1420 1420 1409 1409 1409 1409 1420 1420 1421 1421 1409 1409 1421 1421 1410 1410 1410 1410 1421 1421 1422 1422 1410 1410 1422 1422 1411 1411 1411 1411 1422 1422 1423 1423 1411 1411 1423 1423 1412 1412 1412 1412 1423 1423 1424 1424 1412 1412 1424 1424 1413 1413 1413 1413 1424 1424 1425 1425 1413 1413 1425 1425 1414 1414 1414 1414 1425 1425 1426 1426 1414 1414 1426 1426 1415 1415 1415 1415 1426 1426 1427 1427 1415 1415 1427 1427 1416 1416 1416 1416 1427 1427 1428 1428 1416 1416 1428 1428 1417 1417 1417 1417 1428 1428 1429 1429 1417 1417 1429 1429 1418 1418 1418 1418 1429 1429 1430 1430 1418 1418 1430 1430 1419 1419 1419 1419 1430 1430 1431 1431 1419 1419 1431 1431 1408 1408 1408 1408 1431 1431 1420 1420 1420 1420 1432 1432 1421 1421 1421 1421 1433 1433 1422 1422 1422 1422 1434 1434 1423 1423 1423 1423 1435 1435 1424 1424 1424 1424 1436 1436 1425 1425 1425 1425 1437 1437 1426 1426 1426 1426 1438 1438 1427 1427 1427 1427 1439 1439 1428 1428 1428 1428 1440 1440 1429 1429 1429 1429 1441 1441 1430 1430 1430 1430 1442 1442 1431 1431 1431 1431 1443 1443 1420 1420 1445 1445 1456 1456 1457 1457 1446 1446 1457 1457 1458 1458 1447 1447 1458 1458 1459 1459 1448 1448 1459 1459 1460 1460 1449 1449 1460 1460 1461 1461 1450 1450 1461 1461 1462 1462 1451 1451 1462 1462 1463 1463 1452 1452 1463 1463 1464 1464 1453 1453 1464 1464 1465 1465 1454 1454 1465 1465 1466 1466 1455 1455 1466 1466 1467 1467 1444 1444 1467 1467 1456 1456 1456 1456 1468 1468 1457 1457 1457 1457 1468 1468 1469 1469 1457 1457 1469 1469 1458 1458 1458 1458 1469 1469 1470 1470 1458 1458 1470 1470 1459 1459 1459 1459 1470 1470 1471 1471 1459 1459 1471 1471 1460 1460 1460 1460 1471 1471 1472 1472 1460 1460 1472 1472 1461 1461 1461 1461 1472 1472 1473 1473 1461 1461 1473 1473 1462 1462 1462 1462 1473 1473 1474 1474 1462 1462 1474 1474 1463 1463 1463 1463 1474 1474 1475 1475 1463 1463 1475 1475 1464 1464 1464 1464 1475 1475 1476 1476 1464 1464 1476 1476 1465 1465 1465 1465 1476 1476 1477 1477 1465 1465 1477 1477 1466 1466 1466 1466 1477 1477 1478 1478 1466 1466 1478 1478 1467 1467 1467 1467 1478 1478 1479 1479 1467 1467 1479 1479 1456 1456 1456 1456 1479 1479 1468 1468 1468 1468 1480 1480 1469 1469 1469 1469 1480 1480 1481 1481 1469 1469 1481 1481 1470 1470 1470 1470 1481 1481 1482 1482 1470 1470 1482 1482 1471 1471 1471 1471 1482 1482 1483 1483 1471 1471 1483 1483 1472 1472 1472 1472 1483 1483 1484 1484 1472 1472 1484 1484 1473 1473 1473 1473 1484 1484 1485 1485 1473 1473 1485 1485 1474 1474 1474 1474 1485 1485 1486 1486 1474 1474 1486 1486 1475 1475 1475 1475 1486 1486 1487 1487 1475 1475 1487 1487 1476 1476 1476 1476 1487 1487 1488 1488 1476 1476 1488 1488 1477 1477 1477 1477 1488 1488 1489 1489 1477 1477 1489 1489 1478 1478 1478 1478 1489 1489 1490 1490 1478 1478 1490 1490 1479 1479 1479 1479 1490 1490 1491 1491 1479 1479 1491 1491 1468 1468 1468 1468 1491 1491 1480 1480 1480 1480 1492 1492 1481 1481 1481 1481 1493 1493 1482 1482 1482 1482 1494 1494 1483 1483 1483 1483 1495 1495 1484 1484 1484 1484 1496 1496 1485 1485 1485 1485 1497 1497 1486 1486 1486 1486 1498 1498 1487 1487 1487 1487 1499 1499 1488 1488 1488 1488 1500 1500 1489 1489 1489 1489 1501 1501 1490 1490 1490 1490 1502 1502 1491 1491 1491 1491 1503 1503 1480 1480 1505 1505 1514 1514 1515 1515 1506 1506 1515 1515 1516 1516 1507 1507 1516 1516 1517 1517 1508 1508 1517 1517 1518 1518 1509 1509 1518 1518 1519 1519 1510 1510 1519 1519 1520 1520 1511 1511 1520 1520 1521 1521 1512 1512 1521 1521 1522 1522 1513 1513 1522 1522 1523 1523 1504 1504 1523 1523 1514 1514 1514 1514 1524 1524 1515 1515 1515 1515 1524 1524 1525 1525 1515 1515 1525 1525 1516 1516 1516 1516 1525 1525 1526 1526 1516 1516 1526 1526 1517 1517 1517 1517 1526 1526 1527 1527 1517 1517 1527 1527 1518 1518 1518 1518 1527 1527 1528 1528 1518 1518 1528 1528 1519 1519 1519 1519 1528 1528 1529 1529 1519 1519 1529 1529 1520 1520 1520 1520 1529 1529 1530 1530 1520 1520 1530 1530 1521 1521 1521 1521 1530 1530 1531 1531 1521 1521 1531 1531 1522 1522 1522 1522 1531 1531 1532 1532 1522 1522 1532 1532 1523 1523 1523 1523 1532 1532 1533 1533 1523 1523 1533 1533 1514 1514 1514 1514 1533 1533 1524 1524 1524 1524 1534 1534 1525 1525 1525 1525 1534 1534 1535 1535 1525 1525 1535 1535 1526 1526 1526 1526 1535 1535 1536 1536 1526 1526 1536 1536 1527 1527 1527 1527 1536 1536 1537 1537 1527 1527 1537 1537 1528 1528 1528 1528 1537 1537 1538 1538 1528 1528 1538 1538 1529 1529 1529 1529 1538 1538 1539 1539 1529 1529 1539 1539 1530 1530 1530 1530 1539 1539 1540 1540 1530 1530 1540 1540 1531 1531 1531 1531 1540 1540 1541 1541 1531 1531 1541 1541 1532 1532 1532 1532 1541 1541 1542 1542 1532 1532 1542 1542 1533 1533 1533 1533 1542 1542 1543 1543 1533 1533 1543 1543 1524 1524 1524 1524 1543 1543 1534 1534 1534 1534 1544 1544 1535 1535 1535 1535 1545 1545 1536 1536 1536 1536 1546 1546 1537 1537 1537 1537 1547 1547 1538 1538 1538 1538 1548 1548 1539 1539 1539 1539 1549 1549 1540 1540 1540 1540 1550 1550 1541 1541 1541 1541 1551 1551 1542 1542 1542 1542 1552 1552 1543 1543 1543 1543 1553 1553 1534 1534 1554 1554 1555 1555 1562 1562 1555 1555 1563 1563 1562 1562 1555 1555 1556 1556 1563 1563 1556 1556 1564 1564 1563 1563 1556 1556 1557 1557 1564 1564 1557 1557 1565 1565 1564 1564 1557 1557 1558 1558 1565 1565 1558 1558 1566 1566 1565 1565 1558 1558 1559 1559 1566 1566 1559 1559 1567 1567 1566 1566 1559 1559 1560 1560 1567 1567 1560 1560 1568 1568 1567 1567 1560 1560 1561 1561 1568 1568 1561 1561 1569 1569 1568 1568 1561 1561 1554 1554 1569 1569 1554 1554 1562 1562 1569 1569 1570 1570 1571 1571 1578 1578 1571 1571 1579 1579 1578 1578 1571 1571 1572 1572 1579 1579 1572 1572 1580 1580 1579 1579 1572 1572 1573 1573 1580 1580 1573 1573 1581 1581 1580 1580 1573 1573 1574 1574 1581 1581 1574 1574 1582 1582 1581 1581 1574 1574 1575 1575 1582 1582 1575 1575 1583 1583 1582 1582 1575 1575 1576 1576 1583 1583 1576 1576 1584 1584 1583 1583 1576 1576 1577 1577 1584 1584 1577 1577 1585 1585 1584 1584 1577 1577 1570 1570 1585 1585 1570 1570 1578 1578 1585 1585 1586 1586 1587 1587 1594 1594 1587 1587 1595 1595 1594 1594 1587 1587 1588 1588 1595 1595 1588 1588 1596 1596 1595 1595 1588 1588 1589 1589 1596 1596 1589 1589 1597 1597 1596 1596 1589 1589 1590 1590 1597 1597 1590 1590 1598 1598 1597 1597 1590 1590 1591 1591 1598 1598 1591 1591 1599 1599 1598 1598 1591 1591 1592 1592 1599 1599 1592 1592 1600 1600 1599 1599 1592 1592 1593 1593 1600 1600 1593 1593 1601 1601 1600 1600 1593 1593 1586 1586 1601 1601 1586 1586 1594 1594 1601 1601 1602 1602 1603 1603 1610 1610 1603 1603 1611 1611 1610 1610 1603 1603 1604 1604 1611 1611 1604 1604 1612 1612 1611 1611 1604 1604 1605 1605 1612 1612 1605 1605 1613 1613 1612 1612 1605 1605 1606 1606 1613 1613 1606 1606 1614 1614 1613 1613 1606 1606 1607 1607 1614 1614 1607 1607 1615 1615 1614 1614 1607 1607 1608 1608 1615 1615 1608 1608 1616 1616 1615 1615 1608 1608 1609 1609 1616 1616 1609 1609 1617 1617 1616 1616 1609 1609 1602 1602 1617 1617 1602 1602 1610 1610 1617 1617 1619 1619 1628 1628 1629 1629 1620 1620 1629 1629 1630 1630 1621 1621 1630 1630 1631 1631 1622 1622 1631 1631 1632 1632 1623 1623 1632 1632 1633 1633 1624 1624 1633 1633 1634 1634 1625 1625 1634 1634 1635 1635 1626 1626 1635 1635 1636 1636 1627 1627 1636 1636 1637 1637 1618 1618 1637 1637 1628 1628 1628 1628 1638 1638 1629 1629 1629 1629 1638 1638 1639 1639 1629 1629 1639 1639 1630 1630 1630 1630 1639 1639 1640 1640 1630 1630 1640 1640 1631 1631 1631 1631 1640 1640 1641 1641 1631 1631 1641 1641 1632 1632 1632 1632 1641 1641 1642 1642 1632 1632 1642 1642 1633 1633 1633 1633 1642 1642 1643 1643 1633 1633 1643 1643 1634 1634 1634 1634 1643 1643 1644 1644 1634 1634 1644 1644 1635 1635 1635 1635 1644 1644 1645 1645 1635 1635 1645 1645 1636 1636 1636 1636 1645 1645 1646 1646 1636 1636 1646 1646 1637 1637 1637 1637 1646 1646 1647 1647 1637 1637 1647 1647 1628 1628 1628 1628 1647 1647 1638 1638 1638 1638 1648 1648 1639 1639 1639 1639 1648 1648 1649 1649 1639 1639 1649 1649 1640 1640 1640 1640 1649 1649 1650 1650 1640 1640 1650 1650 1641 1641 1641 1641 1650 1650 1651 1651 1641 1641 1651 1651 1642 1642 1642 1642 1651 1651 1652 1652 1642 1642 1652 1652 1643 1643 1643 1643 1652 1652 1653 1653 1643 1643 1653 1653 1644 1644 1644 1644 1653 1653 1654 1654 1644 1644 1654 1654 1645 1645 1645 1645 1654 1654 1655 1655 1645 1645 1655 1655 1646 1646 1646 1646 1655 1655 1656 1656 1646 1646 1656 1656 1647 1647 1647 1647 1656 1656 1657 1657 1647 1647 1657 1657 1638 1638 1638 1638 1657 1657 1648 1648 1648 1648 1658 1658 1649 1649 1649 1649 1659 1659 1650 1650 1650 1650 1660 1660 1651 1651 1651 1651 1661 1661 1652 1652 1652 1652 1662 1662 1653 1653 1653 1653 1663 1663 1654 1654 1654 1654 1664 1664 1655 1655 1655 1655 1665 1665 1656 1656 1656 1656 1666 1666 1657 1657 1657 1657 1667 1667 1648 1648 1668 1668 1669 1669 1676 1676 1669 1669 1677 1677 1676 1676 1669 1669 1670 1670 1677 1677 1670 1670 1678 1678 1677 1677 1670 1670 1671 1671 1678 1678 1671 1671 1679 1679 1678 1678 1671 1671 1672 1672 1679 1679 1672 1672 1680 1680 1679 1679 1672 1672 1673 1673 1680 1680 1673 1673 1681 1681 1680 1680 1673 1673 1674 1674 1681 1681 1674 1674 1682 1682 1681 1681 1674 1674 1675 1675 1682 1682 1675 1675 1683 1683 1682 1682 1675 1675 1668 1668 1683 1683 1668 1668 1676 1676 1683 1683 1684 1684 1685 1685 1692 1692 1685 1685 1693 1693 1692 1692 1685 1685 1686 1686 1693 1693 1686 1686 1694 1694 1693 1693 1686 1686 1687 1687 1694 1694 1687 1687 1695 1695 1694 1694 1687 1687 1688 1688 1695 1695 1688 1688 1696 1696 1695 1695 1688 1688 1689 1689 1696 1696 1689 1689 1697 1697 1696 1696 1689 1689 1690 1690 1697 1697 1690 1690 1698 1698 1697 1697 1690 1690 1691 1691 1698 1698 1691 1691 1699 1699 1698 1698 1691 1691 1684 1684 1699 1699 1684 1684 1692 1692 1699 1699 1700 1700 1701 1701 1708 1708 1701 1701 1709 1709 1708 1708 1701 1701 1702 1702 1709 1709 1702 1702 1710 1710 1709 1709 1702 1702 1703 1703 1710 1710 1703 1703 1711 1711 1710 1710 1703 1703 1704 1704 1711 1711 1704 1704 1712 1712 1711 1711 1704 1704 1705 1705 1712 1712 1705 1705 1713 1713 1712 1712 1705 1705 1706 1706 1713 1713 1706 1706 1714 1714 1713 1713 1706 1706 1707 1707 1714 1714 1707 1707 1715 1715 1714 1714 1707 1707 1700 1700 1715 1715 1700 1700 1708 1708 1715 1715 1716 1716 1717 1717 1724 1724 1717 1717 1725 1725 1724 1724 1717 1717 1718 1718 1725 1725 1718 1718 1726 1726 1725 1725 1718 1718 1719 1719 1726 1726 1719 1719 1727 1727 1726 1726 1719 1719 1720 1720 1727 1727 1720 1720 1728 1728 1727 1727 1720 1720 1721 1721 1728 1728 1721 1721 1729 1729 1728 1728 1721 1721 1722 1722 1729 1729 1722 1722 1730 1730 1729 1729 1722 1722 1723 1723 1730 1730 1723 1723 1731 1731 1730 1730 1723 1723 1716 1716 1731 1731 1716 1716 1724 1724 1731 1731 1732 1732 1733 1733 1740 1740 1733 1733 1741 1741 1740 1740 1733 1733 1734 1734 1741 1741 1734 1734 1742 1742 1741 1741 1734 1734 1735 1735 1742 1742 1735 1735 1743 1743 1742 1742 1735 1735 1736 1736 1743 1743 1736 1736 1744 1744 1743 1743 1736 1736 1737 1737 1744 1744 1737 1737 1745 1745 1744 1744 1737 1737 1738 1738 1745 1745 1738 1738 1746 1746 1745 1745 1738 1738 1739 1739 1746 1746 1739 1739 1747 1747 1746 1746 1739 1739 1732 1732 1747 1747 1732 1732 1740 1740 1747 1747</p>
        </triangles>
      </mesh>
    </geometry>
    <geometry id="collision-geometry">
      <mesh>
        <source id="collision-geometry-positions">
          <float_array id="collision-geometry-positions-array" count="24">-22 -43 0 22 -43 0 -22 53 0 22 53 0 -22 -43 114 22 -43 114 -22 53 114 22 53 114</float_array>
          <technique_common>
            <accessor source="#collision-geometry-positions-array" count="8" stride="3">
              <param name="X" type="float" />
              <param name="Y" type="float" />
              <param name="Z" type="float" />
            </accessor>
          </technique_common>
        </source>
        <source id="collision-geometry-normals">
          <float_array id="collision-geometry-normals-array" count="24">0 0 1 0 0 1 0 0 1 0 0 1 0 0 1 0 0 1 0 0 1 0 0 1</float_array>
          <technique_common>
            <accessor source="#collision-geometry-normals-array" count="8" stride="3">
              <param name="X" type="float" />
              <param name="Y" type="float" />
              <param name="Z" type="float" />
            </accessor>
          </technique_common>
        </source>
        <vertices id="collision-geometry-vertices">
          <input semantic="POSITION" source="#collision-geometry-positions" />
        </vertices>
        <triangles count="12" material="body-material">
          <input semantic="VERTEX" source="#collision-geometry-vertices" offset="0" />
          <input semantic="NORMAL" source="#collision-geometry-normals" offset="1" />
          <p>0 0 2 2 1 1 1 1 2 2 3 3 4 4 5 5 6 6 5 5 7 7 6 6 0 0 1 1 4 4 1 1 5 5 4 4 2 2 6 6 3 3 3 3 6 6 7 7 0 0 4 4 2 2 2 2 4 4 6 6 1 1 3 3 5 5 3 3 7 7 5 5</p>
        </triangles>
      </mesh>
    </geometry>
  </library_geometries>
  <library_controllers>
    <controller id="animal-skin">
      <skin source="#animal-geometry">
        <bind_shape_matrix>1 0 0 0 0 1 -0 0 0 0 1 0 0 0 0 1</bind_shape_matrix>
        <source id="skin-joints">
          <Name_array id="skin-joints-array" count="13">Bip01 Torso Neck Head Tail FL_Upper FL_Lower FR_Upper FR_Lower HL_Upper HL_Lower HR_Upper HR_Lower</Name_array>
          <technique_common>
            <accessor source="#skin-joints-array" count="13" stride="1">
              <param name="JOINT" type="Name" />
            </accessor>
          </technique_common>
        </source>
        <source id="skin-bindposes">
          <float_array id="skin-bindposes-array" count="208">1 0 0 0 0 1 -0 0 0 0 1 0 0 0 0 1 1 0 0 0 0 1 -0 0 0 0 1 -65 0 0 0 1 1 0 0 0 0 1 -0 -26 0 0 1 -73 0 0 0 1 1 0 0 0 0 1 -0 -35 0 0 1 -98 0 0 0 1 1 0 0 0 0 1 -0 33 0 0 1 -65 0 0 0 1 1 0 0 14 0 1 -0 -26 0 0 1 -63 0 0 0 1 1 0 0 14 0 1 -0 -26 0 0 1 -34 0 0 0 1 1 0 0 -14 0 1 -0 -26 0 0 1 -63 0 0 0 1 1 0 0 -14 0 1 -0 -26 0 0 1 -34 0 0 0 1 1 0 0 14 0 1 -0 26 0 0 1 -63 0 0 0 1 1 0 0 14 0 1 -0 26 0 0 1 -34 0 0 0 1 1 0 0 -14 0 1 -0 26 0 0 1 -63 0 0 0 1 1 0 0 -14 0 1 -0 26 0 0 1 -34 0 0 0 1</float_array>
          <technique_common>
            <accessor source="#skin-bindposes-array" count="13" stride="16">
              <param name="TRANSFORM" type="float4x4" />
            </accessor>
          </technique_common>
        </source>
        <source id="skin-weights">
          <float_array id="skin-weights-array" count="1">1</float_array>
          <technique_common>
            <accessor source="#skin-weights-array" count="1" stride="1">
              <param name="WEIGHT" type="float" />
            </accessor>
          </technique_common>
        </source>
        <joints>
          <input semantic="JOINT" source="#skin-joints" />
          <input semantic="INV_BIND_MATRIX" source="#skin-bindposes" />
        </joints>
        <vertex_weights count="1748">
          <input semantic="JOINT" source="#skin-joints" offset="0" />
          <input semantic="WEIGHT" source="#skin-weights" offset="1" />
          <vcount>1 1 1 1 1 1 1 1 1 1 1 1 1 1 1 1 1 1 1 1 1 1 1 1 1 1 1 1 1 1 1 1 1 1 1 1 1 1 1 1 1 1 1 1 1 1 1 1 1 1 1 1 1 1 1 1 1 1 1 1 1 1 1 1 1 1 1 1 1 1 1 1 1 1 1 1 1 1 1 1 1 1 1 1 1 1 1 1 1 1 1 1 1 1 1 1 1 1 1 1 1 1 1 1 1 1 1 1 1 1 1 1 1 1 1 1 1 1 1 1 1 1 1 1 1 1 1 1 1 1 1 1 1 1 1 1 1 1 1 1 1 1 1 1 1 1 1 1 1 1 1 1 1 1 1 1 1 1 1 1 1 1 1 1 1 1 1 1 1 1 1 1 1 1 1 1 1 1 1 1 1 1 1 1 1 1 1 1 1 1 1 1 1 1 1 1 1 1 1 1 1 1 1 1 1 1 1 1 1 1 1 1 1 1 1 1 1 1 1 1 1 1 1 1 1 1 1 1 1 1 1 1 1 1 1 1 1 1 1 1 1 1 1 1 1 1 1 1 1 1 1 1 1 1 1 1 1 1 1 1 1 1 1 1 1 1 1 1 1 1 1 1 1 1 1 1 1 1 1 1 1 1 1 1 1 1 1 1 1 1 1 1 1 1 1 1 1 1 1 1 1 1 1 1 1 1 1 1 1 1 1 1 1 1 1 1 1 1 1 1 1 1 1 1 1 1 1 1 1 1 1 1 1 1 1 1 1 1 1 1 1 1 1 1 1 1 1 1 1 1 1 1 1 1 1 1 1 1 1 1 1 1 1 1 1 1 1 1 1 1 1 1 1 1 1 1 1 1 1 1 1 1 1 1 1 1 1 1 1 1 1 1 1 1 1 1 1 1 1 1 1 1 1 1 1 1 1 1 1 1 1 1 1 1 1 1 1 1 1 1 1 1 1 1 1 1 1 1 1 1 1 1 1 1 1 1 1 1 1 1 1 1 1 1 1 1 1 1 1 1 1 1 1 1 1 1 1 1 1 1 1 1 1 1 1 1 1 1 1 1 1 1 1 1 1 1 1 1 1 1 1 1 1 1 1 1 1 1 1 1 1 1 1 1 1 1 1 1 1 1 1 1 1 1 1 1 1 1 1 1 1 1 1 1 1 1 1 1 1 1 1 1 1 1 1 1 1 1 1 1 1 1 1 1 1 1 1 1 1 1 1 1 1 1 1 1 1 1 1 1 1 1 1 1 1 1 1 1 1 1 1 1 1 1 1 1 1 1 1 1 1 1 1 1 1 1 1 1 1 1 1 1 1 1 1 1 1 1 1 1 1 1 1 1 1 1 1 1 1 1 1 1 1 1 1 1 1 1 1 1 1 1 1 1 1 1 1 1 1 1 1 1 1 1 1 1 1 1 1 1 1 1 1 1 1 1 1 1 1 1 1 1 1 1 1 1 1 1 1 1 1 1 1 1 1 1 1 1 1 1 1 1 1 1 1 1 1 1 1 1 1 1 1 1 1 1 1 1 1 1 1 1 1 1 1 1 1 1 1 1 1 1 1 1 1 1 1 1 1 1 1 1 1 1 1 1 1 1 1 1 1 1 1 1 1 1 1 1 1 1 1 1 1 1 1 1 1 1 1 1 1 1 1 1 1 1 1 1 1 1 1 1 1 1 1 1 1 1 1 1 1 1 1 1 1 1 1 1 1 1 1 1 1 1 1 1 1 1 1 1 1 1 1 1 1 1 1 1 1 1 1 1 1 1 1 1 1 1 1 1 1 1 1 1 1 1 1 1 1 1 1 1 1 1 1 1 1 1 1 1 1 1 1 1 1 1 1 1 1 1 1 1 1 1 1 1 1 1 1 1 1 1 1 1 1 1 1 1 1 1 1 1 1 1 1 1 1 1 1 1 1 1 1 1 1 1 1 1 1 1 1 1 1 1 1 1 1 1 1 1 1 1 1 1 1 1 1 1 1 1 1 1 1 1 1 1 1 1 1 1 1 1 1 1 1 1 1 1 1 1 1 1 1 1 1 1 1 1 1 1 1 1 1 1 1 1 1 1 1 1 1 1 1 1 1 1 1 1 1 1 1 1 1 1 1 1 1 1 1 1 1 1 1 1 1 1 1 1 1 1 1 1 1 1 1 1 1 1 1 1 1 1 1 1 1 1 1 1 1 1 1 1 1 1 1 1 1 1 1 1 1 1 1 1 1 1 1 1 1 1 1 1 1 1 1 1 1 1 1 1 1 1 1 1 1 1 1 1 1 1 1 1 1 1 1 1 1 1 1 1 1 1 1 1 1 1 1 1 1 1 1 1 1 1 1 1 1 1 1 1 1 1 1 1 1 1 1 1 1 1 1 1 1 1 1 1 1 1 1 1 1 1 1 1 1 1 1 1 1 1 1 1 1 1 1 1 1 1 1 1 1 1 1 1 1 1 1 1 1 1 1 1 1 1 1 1 1 1 1 1 1 1 1 1 1 1 1 1 1 1 1 1 1 1 1 1 1 1 1 1 1 1 1 1 1 1 1 1 1 1 1 1 1 1 1 1 1 1 1 1 1 1 1 1 1 1 1 1 1 1 1 1 1 1 1 1 1 1 1 1 1 1 1 1 1 1 1 1 1 1 1 1 1 1 1 1 1 1 1 1 1 1 1 1 1 1 1 1 1 1 1 1 1 1 1 1 1 1 1 1 1 1 1 1 1 1 1 1 1 1 1 1 1 1 1 1 1 1 1 1 1 1 1 1 1 1 1 1 1 1 1 1 1 1 1 1 1 1 1 1 1 1 1 1 1 1 1 1 1 1 1 1 1 1 1 1 1 1 1 1 1 1 1 1 1 1 1 1 1 1 1 1 1 1 1 1 1 1 1 1 1 1 1 1 1 1 1 1 1 1 1 1 1 1 1 1 1 1 1 1 1 1 1 1 1 1 1 1 1 1 1 1 1 1 1 1 1 1 1 1 1 1 1 1 1 1 1 1 1 1 1 1 1 1 1 1 1 1 1 1 1 1 1 1 1 1 1 1 1 1 1 1 1 1 1 1 1 1 1 1 1 1 1 1 1 1 1 1 1 1 1 1 1 1 1 1 1 1 1 1 1 1 1 1 1 1 1 1 1 1 1 1 1 1 1 1 1 1 1 1 1 1 1 1 1 1 1 1 1 1 1 1 1 1 1 1 1 1 1 1 1 1 1 1 1 1 1 1 1 1 1 1 1 1 1 1 1 1 1 1 1 1 1 1 1 1 1 1 1 1 1 1 1 1 1 1 1 1 1 1 1 1 1 1 1 1 1 1 1 1 1 1 1 1 1 1 1 1 1 1 1 1 1 1 1 1 1 1 1 1 1 1 1 1 1 1 1 1 1 1 1 1 1 1 1 1 1 1 1 1 1 1 1 1 1 1 1 1 1 1 1 1 1 1 1 1 1 1 1 1 1 1 1 1 1 1 1 1 1 1 1 1 1 1 1 1 1 1 1 1 1 1 1 1 1 1 1 1 1 1 1 1 1 1 1 1 1 1 1 1 1 1 1 1 1 1 1 1 1 1 1 1 1 1 1 1 1 1 1 1 1 1 1 1 1 1 1 1 1 1 1 1 1 1 1 1 1 1 1 1 1 1 1 1 1 1 1 1 1 1 1 1 1 1 1 1 1 1 1 1 1 1 1 1 1 1 1 1 1 1 1 1 1 1 1 1 1 1 1 1 1 1 1 1 1 1 1 1 1 1 1 1 1 1 1 1 1 1 1 1 1 1 1 1 1 1 1 1 1 1 1 1 1 1 1 1 1 1 1 1 1 1 1 1 1 1 1 1 1 1 1 1 1 1 1 1 1 1 1 1 1 1 1 1 1 1 1 1 1 1 1 1 1 1 1 1 1 1 1 1 1 1 1 1 1 1 1 1 1 1 1 1 1 1 1 1 1 1</vcount>
          <v>1 0 1 0 1 0 1 0 1 0 1 0 1 0 1 0 1 0 1 0 1 0 1 0 1 0 1 0 1 0 1 0 1 0 1 0 1 0 1 0 1 0 1 0 1 0 1 0 1 0 1 0 1 0 1 0 1 0 1 0 1 0 1 0 1 0 1 0 1 0 1 0 1 0 1 0 1 0 1 0 1 0 1 0 1 0 1 0 1 0 1 0 1 0 1 0 1 0 1 0 1 0 1 0 1 0 1 0 1 0 1 0 1 0 1 0 1 0 1 0 1 0 1 0 1 0 1 0 1 0 1 0 1 0 1 0 1 0 1 0 1 0 1 0 1 0 1 0 1 0 1 0 1 0 1 0 1 0 1 0 1 0 1 0 1 0 1 0 1 0 1 0 1 0 1 0 1 0 1 0 1 0 1 0 1 0 1 0 1 0 1 0 1 0 1 0 1 0 1 0 1 0 1 0 1 0 1 0 1 0 1 0 1 0 1 0 1 0 1 0 1 0 1 0 1 0 1 0 1 0 1 0 1 0 1 0 1 0 1 0 1 0 1 0 1 0 1 0 1 0 1 0 1 0 1 0 1 0 1 0 1 0 1 0 1 0 1 0 1 0 1 0 1 0 1 0 1 0 1 0 1 0 1 0 1 0 1 0 1 0 1 0 1 0 1 0 1 0 1 0 1 0 1 0 1 0 1 0 1 0 1 0 1 0 1 0 1 0 1 0 1 0 1 0 1 0 1 0 1 0 1 0 1 0 1 0 1 0 1 0 1 0 1 0 1 0 1 0 1 0 1 0 1 0 1 0 1 0 1 0 1 0 1 0 1 0 1 0 1 0 1 0 1 0 1 0 1 0 1 0 1 0 1 0 1 0 1 0 1 0 1 0 1 0 1 0 1 0 1 0 1 0 1 0 1 0 1 0 1 0 1 0 1 0 1 0 1 0 1 0 1 0 1 0 1 0 1 0 1 0 1 0 1 0 1 0 1 0 1 0 2 0 2 0 2 0 2 0 2 0 2 0 2 0 2 0 2 0 2 0 2 0 2 0 2 0 2 0 2 0 2 0 2 0 2 0 2 0 2 0 2 0 2 0 2 0 2 0 2 0 2 0 2 0 2 0 2 0 2 0 2 0 2 0 2 0 2 0 2 0 2 0 2 0 2 0 2 0 2 0 2 0 2 0 2 0 2 0 2 0 2 0 2 0 2 0 2 0 2 0 2 0 2 0 2 0 2 0 2 0 2 0 2 0 2 0 2 0 2 0 2 0 2 0 2 0 2 0 2 0 2 0 2 0 2 0 2 0 2 0 2 0 2 0 2 0 2 0 2 0 2 0 2 0 2 0 2 0 2 0 2 0 2 0 2 0 2 0 2 0 2 0 2 0 2 0 2 0 2 0 2 0 2 0 2 0 2 0 2 0 2 0 2 0 2 0 2 0 2 0 2 0 2 0 2 0 2 0 2 0 2 0 2 0 2 0 2 0 2 0 2 0 2 0 2 0 2 0 2 0 2 0 2 0 2 0 2 0 2 0 2 0 2 0 2 0 2 0 2 0 2 0 2 0 2 0 2 0 2 0 2 0 2 0 2 0 2 0 2 0 2 0 2 0 2 0 2 0 2 0 2 0 2 0 2 0 2 0 3 0 3 0 3 0 3 0 3 0 3 0 3 0 3 0 3 0 3 0 3 0 3 0 3 0 3 0 3 0 3 0 3 0 3 0 3 0 3 0 3 0 3 0 3 0 3 0 3 0 3 0 3 0 3 0 3 0 3 0 3 0 3 0 3 0 3 0 3 0 3 0 3 0 3 0 3 0 3 0 3 0 3 0 3 0 3 0 3 0 3 0 3 0 3 0 3 0 3 0 3 0 3 0 3 0 3 0 3 0 3 0 3 0 3 0 3 0 3 0 3 0 3 0 3 0 3 0 3 0 3 0 3 0 3 0 3 0 3 0 3 0 3 0 3 0 3 0 3 0 3 0 3 0 3 0 3 0 3 0 3 0 3 0 3 0 3 0 3 0 3 0 3 0 3 0 3 0 3 0 3 0 3 0 3 0 3 0 3 0 3 0 3 0 3 0 3 0 3 0 3 0 3 0 3 0 3 0 3 0 3 0 3 0 3 0 3 0 3 0 3 0 3 0 3 0 3 0 3 0 3 0 3 0 3 0 3 0 3 0 3 0 3 0 3 0 3 0 3 0 3 0 3 0 3 0 3 0 3 0 3 0 3 0 3 0 3 0 3 0 3 0 3 0 3 0 3 0 3 0 3 0 3 0 3 0 3 0 3 0 3 0 3 0 3 0 3 0 3 0 3 0 3 0 3 0 3 0 3 0 3 0 3 0 3 0 3 0 3 0 3 0 3 0 3 0 3 0 3 0 3 0 3 0 3 0 3 0 3 0 3 0 3 0 3 0 3 0 3 0 3 0 3 0 3 0 3 0 3 0 3 0 3 0 3 0 3 0 3 0 3 0 3 0 3 0 3 0 3 0 3 0 3 0 3 0 3 0 3 0 3 0 3 0 3 0 3 0 3 0 3 0 3 0 3 0 3 0 3 0 3 0 3 0 3 0 3 0 3 0 3 0 3 0 3 0 3 0 3 0 3 0 3 0 3 0 3 0 3 0 3 0 3 0 3 0 3 0 3 0 3 0 3 0 3 0 5 0 5 0 5 0 5 0 5 0 5 0 5 0 5 0 5 0 5 0 5 0 5 0 5 0 5 0 5 0 5 0 5 0 5 0 5 0 5 0 5 0 5 0 5 0 5 0 5 0 5 0 5 0 5 0 5 0 5 0 5 0 5 0 5 0 5 0 5 0 5 0 5 0 5 0 5 0 5 0 5 0 5 0 5 0 5 0 5 0 5 0 5 0 5 0 5 0 5 0 5 0 5 0 5 0 5 0 5 0 5 0 5 0 5 0 5 0 5 0 5 0 5 0 5 0 5 0 5 0 5 0 5 0 5 0 5 0 5 0 5 0 5 0 5 0 5 0 5 0 5 0 5 0 5 0 5 0 5 0 5 0 5 0 5 0 5 0 6 0 6 0 6 0 6 0 6 0 6 0 6 0 6 0 6 0 6 0 6 0 6 0 6 0 6 0 6 0 6 0 6 0 6 0 6 0 6 0 6 0 6 0 6 0 6 0 6 0 6 0 6 0 6 0 6 0 6 0 6 0 6 0 6 0 6 0 6 0 6 0 6 0 6 0 6 0 6 0 6 0 6 0 6 0 6 0 6 0 6 0 6 0 6 0 6 0 6 0 6 0 6 0 6 0 6 0 6 0 6 0 6 0 6 0 6 0 6 0 6 0 6 0 6 0 6 0 6 0 6 0 6 0 6 0 6 0 6 0 6 0 6 0 6 0 6 0 6 0 6 0 6 0 6 0 6 0 6 0 6 0 6 0 6 0 6 0 6 0 6 0 6 0 6 0 6 0 6 0 6 0 6 0 6 0 6 0 6 0 6 0 6 0 6 0 6 0 6 0 6 0 6 0 6 0 6 0 6 0 6 0 6 0 6 0 6 0 6 0 6 0 6 0 6 0 6 0 6 0 6 0 6 0 6 0 6 0 6 0 6 0 6 0 6 0 6 0 6 0 6 0 6 0 6 0 6 0 6 0 6 0 6 0 6 0 6 0 6 0 6 0 6 0 6 0 6 0 6 0 6 0 6 0 6 0 6 0 7 0 7 0 7 0 7 0 7 0 7 0 7 0 7 0 7 0 7 0 7 0 7 0 7 0 7 0 7 0 7 0 7 0 7 0 7 0 7 0 7 0 7 0 7 0 7 0 7 0 7 0 7 0 7 0 7 0 7 0 7 0 7 0 7 0 7 0 7 0 7 0 7 0 7 0 7 0 7 0 7 0 7 0 7 0 7 0 7 0 7 0 7 0 7 0 7 0 7 0 7 0 7 0 7 0 7 0 7 0 7 0 7 0 7 0 7 0 7 0 7 0 7 0 7 0 7 0 7 0 7 0 7 0 7 0 7 0 7 0 7 0 7 0 7 0 7 0 7 0 7 0 7 0 7 0 7 0 7 0 7 0 7 0 7 0 7 0 8 0 8 0 8 0 8 0 8 0 8 0 8 0 8 0 8 0 8 0 8 0 8 0 8 0 8 0 8 0 8 0 8 0 8 0 8 0 8 0 8 0 8 0 8 0 8 0 8 0 8 0 8 0 8 0 8 0 8 0 8 0 8 0 8 0 8 0 8 0 8 0 8 0 8 0 8 0 8 0 8 0 8 0 8 0 8 0 8 0 8 0 8 0 8 0 8 0 8 0 8 0 8 0 8 0 8 0 8 0 8 0 8 0 8 0 8 0 8 0 8 0 8 0 8 0 8 0 8 0 8 0 8 0 8 0 8 0 8 0 8 0 8 0 8 0 8 0 8 0 8 0 8 0 8 0 8 0 8 0 8 0 8 0 8 0 8 0 8 0 8 0 8 0 8 0 8 0 8 0 8 0 8 0 8 0 8 0 8 0 8 0 8 0 8 0 8 0 8 0 8 0 8 0 8 0 8 0 8 0 8 0 8 0 8 0 8 0 8 0 8 0 8 0 8 0 8 0 8 0 8 0 8 0 8 0 8 0 8 0 8 0 8 0 8 0 8 0 8 0 8 0 8 0 8 0 8 0 8 0 8 0 8 0 8 0 8 0 8 0 8 0 8 0 8 0 8 0 8 0 8 0 8 0 8 0 8 0 9 0 9 0 9 0 9 0 9 0 9 0 9 0 9 0 9 0 9 0 9 0 9 0 9 0 9 0 9 0 9 0 9 0 9 0 9 0 9 0 9 0 9 0 9 0 9 0 9 0 9 0 9 0 9 0 9 0 9 0 9 0 9 0 9 0 9 0 9 0 9 0 9 0 9 0 9 0 9 0 9 0 9 0 9 0 9 0 9 0 9 0 9 0 9 0 9 0 9 0 9 0 9 0 9 0 9 0 9 0 9 0 9 0 9 0 9 0 9 0 9 0 9 0 9 0 9 0 9 0 9 0 9 0 9 0 9 0 9 0 9 0 9 0 9 0 9 0 9 0 9 0 9 0 9 0 9 0 9 0 9 0 9 0 9 0 9 0 10 0 10 0 10 0 10 0 10 0 10 0 10 0 10 0 10 0 10 0 10 0 10 0 10 0 10 0 10 0 10 0 10 0 10 0 10 0 10 0 10 0 10 0 10 0 10 0 10 0 10 0 10 0 10 0 10 0 10 0 10 0 10 0 10 0 10 0 10 0 10 0 10 0 10 0 10 0 10 0 10 0 10 0 10 0 10 0 10 0 10 0 10 0 10 0 10 0 10 0 10 0 10 0 10 0 10 0 10 0 10 0 10 0 10 0 10 0 10 0 10 0 10 0 10 0 10 0 10 0 10 0 10 0 10 0 10 0 10 0 10 0 10 0 10 0 10 0 10 0 10 0 10 0 10 0 10 0 10 0 10 0 10 0 10 0 10 0 10 0 10 0 10 0 10 0 10 0 10 0 10 0 10 0 10 0 10 0 10 0 10 0 10 0 10 0 10 0 10 0 10 0 10 0 10 0 10 0 10 0 10 0 10 0 10 0 10 0 10 0 10 0 10 0 10 0 10 0 10 0 10 0 10 0 10 0 10 0 10 0 10 0 10 0 10 0 10 0 10 0 10 0 10 0 10 0 10 0 10 0 10 0 10 0 10 0 10 0 10 0 10 0 10 0 10 0 10 0 10 0 10 0 10 0 10 0 10 0 11 0 11 0 11 0 11 0 11 0 11 0 11 0 11 0 11 0 11 0 11 0 11 0 11 0 11 0 11 0 11 0 11 0 11 0 11 0 11 0 11 0 11 0 11 0 11 0 11 0 11 0 11 0 11 0 11 0 11 0 11 0 11 0 11 0 11 0 11 0 11 0 11 0 11 0 11 0 11 0 11 0 11 0 11 0 11 0 11 0 11 0 11 0 11 0 11 0 11 0 11 0 11 0 11 0 11 0 11 0 11 0 11 0 11 0 11 0 11 0 11 0 11 0 11 0 11 0 11 0 11 0 11 0 11 0 11 0 11 0 11 0 11 0 11 0 11 0 11 0 11 0 11 0 11 0 11 0 11 0 11 0 11 0 11 0 11 0 12 0 12 0 12 0 12 0 12 0 12 0 12 0 12 0 12 0 12 0 12 0 12 0 12 0 12 0 12 0 12 0 12 0 12 0 12 0 12 0 12 0 12 0 12 0 12 0 12 0 12 0 12 0 12 0 12 0 12 0 12 0 12 0 12 0 12 0 12 0 12 0 12 0 12 0 12 0 12 0 12 0 12 0 12 0 12 0 12 0 12 0 12 0 12 0 12 0 12 0 12 0 12 0 12 0 12 0 12 0 12 0 12 0 12 0 12 0 12 0 12 0 12 0 12 0 12 0 12 0 12 0 12 0 12 0 12 0 12 0 12 0 12 0 12 0 12 0 12 0 12 0 12 0 12 0 12 0 12 0 12 0 12 0 12 0 12 0 12 0 12 0 12 0 12 0 12 0 12 0 12 0 12 0 12 0 12 0 12 0 12 0 12 0 12 0 12 0 12 0 12 0 12 0 12 0 12 0 12 0 12 0 12 0 12 0 12 0 12 0 12 0 12 0 12 0 12 0 12 0 12 0 12 0 12 0 12 0 12 0 12 0 12 0 12 0 12 0 12 0 12 0 12 0 12 0 12 0 12 0 12 0 12 0 12 0 12 0 12 0 12 0 12 0 12 0 12 0 12 0 12 0 12 0 12 0 12 0 3 0 3 0 3 0 3 0 3 0 3 0 3 0 3 0 3 0 3 0 3 0 3 0 3 0 3 0 3 0 3 0 3 0 3 0 3 0 3 0 3 0 3 0 3 0 3 0 3 0 3 0 3 0 3 0 3 0 3 0 3 0 3 0 3 0 3 0 3 0 3 0 3 0 3 0 3 0 3 0 3 0 3 0 3 0 3 0 3 0 3 0 3 0 3 0 3 0 3 0 3 0 3 0 3 0 3 0 3 0 3 0 3 0 3 0 3 0 3 0 3 0 3 0 3 0 3 0 3 0 3 0 3 0 3 0 3 0 3 0 3 0 3 0 3 0 3 0 3 0 3 0 3 0 3 0 3 0 3 0 3 0 3 0 3 0 3 0 3 0 3 0 3 0 3 0 3 0 3 0 3 0 3 0 3 0 3 0 3 0 3 0 3 0 3 0 3 0 3 0 3 0 3 0 3 0 3 0 3 0 3 0 3 0 3 0 3 0 3 0 3 0 3 0 3 0 3 0 3 0 3 0 3 0 3 0 3 0 3 0 3 0 3 0 3 0 3 0 3 0 3 0 3 0 3 0 3 0 3 0 3 0 3 0 3 0 3 0 3 0 3 0 3 0 3 0 3 0 3 0 3 0 3 0 3 0 3 0 3 0 3 0 3 0 3 0 3 0 3 0 3 0 3 0 3 0 3 0 3 0 3 0 3 0 3 0 3 0 3 0 3 0 3 0 3 0 3 0 3 0 3 0 3 0 3 0 3 0 3 0 3 0 3 0 3 0 3 0 3 0 3 0 3 0 3 0 3 0 3 0 3 0 3 0 3 0 3 0 3 0 3 0 3 0 3 0 3 0 3 0 3 0 3 0 3 0 3 0 3 0 3 0 3 0 3 0 3 0 3 0 3 0 3 0 3 0 3 0 3 0 3 0 3 0 3 0 3 0 3 0 3 0 3 0 3 0 3 0 3 0 3 0 3 0 3 0 3 0 3 0 3 0 3 0 3 0 3 0 3 0 3 0 3 0 3 0 4 0 4 0 4 0 4 0 4 0 4 0 4 0 4 0 4 0 4 0 4 0 4 0 4 0 4 0 4 0 4 0</v>
        </vertex_weights>
      </skin>
    </controller>
  </library_controllers>
  <library_visual_scenes>
    <visual_scene id="AnimalScene">
      <node id="Armature" name="Armature">
        <node id="Bip01" sid="Bip01" name="Bip01" type="JOINT">
          <matrix sid="transform">1 0 0 0 0 1 -0 0 0 0 1 0 0 0 0 1</matrix>
          <node id="Torso" sid="Torso" name="Torso" type="JOINT">
            <matrix sid="transform">1 0 0 0 0 1 -0 0 0 0 1 65 0 0 0 1</matrix>
            <node id="Neck" sid="Neck" name="Neck" type="JOINT">
              <matrix sid="transform">1 0 0 0 0 1 -0 26 0 0 1 8 0 0 0 1</matrix>
              <node id="Head" sid="Head" name="Head" type="JOINT">
                <matrix sid="transform">1 0 0 0 0 1 -0 9 0 0 1 25 0 0 0 1</matrix>
              </node>
            </node>
            <node id="Tail" sid="Tail" name="Tail" type="JOINT">
              <matrix sid="transform">1 0 0 0 0 1 -0 -33 0 0 1 0 0 0 0 1</matrix>
            </node>
          </node>
          <node id="FL_Upper" sid="FL_Upper" name="FL_Upper" type="JOINT">
            <matrix sid="transform">1 0 0 -14 0 1 -0 26 0 0 1 63 0 0 0 1</matrix>
            <node id="FL_Lower" sid="FL_Lower" name="FL_Lower" type="JOINT">
              <matrix sid="transform">1 0 0 0 0 1 -0 0 0 0 1 -29 0 0 0 1</matrix>
            </node>
          </node>
          <node id="FR_Upper" sid="FR_Upper" name="FR_Upper" type="JOINT">
            <matrix sid="transform">1 0 0 14 0 1 -0 26 0 0 1 63 0 0 0 1</matrix>
            <node id="FR_Lower" sid="FR_Lower" name="FR_Lower" type="JOINT">
              <matrix sid="transform">1 0 0 0 0 1 -0 0 0 0 1 -29 0 0 0 1</matrix>
            </node>
          </node>
          <node id="HL_Upper" sid="HL_Upper" name="HL_Upper" type="JOINT">
            <matrix sid="transform">1 0 0 -14 0 1 -0 -26 0 0 1 63 0 0 0 1</matrix>
            <node id="HL_Lower" sid="HL_Lower" name="HL_Lower" type="JOINT">
              <matrix sid="transform">1 0 0 0 0 1 -0 0 0 0 1 -29 0 0 0 1</matrix>
            </node>
          </node>
          <node id="HR_Upper" sid="HR_Upper" name="HR_Upper" type="JOINT">
            <matrix sid="transform">1 0 0 14 0 1 -0 -26 0 0 1 63 0 0 0 1</matrix>
            <node id="HR_Lower" sid="HR_Lower" name="HR_Lower" type="JOINT">
              <matrix sid="transform">1 0 0 0 0 1 -0 0 0 0 1 -29 0 0 0 1</matrix>
            </node>
          </node>
        </node>
        <node id="AnimalMesh" name="AnimalMesh">
          <instance_controller url="#animal-skin">
            <skeleton>#Bip01</skeleton>
            <bind_material>
              <technique_common>
                <instance_material symbol="body-material" target="#animal-material" />
              </technique_common>
            </bind_material>
          </instance_controller>
        </node>
      </node>
      <node id="Collision" name="Collision">
        <node id="CollisionMesh" name="CollisionMesh">
          <instance_geometry url="#collision-geometry" />
        </node>
      </node>
    </visual_scene>
  </library_visual_scenes>
  <library_animations>
    <animation id="Bip01-animation" name="Bip01-animation">
      <source id="Bip01-time">
        <float_array id="Bip01-time-array" count="322">0.0333333333 0.0666666667 0.1 0.133333333 0.166666667 0.2 0.233333333 0.266666667 0.3 0.333333333 0.366666667 0.4 0.433333333 0.466666667 0.5 0.533333333 0.566666667 0.6 0.633333333 0.666666667 0.7 0.733333333 0.766666667 0.8 0.833333333 0.866666667 0.9 0.933333333 0.966666667 1 1.03333333 1.06666667 1.1 1.13333333 1.16666667 1.2 1.23333333 1.26666667 1.3 1.33333333 1.36666667 1.4 1.43333333 1.46666667 1.5 1.53333333 1.56666667 1.6 1.63333333 1.66666667 1.7 1.73333333 1.76666667 1.8 1.83333333 1.86666667 1.9 1.93333333 1.96666667 2 2.03333333 2.06666667 2.1 2.13333333 2.16666667 2.2 2.23333333 2.26666667 2.3 2.33333333 2.36666667 2.4 2.43333333 2.46666667 2.5 2.53333333 2.56666667 2.6 2.63333333 2.66666667 2.7 2.73333333 2.76666667 2.8 2.83333333 2.86666667 2.9 2.93333333 2.96666667 3 3.03333333 3.06666667 3.1 3.13333333 3.16666667 3.2 3.23333333 3.26666667 3.3 3.33333333 3.36666667 3.4 3.43333333 3.46666667 3.5 3.53333333 3.56666667 3.6 3.63333333 3.66666667 3.7 3.73333333 3.76666667 3.8 3.83333333 3.86666667 3.9 3.93333333 3.96666667 4 4.03333333 4.06666667 4.1 4.13333333 4.16666667 4.2 4.23333333 4.26666667 4.3 4.33333333 4.36666667 4.4 4.43333333 4.46666667 4.5 4.53333333 4.56666667 4.6 4.63333333 4.66666667 4.7 4.73333333 4.76666667 4.8 4.83333333 4.86666667 4.9 4.93333333 4.96666667 5 5.03333333 5.06666667 5.1 5.13333333 5.16666667 5.2 5.23333333 5.26666667 5.3 5.33333333 5.36666667 5.4 5.43333333 5.46666667 5.5 5.53333333 5.56666667 5.6 5.63333333 5.66666667 5.7 5.73333333 5.76666667 5.8 5.83333333 5.86666667 5.9 5.93333333 5.96666667 6 6.03333333 6.06666667 6.1 6.13333333 6.16666667 6.2 6.23333333 6.26666667 6.3 6.33333333 6.36666667 6.4 6.43333333 6.46666667 6.5 6.53333333 6.56666667 6.6 6.63333333 6.66666667 6.7 6.73333333 6.76666667 6.8 6.83333333 6.86666667 6.9 6.93333333 6.96666667 7 7.03333333 7.06666667 7.1 7.13333333 7.16666667 7.2 7.23333333 7.26666667 7.3 7.33333333 7.36666667 7.4 7.43333333 7.46666667 7.5 7.53333333 7.56666667 7.6 7.63333333 7.66666667 7.7 7.73333333 7.76666667 7.8 7.83333333 7.86666667 7.9 7.93333333 7.96666667 8 8.03333333 8.06666667 8.1 8.13333333 8.16666667 8.2 8.23333333 8.26666667 8.3 8.33333333 8.36666667 8.4 8.43333333 8.46666667 8.5 8.53333333 8.56666667 8.6 8.63333333 8.66666667 8.7 8.73333333 8.76666667 8.8 8.83333333 8.86666667 8.9 8.93333333 8.96666667 9 9.03333333 9.06666667 9.1 9.13333333 9.16666667 9.2 9.23333333 9.26666667 9.3 9.33333333 9.36666667 9.4 9.43333333 9.46666667 9.5 9.53333333 9.56666667 9.6 9.63333333 9.66666667 9.7 9.73333333 9.76666667 9.8 9.83333333 9.86666667 9.9 9.93333333 9.96666667 10 10.0333333 10.0666667 10.1 10.1333333 10.1666667 10.2 10.2333333 10.2666667 10.3 10.3333333 10.3666667 10.4 10.4333333 10.4666667 10.5 10.5333333 10.5666667 10.6 10.6333333 10.6666667 10.7 10.7333333</float_array>
        <technique_common>
          <accessor source="#Bip01-time-array" count="322" stride="1">
            <param name="TIME" type="float" />
          </accessor>
        </technique_common>
      </source>
      <source id="Bip01-output">
        <float_array id="Bip01-output-array" count="5152">1 0 0 0 0 1 -0 0 0 0 1 0 0 0 0 1 1 0 0 0 0 1 -0 0 0 0 1 0 0 0 0 1 1 0 0 0 0 1 -0 0 0 0 1 0 0 0 0 1 1 0 0 0 0 1 -0 0 0 0 1 0 0 0 0 1 1 0 0 0 0 1 -0 0 0 0 1 0 0 0 0 1 1 0 0 0 0 1 -0 0 0 0 1 0 0 0 0 1 1 0 0 0 0 1 -0 0 0 0 1 0 0 0 0 1 1 0 0 0 0 1 -0 0 0 0 1 0 0 0 0 1 1 0 0 0 0 1 -0 0 0 0 1 0 0 0 0 1 1 0 0 0 0 1 -0 0 0 0 1 0 0 0 0 1 1 0 0 0 0 1 -0 0 0 0 1 0 0 0 0 1 1 0 0 0 0 1 -0 0 0 0 1 0 0 0 0 1 1 0 0 0 0 1 -0 0 0 0 1 0 0 0 0 1 1 0 0 0 0 1 -0 0 0 0 1 0 0 0 0 1 1 0 0 0 0 1 -0 0 0 0 1 0 0 0 0 1 1 0 0 0 0 1 -0 0 0 0 1 0 0 0 0 1 1 0 0 0 0 1 -0 0 0 0 1 0 0 0 0 1 1 0 0 0 0 1 -0 0 0 0 1 0 0 0 0 1 1 0 0 0 0 1 -0 0 0 0 1 0 0 0 0 1 1 0 0 0 0 1 -0 0 0 0 1 0 0 0 0 1 1 0 0 0 0 1 -0 0 0 0 1 0 0 0 0 1 1 0 0 0 0 1 -0 0 0 0 1 0 0 0 0 1 1 0 0 0 0 1 -0 0 0 0 1 0 0 0 0 1 1 0 0 0 0 1 -0 0 0 0 1 0 0 0 0 1 1 0 0 0 0 1 -0 0 0 0 1 0 0 0 0 1 1 0 0 0 0 1 -0 0 0 0 1 0 0 0 0 1 1 0 0 0 0 1 -0 0 0 0 1 0 0 0 0 1 1 0 0 0 0 1 -0 0 0 0 1 0 0 0 0 1 1 0 0 0 0 1 -0 0 0 0 1 0 0 0 0 1 1 0 0 0 0 1 -0 0 0 0 1 0 0 0 0 1 1 0 0 0 0 1 -0 0 0 0 1 0 0 0 0 1 1 0 0 0 0 1 -0 0 0 0 1 0 0 0 0 1 1 0 0 0 0 1 -0 0 0 0 1 0 0 0 0 1 1 0 0 0 0 1 -0 0 0 0 1 0 0 0 0 1 1 0 0 0 0 1 -0 0 0 0 1 0 0 0 0 1 1 0 0 0 0 1 -0 0 0 0 1 0 0 0 0 1 1 0 0 0 0 1 -0 0 0 0 1 0 0 0 0 1 1 0 0 0 0 1 -0 0 0 0 1 0 0 0 0 1 1 0 0 0 0 1 -0 0 0 0 1 0 0 0 0 1 1 0 0 0 0 1 -0 0 0 0 1 0 0 0 0 1 1 0 0 0 0 1 -0 0 0 0 1 0 0 0 0 1 1 0 0 0 0 1 -0 0 0 0 1 0 0 0 0 1 1 0 0 0 0 1 -0 0 0 0 1 0 0 0 0 1 1 0 0 0 0 1 -0 0 0 0 1 0 0 0 0 1 1 0 0 0 0 1 -0 0 0 0 1 0 0 0 0 1 1 0 0 0 0 1 -0 0 0 0 1 0 0 0 0 1 1 0 0 0 0 1 -0 0 0 0 1 0 0 0 0 1 1 0 0 0 0 1 -0 0 0 0 1 0 0 0 0 1 1 0 0 0 0 1 -0 0 0 0 1 0 0 0 0 1 1 0 0 0 0 1 -0 0 0 0 1 0 0 0 0 1 1 0 0 0 0 1 -0 0 0 0 1 0 0 0 0 1 1 0 0 0 0 1 -0 0 0 0 1 0 0 0 0 1 1 0 0 0 0 1 -0 0 0 0 1 0 0 0 0 1 1 0 0 0 0 1 -0 0 0 0 1 0 0 0 0 1 1 0 0 0 0 1 -0 0 0 0 1 0 0 0 0 1 1 0 0 0 0 1 -0 0 0 0 1 0 0 0 0 1 1 0 0 0 0 1 -0 0 0 0 1 0 0 0 0 1 1 0 0 0 0 1 -0 0 0 0 1 0 0 0 0 1 1 0 0 0 0 1 -0 0 0 0 1 0 0 0 0 1 1 0 0 0 0 1 -0 0 0 0 1 0 0 0 0 1 1 0 0 0 0 1 -0 0 0 0 1 0 0 0 0 1 1 0 0 0 0 1 -0 0 0 0 1 0 0 0 0 1 1 0 0 0 0 1 -0 2.91666667 0 0 1 0 0 0 0 1 1 0 0 0 0 1 -0 5.83333333 0 0 1 0 0 0 0 1 1 0 0 0 0 1 -0 8.75 0 0 1 0 0 0 0 1 1 0 0 0 0 1 -0 11.6666667 0 0 1 0 0 0 0 1 1 0 0 0 0 1 -0 14.5833333 0 0 1 0 0 0 0 1 1 0 0 0 0 1 -0 17.5 0 0 1 0 0 0 0 1 1 0 0 0 0 1 -0 20.4166667 0 0 1 0 0 0 0 1 1 0 0 0 0 1 -0 23.3333333 0 0 1 0 0 0 0 1 1 0 0 0 0 1 -0 26.25 0 0 1 0 0 0 0 1 1 0 0 0 0 1 -0 29.1666667 0 0 1 0 0 0 0 1 1 0 0 0 0 1 -0 32.0833333 0 0 1 0 0 0 0 1 1 0 0 0 0 1 -0 35 0 0 1 0 0 0 0 1 1 0 0 0 0 1 -0 37.9166667 0 0 1 0 0 0 0 1 1 0 0 0 0 1 -0 40.8333333 0 0 1 0 0 0 0 1 1 0 0 0 0 1 -0 43.75 0 0 1 0 0 0 0 1 1 0 0 0 0 1 -0 46.6666667 0 0 1 0 0 0 0 1 1 0 0 0 0 1 -0 49.5833333 0 0 1 0 0 0 0 1 1 0 0 0 0 1 -0 52.5 0 0 1 0 0 0 0 1 1 0 0 0 0 1 -0 55.4166667 0 0 1 0 0 0 0 1 1 0 0 0 0 1 -0 58.3333333 0 0 1 0 0 0 0 1 1 0 0 0 0 1 -0 61.25 0 0 1 0 0 0 0 1 1 0 0 0 0 1 -0 64.1666667 0 0 1 0 0 0 0 1 1 0 0 0 0 1 -0 67.0833333 0 0 1 0 0 0 0 1 1 0 0 0 0 1 -0 70 0 0 1 0 0 0 0 1 1 0 0 0 0 1 -0 72.9166667 0 0 1 0 0 0 0 1 1 0 0 0 0 1 -0 75.8333333 0 0 1 0 0 0 0 1 1 0 0 0 0 1 -0 78.75 0 0 1 0 0 0 0 1 1 0 0 0 0 1 -0 81.6666667 0 0 1 0 0 0 0 1 1 0 0 0 0 1 -0 84.5833333 0 0 1 0 0 0 0 1 1 0 0 0 0 1 -0 87.5 0 0 1 0 0 0 0 1 1 0 0 0 0 1 -0 90.4166667 0 0 1 0 0 0 0 1 1 0 0 0 0 1 -0 93.3333333 0 0 1 0 0 0 0 1 1 0 0 0 0 1 -0 96.25 0 0 1 0 0 0 0 1 1 0 0 0 0 1 -0 99.1666667 0 0 1 0 0 0 0 1 1 0 0 0 0 1 -0 102.083333 0 0 1 0 0 0 0 1 1 0 0 0 0 1 -0 105 0 0 1 0 0 0 0 1 1 0 0 0 0 1 -0 107.916667 0 0 1 0 0 0 0 1 1 0 0 0 0 1 -0 110.833333 0 0 1 0 0 0 0 1 1 0 0 0 0 1 -0 113.75 0 0 1 0 0 0 0 1 1 0 0 0 0 1 -0 116.666667 0 0 1 0 0 0 0 1 1 0 0 0 0 1 -0 119.583333 0 0 1 0 0 0 0 1 1 0 0 0 0 1 -0 122.5 0 0 1 0 0 0 0 1 1 0 0 0 0 1 -0 125.416667 0 0 1 0 0 0 0 1 1 0 0 0 0 1 -0 128.333333 0 0 1 0 0 0 0 1 1 0 0 0 0 1 -0 131.25 0 0 1 0 0 0 0 1 1 0 0 0 0 1 -0 134.166667 0 0 1 0 0 0 0 1 1 0 0 0 0 1 -0 137.083333 0 0 1 0 0 0 0 1 1 0 0 0 0 1 -0 140 0 0 1 0 0 0 0 1 1 0 0 0 0 1 -0 0 0 0 1 0 0 0 0 1 1 0 0 0 0 1 -0 8.75 0 0 1 0 0 0 0 1 1 0 0 0 0 1 -0 17.5 0 0 1 0 0 0 0 1 1 0 0 0 0 1 -0 26.25 0 0 1 0 0 0 0 1 1 0 0 0 0 1 -0 35 0 0 1 0 0 0 0 1 1 0 0 0 0 1 -0 43.75 0 0 1 0 0 0 0 1 1 0 0 0 0 1 -0 52.5 0 0 1 0 0 0 0 1 1 0 0 0 0 1 -0 61.25 0 0 1 0 0 0 0 1 1 0 0 0 0 1 -0 70 0 0 1 0 0 0 0 1 1 0 0 0 0 1 -0 78.75 0 0 1 0 0 0 0 1 1 0 0 0 0 1 -0 87.5 0 0 1 0 0 0 0 1 1 0 0 0 0 1 -0 96.25 0 0 1 0 0 0 0 1 1 0 0 0 0 1 -0 105 0 0 1 0 0 0 0 1 1 0 0 0 0 1 -0 113.75 0 0 1 0 0 0 0 1 1 0 0 0 0 1 -0 122.5 0 0 1 0 0 0 0 1 1 0 0 0 0 1 -0 131.25 0 0 1 0 0 0 0 1 1 0 0 0 0 1 -0 140 0 0 1 0 0 0 0 1 1 0 0 0 0 1 -0 148.75 0 0 1 0 0 0 0 1 1 0 0 0 0 1 -0 157.5 0 0 1 0 0 0 0 1 1 0 0 0 0 1 -0 166.25 0 0 1 0 0 0 0 1 1 0 0 0 0 1 -0 175 0 0 1 0 0 0 0 1 1 0 0 0 0 1 -0 183.75 0 0 1 0 0 0 0 1 1 0 0 0 0 1 -0 192.5 0 0 1 0 0 0 0 1 1 0 0 0 0 1 -0 201.25 0 0 1 0 0 0 0 1 1 0 0 0 0 1 -0 210 0 0 1 0 0 0 0 1 1 0 0 0 0 1 -0 0 0 0 1 0 0 0 0 1 1 0 0 0 0 1 -0 0 0 0 1 0 0 0 0 1 1 0 0 0 0 1 -0 0 0 0 1 0 0 0 0 1 1 0 0 0 0 1 -0 0 0 0 1 0 0 0 0 1 1 0 0 0 0 1 -0 0 0 0 1 0 0 0 0 1 1 0 0 0 0 1 -0 0 0 0 1 0 0 0 0 1 1 0 0 0 0 1 -0 0 0 0 1 0 0 0 0 1 1 0 0 0 0 1 -0 0 0 0 1 0 0 0 0 1 1 0 0 0 0 1 -0 0 0 0 1 0 0 0 0 1 1 0 0 0 0 1 -0 0 0 0 1 0 0 0 0 1 1 0 0 0 0 1 -0 0 0 0 1 0 0 0 0 1 1 0 0 0 0 1 -0 0 0 0 1 0 0 0 0 1 1 0 0 0 0 1 -0 0 0 0 1 0 0 0 0 1 1 0 0 0 0 1 -0 0 0 0 1 0 0 0 0 1 1 0 0 0 0 1 -0 0 0 0 1 0 0 0 0 1 1 0 0 0 0 1 -0 0 0 0 1 0 0 0 0 1 1 0 0 0 0 1 -0 0 0 0 1 0 0 0 0 1 1 0 0 0 0 1 -0 0 0 0 1 0 0 0 0 1 1 0 0 0 0 1 -0 0 0 0 1 0 0 0 0 1 1 0 0 0 0 1 -0 0 0 0 1 0 0 0 0 1 1 0 0 0 0 1 -0 0 0 0 1 0 0 0 0 1 1 0 0 0 0 1 -0 0 0 0 1 0 0 0 0 1 1 0 0 0 0 1 -0 0 0 0 1 0 0 0 0 1 1 0 0 0 0 1 -0 0 0 0 1 0 0 0 0 1 1 0 0 0 0 1 -0 0 0 0 1 0 0 0 0 1 1 0 0 0 0 1 -0 0 0 0 1 0 0 0 0 1 1 0 0 0 0 1 -0 0 0 0 1 0 0 0 0 1 1 0 0 0 0 1 -0 0 0 0 1 0 0 0 0 1 1 0 0 0 0 1 -0 0 0 0 1 0 0 0 0 1 1 0 0 0 0 1 -0 0 0 0 1 0 0 0 0 1 1 0 0 0 0 1 -0 0 0 0 1 0 0 0 0 1 1 0 0 0 0 1 -0 0 0 0 1 0 0 0 0 1 1 0 0 0 0 1 -0 0 0 0 1 0 0 0 0 1 1 0 0 0 0 1 -0 0 0 0 1 0 0 0 0 1 1 0 0 0 0 1 -0 0 0 0 1 0 0 0 0 1 1 0 0 0 0 1 -0 0 0 0 1 0 0 0 0 1 1 0 0 0 0 1 -0 0 0 0 1 0 0 0 0 1 1 0 0 0 0 1 -0 0 0 0 1 0 0 0 0 1 1 0 0 0 0 1 -0 0 0 0 1 0 0 0 0 1 1 0 0 0 0 1 -0 0 0 0 1 0 0 0 0 1 1 0 0 0 0 1 -0 0 0 0 1 0 0 0 0 1 1 0 0 0 0 1 -0 0 0 0 1 0 0 0 0 1 1 0 0 0 0 1 -0 0 0 0 1 0 0 0 0 1 1 0 0 0 0 1 -0 0 0 0 1 0 0 0 0 1 1 0 0 0 0 1 -0 0 0 0 1 0 0 0 0 1 1 0 0 0 0 1 -0 0 0 0 1 0 0 0 0 1 1 0 0 0 0 1 -0 0 0 0 1 0 0 0 0 1 1 0 0 0 0 1 -0 0 0 0 1 0 0 0 0 1 1 0 0 0 0 1 -0 0 0 0 1 0 0 0 0 1 1 0 0 0 0 1 -0 0 0 0 1 0 0 0 0 1 1 0 0 0 0 1 -0 0 0 0 1 0 0 0 0 1 1 0 0 0 0 1 -0 0 0 0 1 0 0 0 0 1 1 0 0 0 0 1 -0 0 0 0 1 0 0 0 0 1 1 0 0 0 0 1 -0 0 0 0 1 0 0 0 0 1 1 0 0 0 0 1 -0 0 0 0 1 0 0 0 0 1 1 0 0 0 0 1 -0 0 0 0 1 0 0 0 0 1 1 0 0 0 0 1 -0 0 0 0 1 0 0 0 0 1 1 0 0 0 0 1 -0 0 0 0 1 0 0 0 0 1 1 0 0 0 0 1 -0 0 0 0 1 0 0 0 0 1 1 0 0 0 0 1 -0 0 0 0 1 0 0 0 0 1 1 0 0 0 0 1 -0 0 0 0 1 0 0 0 0 1 1 0 0 0 0 1 -0 0 0 0 1 0 0 0 0 1 1 0 0 0 0 1 -0 0 0 0 1 0 0 0 0 1 1 0 0 0 0 1 -0 0 0 0 1 0 0 0 0 1 1 0 0 0 0 1 -0 0 0 0 1 0 0 0 0 1 1 0 0 0 0 1 -0 0 0 0 1 0 0 0 0 1 1 0 0 0 0 1 -0 0 0 0 1 0 0 0 0 1 1 0 0 0 0 1 -0 0 0 0 1 0 0 0 0 1 1 0 0 0 0 1 -0 0 0 0 1 0 0 0 0 1 1 0 0 0 0 1 -0 0 0 0 1 0 0 0 0 1 1 0 0 0 0 1 -0 0 0 0 1 0 0 0 0 1 1 0 0 0 0 1 -0 0 0 0 1 0 0 0 0 1 1 0 0 0 0 1 -0 0 0 0 1 0 0 0 0 1 1 0 0 0 0 1 -0 0 0 0 1 0 0 0 0 1 1 0 0 0 0 1 -0 0 0 0 1 0 0 0 0 1 1 0 0 0 0 1 -0 0 0 0 1 0 0 0 0 1 1 0 0 0 0 1 -0 0 0 0 1 0 0 0 0 1 1 0 0 0 0 1 -0 0 0 0 1 0 0 0 0 1 1 0 0 0 0 1 -0 0 0 0 1 0 0 0 0 1 1 0 0 0 0 1 -0 0 0 0 1 0 0 0 0 1 1 0 0 0 0 1 -0 0 0 0 1 0 0 0 0 1 1 0 0 0 0 1 -0 0 0 0 1 0 0 0 0 1 1 0 0 0 0 1 -0 0 0 0 1 0 0 0 0 1 1 0 0 0 0 1 -0 0 0 0 1 0 0 0 0 1 1 0 0 0 0 1 -0 0 0 0 1 0 0 0 0 1 1 0 0 0 0 1 -0 0 0 0 1 0 0 0 0 1 1 0 0 0 0 1 -0 0 0 0 1 0 0 0 0 1 1 0 0 0 0 1 -0 0 0 0 1 0 0 0 0 1 1 0 0 0 0 1 -0 0 0 0 1 0 0 0 0 1 1 0 0 0 0 1 -0 0 0 0 1 0 0 0 0 1 1 0 0 0 0 1 -0 0 0 0 1 0 0 0 0 1 1 0 0 0 0 1 -0 0 0 0 1 0 0 0 0 1 1 0 0 0 0 1 -0 0 0 0 1 0 0 0 0 1 1 0 0 0 0 1 -0 0 0 0 1 0 0 0 0 1 1 0 0 0 0 1 -0 0 0 0 1 0 0 0 0 1 1 0 0 0 0 1 -0 0 0 0 1 0 0 0 0 1 1 0 0 0 0 1 -0 0 0 0 1 0 0 0 0 1 1 0 0 0 0 1 -0 0 0 0 1 0 0 0 0 1 1 0 0 0 0 1 -0 0 0 0 1 0 0 0 0 1 1 0 0 0 0 1 -0 0 0 0 1 0 0 0 0 1 1 0 0 0 0 1 -0 0 0 0 1 0 0 0 0 1 1 0 0 0 0 1 -0 0 0 0 1 0 0 0 0 1 1 0 0 0 0 1 -0 0 0 0 1 0 0 0 0 1 1 0 0 0 0 1 -0 0 0 0 1 0 0 0 0 1 1 0 0 0 0 1 -0 0 0 0 1 0 0 0 0 1 1 0 0 0 0 1 -0 0 0 0 1 0 0 0 0 1 1 0 0 0 0 1 -0 0 0 0 1 0 0 0 0 1 1 0 0 0 0 1 -0 0 0 0 1 0 0 0 0 1 1 0 0 0 0 1 -0 0 0 0 1 0 0 0 0 1 1 0 0 0 0 1 -0 0 0 0 1 0 0 0 0 1 1 0 0 0 0 1 -0 0 0 0 1 0 0 0 0 1 1 0 0 0 0 1 -0 0 0 0 1 0 0 0 0 1 1 0 0 0 0 1 -0 0 0 0 1 0 0 0 0 1 1 0 0 0 0 1 -0 0 0 0 1 0 0 0 0 1 1 0 0 0 0 1 -0 0 0 0 1 0 0 0 0 1 1 0 0 0 0 1 -0 0 0 0 1 0 0 0 0 1 1 0 0 0 0 1 -0 0 0 0 1 0 0 0 0 1 1 0 0 0 0 1 -0 0 0 0 1 0 0 0 0 1 1 0 0 0 0 1 -0 0 0 0 1 0 0 0 0 1 1 0 0 0 0 1 -0 0 0 0 1 0 0 0 0 1 1 0 0 0 0 1 -0 0 0 0 1 0 0 0 0 1 1 0 0 0 0 1 -0 0 0 0 1 0 0 0 0 1 1 0 0 0 0 1 -0 0 0 0 1 0 0 0 0 1 1 0 0 0 0 1 -0 0 0 0 1 0 0 0 0 1 1 0 0 0 0 1 -0 0 0 0 1 0 0 0 0 1 1 0 0 0 0 1 -0 0 0 0 1 0 0 0 0 1 1 0 0 0 0 1 -0 0 0 0 1 0 0 0 0 1 1 0 0 0 0 1 -0 0 0 0 1 0 0 0 0 1 1 0 0 0 0 1 -0 0 0 0 1 0 0 0 0 1 1 0 0 0 0 1 -0 0 0 0 1 0 0 0 0 1 1 0 0 0 0 1 -0 0 0 0 1 0 0 0 0 1 1 0 0 0 0 1 -0 0 0 0 1 0 0 0 0 1 1 0 0 0 0 1 -0 0 0 0 1 0 0 0 0 1 1 0 0 0 0 1 -0 0 0 0 1 0 0 0 0 1 1 0 0 0 0 1 -0 0 0 0 1 0 0 0 0 1 1 0 0 0 0 1 -0 0 0 0 1 0 0 0 0 1 1 0 0 0 0 1 -0 0 0 0 1 0 0 0 0 1 1 0 0 0 0 1 -0 0 0 0 1 0 0 0 0 1 1 0 0 0 0 1 -0 0 0 0 1 0 0 0 0 1 1 0 0 0 0 1 -0 0 0 0 1 0 0 0 0 1 1 0 0 0 0 1 -0 0 0 0 1 0 0 0 0 1 1 0 0 0 0 1 -0 0 0 0 1 0 0 0 0 1 1 0 0 0 0 1 -0 0 0 0 1 0 0 0 0 1 1 0 0 0 0 1 -0 0 0 0 1 0 0 0 0 1 1 0 0 0 0 1 -0 0 0 0 1 0 0 0 0 1 1 0 0 0 0 1 -0 0 0 0 1 0 0 0 0 1 1 0 0 0 0 1 -0 0 0 0 1 0 0 0 0 1 1 0 0 0 0 1 -0 0 0 0 1 0 0 0 0 1 1 0 0 0 0 1 -0 0 0 0 1 0 0 0 0 1 1 0 0 0 0 1 -0 0 0 0 1 0 0 0 0 1 1 0 0 0 0 1 -0 0 0 0 1 0 0 0 0 1 1 0 0 0 0 1 -0 0 0 0 1 0 0 0 0 1 1 0 0 0 0 1 -0 0 0 0 1 0 0 0 0 1 1 0 0 0 0 1 -0 0 0 0 1 0 0 0 0 1 1 0 0 0 0 1 -0 0 0 0 1 0 0 0 0 1 1 0 0 0 0 1 -0 0 0 0 1 0 0 0 0 1 1 0 0 0 0 1 -0 0 0 0 1 0 0 0 0 1 1 0 0 0 0 1 -0 0 0 0 1 0 0 0 0 1 1 0 0 0 0 1 -0 0 0 0 1 0 0 0 0 1 1 0 0 0 0 1 -0 0 0 0 1 0 0 0 0 1 1 0 0 0 0 1 -0 0 0 0 1 0 0 0 0 1 1 0 0 0 0 1 -0 0 0 0 1 0 0 0 0 1 1 0 0 0 0 1 -0 0 0 0 1 0 0 0 0 1 1 0 0 0 0 1 -0 0 0 0 1 0 0 0 0 1 1 0 0 0 0 1 -0 0 0 0 1 0 0 0 0 1 1 0 0 0 0 1 -0 0 0 0 1 0 0 0 0 1 1 0 0 0 0 1 -0 0 0 0 1 0 0 0 0 1 1 0 0 0 0 1 -0 0 0 0 1 0 0 0 0 1 1 0 0 0 0 1 -0 0 0 0 1 0 0 0 0 1 1 0 0 0 0 1 -0 0 0 0 1 0 0 0 0 1 1 0 0 0 0 1 -0 0 0 0 1 0 0 0 0 1 1 0 0 0 0 1 -0 0 0 0 1 0 0 0 0 1 1 0 0 0 0 1 -0 0 0 0 1 0 0 0 0 1 1 0 0 0 0 1 -0 0 0 0 1 0 0 0 0 1 1 0 0 0 0 1 -0 0 0 0 1 0 0 0 0 1 1 0 0 0 0 1 -0 0 0 0 1 0 0 0 0 1 1 0 0 0 0 1 -0 0 0 0 1 0 0 0 0 1 1 0 0 0 0 1 -0 0 0 0 1 0 0 0 0 1 1 0 0 0 0 1 -0 0 0 0 1 0 0 0 0 1 1 0 0 0 0 1 -0 0 0 0 1 0 0 0 0 1 1 0 0 0 0 1 -0 0 0 0 1 0 0 0 0 1 1 0 0 0 0 1 -0 0 0 0 1 0 0 0 0 1 1 0 0 0 0 1 -0 0 0 0 1 0 0 0 0 1 1 0 0 0 0 1 -0 0 0 0 1 0 0 0 0 1 1 0 0 0 0 1 -0 0 0 0 1 0 0 0 0 1 1 0 0 0 0 1 -0 0 0 0 1 0 0 0 0 1 1 0 0 0 0 1 -0 0 0 0 1 0 0 0 0 1</float_array>
        <technique_common>
          <accessor source="#Bip01-output-array" count="322" stride="16">
            <param name="TRANSFORM" type="float4x4" />
          </accessor>
        </technique_common>
      </source>
      <source id="Bip01-interpolation">
        <Name_array id="Bip01-interpolation-array" count="322">LINEAR LINEAR LINEAR LINEAR LINEAR LINEAR LINEAR LINEAR LINEAR LINEAR LINEAR LINEAR LINEAR LINEAR LINEAR LINEAR LINEAR LINEAR LINEAR LINEAR LINEAR LINEAR LINEAR LINEAR LINEAR LINEAR LINEAR LINEAR LINEAR LINEAR LINEAR LINEAR LINEAR LINEAR LINEAR LINEAR LINEAR LINEAR LINEAR LINEAR LINEAR LINEAR LINEAR LINEAR LINEAR LINEAR LINEAR LINEAR LINEAR LINEAR LINEAR LINEAR LINEAR LINEAR LINEAR LINEAR LINEAR LINEAR LINEAR LINEAR LINEAR LINEAR LINEAR LINEAR LINEAR LINEAR LINEAR LINEAR LINEAR LINEAR LINEAR LINEAR LINEAR LINEAR LINEAR LINEAR LINEAR LINEAR LINEAR LINEAR LINEAR LINEAR LINEAR LINEAR LINEAR LINEAR LINEAR LINEAR LINEAR LINEAR LINEAR LINEAR LINEAR LINEAR LINEAR LINEAR LINEAR LINEAR LINEAR LINEAR LINEAR LINEAR LINEAR LINEAR LINEAR LINEAR LINEAR LINEAR LINEAR LINEAR LINEAR LINEAR LINEAR LINEAR LINEAR LINEAR LINEAR LINEAR LINEAR LINEAR LINEAR LINEAR LINEAR LINEAR LINEAR LINEAR LINEAR LINEAR LINEAR LINEAR LINEAR LINEAR LINEAR LINEAR LINEAR LINEAR LINEAR LINEAR LINEAR LINEAR LINEAR LINEAR LINEAR LINEAR LINEAR LINEAR LINEAR LINEAR LINEAR LINEAR LINEAR LINEAR LINEAR LINEAR LINEAR LINEAR LINEAR LINEAR LINEAR LINEAR LINEAR LINEAR LINEAR LINEAR LINEAR LINEAR LINEAR LINEAR LINEAR LINEAR LINEAR LINEAR LINEAR LINEAR LINEAR LINEAR LINEAR LINEAR LINEAR LINEAR LINEAR LINEAR LINEAR LINEAR LINEAR LINEAR LINEAR LINEAR LINEAR LINEAR LINEAR LINEAR LINEAR LINEAR LINEAR LINEAR LINEAR LINEAR LINEAR LINEAR LINEAR LINEAR LINEAR LINEAR LINEAR LINEAR LINEAR LINEAR LINEAR LINEAR LINEAR LINEAR LINEAR LINEAR LINEAR LINEAR LINEAR LINEAR LINEAR LINEAR LINEAR LINEAR LINEAR LINEAR LINEAR LINEAR LINEAR LINEAR LINEAR LINEAR LINEAR LINEAR LINEAR LINEAR LINEAR LINEAR LINEAR LINEAR LINEAR LINEAR LINEAR LINEAR LINEAR LINEAR LINEAR LINEAR LINEAR LINEAR LINEAR LINEAR LINEAR LINEAR LINEAR LINEAR LINEAR LINEAR LINEAR LINEAR LINEAR LINEAR LINEAR LINEAR LINEAR LINEAR LINEAR LINEAR LINEAR LINEAR LINEAR LINEAR LINEAR LINEAR LINEAR LINEAR LINEAR LINEAR LINEAR LINEAR LINEAR LINEAR LINEAR LINEAR LINEAR LINEAR LINEAR LINEAR LINEAR LINEAR LINEAR LINEAR LINEAR LINEAR LINEAR LINEAR LINEAR LINEAR LINEAR LINEAR LINEAR LINEAR LINEAR LINEAR LINEAR LINEAR LINEAR LINEAR LINEAR LINEAR LINEAR LINEAR LINEAR LINEAR LINEAR LINEAR LINEAR LINEAR LINEAR LINEAR LINEAR LINEAR LINEAR LINEAR</Name_array>
        <technique_common>
          <accessor source="#Bip01-interpolation-array" count="322" stride="1">
            <param name="INTERPOLATION" type="Name" />
          </accessor>
        </technique_common>
      </source>
      <sampler id="Bip01-sampler">
        <input semantic="INPUT" source="#Bip01-time" />
        <input semantic="OUTPUT" source="#Bip01-output" />
        <input semantic="INTERPOLATION" source="#Bip01-interpolation" />
      </sampler>
      <channel source="#Bip01-sampler" target="Bip01/transform" />
    </animation>
    <animation id="Torso-animation" name="Torso-animation">
      <source id="Torso-time">
        <float_array id="Torso-time-array" count="322">0.0333333333 0.0666666667 0.1 0.133333333 0.166666667 0.2 0.233333333 0.266666667 0.3 0.333333333 0.366666667 0.4 0.433333333 0.466666667 0.5 0.533333333 0.566666667 0.6 0.633333333 0.666666667 0.7 0.733333333 0.766666667 0.8 0.833333333 0.866666667 0.9 0.933333333 0.966666667 1 1.03333333 1.06666667 1.1 1.13333333 1.16666667 1.2 1.23333333 1.26666667 1.3 1.33333333 1.36666667 1.4 1.43333333 1.46666667 1.5 1.53333333 1.56666667 1.6 1.63333333 1.66666667 1.7 1.73333333 1.76666667 1.8 1.83333333 1.86666667 1.9 1.93333333 1.96666667 2 2.03333333 2.06666667 2.1 2.13333333 2.16666667 2.2 2.23333333 2.26666667 2.3 2.33333333 2.36666667 2.4 2.43333333 2.46666667 2.5 2.53333333 2.56666667 2.6 2.63333333 2.66666667 2.7 2.73333333 2.76666667 2.8 2.83333333 2.86666667 2.9 2.93333333 2.96666667 3 3.03333333 3.06666667 3.1 3.13333333 3.16666667 3.2 3.23333333 3.26666667 3.3 3.33333333 3.36666667 3.4 3.43333333 3.46666667 3.5 3.53333333 3.56666667 3.6 3.63333333 3.66666667 3.7 3.73333333 3.76666667 3.8 3.83333333 3.86666667 3.9 3.93333333 3.96666667 4 4.03333333 4.06666667 4.1 4.13333333 4.16666667 4.2 4.23333333 4.26666667 4.3 4.33333333 4.36666667 4.4 4.43333333 4.46666667 4.5 4.53333333 4.56666667 4.6 4.63333333 4.66666667 4.7 4.73333333 4.76666667 4.8 4.83333333 4.86666667 4.9 4.93333333 4.96666667 5 5.03333333 5.06666667 5.1 5.13333333 5.16666667 5.2 5.23333333 5.26666667 5.3 5.33333333 5.36666667 5.4 5.43333333 5.46666667 5.5 5.53333333 5.56666667 5.6 5.63333333 5.66666667 5.7 5.73333333 5.76666667 5.8 5.83333333 5.86666667 5.9 5.93333333 5.96666667 6 6.03333333 6.06666667 6.1 6.13333333 6.16666667 6.2 6.23333333 6.26666667 6.3 6.33333333 6.36666667 6.4 6.43333333 6.46666667 6.5 6.53333333 6.56666667 6.6 6.63333333 6.66666667 6.7 6.73333333 6.76666667 6.8 6.83333333 6.86666667 6.9 6.93333333 6.96666667 7 7.03333333 7.06666667 7.1 7.13333333 7.16666667 7.2 7.23333333 7.26666667 7.3 7.33333333 7.36666667 7.4 7.43333333 7.46666667 7.5 7.53333333 7.56666667 7.6 7.63333333 7.66666667 7.7 7.73333333 7.76666667 7.8 7.83333333 7.86666667 7.9 7.93333333 7.96666667 8 8.03333333 8.06666667 8.1 8.13333333 8.16666667 8.2 8.23333333 8.26666667 8.3 8.33333333 8.36666667 8.4 8.43333333 8.46666667 8.5 8.53333333 8.56666667 8.6 8.63333333 8.66666667 8.7 8.73333333 8.76666667 8.8 8.83333333 8.86666667 8.9 8.93333333 8.96666667 9 9.03333333 9.06666667 9.1 9.13333333 9.16666667 9.2 9.23333333 9.26666667 9.3 9.33333333 9.36666667 9.4 9.43333333 9.46666667 9.5 9.53333333 9.56666667 9.6 9.63333333 9.66666667 9.7 9.73333333 9.76666667 9.8 9.83333333 9.86666667 9.9 9.93333333 9.96666667 10 10.0333333 10.0666667 10.1 10.1333333 10.1666667 10.2 10.2333333 10.2666667 10.3 10.3333333 10.3666667 10.4 10.4333333 10.4666667 10.5 10.5333333 10.5666667 10.6 10.6333333 10.6666667 10.7 10.7333333</float_array>
        <technique_common>
          <accessor source="#Torso-time-array" count="322" stride="1">
            <param name="TIME" type="float" />
          </accessor>
        </technique_common>
      </source>
      <source id="Torso-output">
        <float_array id="Torso-output-array" count="5152">1 0 0 0 0 1 -0 0 0 0 1 65 0 0 0 1 1 0 0 0 0 1 -0 0 0 0 1 65 0 0 0 1 1 0 0 0 0 1 -0 0 0 0 1 65 0 0 0 1 1 0 0 0 0 1 -0 0 0 0 1 65 0 0 0 1 1 0 0 0 0 1 -0 0 0 0 1 65 0 0 0 1 1 0 0 0 0 1 -0 0 0 0 1 65 0 0 0 1 1 0 0 0 0 1 -0 0 0 0 1 65 0 0 0 1 1 0 0 0 0 1 -0 0 0 0 1 65 0 0 0 1 1 0 0 0 0 1 -0 0 0 0 1 65 0 0 0 1 1 0 0 0 0 1 -0 0 0 0 1 65 0 0 0 1 1 0 0 0 0 1 -0 0 0 0 1 65 0 0 0 1 1 0 0 0 0 1 -0 0 0 0 1 65 0 0 0 1 1 0 0 0 0 1 -0 0 0 0 1 65 0 0 0 1 1 0 0 0 0 1 -0 0 0 0 1 65 0 0 0 1 1 0 0 0 0 1 -0 0 0 0 1 65 0 0 0 1 1 0 0 0 0 1 -0 0 0 0 1 65 0 0 0 1 1 0 0 0 0 1 -0 0 0 0 1 65 0 0 0 1 1 0 0 0 0 1 -0 0 0 0 1 65 0 0 0 1 1 0 0 0 0 1 -0 0 0 0 1 65 0 0 0 1 1 0 0 0 0 1 -0 0 0 0 1 65 0 0 0 1 1 0 0 0 0 1 -0 0 0 0 1 65 0 0 0 1 1 0 0 0 0 1 -0 0 0 0 1 65 0 0 0 1 1 0 0 0 0 1 -0 0 0 0 1 65 0 0 0 1 1 0 0 0 0 1 -0 0 0 0 1 65 0 0 0 1 1 0 0 0 0 1 -0 0 0 0 1 65 0 0 0 1 1 0 0 0 0 1 -0 0 0 0 1 65 0 0 0 1 1 0 0 0 0 1 -0 0 0 0 1 65 0 0 0 1 1 0 0 0 0 1 -0 0 0 0 1 65 0 0 0 1 1 0 0 0 0 1 -0 0 0 0 1 65 0 0 0 1 1 0 0 0 0 1 -0 0 0 0 1 65 0 0 0 1 1 0 0 0 0 1 -0 0 0 0 1 65 0 0 0 1 1 0 0 0 0 1 -0 0 0 0 1 65 0 0 0 1 1 0 0 0 0 1 -0 0 0 0 1 65 0 0 0 1 1 0 0 0 0 1 -0 0 0 0 1 65 0 0 0 1 1 0 0 0 0 1 -0 0 0 0 1 65 0 0 0 1 1 0 0 0 0 1 -0 0 0 0 1 65 0 0 0 1 1 0 0 0 0 1 -0 0 0 0 1 65 0 0 0 1 1 0 0 0 0 1 -0 0 0 0 1 65 0 0 0 1 1 0 0 0 0 1 -0 0 0 0 1 65 0 0 0 1 1 0 0 0 0 1 -0 0 0 0 1 65 0 0 0 1 1 0 0 0 0 1 -0 0 0 0 1 65 0 0 0 1 1 0 0 0 0 1 -0 0 0 0 1 65 0 0 0 1 1 0 0 0 0 1 -0 0 0 0 1 65 0 0 0 1 1 0 0 0 0 1 -0 0 0 0 1 65 0 0 0 1 1 0 0 0 0 1 -0 0 0 0 1 65 0 0 0 1 1 0 0 0 0 1 -0 0 0 0 1 65 0 0 0 1 1 0 0 0 0 1 -0 0 0 0 1 65 0 0 0 1 1 0 0 0 0 1 -0 0 0 0 1 65 0 0 0 1 1 0 0 0 0 1 -0 0 0 0 1 65 0 0 0 1 1 0 0 0 0 1 -0 0 0 0 1 65 0 0 0 1 1 0 0 0 0 1 -0 0 0 0 1 65 0 0 0 1 1 0 0 0 0 1 -0 0 0 0 1 65 0 0 0 1 1 0 0 0 0 1 -0 0 0 0 1 65 0 0 0 1 1 0 0 0 0 1 -0 0 0 0 1 65 0 0 0 1 1 0 0 0 0 1 -0 0 0 0 1 65 0 0 0 1 1 0 0 0 0 1 -0 0 0 0 1 65 0 0 0 1 1 0 0 0 0 1 -0 0 0 0 1 65 0 0 0 1 1 0 0 0 0 1 -0 0 0 0 1 65 0 0 0 1 1 0 0 0 0 1 -0 0 0 0 1 65 0 0 0 1 1 0 0 0 0 1 -0 0 0 0 1 65 0 0 0 1 1 0 0 0 0 1 -0 0 0 0 1 65 0 0 0 1 1 0 0 0 0 1 -0 0 0 0 1 65 0 0 0 1 1 0 0 0 0 1 -0 0 0 0 1 65.1827367 0 0 0 1 1 0 0 0 0 1 -0 0 0 0 1 65.3623467 0 0 0 1 1 0 0 0 0 1 -0 0 0 0 1 65.5357568 0 0 0 1 1 0 0 0 0 1 -0 0 0 0 1 65.7 0 0 0 1 1 0 0 0 0 1 -0 0 0 0 1 65.852266 0 0 0 1 1 0 0 0 0 1 -0 0 0 0 1 65.9899495 0 0 0 1 1 0 0 0 0 1 -0 0 0 0 1 66.1106947 0 0 0 1 1 0 0 0 0 1 -0 0 0 0 1 66.2124356 0 0 0 1 1 0 0 0 0 1 -0 0 0 0 1 66.2934313 0 0 0 1 1 0 0 0 0 1 -0 0 0 0 1 66.3522962 0 0 0 1 1 0 0 0 0 1 -0 0 0 0 1 66.3880228 0 0 0 1 1 0 0 0 0 1 -0 0 0 0 1 66.4 0 0 0 1 1 0 0 0 0 1 -0 0 0 0 1 66.3880228 0 0 0 1 1 0 0 0 0 1 -0 0 0 0 1 66.3522962 0 0 0 1 1 0 0 0 0 1 -0 0 0 0 1 66.2934313 0 0 0 1 1 0 0 0 0 1 -0 0 0 0 1 66.2124356 0 0 0 1 1 0 0 0 0 1 -0 0 0 0 1 66.1106947 0 0 0 1 1 0 0 0 0 1 -0 0 0 0 1 65.9899495 0 0 0 1 1 0 0 0 0 1 -0 0 0 0 1 65.852266 0 0 0 1 1 0 0 0 0 1 -0 0 0 0 1 65.7 0 0 0 1 1 0 0 0 0 1 -0 0 0 0 1 65.5357568 0 0 0 1 1 0 0 0 0 1 -0 0 0 0 1 65.3623467 0 0 0 1 1 0 0 0 0 1 -0 0 0 0 1 65.1827367 0 0 0 1 1 0 0 0 0 1 -0 0 0 0 1 65 0 0 0 1 1 0 0 0 0 1 -0 0 0 0 1 65.1827367 0 0 0 1 1 0 0 0 0 1 -0 0 0 0 1 65.3623467 0 0 0 1 1 0 0 0 0 1 -0 0 0 0 1 65.5357568 0 0 0 1 1 0 0 0 0 1 -0 0 0 0 1 65.7 0 0 0 1 1 0 0 0 0 1 -0 0 0 0 1 65.852266 0 0 0 1 1 0 0 0 0 1 -0 0 0 0 1 65.9899495 0 0 0 1 1 0 0 0 0 1 -0 0 0 0 1 66.1106947 0 0 0 1 1 0 0 0 0 1 -0 0 0 0 1 66.2124356 0 0 0 1 1 0 0 0 0 1 -0 0 0 0 1 66.2934313 0 0 0 1 1 0 0 0 0 1 -0 0 0 0 1 66.3522962 0 0 0 1 1 0 0 0 0 1 -0 0 0 0 1 66.3880228 0 0 0 1 1 0 0 0 0 1 -0 0 0 0 1 66.4 0 0 0 1 1 0 0 0 0 1 -0 0 0 0 1 66.3880228 0 0 0 1 1 0 0 0 0 1 -0 0 0 0 1 66.3522962 0 0 0 1 1 0 0 0 0 1 -0 0 0 0 1 66.2934313 0 0 0 1 1 0 0 0 0 1 -0 0 0 0 1 66.2124356 0 0 0 1 1 0 0 0 0 1 -0 0 0 0 1 66.1106947 0 0 0 1 1 0 0 0 0 1 -0 0 0 0 1 65.9899495 0 0 0 1 1 0 0 0 0 1 -0 0 0 0 1 65.852266 0 0 0 1 1 0 0 0 0 1 -0 0 0 0 1 65.7 0 0 0 1 1 0 0 0 0 1 -0 0 0 0 1 65.5357568 0 0 0 1 1 0 0 0 0 1 -0 0 0 0 1 65.3623467 0 0 0 1 1 0 0 0 0 1 -0 0 0 0 1 65.1827367 0 0 0 1 1 0 0 0 0 1 -0 0 0 0 1 65 0 0 0 1 1 0 0 0 0 1 -0 0 0 0 1 65 0 0 0 1 1 0 0 0 0 1 -0 0 0 0 1 65.3623467 0 0 0 1 1 0 0 0 0 1 -0 0 0 0 1 65.7 0 0 0 1 1 0 0 0 0 1 -0 0 0 0 1 65.9899495 0 0 0 1 1 0 0 0 0 1 -0 0 0 0 1 66.2124356 0 0 0 1 1 0 0 0 0 1 -0 0 0 0 1 66.3522962 0 0 0 1 1 0 0 0 0 1 -0 0 0 0 1 66.4 0 0 0 1 1 0 0 0 0 1 -0 0 0 0 1 66.3522962 0 0 0 1 1 0 0 0 0 1 -0 0 0 0 1 66.2124356 0 0 0 1 1 0 0 0 0 1 -0 0 0 0 1 65.9899495 0 0 0 1 1 0 0 0 0 1 -0 0 0 0 1 65.7 0 0 0 1 1 0 0 0 0 1 -0 0 0 0 1 65.3623467 0 0 0 1 1 0 0 0 0 1 -0 0 0 0 1 65 0 0 0 1 1 0 0 0 0 1 -0 0 0 0 1 65.3623467 0 0 0 1 1 0 0 0 0 1 -0 0 0 0 1 65.7 0 0 0 1 1 0 0 0 0 1 -0 0 0 0 1 65.9899495 0 0 0 1 1 0 0 0 0 1 -0 0 0 0 1 66.2124356 0 0 0 1 1 0 0 0 0 1 -0 0 0 0 1 66.3522962 0 0 0 1 1 0 0 0 0 1 -0 0 0 0 1 66.4 0 0 0 1 1 0 0 0 0 1 -0 0 0 0 1 66.3522962 0 0 0 1 1 0 0 0 0 1 -0 0 0 0 1 66.2124356 0 0 0 1 1 0 0 0 0 1 -0 0 0 0 1 65.9899495 0 0 0 1 1 0 0 0 0 1 -0 0 0 0 1 65.7 0 0 0 1 1 0 0 0 0 1 -0 0 0 0 1 65.3623467 0 0 0 1 1 0 0 0 0 1 -0 0 0 0 1 65 0 0 0 1 1 0 0 0 0 1 -0 0 0 0 1 65 0 0 0 1 1 0 0 0 0 1 -0 0 0 0 1 65 0 0 0 1 1 0 0 0 0 1 -0 0 0 0 1 65 0 0 0 1 1 0 0 0 0 1 -0 0 0 0 1 65 0 0 0 1 1 0 0 0 0 1 -0 0 0 0 1 65 0 0 0 1 1 0 0 0 0 1 -0 0 0 0 1 65 0 0 0 1 1 0 0 0 0 1 -0 0 0 0 1 65 0 0 0 1 1 0 0 0 0 1 -0 0 0 0 1 65 0 0 0 1 1 0 0 0 0 1 -0 0 0 0 1 65 0 0 0 1 1 0 0 0 0 1 -0 0 0 0 1 65 0 0 0 1 1 0 0 0 0 1 -0 0 0 0 1 65 0 0 0 1 1 0 0 0 0 1 -0 0 0 0 1 65 0 0 0 1 1 0 0 0 0 1 -0 0 0 0 1 65 0 0 0 1 1 0 0 0 0 1 -0 0 0 0 1 65 0 0 0 1 1 0 0 0 0 1 -0 0 0 0 1 65 0 0 0 1 1 0 0 0 0 1 -0 0 0 0 1 65 0 0 0 1 1 0 0 0 0 1 -0 0 0 0 1 65 0 0 0 1 1 0 0 0 0 1 -0 0 0 0 1 65 0 0 0 1 1 0 0 0 0 1 -0 0 0 0 1 65 0 0 0 1 1 0 0 0 0 1 -0 0 0 0 1 65 0 0 0 1 1 0 0 0 0 1 -0 0 0 0 1 65 0 0 0 1 1 0 0 0 0 1 -0 0 0 0 1 65 0 0 0 1 1 0 0 0 0 1 -0 0 0 0 1 65 0 0 0 1 1 0 0 0 0 1 -0 0 0 0 1 65 0 0 0 1 1 0 0 0 0 1 -0 0 0 0 1 65 0 0 0 1 1 0 0 0 0 1 -0 0 0 0 1 65 0 0 0 1 1 0 0 0 0 1 -0 0 0 0 1 65 0 0 0 1 1 0 0 0 0 1 -0 0 0 0 1 65 0 0 0 1 1 0 0 0 0 1 -0 0 0 0 1 65 0 0 0 1 1 0 0 0 0 1 -0 0 0 0 1 65 0 0 0 1 1 0 0 0 0 1 -0 0 0 0 1 65 0 0 0 1 1 0 0 0 0 1 -0 0 0 0 1 65 0 0 0 1 1 0 0 0 0 1 -0 0 0 0 1 65 0 0 0 1 1 0 0 0 0 1 -0 0 0 0 1 65 0 0 0 1 1 0 0 0 0 1 -0 0 0 0 1 65 0 0 0 1 1 0 0 0 0 1 -0 0 0 0 1 65 0 0 0 1 1 0 0 0 0 1 -0 0 0 0 1 65 0 0 0 1 1 0 0 0 0 1 -0 0 0 0 1 65 0 0 0 1 1 0 0 0 0 1 -0 0 0 0 1 65 0 0 0 1 1 0 0 0 0 1 -0 0 0 0 1 65 0 0 0 1 1 0 0 0 0 1 -0 0 0 0 1 65 0 0 0 1 1 0 0 0 0 1 -0 0 0 0 1 65 0 0 0 1 1 0 0 0 0 1 -0 0 0 0 1 65 0 0 0 1 1 0 0 0 0 1 -0 0 0 0 1 65 0 0 0 1 1 0 0 0 0 1 0 0 0 -0 1 65 0 0 0 1 1 0 0 0 0 0.99856029 0.0536409094 0 0 -0.0536409094 0.99856029 63.04 0 0 0 1 1 0 0 0 0 0.994245306 0.107127364 0 0 -0.107127364 0.994245306 61.08 0 0 0 1 1 0 0 0 0 0.987067472 0.160305354 0 0 -0.160305354 0.987067472 59.12 0 0 0 1 1 0 0 0 0 0.977047456 0.213021758 0 0 -0.213021758 0.977047456 57.16 0 0 0 1 1 0 0 0 0 0.96421411 0.265124782 0 0 -0.265124782 0.96421411 55.2 0 0 0 1 1 0 0 0 0 0.948604387 0.316464401 0 0 -0.316464401 0.948604387 53.24 0 0 0 1 1 0 0 0 0 0.930263233 0.366892786 0 0 -0.366892786 0.930263233 51.28 0 0 0 1 1 0 0 0 0 0.909243462 0.416264733 0 0 -0.416264733 0.909243462 49.32 0 0 0 1 1 0 0 0 0 0.885605596 0.464438078 0 0 -0.464438078 0.885605596 47.36 0 0 0 1 1 0 0 0 0 0.8594177 0.511274112 0 0 -0.511274112 0.8594177 45.4 0 0 0 1 1 0 0 0 0 0.830755179 0.556637972 0 0 -0.556637972 0.830755179 43.44 0 0 0 1 1 0 0 0 0 0.799700566 0.600399038 0 0 -0.600399038 0.799700566 41.48 0 0 0 1 1 0 0 0 0 0.766343278 0.642431303 0 0 -0.642431303 0.766343278 39.52 0 0 0 1 1 0 0 0 0 0.730779367 0.682613739 0 0 -0.682613739 0.730779367 37.56 0 0 0 1 1 0 0 0 0 0.693111235 0.720830643 0 0 -0.720830643 0.693111235 35.6 0 0 0 1 1 0 0 0 0 0.653447345 0.756971973 0 0 -0.756971973 0.653447345 33.64 0 0 0 1 1 0 0 0 0 0.611901905 0.790933663 0 0 -0.790933663 0.611901905 31.68 0 0 0 1 1 0 0 0 0 0.568594543 0.822617922 0 0 -0.822617922 0.568594543 29.72 0 0 0 1 1 0 0 0 0 0.523649958 0.851933519 0 0 -0.851933519 0.523649958 27.76 0 0 0 1 1 0 0 0 0 0.477197565 0.878796042 0 0 -0.878796042 0.477197565 25.8 0 0 0 1 1 0 0 0 0 0.42937112 0.903128142 0 0 -0.903128142 0.42937112 23.84 0 0 0 1 1 0 0 0 0 0.408487441 0.91276394 0 0 -0.91276394 0.408487441 23 0 0 0 1 1 0 0 0 0 0.408487441 0.91276394 0 0 -0.91276394 0.408487441 23 0 0 0 1 1 0 0 0 0 0.408487441 0.91276394 0 0 -0.91276394 0.408487441 23 0 0 0 1 1 0 0 0 0 0.408487441 0.91276394 0 0 -0.91276394 0.408487441 23 0 0 0 1 1 0 0 0 0 0.408487441 0.91276394 0 0 -0.91276394 0.408487441 23 0 0 0 1 1 0 0 0 0 0.408487441 0.91276394 0 0 -0.91276394 0.408487441 23 0 0 0 1 1 0 0 0 0 0.408487441 0.91276394 0 0 -0.91276394 0.408487441 23 0 0 0 1 1 0 0 0 0 0.408487441 0.91276394 0 0 -0.91276394 0.408487441 23 0 0 0 1 1 0 0 0 0 0.408487441 0.91276394 0 0 -0.91276394 0.408487441 23 0 0 0 1 1 0 0 0 0 1 0 0 0 -0 1 65 0 0 0 1 1 0 0 0 0 0.996002512 0.0893252283 0 0 -0.0893252283 0.996002512 61.7333333 0 0 0 1 1 0 0 0 0 0.984042007 0.177936303 0 0 -0.177936303 0.984042007 58.4666667 0 0 0 1 1 0 0 0 0 0.96421411 0.265124782 0 0 -0.265124782 0.96421411 55.2 0 0 0 1 1 0 0 0 0 0.936677344 0.350193594 0 0 -0.350193594 0.936677344 51.9333333 0 0 0 1 1 0 0 0 0 0.901651864 0.432462617 0 0 -0.432462617 0.901651864 48.6666667 0 0 0 1 1 0 0 0 0 0.8594177 0.511274112 0 0 -0.511274112 0.8594177 45.4 0 0 0 1 1 0 0 0 0 0.810312511 0.585997982 0 0 -0.585997982 0.810312511 42.1333333 0 0 0 1 1 0 0 0 0 0.754728893 0.656036812 0 0 -0.656036812 0.754728893 38.8666667 0 0 0 1 1 0 0 0 0 0.693111235 0.720830643 0 0 -0.720830643 0.693111235 35.6 0 0 0 1 1 0 0 0 0 0.625952169 0.77986145 0 0 -0.77986145 0.625952169 32.3333333 0 0 0 1 1 0 0 0 0 0.553788631 0.832657284 0 0 -0.832657284 0.553788631 29.0666667 0 0 0 1 1 0 0 0 0 0.477197565 0.878796042 0 0 -0.878796042 0.477197565 25.8 0 0 0 1 1 0 0 0 0 0.408487441 0.91276394 0 0 -0.91276394 0.408487441 23 0 0 0 1 1 0 0 0 0 0.408487441 0.91276394 0 0 -0.91276394 0.408487441 23 0 0 0 1 1 0 0 0 0 0.408487441 0.91276394 0 0 -0.91276394 0.408487441 23 0 0 0 1 1 0 0 0 0 0.408487441 0.91276394 0 0 -0.91276394 0.408487441 23 0 0 0 1 1 0 0 0 0 0.408487441 0.91276394 0 0 -0.91276394 0.408487441 23 0 0 0 1 1 0 0 0 0 0.408487441 0.91276394 0 0 -0.91276394 0.408487441 23 0 0 0 1 1 0 0 0 0 1 0 0 0 -0 1 65 0 0 0 1 1 0 0 0 0 0.99856029 0.0536409094 0 0 -0.0536409094 0.99856029 63.04 0 0 0 1 1 0 0 0 0 0.994245306 0.107127364 0 0 -0.107127364 0.994245306 61.08 0 0 0 1 1 0 0 0 0 0.987067472 0.160305354 0 0 -0.160305354 0.987067472 59.12 0 0 0 1 1 0 0 0 0 0.977047456 0.213021758 0 0 -0.213021758 0.977047456 57.16 0 0 0 1 1 0 0 0 0 0.96421411 0.265124782 0 0 -0.265124782 0.96421411 55.2 0 0 0 1 1 0 0 0 0 0.948604387 0.316464401 0 0 -0.316464401 0.948604387 53.24 0 0 0 1 1 0 0 0 0 0.930263233 0.366892786 0 0 -0.366892786 0.930263233 51.28 0 0 0 1 1 0 0 0 0 0.909243462 0.416264733 0 0 -0.416264733 0.909243462 49.32 0 0 0 1 1 0 0 0 0 0.885605596 0.464438078 0 0 -0.464438078 0.885605596 47.36 0 0 0 1 1 0 0 0 0 0.8594177 0.511274112 0 0 -0.511274112 0.8594177 45.4 0 0 0 1 1 0 0 0 0 0.830755179 0.556637972 0 0 -0.556637972 0.830755179 43.44 0 0 0 1 1 0 0 0 0 0.799700566 0.600399038 0 0 -0.600399038 0.799700566 41.48 0 0 0 1 1 0 0 0 0 0.766343278 0.642431303 0 0 -0.642431303 0.766343278 39.52 0 0 0 1 1 0 0 0 0 0.730779367 0.682613739 0 0 -0.682613739 0.730779367 37.56 0 0 0 1 1 0 0 0 0 0.693111235 0.720830643 0 0 -0.720830643 0.693111235 35.6 0 0 0 1 1 0 0 0 0 0.653447345 0.756971973 0 0 -0.756971973 0.653447345 33.64 0 0 0 1 1 0 0 0 0 0.611901905 0.790933663 0 0 -0.790933663 0.611901905 31.68 0 0 0 1 1 0 0 0 0 0.568594543 0.822617922 0 0 -0.822617922 0.568594543 29.72 0 0 0 1 1 0 0 0 0 0.523649958 0.851933519 0 0 -0.851933519 0.523649958 27.76 0 0 0 1 1 0 0 0 0 0.477197565 0.878796042 0 0 -0.878796042 0.477197565 25.8 0 0 0 1 1 0 0 0 0 0.42937112 0.903128142 0 0 -0.903128142 0.42937112 23.84 0 0 0 1 1 0 0 0 0 0.408487441 0.91276394 0 0 -0.91276394 0.408487441 23 0 0 0 1 1 0 0 0 0 0.408487441 0.91276394 0 0 -0.91276394 0.408487441 23 0 0 0 1 1 0 0 0 0 0.408487441 0.91276394 0 0 -0.91276394 0.408487441 23 0 0 0 1 1 0 0 0 0 0.408487441 0.91276394 0 0 -0.91276394 0.408487441 23 0 0 0 1 1 0 0 0 0 0.408487441 0.91276394 0 0 -0.91276394 0.408487441 23 0 0 0 1 1 0 0 0 0 0.408487441 0.91276394 0 0 -0.91276394 0.408487441 23 0 0 0 1 1 0 0 0 0 0.408487441 0.91276394 0 0 -0.91276394 0.408487441 23 0 0 0 1 1 0 0 0 0 0.408487441 0.91276394 0 0 -0.91276394 0.408487441 23 0 0 0 1 1 0 0 0 0 0.408487441 0.91276394 0 0 -0.91276394 0.408487441 23 0 0 0 1 1 0 0 0 0 1 0 0 0 -0 1 65 0 0 0 1 1 0 0 0 0 0.99856029 0.0536409094 0 0 -0.0536409094 0.99856029 63.04 0 0 0 1 1 0 0 0 0 0.994245306 0.107127364 0 0 -0.107127364 0.994245306 61.08 0 0 0 1 1 0 0 0 0 0.987067472 0.160305354 0 0 -0.160305354 0.987067472 59.12 0 0 0 1 1 0 0 0 0 0.977047456 0.213021758 0 0 -0.213021758 0.977047456 57.16 0 0 0 1 1 0 0 0 0 0.96421411 0.265124782 0 0 -0.265124782 0.96421411 55.2 0 0 0 1 1 0 0 0 0 0.948604387 0.316464401 0 0 -0.316464401 0.948604387 53.24 0 0 0 1 1 0 0 0 0 0.930263233 0.366892786 0 0 -0.366892786 0.930263233 51.28 0 0 0 1 1 0 0 0 0 0.909243462 0.416264733 0 0 -0.416264733 0.909243462 49.32 0 0 0 1 1 0 0 0 0 0.885605596 0.464438078 0 0 -0.464438078 0.885605596 47.36 0 0 0 1 1 0 0 0 0 0.8594177 0.511274112 0 0 -0.511274112 0.8594177 45.4 0 0 0 1 1 0 0 0 0 0.830755179 0.556637972 0 0 -0.556637972 0.830755179 43.44 0 0 0 1 1 0 0 0 0 0.799700566 0.600399038 0 0 -0.600399038 0.799700566 41.48 0 0 0 1 1 0 0 0 0 0.766343278 0.642431303 0 0 -0.642431303 0.766343278 39.52 0 0 0 1 1 0 0 0 0 0.730779367 0.682613739 0 0 -0.682613739 0.730779367 37.56 0 0 0 1 1 0 0 0 0 0.693111235 0.720830643 0 0 -0.720830643 0.693111235 35.6 0 0 0 1 1 0 0 0 0 0.653447345 0.756971973 0 0 -0.756971973 0.653447345 33.64 0 0 0 1 1 0 0 0 0 0.611901905 0.790933663 0 0 -0.790933663 0.611901905 31.68 0 0 0 1 1 0 0 0 0 0.568594543 0.822617922 0 0 -0.822617922 0.568594543 29.72 0 0 0 1 1 0 0 0 0 0.523649958 0.851933519 0 0 -0.851933519 0.523649958 27.76 0 0 0 1 1 0 0 0 0 0.477197565 0.878796042 0 0 -0.878796042 0.477197565 25.8 0 0 0 1 1 0 0 0 0 0.42937112 0.903128142 0 0 -0.903128142 0.42937112 23.84 0 0 0 1 1 0 0 0 0 0.408487441 0.91276394 0 0 -0.91276394 0.408487441 23 0 0 0 1 1 0 0 0 0 0.408487441 0.91276394 0 0 -0.91276394 0.408487441 23 0 0 0 1 1 0 0 0 0 0.408487441 0.91276394 0 0 -0.91276394 0.408487441 23 0 0 0 1 1 0 0 0 0 0.408487441 0.91276394 0 0 -0.91276394 0.408487441 23 0 0 0 1 1 0 0 0 0 0.408487441 0.91276394 0 0 -0.91276394 0.408487441 23 0 0 0 1 1 0 0 0 0 0.408487441 0.91276394 0 0 -0.91276394 0.408487441 23 0 0 0 1 1 0 0 0 0 0.408487441 0.91276394 0 0 -0.91276394 0.408487441 23 0 0 0 1 1 0 0 0 0 0.408487441 0.91276394 0 0 -0.91276394 0.408487441 23 0 0 0 1 1 0 0 0 0 0.408487441 0.91276394 0 0 -0.91276394 0.408487441 23 0 0 0 1 1 0 0 0 0 1 0 0 0 -0 1 65 0 0 0 1 1 0 0 0 0 0.99856029 0.0536409094 0 0 -0.0536409094 0.99856029 63.04 0 0 0 1 1 0 0 0 0 0.994245306 0.107127364 0 0 -0.107127364 0.994245306 61.08 0 0 0 1 1 0 0 0 0 0.987067472 0.160305354 0 0 -0.160305354 0.987067472 59.12 0 0 0 1 1 0 0 0 0 0.977047456 0.213021758 0 0 -0.213021758 0.977047456 57.16 0 0 0 1 1 0 0 0 0 0.96421411 0.265124782 0 0 -0.265124782 0.96421411 55.2 0 0 0 1 1 0 0 0 0 0.948604387 0.316464401 0 0 -0.316464401 0.948604387 53.24 0 0 0 1 1 0 0 0 0 0.930263233 0.366892786 0 0 -0.366892786 0.930263233 51.28 0 0 0 1 1 0 0 0 0 0.909243462 0.416264733 0 0 -0.416264733 0.909243462 49.32 0 0 0 1 1 0 0 0 0 0.885605596 0.464438078 0 0 -0.464438078 0.885605596 47.36 0 0 0 1 1 0 0 0 0 0.8594177 0.511274112 0 0 -0.511274112 0.8594177 45.4 0 0 0 1 1 0 0 0 0 0.830755179 0.556637972 0 0 -0.556637972 0.830755179 43.44 0 0 0 1 1 0 0 0 0 0.799700566 0.600399038 0 0 -0.600399038 0.799700566 41.48 0 0 0 1 1 0 0 0 0 0.766343278 0.642431303 0 0 -0.642431303 0.766343278 39.52 0 0 0 1 1 0 0 0 0 0.730779367 0.682613739 0 0 -0.682613739 0.730779367 37.56 0 0 0 1 1 0 0 0 0 0.693111235 0.720830643 0 0 -0.720830643 0.693111235 35.6 0 0 0 1 1 0 0 0 0 0.653447345 0.756971973 0 0 -0.756971973 0.653447345 33.64 0 0 0 1 1 0 0 0 0 0.611901905 0.790933663 0 0 -0.790933663 0.611901905 31.68 0 0 0 1 1 0 0 0 0 0.568594543 0.822617922 0 0 -0.822617922 0.568594543 29.72 0 0 0 1 1 0 0 0 0 0.523649958 0.851933519 0 0 -0.851933519 0.523649958 27.76 0 0 0 1 1 0 0 0 0 0.477197565 0.878796042 0 0 -0.878796042 0.477197565 25.8 0 0 0 1 1 0 0 0 0 0.42937112 0.903128142 0 0 -0.903128142 0.42937112 23.84 0 0 0 1 1 0 0 0 0 0.408487441 0.91276394 0 0 -0.91276394 0.408487441 23 0 0 0 1 1 0 0 0 0 0.408487441 0.91276394 0 0 -0.91276394 0.408487441 23 0 0 0 1 1 0 0 0 0 0.408487441 0.91276394 0 0 -0.91276394 0.408487441 23 0 0 0 1 1 0 0 0 0 0.408487441 0.91276394 0 0 -0.91276394 0.408487441 23 0 0 0 1 1 0 0 0 0 0.408487441 0.91276394 0 0 -0.91276394 0.408487441 23 0 0 0 1 1 0 0 0 0 0.408487441 0.91276394 0 0 -0.91276394 0.408487441 23 0 0 0 1 1 0 0 0 0 0.408487441 0.91276394 0 0 -0.91276394 0.408487441 23 0 0 0 1 1 0 0 0 0 0.408487441 0.91276394 0 0 -0.91276394 0.408487441 23 0 0 0 1 1 0 0 0 0 0.408487441 0.91276394 0 0 -0.91276394 0.408487441 23 0 0 0 1</float_array>
        <technique_common>
          <accessor source="#Torso-output-array" count="322" stride="16">
            <param name="TRANSFORM" type="float4x4" />
          </accessor>
        </technique_common>
      </source>
      <source id="Torso-interpolation">
        <Name_array id="Torso-interpolation-array" count="322">LINEAR LINEAR LINEAR LINEAR LINEAR LINEAR LINEAR LINEAR LINEAR LINEAR LINEAR LINEAR LINEAR LINEAR LINEAR LINEAR LINEAR LINEAR LINEAR LINEAR LINEAR LINEAR LINEAR LINEAR LINEAR LINEAR LINEAR LINEAR LINEAR LINEAR LINEAR LINEAR LINEAR LINEAR LINEAR LINEAR LINEAR LINEAR LINEAR LINEAR LINEAR LINEAR LINEAR LINEAR LINEAR LINEAR LINEAR LINEAR LINEAR LINEAR LINEAR LINEAR LINEAR LINEAR LINEAR LINEAR LINEAR LINEAR LINEAR LINEAR LINEAR LINEAR LINEAR LINEAR LINEAR LINEAR LINEAR LINEAR LINEAR LINEAR LINEAR LINEAR LINEAR LINEAR LINEAR LINEAR LINEAR LINEAR LINEAR LINEAR LINEAR LINEAR LINEAR LINEAR LINEAR LINEAR LINEAR LINEAR LINEAR LINEAR LINEAR LINEAR LINEAR LINEAR LINEAR LINEAR LINEAR LINEAR LINEAR LINEAR LINEAR LINEAR LINEAR LINEAR LINEAR LINEAR LINEAR LINEAR LINEAR LINEAR LINEAR LINEAR LINEAR LINEAR LINEAR LINEAR LINEAR LINEAR LINEAR LINEAR LINEAR LINEAR LINEAR LINEAR LINEAR LINEAR LINEAR LINEAR LINEAR LINEAR LINEAR LINEAR LINEAR LINEAR LINEAR LINEAR LINEAR LINEAR LINEAR LINEAR LINEAR LINEAR LINEAR LINEAR LINEAR LINEAR LINEAR LINEAR LINEAR LINEAR LINEAR LINEAR LINEAR LINEAR LINEAR LINEAR LINEAR LINEAR LINEAR LINEAR LINEAR LINEAR LINEAR LINEAR LINEAR LINEAR LINEAR LINEAR LINEAR LINEAR LINEAR LINEAR LINEAR LINEAR LINEAR LINEAR LINEAR LINEAR LINEAR LINEAR LINEAR LINEAR LINEAR LINEAR LINEAR LINEAR LINEAR LINEAR LINEAR LINEAR LINEAR LINEAR LINEAR LINEAR LINEAR LINEAR LINEAR LINEAR LINEAR LINEAR LINEAR LINEAR LINEAR LINEAR LINEAR LINEAR LINEAR LINEAR LINEAR LINEAR LINEAR LINEAR LINEAR LINEAR LINEAR LINEAR LINEAR LINEAR LINEAR LINEAR LINEAR LINEAR LINEAR LINEAR LINEAR LINEAR LINEAR LINEAR LINEAR LINEAR LINEAR LINEAR LINEAR LINEAR LINEAR LINEAR LINEAR LINEAR LINEAR LINEAR LINEAR LINEAR LINEAR LINEAR LINEAR LINEAR LINEAR LINEAR LINEAR LINEAR LINEAR LINEAR LINEAR LINEAR LINEAR LINEAR LINEAR LINEAR LINEAR LINEAR LINEAR LINEAR LINEAR LINEAR LINEAR LINEAR LINEAR LINEAR LINEAR LINEAR LINEAR LINEAR LINEAR LINEAR LINEAR LINEAR LINEAR LINEAR LINEAR LINEAR LINEAR LINEAR LINEAR LINEAR LINEAR LINEAR LINEAR LINEAR LINEAR LINEAR LINEAR LINEAR LINEAR LINEAR LINEAR LINEAR LINEAR LINEAR LINEAR LINEAR LINEAR LINEAR LINEAR LINEAR LINEAR LINEAR LINEAR LINEAR LINEAR LINEAR LINEAR LINEAR LINEAR LINEAR LINEAR LINEAR LINEAR LINEAR LINEAR LINEAR LINEAR LINEAR</Name_array>
        <technique_common>
          <accessor source="#Torso-interpolation-array" count="322" stride="1">
            <param name="INTERPOLATION" type="Name" />
          </accessor>
        </technique_common>
      </source>
      <sampler id="Torso-sampler">
        <input semantic="INPUT" source="#Torso-time" />
        <input semantic="OUTPUT" source="#Torso-output" />
        <input semantic="INTERPOLATION" source="#Torso-interpolation" />
      </sampler>
      <channel source="#Torso-sampler" target="Torso/transform" />
    </animation>
    <animation id="Neck-animation" name="Neck-animation">
      <source id="Neck-time">
        <float_array id="Neck-time-array" count="322">0.0333333333 0.0666666667 0.1 0.133333333 0.166666667 0.2 0.233333333 0.266666667 0.3 0.333333333 0.366666667 0.4 0.433333333 0.466666667 0.5 0.533333333 0.566666667 0.6 0.633333333 0.666666667 0.7 0.733333333 0.766666667 0.8 0.833333333 0.866666667 0.9 0.933333333 0.966666667 1 1.03333333 1.06666667 1.1 1.13333333 1.16666667 1.2 1.23333333 1.26666667 1.3 1.33333333 1.36666667 1.4 1.43333333 1.46666667 1.5 1.53333333 1.56666667 1.6 1.63333333 1.66666667 1.7 1.73333333 1.76666667 1.8 1.83333333 1.86666667 1.9 1.93333333 1.96666667 2 2.03333333 2.06666667 2.1 2.13333333 2.16666667 2.2 2.23333333 2.26666667 2.3 2.33333333 2.36666667 2.4 2.43333333 2.46666667 2.5 2.53333333 2.56666667 2.6 2.63333333 2.66666667 2.7 2.73333333 2.76666667 2.8 2.83333333 2.86666667 2.9 2.93333333 2.96666667 3 3.03333333 3.06666667 3.1 3.13333333 3.16666667 3.2 3.23333333 3.26666667 3.3 3.33333333 3.36666667 3.4 3.43333333 3.46666667 3.5 3.53333333 3.56666667 3.6 3.63333333 3.66666667 3.7 3.73333333 3.76666667 3.8 3.83333333 3.86666667 3.9 3.93333333 3.96666667 4 4.03333333 4.06666667 4.1 4.13333333 4.16666667 4.2 4.23333333 4.26666667 4.3 4.33333333 4.36666667 4.4 4.43333333 4.46666667 4.5 4.53333333 4.56666667 4.6 4.63333333 4.66666667 4.7 4.73333333 4.76666667 4.8 4.83333333 4.86666667 4.9 4.93333333 4.96666667 5 5.03333333 5.06666667 5.1 5.13333333 5.16666667 5.2 5.23333333 5.26666667 5.3 5.33333333 5.36666667 5.4 5.43333333 5.46666667 5.5 5.53333333 5.56666667 5.6 5.63333333 5.66666667 5.7 5.73333333 5.76666667 5.8 5.83333333 5.86666667 5.9 5.93333333 5.96666667 6 6.03333333 6.06666667 6.1 6.13333333 6.16666667 6.2 6.23333333 6.26666667 6.3 6.33333333 6.36666667 6.4 6.43333333 6.46666667 6.5 6.53333333 6.56666667 6.6 6.63333333 6.66666667 6.7 6.73333333 6.76666667 6.8 6.83333333 6.86666667 6.9 6.93333333 6.96666667 7 7.03333333 7.06666667 7.1 7.13333333 7.16666667 7.2 7.23333333 7.26666667 7.3 7.33333333 7.36666667 7.4 7.43333333 7.46666667 7.5 7.53333333 7.56666667 7.6 7.63333333 7.66666667 7.7 7.73333333 7.76666667 7.8 7.83333333 7.86666667 7.9 7.93333333 7.96666667 8 8.03333333 8.06666667 8.1 8.13333333 8.16666667 8.2 8.23333333 8.26666667 8.3 8.33333333 8.36666667 8.4 8.43333333 8.46666667 8.5 8.53333333 8.56666667 8.6 8.63333333 8.66666667 8.7 8.73333333 8.76666667 8.8 8.83333333 8.86666667 8.9 8.93333333 8.96666667 9 9.03333333 9.06666667 9.1 9.13333333 9.16666667 9.2 9.23333333 9.26666667 9.3 9.33333333 9.36666667 9.4 9.43333333 9.46666667 9.5 9.53333333 9.56666667 9.6 9.63333333 9.66666667 9.7 9.73333333 9.76666667 9.8 9.83333333 9.86666667 9.9 9.93333333 9.96666667 10 10.0333333 10.0666667 10.1 10.1333333 10.1666667 10.2 10.2333333 10.2666667 10.3 10.3333333 10.3666667 10.4 10.4333333 10.4666667 10.5 10.5333333 10.5666667 10.6 10.6333333 10.6666667 10.7 10.7333333</float_array>
        <technique_common>
          <accessor source="#Neck-time-array" count="322" stride="1">
            <param name="TIME" type="float" />
          </accessor>
        </technique_common>
      </source>
      <source id="Neck-output">
        <float_array id="Neck-output-array" count="5152">1 0 0 0 0 1 -0 26 0 0 1 8 0 0 0 1 1 0 0 0 0 0.999988937 -0.0047037635 26 0 0.0047037635 0.999988937 8 0 0 0 1 1 0 0 0 0 0.999956233 -0.00935588959 26 0 0.00935588959 0.999956233 8 0 0 0 1 1 0 0 0 0 0.999903316 -0.0139053166 26 0 0.0139053166 0.999903316 8 0 0 0 1 1 0 0 0 0 0.999832502 -0.018302127 26 0 0.018302127 0.999832502 8 0 0 0 1 1 0 0 0 0 0.999746886 -0.0224981016 26 0 0.0224981016 0.999746886 8 0 0 0 1 1 0 0 0 0 0.99965021 -0.0264472523 26 0 0.0264472523 0.99965021 8 0 0 0 1 1 0 0 0 0 0.999546702 -0.0301063274 26 0 0.0301063274 0.999546702 8 0 0 0 1 1 0 0 0 0 0.999440885 -0.0334352844 26 0 0.0334352844 0.999440885 8 0 0 0 1 1 0 0 0 0 0.999337383 -0.0363977234 26 0 0.0363977234 0.999337383 8 0 0 0 1 1 0 0 0 0 0.999240721 -0.0389612793 26 0 0.0389612793 0.999240721 8 0 0 0 1 1 0 0 0 0 0.999155122 -0.0410979674 26 0 0.0410979674 0.999155122 8 0 0 0 1 1 0 0 0 0 0.999084325 -0.0427844796 26 0 0.0427844796 0.999084325 8 0 0 0 1 1 0 0 0 0 0.999031424 -0.04400243 26 0 0.04400243 0.999031424 8 0 0 0 1 1 0 0 0 0 0.99899873 -0.0447385475 26 0 0.0447385475 0.99899873 8 0 0 0 1 1 0 0 0 0 0.998987671 -0.044984814 26 0 0.044984814 0.998987671 8 0 0 0 1 1 0 0 0 0 0.99899873 -0.0447385475 26 0 0.0447385475 0.99899873 8 0 0 0 1 1 0 0 0 0 0.999031424 -0.04400243 26 0 0.04400243 0.999031424 8 0 0 0 1 1 0 0 0 0 0.999084325 -0.0427844796 26 0 0.0427844796 0.999084325 8 0 0 0 1 1 0 0 0 0 0.999155122 -0.0410979674 26 0 0.0410979674 0.999155122 8 0 0 0 1 1 0 0 0 0 0.999240721 -0.0389612793 26 0 0.0389612793 0.999240721 8 0 0 0 1 1 0 0 0 0 0.999337383 -0.0363977234 26 0 0.0363977234 0.999337383 8 0 0 0 1 1 0 0 0 0 0.999440885 -0.0334352844 26 0 0.0334352844 0.999440885 8 0 0 0 1 1 0 0 0 0 0.999546702 -0.0301063274 26 0 0.0301063274 0.999546702 8 0 0 0 1 1 0 0 0 0 0.99965021 -0.0264472523 26 0 0.0264472523 0.99965021 8 0 0 0 1 1 0 0 0 0 0.999746886 -0.0224981016 26 0 0.0224981016 0.999746886 8 0 0 0 1 1 0 0 0 0 0.999832502 -0.018302127 26 0 0.018302127 0.999832502 8 0 0 0 1 1 0 0 0 0 0.999903316 -0.0139053166 26 0 0.0139053166 0.999903316 8 0 0 0 1 1 0 0 0 0 0.999956233 -0.00935588959 26 0 0.00935588959 0.999956233 8 0 0 0 1 1 0 0 0 0 0.999988937 -0.0047037635 26 0 0.0047037635 0.999988937 8 0 0 0 1 1 0 0 0 0 1 -5.5109106e-18 26 0 5.5109106e-18 1 8 0 0 0 1 1 0 0 0 0 0.999988937 0.0047037635 26 0 -0.0047037635 0.999988937 8 0 0 0 1 1 0 0 0 0 0.999956233 0.00935588959 26 0 -0.00935588959 0.999956233 8 0 0 0 1 1 0 0 0 0 0.999903316 0.0139053166 26 0 -0.0139053166 0.999903316 8 0 0 0 1 1 0 0 0 0 0.999832502 0.018302127 26 0 -0.018302127 0.999832502 8 0 0 0 1 1 0 0 0 0 0.999746886 0.0224981016 26 0 -0.0224981016 0.999746886 8 0 0 0 1 1 0 0 0 0 0.99965021 0.0264472523 26 0 -0.0264472523 0.99965021 8 0 0 0 1 1 0 0 0 0 0.999546702 0.0301063274 26 0 -0.0301063274 0.999546702 8 0 0 0 1 1 0 0 0 0 0.999440885 0.0334352844 26 0 -0.0334352844 0.999440885 8 0 0 0 1 1 0 0 0 0 0.999337383 0.0363977234 26 0 -0.0363977234 0.999337383 8 0 0 0 1 1 0 0 0 0 0.999240721 0.0389612793 26 0 -0.0389612793 0.999240721 8 0 0 0 1 1 0 0 0 0 0.999155122 0.0410979674 26 0 -0.0410979674 0.999155122 8 0 0 0 1 1 0 0 0 0 0.999084325 0.0427844796 26 0 -0.0427844796 0.999084325 8 0 0 0 1 1 0 0 0 0 0.999031424 0.04400243 26 0 -0.04400243 0.999031424 8 0 0 0 1 1 0 0 0 0 0.99899873 0.0447385475 26 0 -0.0447385475 0.99899873 8 0 0 0 1 1 0 0 0 0 0.998987671 0.044984814 26 0 -0.044984814 0.998987671 8 0 0 0 1 1 0 0 0 0 0.99899873 0.0447385475 26 0 -0.0447385475 0.99899873 8 0 0 0 1 1 0 0 0 0 0.999031424 0.04400243 26 0 -0.04400243 0.999031424 8 0 0 0 1 1 0 0 0 0 0.999084325 0.0427844796 26 0 -0.0427844796 0.999084325 8 0 0 0 1 1 0 0 0 0 0.999155122 0.0410979674 26 0 -0.0410979674 0.999155122 8 0 0 0 1 1 0 0 0 0 0.999240721 0.0389612793 26 0 -0.0389612793 0.999240721 8 0 0 0 1 1 0 0 0 0 0.999337383 0.0363977234 26 0 -0.0363977234 0.999337383 8 0 0 0 1 1 0 0 0 0 0.999440885 0.0334352844 26 0 -0.0334352844 0.999440885 8 0 0 0 1 1 0 0 0 0 0.999546702 0.0301063274 26 0 -0.0301063274 0.999546702 8 0 0 0 1 1 0 0 0 0 0.99965021 0.0264472523 26 0 -0.0264472523 0.99965021 8 0 0 0 1 1 0 0 0 0 0.999746886 0.0224981016 26 0 -0.0224981016 0.999746886 8 0 0 0 1 1 0 0 0 0 0.999832502 0.018302127 26 0 -0.018302127 0.999832502 8 0 0 0 1 1 0 0 0 0 0.999903316 0.0139053166 26 0 -0.0139053166 0.999903316 8 0 0 0 1 1 0 0 0 0 0.999956233 0.00935588959 26 0 -0.00935588959 0.999956233 8 0 0 0 1 1 0 0 0 0 0.999988937 0.0047037635 26 0 -0.0047037635 0.999988937 8 0 0 0 1 1 0 0 0 0 1 1.10218212e-17 26 0 -1.10218212e-17 1 8 0 0 0 1 1 0 0 0 0 1 -0 26 0 0 1 8 0 0 0 1 1 0 0 0 0 0.99998275 -0.00587364488 26 0 0.00587364488 0.99998275 8 0 0 0 1 1 0 0 0 0 0.999932176 -0.0116465937 26 0 0.0116465937 0.999932176 8 0 0 0 1 1 0 0 0 0 0.999851726 -0.0172199033 26 0 0.0172199033 0.999851726 8 0 0 0 1 1 0 0 0 0 0.999746886 -0.0224981016 26 0 0.0224981016 0.999746886 8 0 0 0 1 1 0 0 0 0 0.999624801 -0.0273908381 26 0 0.0273908381 0.999624801 8 0 0 0 1 1 0 0 0 0 0.999493793 -0.0318144358 26 0 0.0318144358 0.999493793 8 0 0 0 1 1 0 0 0 0 0.999362791 -0.035693317 26 0 0.035693317 0.999362791 8 0 0 0 1 1 0 0 0 0 0.999240721 -0.0389612793 26 0 0.0389612793 0.999240721 8 0 0 0 1 1 0 0 0 0 0.999135902 -0.0415626034 26 0 0.0415626034 0.999135902 8 0 0 0 1 1 0 0 0 0 0.999055473 -0.0434529762 26 0 0.0434529762 0.999055473 8 0 0 0 1 1 0 0 0 0 0.999004915 -0.0446002192 26 0 0.0446002192 0.999004915 8 0 0 0 1 1 0 0 0 0 0.998987671 -0.044984814 26 0 0.044984814 0.998987671 8 0 0 0 1 1 0 0 0 0 0.999004915 -0.0446002192 26 0 0.0446002192 0.999004915 8 0 0 0 1 1 0 0 0 0 0.999055473 -0.0434529762 26 0 0.0434529762 0.999055473 8 0 0 0 1 1 0 0 0 0 0.999135902 -0.0415626034 26 0 0.0415626034 0.999135902 8 0 0 0 1 1 0 0 0 0 0.999240721 -0.0389612793 26 0 0.0389612793 0.999240721 8 0 0 0 1 1 0 0 0 0 0.999362791 -0.035693317 26 0 0.035693317 0.999362791 8 0 0 0 1 1 0 0 0 0 0.999493793 -0.0318144358 26 0 0.0318144358 0.999493793 8 0 0 0 1 1 0 0 0 0 0.999624801 -0.0273908381 26 0 0.0273908381 0.999624801 8 0 0 0 1 1 0 0 0 0 0.999746886 -0.0224981016 26 0 0.0224981016 0.999746886 8 0 0 0 1 1 0 0 0 0 0.999851726 -0.0172199033 26 0 0.0172199033 0.999851726 8 0 0 0 1 1 0 0 0 0 0.999932176 -0.0116465937 26 0 0.0116465937 0.999932176 8 0 0 0 1 1 0 0 0 0 0.99998275 -0.00587364488 26 0 0.00587364488 0.99998275 8 0 0 0 1 1 0 0 0 0 1 -5.5109106e-18 26 0 5.5109106e-18 1 8 0 0 0 1 1 0 0 0 0 0.99998275 0.00587364488 26 0 -0.00587364488 0.99998275 8 0 0 0 1 1 0 0 0 0 0.999932176 0.0116465937 26 0 -0.0116465937 0.999932176 8 0 0 0 1 1 0 0 0 0 0.999851726 0.0172199033 26 0 -0.0172199033 0.999851726 8 0 0 0 1 1 0 0 0 0 0.999746886 0.0224981016 26 0 -0.0224981016 0.999746886 8 0 0 0 1 1 0 0 0 0 0.999624801 0.0273908381 26 0 -0.0273908381 0.999624801 8 0 0 0 1 1 0 0 0 0 0.999493793 0.0318144358 26 0 -0.0318144358 0.999493793 8 0 0 0 1 1 0 0 0 0 0.999362791 0.035693317 26 0 -0.035693317 0.999362791 8 0 0 0 1 1 0 0 0 0 0.999240721 0.0389612793 26 0 -0.0389612793 0.999240721 8 0 0 0 1 1 0 0 0 0 0.999135902 0.0415626034 26 0 -0.0415626034 0.999135902 8 0 0 0 1 1 0 0 0 0 0.999055473 0.0434529762 26 0 -0.0434529762 0.999055473 8 0 0 0 1 1 0 0 0 0 0.999004915 0.0446002192 26 0 -0.0446002192 0.999004915 8 0 0 0 1 1 0 0 0 0 0.998987671 0.044984814 26 0 -0.044984814 0.998987671 8 0 0 0 1 1 0 0 0 0 0.999004915 0.0446002192 26 0 -0.0446002192 0.999004915 8 0 0 0 1 1 0 0 0 0 0.999055473 0.0434529762 26 0 -0.0434529762 0.999055473 8 0 0 0 1 1 0 0 0 0 0.999135902 0.0415626034 26 0 -0.0415626034 0.999135902 8 0 0 0 1 1 0 0 0 0 0.999240721 0.0389612793 26 0 -0.0389612793 0.999240721 8 0 0 0 1 1 0 0 0 0 0.999362791 0.035693317 26 0 -0.035693317 0.999362791 8 0 0 0 1 1 0 0 0 0 0.999493793 0.0318144358 26 0 -0.0318144358 0.999493793 8 0 0 0 1 1 0 0 0 0 0.999624801 0.0273908381 26 0 -0.0273908381 0.999624801 8 0 0 0 1 1 0 0 0 0 0.999746886 0.0224981016 26 0 -0.0224981016 0.999746886 8 0 0 0 1 1 0 0 0 0 0.999851726 0.0172199033 26 0 -0.0172199033 0.999851726 8 0 0 0 1 1 0 0 0 0 0.999932176 0.0116465937 26 0 -0.0116465937 0.999932176 8 0 0 0 1 1 0 0 0 0 0.99998275 0.00587364488 26 0 -0.00587364488 0.99998275 8 0 0 0 1 1 0 0 0 0 1 1.10218212e-17 26 0 -1.10218212e-17 1 8 0 0 0 1 1 0 0 0 0 1 -0 26 0 0 1 8 0 0 0 1 1 0 0 0 0 0.999932176 -0.0116465937 26 0 0.0116465937 0.999932176 8 0 0 0 1 1 0 0 0 0 0.999746886 -0.0224981016 26 0 0.0224981016 0.999746886 8 0 0 0 1 1 0 0 0 0 0.999493793 -0.0318144358 26 0 0.0318144358 0.999493793 8 0 0 0 1 1 0 0 0 0 0.999240721 -0.0389612793 26 0 0.0389612793 0.999240721 8 0 0 0 1 1 0 0 0 0 0.999055473 -0.0434529762 26 0 0.0434529762 0.999055473 8 0 0 0 1 1 0 0 0 0 0.998987671 -0.044984814 26 0 0.044984814 0.998987671 8 0 0 0 1 1 0 0 0 0 0.999055473 -0.0434529762 26 0 0.0434529762 0.999055473 8 0 0 0 1 1 0 0 0 0 0.999240721 -0.0389612793 26 0 0.0389612793 0.999240721 8 0 0 0 1 1 0 0 0 0 0.999493793 -0.0318144358 26 0 0.0318144358 0.999493793 8 0 0 0 1 1 0 0 0 0 0.999746886 -0.0224981016 26 0 0.0224981016 0.999746886 8 0 0 0 1 1 0 0 0 0 0.999932176 -0.0116465937 26 0 0.0116465937 0.999932176 8 0 0 0 1 1 0 0 0 0 1 -5.5109106e-18 26 0 5.5109106e-18 1 8 0 0 0 1 1 0 0 0 0 0.999932176 0.0116465937 26 0 -0.0116465937 0.999932176 8 0 0 0 1 1 0 0 0 0 0.999746886 0.0224981016 26 0 -0.0224981016 0.999746886 8 0 0 0 1 1 0 0 0 0 0.999493793 0.0318144358 26 0 -0.0318144358 0.999493793 8 0 0 0 1 1 0 0 0 0 0.999240721 0.0389612793 26 0 -0.0389612793 0.999240721 8 0 0 0 1 1 0 0 0 0 0.999055473 0.0434529762 26 0 -0.0434529762 0.999055473 8 0 0 0 1 1 0 0 0 0 0.998987671 0.044984814 26 0 -0.044984814 0.998987671 8 0 0 0 1 1 0 0 0 0 0.999055473 0.0434529762 26 0 -0.0434529762 0.999055473 8 0 0 0 1 1 0 0 0 0 0.999240721 0.0389612793 26 0 -0.0389612793 0.999240721 8 0 0 0 1 1 0 0 0 0 0.999493793 0.0318144358 26 0 -0.0318144358 0.999493793 8 0 0 0 1 1 0 0 0 0 0.999746886 0.0224981016 26 0 -0.0224981016 0.999746886 8 0 0 0 1 1 0 0 0 0 0.999932176 0.0116465937 26 0 -0.0116465937 0.999932176 8 0 0 0 1 1 0 0 0 0 1 1.10218212e-17 26 0 -1.10218212e-17 1 8 0 0 0 1 1 0 0 0 0 1 -0 26 0 0 1 8 0 0 0 1 1 0 0 0 0 0.998055403 -0.0623330716 26 0 0.0623330716 0.998055403 8 0 0 0 1 1 0 0 0 0 0.992564671 -0.121718421 26 0 0.121718421 0.992564671 8 0 0 0 1 1 0 0 0 0 0.984493126 -0.175423159 26 0 0.175423159 0.984493126 8 0 0 0 1 1 0 0 0 0 0.975250875 -0.221101177 26 0 0.221101177 0.975250875 8 0 0 0 1 1 0 0 0 0 0.966439417 -0.256894634 26 0 0.256894634 0.966439417 8 0 0 0 1 1 0 0 0 0 0.95957249 -0.281461607 26 0 0.281461607 0.95957249 8 0 0 0 1 1 0 0 0 0 0.955820866 -0.293949778 26 0 0.293949778 0.955820866 8 0 0 0 1 1 0 0 0 0 0.955820866 -0.293949778 26 0 0.293949778 0.955820866 8 0 0 0 1 1 0 0 0 0 0.95957249 -0.281461607 26 0 0.281461607 0.95957249 8 0 0 0 1 1 0 0 0 0 0.966439417 -0.256894634 26 0 0.256894634 0.966439417 8 0 0 0 1 1 0 0 0 0 0.975250875 -0.221101177 26 0 0.221101177 0.975250875 8 0 0 0 1 1 0 0 0 0 0.984493126 -0.175423159 26 0 0.175423159 0.984493126 8 0 0 0 1 1 0 0 0 0 0.992564671 -0.121718421 26 0 0.121718421 0.992564671 8 0 0 0 1 1 0 0 0 0 0.998055403 -0.0623330716 26 0 0.0623330716 0.998055403 8 0 0 0 1 1 0 0 0 0 1 -3.6739404e-17 26 0 3.6739404e-17 1 8 0 0 0 1 1 0 0 0 0 0.998055403 0.0623330716 26 0 -0.0623330716 0.998055403 8 0 0 0 1 1 0 0 0 0 0.992564671 0.121718421 26 0 -0.121718421 0.992564671 8 0 0 0 1 1 0 0 0 0 0.984493126 0.175423159 26 0 -0.175423159 0.984493126 8 0 0 0 1 1 0 0 0 0 0.975250875 0.221101177 26 0 -0.221101177 0.975250875 8 0 0 0 1 1 0 0 0 0 0.966439417 0.256894634 26 0 -0.256894634 0.966439417 8 0 0 0 1 1 0 0 0 0 0.95957249 0.281461607 26 0 -0.281461607 0.95957249 8 0 0 0 1 1 0 0 0 0 0.955820866 0.293949778 26 0 -0.293949778 0.955820866 8 0 0 0 1 1 0 0 0 0 0.955820866 0.293949778 26 0 -0.293949778 0.955820866 8 0 0 0 1 1 0 0 0 0 0.95957249 0.281461607 26 0 -0.281461607 0.95957249 8 0 0 0 1 1 0 0 0 0 0.966439417 0.256894634 26 0 -0.256894634 0.966439417 8 0 0 0 1 1 0 0 0 0 0.975250875 0.221101177 26 0 -0.221101177 0.975250875 8 0 0 0 1 1 0 0 0 0 0.984493126 0.175423159 26 0 -0.175423159 0.984493126 8 0 0 0 1 1 0 0 0 0 0.992564671 0.121718421 26 0 -0.121718421 0.992564671 8 0 0 0 1 1 0 0 0 0 0.998055403 0.0623330716 26 0 -0.0623330716 0.998055403 8 0 0 0 1 1 0 0 0 0 1 7.34788079e-17 26 0 -7.34788079e-17 1 8 0 0 0 1 1 0 0 0 0 1 -0 26 0 0 1 8 0 0 0 1 1 0 0 0 0 0.999746886 -0.0224981016 26 0 0.0224981016 0.999746886 8 0 0 0 1 1 0 0 0 0 0.999240721 -0.0389612793 26 0 0.0389612793 0.999240721 8 0 0 0 1 1 0 0 0 0 0.998987671 -0.044984814 26 0 0.044984814 0.998987671 8 0 0 0 1 1 0 0 0 0 0.999240721 -0.0389612793 26 0 0.0389612793 0.999240721 8 0 0 0 1 1 0 0 0 0 0.999746886 -0.0224981016 26 0 0.0224981016 0.999746886 8 0 0 0 1 1 0 0 0 0 1 -5.5109106e-18 26 0 5.5109106e-18 1 8 0 0 0 1 1 0 0 0 0 0.999746886 0.0224981016 26 0 -0.0224981016 0.999746886 8 0 0 0 1 1 0 0 0 0 0.999240721 0.0389612793 26 0 -0.0389612793 0.999240721 8 0 0 0 1 1 0 0 0 0 0.998987671 0.044984814 26 0 -0.044984814 0.998987671 8 0 0 0 1 1 0 0 0 0 0.999240721 0.0389612793 26 0 -0.0389612793 0.999240721 8 0 0 0 1 1 0 0 0 0 0.999746886 0.0224981016 26 0 -0.0224981016 0.999746886 8 0 0 0 1 1 0 0 0 0 1 1.10218212e-17 26 0 -1.10218212e-17 1 8 0 0 0 1 1 0 0 0 0 1 -0 26 0 0 1 8 0 0 0 1 1 0 0 0 0 0.999956233 -0.00935588959 26 0 0.00935588959 0.999956233 8 0 0 0 1 1 0 0 0 0 0.999832502 -0.018302127 26 0 0.018302127 0.999832502 8 0 0 0 1 1 0 0 0 0 0.99965021 -0.0264472523 26 0 0.0264472523 0.99965021 8 0 0 0 1 1 0 0 0 0 0.999440885 -0.0334352844 26 0 0.0334352844 0.999440885 8 0 0 0 1 1 0 0 0 0 0.999240721 -0.0389612793 26 0 0.0389612793 0.999240721 8 0 0 0 1 1 0 0 0 0 0.999084325 -0.0427844796 26 0 0.0427844796 0.999084325 8 0 0 0 1 1 0 0 0 0 0.99899873 -0.0447385475 26 0 0.0447385475 0.99899873 8 0 0 0 1 1 0 0 0 0 0.99899873 -0.0447385475 26 0 0.0447385475 0.99899873 8 0 0 0 1 1 0 0 0 0 0.999084325 -0.0427844796 26 0 0.0427844796 0.999084325 8 0 0 0 1 1 0 0 0 0 0.999240721 -0.0389612793 26 0 0.0389612793 0.999240721 8 0 0 0 1 1 0 0 0 0 0.999440885 -0.0334352844 26 0 0.0334352844 0.999440885 8 0 0 0 1 1 0 0 0 0 0.99965021 -0.0264472523 26 0 0.0264472523 0.99965021 8 0 0 0 1 1 0 0 0 0 0.999832502 -0.018302127 26 0 0.018302127 0.999832502 8 0 0 0 1 1 0 0 0 0 0.999956233 -0.00935588959 26 0 0.00935588959 0.999956233 8 0 0 0 1 1 0 0 0 0 1 -5.5109106e-18 26 0 5.5109106e-18 1 8 0 0 0 1 1 0 0 0 0 0.999956233 0.00935588959 26 0 -0.00935588959 0.999956233 8 0 0 0 1 1 0 0 0 0 0.999832502 0.018302127 26 0 -0.018302127 0.999832502 8 0 0 0 1 1 0 0 0 0 0.99965021 0.0264472523 26 0 -0.0264472523 0.99965021 8 0 0 0 1 1 0 0 0 0 0.999440885 0.0334352844 26 0 -0.0334352844 0.999440885 8 0 0 0 1 1 0 0 0 0 0.999240721 0.0389612793 26 0 -0.0389612793 0.999240721 8 0 0 0 1 1 0 0 0 0 0.999084325 0.0427844796 26 0 -0.0427844796 0.999084325 8 0 0 0 1 1 0 0 0 0 0.99899873 0.0447385475 26 0 -0.0447385475 0.99899873 8 0 0 0 1 1 0 0 0 0 0.99899873 0.0447385475 26 0 -0.0447385475 0.99899873 8 0 0 0 1 1 0 0 0 0 0.999084325 0.0427844796 26 0 -0.0427844796 0.999084325 8 0 0 0 1 1 0 0 0 0 0.999240721 0.0389612793 26 0 -0.0389612793 0.999240721 8 0 0 0 1 1 0 0 0 0 0.999440885 0.0334352844 26 0 -0.0334352844 0.999440885 8 0 0 0 1 1 0 0 0 0 0.99965021 0.0264472523 26 0 -0.0264472523 0.99965021 8 0 0 0 1 1 0 0 0 0 0.999832502 0.018302127 26 0 -0.018302127 0.999832502 8 0 0 0 1 1 0 0 0 0 0.999956233 0.00935588959 26 0 -0.00935588959 0.999956233 8 0 0 0 1 1 0 0 0 0 1 1.10218212e-17 26 0 -1.10218212e-17 1 8 0 0 0 1 1 0 0 0 0 1 -0 26 0 0 1 8 0 0 0 1 1 0 0 0 0 0.999881562 -0.0153902988 26 0 0.0153902988 0.999881562 8 0 0 0 1 1 0 0 0 0 0.999581689 -0.028921409 26 0 0.028921409 0.999581689 8 0 0 0 1 1 0 0 0 0 0.999240721 -0.0389612793 26 0 0.0389612793 0.999240721 8 0 0 0 1 1 0 0 0 0 0.999018191 -0.0443018445 26 0 0.0443018445 0.999018191 8 0 0 0 1 1 0 0 0 0 0.999018191 -0.0443018445 26 0 0.0443018445 0.999018191 8 0 0 0 1 1 0 0 0 0 0.999240721 -0.0389612793 26 0 0.0389612793 0.999240721 8 0 0 0 1 1 0 0 0 0 0.999581689 -0.028921409 26 0 0.028921409 0.999581689 8 0 0 0 1 1 0 0 0 0 0.999881562 -0.0153902988 26 0 0.0153902988 0.999881562 8 0 0 0 1 1 0 0 0 0 1 -5.5109106e-18 26 0 5.5109106e-18 1 8 0 0 0 1 1 0 0 0 0 0.999881562 0.0153902988 26 0 -0.0153902988 0.999881562 8 0 0 0 1 1 0 0 0 0 0.999581689 0.028921409 26 0 -0.028921409 0.999581689 8 0 0 0 1 1 0 0 0 0 0.999240721 0.0389612793 26 0 -0.0389612793 0.999240721 8 0 0 0 1 1 0 0 0 0 0.999018191 0.0443018445 26 0 -0.0443018445 0.999018191 8 0 0 0 1 1 0 0 0 0 0.999018191 0.0443018445 26 0 -0.0443018445 0.999018191 8 0 0 0 1 1 0 0 0 0 0.999240721 0.0389612793 26 0 -0.0389612793 0.999240721 8 0 0 0 1 1 0 0 0 0 0.999581689 0.028921409 26 0 -0.028921409 0.999581689 8 0 0 0 1 1 0 0 0 0 0.999881562 0.0153902988 26 0 -0.0153902988 0.999881562 8 0 0 0 1 1 0 0 0 0 1 1.10218212e-17 26 0 -1.10218212e-17 1 8 0 0 0 1 1 0 0 0 0 1 -0 26 0 0 1 8 0 0 0 1 1 0 0 0 0 0.999956233 -0.00935588959 26 0 0.00935588959 0.999956233 8 0 0 0 1 1 0 0 0 0 0.999832502 -0.018302127 26 0 0.018302127 0.999832502 8 0 0 0 1 1 0 0 0 0 0.99965021 -0.0264472523 26 0 0.0264472523 0.99965021 8 0 0 0 1 1 0 0 0 0 0.999440885 -0.0334352844 26 0 0.0334352844 0.999440885 8 0 0 0 1 1 0 0 0 0 0.999240721 -0.0389612793 26 0 0.0389612793 0.999240721 8 0 0 0 1 1 0 0 0 0 0.999084325 -0.0427844796 26 0 0.0427844796 0.999084325 8 0 0 0 1 1 0 0 0 0 0.99899873 -0.0447385475 26 0 0.0447385475 0.99899873 8 0 0 0 1 1 0 0 0 0 0.99899873 -0.0447385475 26 0 0.0447385475 0.99899873 8 0 0 0 1 1 0 0 0 0 0.999084325 -0.0427844796 26 0 0.0427844796 0.999084325 8 0 0 0 1 1 0 0 0 0 0.999240721 -0.0389612793 26 0 0.0389612793 0.999240721 8 0 0 0 1 1 0 0 0 0 0.999440885 -0.0334352844 26 0 0.0334352844 0.999440885 8 0 0 0 1 1 0 0 0 0 0.99965021 -0.0264472523 26 0 0.0264472523 0.99965021 8 0 0 0 1 1 0 0 0 0 0.999832502 -0.018302127 26 0 0.018302127 0.999832502 8 0 0 0 1 1 0 0 0 0 0.999956233 -0.00935588959 26 0 0.00935588959 0.999956233 8 0 0 0 1 1 0 0 0 0 1 -5.5109106e-18 26 0 5.5109106e-18 1 8 0 0 0 1 1 0 0 0 0 0.999956233 0.00935588959 26 0 -0.00935588959 0.999956233 8 0 0 0 1 1 0 0 0 0 0.999832502 0.018302127 26 0 -0.018302127 0.999832502 8 0 0 0 1 1 0 0 0 0 0.99965021 0.0264472523 26 0 -0.0264472523 0.99965021 8 0 0 0 1 1 0 0 0 0 0.999440885 0.0334352844 26 0 -0.0334352844 0.999440885 8 0 0 0 1 1 0 0 0 0 0.999240721 0.0389612793 26 0 -0.0389612793 0.999240721 8 0 0 0 1 1 0 0 0 0 0.999084325 0.0427844796 26 0 -0.0427844796 0.999084325 8 0 0 0 1 1 0 0 0 0 0.99899873 0.0447385475 26 0 -0.0447385475 0.99899873 8 0 0 0 1 1 0 0 0 0 0.99899873 0.0447385475 26 0 -0.0447385475 0.99899873 8 0 0 0 1 1 0 0 0 0 0.999084325 0.0427844796 26 0 -0.0427844796 0.999084325 8 0 0 0 1 1 0 0 0 0 0.999240721 0.0389612793 26 0 -0.0389612793 0.999240721 8 0 0 0 1 1 0 0 0 0 0.999440885 0.0334352844 26 0 -0.0334352844 0.999440885 8 0 0 0 1 1 0 0 0 0 0.99965021 0.0264472523 26 0 -0.0264472523 0.99965021 8 0 0 0 1 1 0 0 0 0 0.999832502 0.018302127 26 0 -0.018302127 0.999832502 8 0 0 0 1 1 0 0 0 0 0.999956233 0.00935588959 26 0 -0.00935588959 0.999956233 8 0 0 0 1 1 0 0 0 0 1 1.10218212e-17 26 0 -1.10218212e-17 1 8 0 0 0 1 1 0 0 0 0 1 -0 26 0 0 1 8 0 0 0 1 1 0 0 0 0 0.999956233 -0.00935588959 26 0 0.00935588959 0.999956233 8 0 0 0 1 1 0 0 0 0 0.999832502 -0.018302127 26 0 0.018302127 0.999832502 8 0 0 0 1 1 0 0 0 0 0.99965021 -0.0264472523 26 0 0.0264472523 0.99965021 8 0 0 0 1 1 0 0 0 0 0.999440885 -0.0334352844 26 0 0.0334352844 0.999440885 8 0 0 0 1 1 0 0 0 0 0.999240721 -0.0389612793 26 0 0.0389612793 0.999240721 8 0 0 0 1 1 0 0 0 0 0.999084325 -0.0427844796 26 0 0.0427844796 0.999084325 8 0 0 0 1 1 0 0 0 0 0.99899873 -0.0447385475 26 0 0.0447385475 0.99899873 8 0 0 0 1 1 0 0 0 0 0.99899873 -0.0447385475 26 0 0.0447385475 0.99899873 8 0 0 0 1 1 0 0 0 0 0.999084325 -0.0427844796 26 0 0.0427844796 0.999084325 8 0 0 0 1 1 0 0 0 0 0.999240721 -0.0389612793 26 0 0.0389612793 0.999240721 8 0 0 0 1 1 0 0 0 0 0.999440885 -0.0334352844 26 0 0.0334352844 0.999440885 8 0 0 0 1 1 0 0 0 0 0.99965021 -0.0264472523 26 0 0.0264472523 0.99965021 8 0 0 0 1 1 0 0 0 0 0.999832502 -0.018302127 26 0 0.018302127 0.999832502 8 0 0 0 1 1 0 0 0 0 0.999956233 -0.00935588959 26 0 0.00935588959 0.999956233 8 0 0 0 1 1 0 0 0 0 1 -5.5109106e-18 26 0 5.5109106e-18 1 8 0 0 0 1 1 0 0 0 0 0.999956233 0.00935588959 26 0 -0.00935588959 0.999956233 8 0 0 0 1 1 0 0 0 0 0.999832502 0.018302127 26 0 -0.018302127 0.999832502 8 0 0 0 1 1 0 0 0 0 0.99965021 0.0264472523 26 0 -0.0264472523 0.99965021 8 0 0 0 1 1 0 0 0 0 0.999440885 0.0334352844 26 0 -0.0334352844 0.999440885 8 0 0 0 1 1 0 0 0 0 0.999240721 0.0389612793 26 0 -0.0389612793 0.999240721 8 0 0 0 1 1 0 0 0 0 0.999084325 0.0427844796 26 0 -0.0427844796 0.999084325 8 0 0 0 1 1 0 0 0 0 0.99899873 0.0447385475 26 0 -0.0447385475 0.99899873 8 0 0 0 1 1 0 0 0 0 0.99899873 0.0447385475 26 0 -0.0447385475 0.99899873 8 0 0 0 1 1 0 0 0 0 0.999084325 0.0427844796 26 0 -0.0427844796 0.999084325 8 0 0 0 1 1 0 0 0 0 0.999240721 0.0389612793 26 0 -0.0389612793 0.999240721 8 0 0 0 1 1 0 0 0 0 0.999440885 0.0334352844 26 0 -0.0334352844 0.999440885 8 0 0 0 1 1 0 0 0 0 0.99965021 0.0264472523 26 0 -0.0264472523 0.99965021 8 0 0 0 1 1 0 0 0 0 0.999832502 0.018302127 26 0 -0.018302127 0.999832502 8 0 0 0 1 1 0 0 0 0 0.999956233 0.00935588959 26 0 -0.00935588959 0.999956233 8 0 0 0 1 1 0 0 0 0 1 1.10218212e-17 26 0 -1.10218212e-17 1 8 0 0 0 1 1 0 0 0 0 1 -0 26 0 0 1 8 0 0 0 1 1 0 0 0 0 0.999956233 -0.00935588959 26 0 0.00935588959 0.999956233 8 0 0 0 1 1 0 0 0 0 0.999832502 -0.018302127 26 0 0.018302127 0.999832502 8 0 0 0 1 1 0 0 0 0 0.99965021 -0.0264472523 26 0 0.0264472523 0.99965021 8 0 0 0 1 1 0 0 0 0 0.999440885 -0.0334352844 26 0 0.0334352844 0.999440885 8 0 0 0 1 1 0 0 0 0 0.999240721 -0.0389612793 26 0 0.0389612793 0.999240721 8 0 0 0 1 1 0 0 0 0 0.999084325 -0.0427844796 26 0 0.0427844796 0.999084325 8 0 0 0 1 1 0 0 0 0 0.99899873 -0.0447385475 26 0 0.0447385475 0.99899873 8 0 0 0 1 1 0 0 0 0 0.99899873 -0.0447385475 26 0 0.0447385475 0.99899873 8 0 0 0 1 1 0 0 0 0 0.999084325 -0.0427844796 26 0 0.0427844796 0.999084325 8 0 0 0 1 1 0 0 0 0 0.999240721 -0.0389612793 26 0 0.0389612793 0.999240721 8 0 0 0 1 1 0 0 0 0 0.999440885 -0.0334352844 26 0 0.0334352844 0.999440885 8 0 0 0 1 1 0 0 0 0 0.99965021 -0.0264472523 26 0 0.0264472523 0.99965021 8 0 0 0 1 1 0 0 0 0 0.999832502 -0.018302127 26 0 0.018302127 0.999832502 8 0 0 0 1 1 0 0 0 0 0.999956233 -0.00935588959 26 0 0.00935588959 0.999956233 8 0 0 0 1 1 0 0 0 0 1 -5.5109106e-18 26 0 5.5109106e-18 1 8 0 0 0 1 1 0 0 0 0 0.999956233 0.00935588959 26 0 -0.00935588959 0.999956233 8 0 0 0 1 1 0 0 0 0 0.999832502 0.018302127 26 0 -0.018302127 0.999832502 8 0 0 0 1 1 0 0 0 0 0.99965021 0.0264472523 26 0 -0.0264472523 0.99965021 8 0 0 0 1 1 0 0 0 0 0.999440885 0.0334352844 26 0 -0.0334352844 0.999440885 8 0 0 0 1 1 0 0 0 0 0.999240721 0.0389612793 26 0 -0.0389612793 0.999240721 8 0 0 0 1 1 0 0 0 0 0.999084325 0.0427844796 26 0 -0.0427844796 0.999084325 8 0 0 0 1 1 0 0 0 0 0.99899873 0.0447385475 26 0 -0.0447385475 0.99899873 8 0 0 0 1 1 0 0 0 0 0.99899873 0.0447385475 26 0 -0.0447385475 0.99899873 8 0 0 0 1 1 0 0 0 0 0.999084325 0.0427844796 26 0 -0.0427844796 0.999084325 8 0 0 0 1 1 0 0 0 0 0.999240721 0.0389612793 26 0 -0.0389612793 0.999240721 8 0 0 0 1 1 0 0 0 0 0.999440885 0.0334352844 26 0 -0.0334352844 0.999440885 8 0 0 0 1 1 0 0 0 0 0.99965021 0.0264472523 26 0 -0.0264472523 0.99965021 8 0 0 0 1 1 0 0 0 0 0.999832502 0.018302127 26 0 -0.018302127 0.999832502 8 0 0 0 1 1 0 0 0 0 0.999956233 0.00935588959 26 0 -0.00935588959 0.999956233 8 0 0 0 1 1 0 0 0 0 1 1.10218212e-17 26 0 -1.10218212e-17 1 8 0 0 0 1</float_array>
        <technique_common>
          <accessor source="#Neck-output-array" count="322" stride="16">
            <param name="TRANSFORM" type="float4x4" />
          </accessor>
        </technique_common>
      </source>
      <source id="Neck-interpolation">
        <Name_array id="Neck-interpolation-array" count="322">LINEAR LINEAR LINEAR LINEAR LINEAR LINEAR LINEAR LINEAR LINEAR LINEAR LINEAR LINEAR LINEAR LINEAR LINEAR LINEAR LINEAR LINEAR LINEAR LINEAR LINEAR LINEAR LINEAR LINEAR LINEAR LINEAR LINEAR LINEAR LINEAR LINEAR LINEAR LINEAR LINEAR LINEAR LINEAR LINEAR LINEAR LINEAR LINEAR LINEAR LINEAR LINEAR LINEAR LINEAR LINEAR LINEAR LINEAR LINEAR LINEAR LINEAR LINEAR LINEAR LINEAR LINEAR LINEAR LINEAR LINEAR LINEAR LINEAR LINEAR LINEAR LINEAR LINEAR LINEAR LINEAR LINEAR LINEAR LINEAR LINEAR LINEAR LINEAR LINEAR LINEAR LINEAR LINEAR LINEAR LINEAR LINEAR LINEAR LINEAR LINEAR LINEAR LINEAR LINEAR LINEAR LINEAR LINEAR LINEAR LINEAR LINEAR LINEAR LINEAR LINEAR LINEAR LINEAR LINEAR LINEAR LINEAR LINEAR LINEAR LINEAR LINEAR LINEAR LINEAR LINEAR LINEAR LINEAR LINEAR LINEAR LINEAR LINEAR LINEAR LINEAR LINEAR LINEAR LINEAR LINEAR LINEAR LINEAR LINEAR LINEAR LINEAR LINEAR LINEAR LINEAR LINEAR LINEAR LINEAR LINEAR LINEAR LINEAR LINEAR LINEAR LINEAR LINEAR LINEAR LINEAR LINEAR LINEAR LINEAR LINEAR LINEAR LINEAR LINEAR LINEAR LINEAR LINEAR LINEAR LINEAR LINEAR LINEAR LINEAR LINEAR LINEAR LINEAR LINEAR LINEAR LINEAR LINEAR LINEAR LINEAR LINEAR LINEAR LINEAR LINEAR LINEAR LINEAR LINEAR LINEAR LINEAR LINEAR LINEAR LINEAR LINEAR LINEAR LINEAR LINEAR LINEAR LINEAR LINEAR LINEAR LINEAR LINEAR LINEAR LINEAR LINEAR LINEAR LINEAR LINEAR LINEAR LINEAR LINEAR LINEAR LINEAR LINEAR LINEAR LINEAR LINEAR LINEAR LINEAR LINEAR LINEAR LINEAR LINEAR LINEAR LINEAR LINEAR LINEAR LINEAR LINEAR LINEAR LINEAR LINEAR LINEAR LINEAR LINEAR LINEAR LINEAR LINEAR LINEAR LINEAR LINEAR LINEAR LINEAR LINEAR LINEAR LINEAR LINEAR LINEAR LINEAR LINEAR LINEAR LINEAR LINEAR LINEAR LINEAR LINEAR LINEAR LINEAR LINEAR LINEAR LINEAR LINEAR LINEAR LINEAR LINEAR LINEAR LINEAR LINEAR LINEAR LINEAR LINEAR LINEAR LINEAR LINEAR LINEAR LINEAR LINEAR LINEAR LINEAR LINEAR LINEAR LINEAR LINEAR LINEAR LINEAR LINEAR LINEAR LINEAR LINEAR LINEAR LINEAR LINEAR LINEAR LINEAR LINEAR LINEAR LINEAR LINEAR LINEAR LINEAR LINEAR LINEAR LINEAR LINEAR LINEAR LINEAR LINEAR LINEAR LINEAR LINEAR LINEAR LINEAR LINEAR LINEAR LINEAR LINEAR LINEAR LINEAR LINEAR LINEAR LINEAR LINEAR LINEAR LINEAR LINEAR LINEAR LINEAR LINEAR LINEAR LINEAR LINEAR LINEAR LINEAR LINEAR LINEAR LINEAR LINEAR LINEAR LINEAR LINEAR LINEAR</Name_array>
        <technique_common>
          <accessor source="#Neck-interpolation-array" count="322" stride="1">
            <param name="INTERPOLATION" type="Name" />
          </accessor>
        </technique_common>
      </source>
      <sampler id="Neck-sampler">
        <input semantic="INPUT" source="#Neck-time" />
        <input semantic="OUTPUT" source="#Neck-output" />
        <input semantic="INTERPOLATION" source="#Neck-interpolation" />
      </sampler>
      <channel source="#Neck-sampler" target="Neck/transform" />
    </animation>
    <animation id="Head-animation" name="Head-animation">
      <source id="Head-time">
        <float_array id="Head-time-array" count="322">0.0333333333 0.0666666667 0.1 0.133333333 0.166666667 0.2 0.233333333 0.266666667 0.3 0.333333333 0.366666667 0.4 0.433333333 0.466666667 0.5 0.533333333 0.566666667 0.6 0.633333333 0.666666667 0.7 0.733333333 0.766666667 0.8 0.833333333 0.866666667 0.9 0.933333333 0.966666667 1 1.03333333 1.06666667 1.1 1.13333333 1.16666667 1.2 1.23333333 1.26666667 1.3 1.33333333 1.36666667 1.4 1.43333333 1.46666667 1.5 1.53333333 1.56666667 1.6 1.63333333 1.66666667 1.7 1.73333333 1.76666667 1.8 1.83333333 1.86666667 1.9 1.93333333 1.96666667 2 2.03333333 2.06666667 2.1 2.13333333 2.16666667 2.2 2.23333333 2.26666667 2.3 2.33333333 2.36666667 2.4 2.43333333 2.46666667 2.5 2.53333333 2.56666667 2.6 2.63333333 2.66666667 2.7 2.73333333 2.76666667 2.8 2.83333333 2.86666667 2.9 2.93333333 2.96666667 3 3.03333333 3.06666667 3.1 3.13333333 3.16666667 3.2 3.23333333 3.26666667 3.3 3.33333333 3.36666667 3.4 3.43333333 3.46666667 3.5 3.53333333 3.56666667 3.6 3.63333333 3.66666667 3.7 3.73333333 3.76666667 3.8 3.83333333 3.86666667 3.9 3.93333333 3.96666667 4 4.03333333 4.06666667 4.1 4.13333333 4.16666667 4.2 4.23333333 4.26666667 4.3 4.33333333 4.36666667 4.4 4.43333333 4.46666667 4.5 4.53333333 4.56666667 4.6 4.63333333 4.66666667 4.7 4.73333333 4.76666667 4.8 4.83333333 4.86666667 4.9 4.93333333 4.96666667 5 5.03333333 5.06666667 5.1 5.13333333 5.16666667 5.2 5.23333333 5.26666667 5.3 5.33333333 5.36666667 5.4 5.43333333 5.46666667 5.5 5.53333333 5.56666667 5.6 5.63333333 5.66666667 5.7 5.73333333 5.76666667 5.8 5.83333333 5.86666667 5.9 5.93333333 5.96666667 6 6.03333333 6.06666667 6.1 6.13333333 6.16666667 6.2 6.23333333 6.26666667 6.3 6.33333333 6.36666667 6.4 6.43333333 6.46666667 6.5 6.53333333 6.56666667 6.6 6.63333333 6.66666667 6.7 6.73333333 6.76666667 6.8 6.83333333 6.86666667 6.9 6.93333333 6.96666667 7 7.03333333 7.06666667 7.1 7.13333333 7.16666667 7.2 7.23333333 7.26666667 7.3 7.33333333 7.36666667 7.4 7.43333333 7.46666667 7.5 7.53333333 7.56666667 7.6 7.63333333 7.66666667 7.7 7.73333333 7.76666667 7.8 7.83333333 7.86666667 7.9 7.93333333 7.96666667 8 8.03333333 8.06666667 8.1 8.13333333 8.16666667 8.2 8.23333333 8.26666667 8.3 8.33333333 8.36666667 8.4 8.43333333 8.46666667 8.5 8.53333333 8.56666667 8.6 8.63333333 8.66666667 8.7 8.73333333 8.76666667 8.8 8.83333333 8.86666667 8.9 8.93333333 8.96666667 9 9.03333333 9.06666667 9.1 9.13333333 9.16666667 9.2 9.23333333 9.26666667 9.3 9.33333333 9.36666667 9.4 9.43333333 9.46666667 9.5 9.53333333 9.56666667 9.6 9.63333333 9.66666667 9.7 9.73333333 9.76666667 9.8 9.83333333 9.86666667 9.9 9.93333333 9.96666667 10 10.0333333 10.0666667 10.1 10.1333333 10.1666667 10.2 10.2333333 10.2666667 10.3 10.3333333 10.3666667 10.4 10.4333333 10.4666667 10.5 10.5333333 10.5666667 10.6 10.6333333 10.6666667 10.7 10.7333333</float_array>
        <technique_common>
          <accessor source="#Head-time-array" count="322" stride="1">
            <param name="TIME" type="float" />
          </accessor>
        </technique_common>
      </source>
      <source id="Head-output">
        <float_array id="Head-output-array" count="5152">1 0 0 0 0 1 -0 9 0 0 1 25 0 0 0 1 1 0 0 0 0 1 -0 9 0 0 1 25 0 0 0 1 1 0 0 0 0 1 -0 9 0 0 1 25 0 0 0 1 1 0 0 0 0 1 -0 9 0 0 1 25 0 0 0 1 1 0 0 0 0 1 -0 9 0 0 1 25 0 0 0 1 1 0 0 0 0 1 -0 9 0 0 1 25 0 0 0 1 1 0 0 0 0 1 -0 9 0 0 1 25 0 0 0 1 1 0 0 0 0 1 -0 9 0 0 1 25 0 0 0 1 1 0 0 0 0 1 -0 9 0 0 1 25 0 0 0 1 1 0 0 0 0 1 -0 9 0 0 1 25 0 0 0 1 1 0 0 0 0 1 -0 9 0 0 1 25 0 0 0 1 1 0 0 0 0 1 -0 9 0 0 1 25 0 0 0 1 1 0 0 0 0 1 -0 9 0 0 1 25 0 0 0 1 1 0 0 0 0 1 -0 9 0 0 1 25 0 0 0 1 1 0 0 0 0 1 -0 9 0 0 1 25 0 0 0 1 1 0 0 0 0 1 -0 9 0 0 1 25 0 0 0 1 1 0 0 0 0 1 -0 9 0 0 1 25 0 0 0 1 1 0 0 0 0 1 -0 9 0 0 1 25 0 0 0 1 1 0 0 0 0 1 -0 9 0 0 1 25 0 0 0 1 1 0 0 0 0 1 -0 9 0 0 1 25 0 0 0 1 1 0 0 0 0 1 -0 9 0 0 1 25 0 0 0 1 1 0 0 0 0 1 -0 9 0 0 1 25 0 0 0 1 1 0 0 0 0 1 -0 9 0 0 1 25 0 0 0 1 1 0 0 0 0 1 -0 9 0 0 1 25 0 0 0 1 1 0 0 0 0 1 -0 9 0 0 1 25 0 0 0 1 1 0 0 0 0 1 -0 9 0 0 1 25 0 0 0 1 1 0 0 0 0 1 -0 9 0 0 1 25 0 0 0 1 1 0 0 0 0 1 -0 9 0 0 1 25 0 0 0 1 1 0 0 0 0 1 -0 9 0 0 1 25 0 0 0 1 1 0 0 0 0 1 -0 9 0 0 1 25 0 0 0 1 1 0 0 0 0 1 -0 9 0 0 1 25 0 0 0 1 1 0 0 0 0 1 -0 9 0 0 1 25 0 0 0 1 1 0 0 0 0 1 -0 9 0 0 1 25 0 0 0 1 1 0 0 0 0 1 -0 9 0 0 1 25 0 0 0 1 1 0 0 0 0 1 -0 9 0 0 1 25 0 0 0 1 1 0 0 0 0 1 -0 9 0 0 1 25 0 0 0 1 1 0 0 0 0 1 -0 9 0 0 1 25 0 0 0 1 1 0 0 0 0 1 -0 9 0 0 1 25 0 0 0 1 1 0 0 0 0 1 -0 9 0 0 1 25 0 0 0 1 1 0 0 0 0 1 -0 9 0 0 1 25 0 0 0 1 1 0 0 0 0 1 -0 9 0 0 1 25 0 0 0 1 1 0 0 0 0 1 -0 9 0 0 1 25 0 0 0 1 1 0 0 0 0 1 -0 9 0 0 1 25 0 0 0 1 1 0 0 0 0 1 -0 9 0 0 1 25 0 0 0 1 1 0 0 0 0 1 -0 9 0 0 1 25 0 0 0 1 1 0 0 0 0 1 -0 9 0 0 1 25 0 0 0 1 1 0 0 0 0 1 -0 9 0 0 1 25 0 0 0 1 1 0 0 0 0 1 -0 9 0 0 1 25 0 0 0 1 1 0 0 0 0 1 -0 9 0 0 1 25 0 0 0 1 1 0 0 0 0 1 -0 9 0 0 1 25 0 0 0 1 1 0 0 0 0 1 -0 9 0 0 1 25 0 0 0 1 1 0 0 0 0 1 -0 9 0 0 1 25 0 0 0 1 1 0 0 0 0 1 -0 9 0 0 1 25 0 0 0 1 1 0 0 0 0 1 -0 9 0 0 1 25 0 0 0 1 1 0 0 0 0 1 -0 9 0 0 1 25 0 0 0 1 1 0 0 0 0 1 -0 9 0 0 1 25 0 0 0 1 1 0 0 0 0 1 -0 9 0 0 1 25 0 0 0 1 1 0 0 0 0 1 -0 9 0 0 1 25 0 0 0 1 1 0 0 0 0 1 -0 9 0 0 1 25 0 0 0 1 1 0 0 0 0 1 -0 9 0 0 1 25 0 0 0 1 1 0 0 0 0 1 -0 9 0 0 1 25 0 0 0 1 1 0 0 0 0 1 -0 9 0 0 1 25 0 0 0 1 1 0 0 0 0 1 -0 9 0 0 1 25 0 0 0 1 1 0 0 0 0 1 -0 9 0 0 1 25 0 0 0 1 1 0 0 0 0 1 -0 9 0 0 1 25 0 0 0 1 1 0 0 0 0 1 -0 9 0 0 1 25 0 0 0 1 1 0 0 0 0 1 -0 9 0 0 1 25 0 0 0 1 1 0 0 0 0 1 -0 9 0 0 1 25 0 0 0 1 1 0 0 0 0 1 -0 9 0 0 1 25 0 0 0 1 1 0 0 0 0 1 -0 9 0 0 1 25 0 0 0 1 1 0 0 0 0 1 -0 9 0 0 1 25 0 0 0 1 1 0 0 0 0 1 -0 9 0 0 1 25 0 0 0 1 1 0 0 0 0 1 -0 9 0 0 1 25 0 0 0 1 1 0 0 0 0 1 -0 9 0 0 1 25 0 0 0 1 1 0 0 0 0 1 -0 9 0 0 1 25 0 0 0 1 1 0 0 0 0 1 -0 9 0 0 1 25 0 0 0 1 1 0 0 0 0 1 -0 9 0 0 1 25 0 0 0 1 1 0 0 0 0 1 -0 9 0 0 1 25 0 0 0 1 1 0 0 0 0 1 -0 9 0 0 1 25 0 0 0 1 1 0 0 0 0 1 -0 9 0 0 1 25 0 0 0 1 1 0 0 0 0 1 -0 9 0 0 1 25 0 0 0 1 1 0 0 0 0 1 -0 9 0 0 1 25 0 0 0 1 1 0 0 0 0 1 -0 9 0 0 1 25 0 0 0 1 1 0 0 0 0 1 -0 9 0 0 1 25 0 0 0 1 1 0 0 0 0 1 -0 9 0 0 1 25 0 0 0 1 1 0 0 0 0 1 -0 9 0 0 1 25 0 0 0 1 1 0 0 0 0 1 -0 9 0 0 1 25 0 0 0 1 1 0 0 0 0 1 -0 9 0 0 1 25 0 0 0 1 1 0 0 0 0 1 -0 9 0 0 1 25 0 0 0 1 1 0 0 0 0 1 -0 9 0 0 1 25 0 0 0 1 1 0 0 0 0 1 -0 9 0 0 1 25 0 0 0 1 1 0 0 0 0 1 -0 9 0 0 1 25 0 0 0 1 1 0 0 0 0 1 -0 9 0 0 1 25 0 0 0 1 1 0 0 0 0 1 -0 9 0 0 1 25 0 0 0 1 1 0 0 0 0 1 -0 9 0 0 1 25 0 0 0 1 1 0 0 0 0 1 -0 9 0 0 1 25 0 0 0 1 1 0 0 0 0 1 -0 9 0 0 1 25 0 0 0 1 1 0 0 0 0 1 -0 9 0 0 1 25 0 0 0 1 1 0 0 0 0 1 -0 9 0 0 1 25 0 0 0 1 1 0 0 0 0 1 -0 9 0 0 1 25 0 0 0 1 1 0 0 0 0 1 -0 9 0 0 1 25 0 0 0 1 1 0 0 0 0 1 -0 9 0 0 1 25 0 0 0 1 1 0 0 0 0 1 -0 9 0 0 1 25 0 0 0 1 1 0 0 0 0 1 -0 9 0 0 1 25 0 0 0 1 1 0 0 0 0 1 -0 9 0 0 1 25 0 0 0 1 1 0 0 0 0 1 -0 9 0 0 1 25 0 0 0 1 1 0 0 0 0 1 -0 9 0 0 1 25 0 0 0 1 1 0 0 0 0 1 -0 9 0 0 1 25 0 0 0 1 1 0 0 0 0 1 -0 9 0 0 1 25 0 0 0 1 1 0 0 0 0 1 -0 9 0 0 1 25 0 0 0 1 1 0 0 0 0 1 -0 9 0 0 1 25 0 0 0 1 1 0 0 0 0 1 -0 9 0 0 1 25 0 0 0 1 1 0 0 0 0 1 -0 9 0 0 1 25 0 0 0 1 1 0 0 0 0 1 -0 9 0 0 1 25 0 0 0 1 1 0 0 0 0 1 -0 9 0 0 1 25 0 0 0 1 1 0 0 0 0 1 -0 9 0 0 1 25 0 0 0 1 1 0 0 0 0 1 -0 9 0 0 1 25 0 0 0 1 1 0 0 0 0 1 -0 9 0 0 1 25 0 0 0 1 1 0 0 0 0 1 -0 9 0 0 1 25 0 0 0 1 1 0 0 0 0 1 -0 9 0 0 1 25 0 0 0 1 1 0 0 0 0 1 -0 9 0 0 1 25 0 0 0 1 1 0 0 0 0 1 -0 9 0 0 1 25 0 0 0 1 1 0 0 0 0 1 -0 9 0 0 1 25 0 0 0 1 1 0 0 0 0 1 -0 9 0 0 1 25 0 0 0 1 1 0 0 0 0 1 -0 9 0 0 1 25 0 0 0 1 1 0 0 0 0 1 -0 9 0 0 1 25 0 0 0 1 1 0 0 0 0 1 -0 9 0 0 1 25 0 0 0 1 1 0 0 0 0 1 -0 9 0 0 1 25 0 0 0 1 1 0 0 0 0 1 -0 9 0 0 1 25 0 0 0 1 1 0 0 0 0 1 -0 9 0 0 1 25 0 0 0 1 1 0 0 0 0 1 -0 9 0 0 1 25 0 0 0 1 1 0 0 0 0 1 -0 9 0 0 1 25 0 0 0 1 1 0 0 0 0 1 -0 9 0 0 1 25 0 0 0 1 1 0 0 0 0 1 -0 9 0 0 1 25 0 0 0 1 1 0 0 0 0 1 -0 9 0 0 1 25 0 0 0 1 1 0 0 0 0 1 -0 9 0 0 1 25 0 0 0 1 1 0 0 0 0 1 -0 9 0 0 1 25 0 0 0 1 1 0 0 0 0 1 -0 9 0 0 1 25 0 0 0 1 1 0 0 0 0 1 -0 9 0 0 1 25 0 0 0 1 1 0 0 0 0 1 -0 9 0 0 1 25 0 0 0 1 1 0 0 0 0 1 -0 9 0 0 1 25 0 0 0 1 1 0 0 0 0 1 -0 9 0 0 1 25 0 0 0 1 1 0 0 0 0 1 -0 9 0 0 1 25 0 0 0 1 1 0 0 0 0 1 -0 9 0 0 1 25 0 0 0 1 1 0 0 0 0 1 -0 9 0 0 1 25 0 0 0 1 1 0 0 0 0 1 -0 9 0 0 1 25 0 0 0 1 1 0 0 0 0 1 -0 9 0 0 1 25 0 0 0 1 1 0 0 0 0 1 -0 9 0 0 1 25 0 0 0 1 1 0 0 0 0 1 -0 9 0 0 1 25 0 0 0 1 1 0 0 0 0 1 -0 9 0 0 1 25 0 0 0 1 1 0 0 0 0 1 -0 9 0 0 1 25 0 0 0 1 1 0 0 0 0 1 -0 9 0 0 1 25 0 0 0 1 1 0 0 0 0 1 -0 9 0 0 1 25 0 0 0 1 1 0 0 0 0 1 -0 9 0 0 1 25 0 0 0 1 1 0 0 0 0 1 -0 9 0 0 1 25 0 0 0 1 1 0 0 0 0 1 -0 9 0 0 1 25 0 0 0 1 1 0 0 0 0 1 -0 9 0 0 1 25 0 0 0 1 1 0 0 0 0 1 -0 9 0 0 1 25 0 0 0 1 1 0 0 0 0 1 -0 9 0 0 1 25 0 0 0 1 1 0 0 0 0 1 -0 9 0 0 1 25 0 0 0 1 1 0 0 0 0 1 -0 9 0 0 1 25 0 0 0 1 1 0 0 0 0 1 -0 9 0 0 1 25 0 0 0 1 1 0 0 0 0 1 -0 9 0 0 1 25 0 0 0 1 1 0 0 0 0 1 -0 9 0 0 1 25 0 0 0 1 1 0 0 0 0 1 -0 9 0 0 1 25 0 0 0 1 1 0 0 0 0 1 -0 9 0 0 1 25 0 0 0 1 1 0 0 0 0 1 0 9 0 -0 1 25 0 0 0 1 1 0 0 0 0 0.996987086 0.0775677179 9 0 -0.0775677179 0.996987086 25 0 0 0 1 1 0 0 0 0 0.988771078 0.149438132 9 0 -0.149438132 0.988771078 25 0 0 0 1 1 0 0 0 0 0.977584249 0.21054462 9 0 -0.21054462 0.977584249 25 0 0 0 1 1 0 0 0 0 0.966439417 0.256894634 9 0 -0.256894634 0.966439417 25 0 0 0 1 1 0 0 0 0 0.958307405 0.285739246 9 0 -0.285739246 0.958307405 25 0 0 0 1 1 0 0 0 0 0.955336489 0.295520207 9 0 -0.295520207 0.955336489 25 0 0 0 1 1 0 0 0 0 0.958307405 0.285739246 9 0 -0.285739246 0.958307405 25 0 0 0 1 1 0 0 0 0 0.966439417 0.256894634 9 0 -0.256894634 0.966439417 25 0 0 0 1 1 0 0 0 0 0.977584249 0.21054462 9 0 -0.21054462 0.977584249 25 0 0 0 1 1 0 0 0 0 0.988771078 0.149438132 9 0 -0.149438132 0.988771078 25 0 0 0 1 1 0 0 0 0 0.996987086 0.0775677179 9 0 -0.0775677179 0.996987086 25 0 0 0 1 1 0 0 0 0 1 3.6739404e-17 9 0 -3.6739404e-17 1 25 0 0 0 1 1 0 0 0 0 1 -0 9 0 0 1 25 0 0 0 1 1 0 0 0 0 1 -0 9 0 0 1 25 0 0 0 1 1 0 0 0 0 1 -0 9 0 0 1 25 0 0 0 1 1 0 0 0 0 1 -0 9 0 0 1 25 0 0 0 1 1 0 0 0 0 1 -0 9 0 0 1 25 0 0 0 1 1 0 0 0 0 1 -0 9 0 0 1 25 0 0 0 1 1 0 0 0 0 1 -0 9 0 0 1 25 0 0 0 1 1 0 0 0 0 1 -0 9 0 0 1 25 0 0 0 1 1 0 0 0 0 1 -0 9 0 0 1 25 0 0 0 1 1 0 0 0 0 1 -0 9 0 0 1 25 0 0 0 1 1 0 0 0 0 1 -0 9 0 0 1 25 0 0 0 1 1 0 0 0 0 1 -0 9 0 0 1 25 0 0 0 1 1 0 0 0 0 1 -0 9 0 0 1 25 0 0 0 1 1 0 0 0 0 1 -0 9 0 0 1 25 0 0 0 1 1 0 0 0 0 1 -0 9 0 0 1 25 0 0 0 1 1 0 0 0 0 1 -0 9 0 0 1 25 0 0 0 1 1 0 0 0 0 1 -0 9 0 0 1 25 0 0 0 1 1 0 0 0 0 1 -0 9 0 0 1 25 0 0 0 1 1 0 0 0 0 1 -0 9 0 0 1 25 0 0 0 1 1 0 0 0 0 1 -0 9 0 0 1 25 0 0 0 1 1 0 0 0 0 1 -0 9 0 0 1 25 0 0 0 1 1 0 0 0 0 1 -0 9 0 0 1 25 0 0 0 1 1 0 0 0 0 1 -0 9 0 0 1 25 0 0 0 1 1 0 0 0 0 1 -0 9 0 0 1 25 0 0 0 1 1 0 0 0 0 1 -0 9 0 0 1 25 0 0 0 1 1 0 0 0 0 1 -0 9 0 0 1 25 0 0 0 1 1 0 0 0 0 1 -0 9 0 0 1 25 0 0 0 1 1 0 0 0 0 1 -0 9 0 0 1 25 0 0 0 1 1 0 0 0 0 1 -0 9 0 0 1 25 0 0 0 1 1 0 0 0 0 1 -0 9 0 0 1 25 0 0 0 1 1 0 0 0 0 1 -0 9 0 0 1 25 0 0 0 1 1 0 0 0 0 1 -0 9 0 0 1 25 0 0 0 1 1 0 0 0 0 1 -0 9 0 0 1 25 0 0 0 1 1 0 0 0 0 1 -0 9 0 0 1 25 0 0 0 1 1 0 0 0 0 1 -0 9 0 0 1 25 0 0 0 1 1 0 0 0 0 1 -0 9 0 0 1 25 0 0 0 1 1 0 0 0 0 1 -0 9 0 0 1 25 0 0 0 1 1 0 0 0 0 1 -0 9 0 0 1 25 0 0 0 1 1 0 0 0 0 1 -0 9 0 0 1 25 0 0 0 1 1 0 0 0 0 1 -0 9 0 0 1 25 0 0 0 1 1 0 0 0 0 1 -0 9 0 0 1 25 0 0 0 1 1 0 0 0 0 1 -0 9 0 0 1 25 0 0 0 1 1 0 0 0 0 1 -0 9 0 0 1 25 0 0 0 1 1 0 0 0 0 1 -0 9 0 0 1 25 0 0 0 1 1 0 0 0 0 1 -0 9 0 0 1 25 0 0 0 1 1 0 0 0 0 1 -0 9 0 0 1 25 0 0 0 1 1 0 0 0 0 1 -0 9 0 0 1 25 0 0 0 1 1 0 0 0 0 1 -0 9 0 0 1 25 0 0 0 1 1 0 0 0 0 1 -0 9 0 0 1 25 0 0 0 1 1 0 0 0 0 1 -0 9 0 0 1 25 0 0 0 1 1 0 0 0 0 1 -0 9 0 0 1 25 0 0 0 1 1 0 0 0 0 1 -0 9 0 0 1 25 0 0 0 1 1 0 0 0 0 1 -0 9 0 0 1 25 0 0 0 1 1 0 0 0 0 1 -0 9 0 0 1 25 0 0 0 1 1 0 0 0 0 1 -0 9 0 0 1 25 0 0 0 1 1 0 0 0 0 1 -0 9 0 0 1 25 0 0 0 1 1 0 0 0 0 1 -0 9 0 0 1 25 0 0 0 1 1 0 0 0 0 1 -0 9 0 0 1 25 0 0 0 1 1 0 0 0 0 1 -0 9 0 0 1 25 0 0 0 1 1 0 0 0 0 1 -0 9 0 0 1 25 0 0 0 1 1 0 0 0 0 1 -0 9 0 0 1 25 0 0 0 1 1 0 0 0 0 1 -0 9 0 0 1 25 0 0 0 1 1 0 0 0 0 1 -0 9 0 0 1 25 0 0 0 1 1 0 0 0 0 1 -0 9 0 0 1 25 0 0 0 1 1 0 0 0 0 1 -0 9 0 0 1 25 0 0 0 1 1 0 0 0 0 1 -0 9 0 0 1 25 0 0 0 1 1 0 0 0 0 1 -0 9 0 0 1 25 0 0 0 1 1 0 0 0 0 1 -0 9 0 0 1 25 0 0 0 1 1 0 0 0 0 1 -0 9 0 0 1 25 0 0 0 1 1 0 0 0 0 1 -0 9 0 0 1 25 0 0 0 1 1 0 0 0 0 1 -0 9 0 0 1 25 0 0 0 1 1 0 0 0 0 1 -0 9 0 0 1 25 0 0 0 1 1 0 0 0 0 1 -0 9 0 0 1 25 0 0 0 1 1 0 0 0 0 1 -0 9 0 0 1 25 0 0 0 1 1 0 0 0 0 1 -0 9 0 0 1 25 0 0 0 1 1 0 0 0 0 1 -0 9 0 0 1 25 0 0 0 1 1 0 0 0 0 1 -0 9 0 0 1 25 0 0 0 1 1 0 0 0 0 1 -0 9 0 0 1 25 0 0 0 1 1 0 0 0 0 1 -0 9 0 0 1 25 0 0 0 1 1 0 0 0 0 1 -0 9 0 0 1 25 0 0 0 1 1 0 0 0 0 1 -0 9 0 0 1 25 0 0 0 1 1 0 0 0 0 1 -0 9 0 0 1 25 0 0 0 1 1 0 0 0 0 1 -0 9 0 0 1 25 0 0 0 1 1 0 0 0 0 1 -0 9 0 0 1 25 0 0 0 1 1 0 0 0 0 1 -0 9 0 0 1 25 0 0 0 1 1 0 0 0 0 1 -0 9 0 0 1 25 0 0 0 1 1 0 0 0 0 1 -0 9 0 0 1 25 0 0 0 1 1 0 0 0 0 1 -0 9 0 0 1 25 0 0 0 1 1 0 0 0 0 1 -0 9 0 0 1 25 0 0 0 1 1 0 0 0 0 1 -0 9 0 0 1 25 0 0 0 1 1 0 0 0 0 1 -0 9 0 0 1 25 0 0 0 1 1 0 0 0 0 1 -0 9 0 0 1 25 0 0 0 1 1 0 0 0 0 1 -0 9 0 0 1 25 0 0 0 1 1 0 0 0 0 1 -0 9 0 0 1 25 0 0 0 1 1 0 0 0 0 1 -0 9 0 0 1 25 0 0 0 1 1 0 0 0 0 1 -0 9 0 0 1 25 0 0 0 1 1 0 0 0 0 1 -0 9 0 0 1 25 0 0 0 1 1 0 0 0 0 1 -0 9 0 0 1 25 0 0 0 1 1 0 0 0 0 1 -0 9 0 0 1 25 0 0 0 1 1 0 0 0 0 1 -0 9 0 0 1 25 0 0 0 1 1 0 0 0 0 1 -0 9 0 0 1 25 0 0 0 1 1 0 0 0 0 1 -0 9 0 0 1 25 0 0 0 1 1 0 0 0 0 1 -0 9 0 0 1 25 0 0 0 1 1 0 0 0 0 1 -0 9 0 0 1 25 0 0 0 1 1 0 0 0 0 1 -0 9 0 0 1 25 0 0 0 1 1 0 0 0 0 1 -0 9 0 0 1 25 0 0 0 1 1 0 0 0 0 1 -0 9 0 0 1 25 0 0 0 1 1 0 0 0 0 1 -0 9 0 0 1 25 0 0 0 1 1 0 0 0 0 1 -0 9 0 0 1 25 0 0 0 1 1 0 0 0 0 1 -0 9 0 0 1 25 0 0 0 1 1 0 0 0 0 1 -0 9 0 0 1 25 0 0 0 1 1 0 0 0 0 1 -0 9 0 0 1 25 0 0 0 1 1 0 0 0 0 1 -0 9 0 0 1 25 0 0 0 1 1 0 0 0 0 1 -0 9 0 0 1 25 0 0 0 1 1 0 0 0 0 1 -0 9 0 0 1 25 0 0 0 1 1 0 0 0 0 1 -0 9 0 0 1 25 0 0 0 1 1 0 0 0 0 1 -0 9 0 0 1 25 0 0 0 1 1 0 0 0 0 1 -0 9 0 0 1 25 0 0 0 1 1 0 0 0 0 1 -0 9 0 0 1 25 0 0 0 1 1 0 0 0 0 1 -0 9 0 0 1 25 0 0 0 1 1 0 0 0 0 1 -0 9 0 0 1 25 0 0 0 1 1 0 0 0 0 1 -0 9 0 0 1 25 0 0 0 1 1 0 0 0 0 1 -0 9 0 0 1 25 0 0 0 1 1 0 0 0 0 1 -0 9 0 0 1 25 0 0 0 1 1 0 0 0 0 1 -0 9 0 0 1 25 0 0 0 1 1 0 0 0 0 1 -0 9 0 0 1 25 0 0 0 1 1 0 0 0 0 1 -0 9 0 0 1 25 0 0 0 1 1 0 0 0 0 1 -0 9 0 0 1 25 0 0 0 1 1 0 0 0 0 1 -0 9 0 0 1 25 0 0 0 1 1 0 0 0 0 1 -0 9 0 0 1 25 0 0 0 1 1 0 0 0 0 1 -0 9 0 0 1 25 0 0 0 1 1 0 0 0 0 1 -0 9 0 0 1 25 0 0 0 1 1 0 0 0 0 1 -0 9 0 0 1 25 0 0 0 1 1 0 0 0 0 1 -0 9 0 0 1 25 0 0 0 1 1 0 0 0 0 1 -0 9 0 0 1 25 0 0 0 1 1 0 0 0 0 1 -0 9 0 0 1 25 0 0 0 1 1 0 0 0 0 1 -0 9 0 0 1 25 0 0 0 1 1 0 0 0 0 1 -0 9 0 0 1 25 0 0 0 1 1 0 0 0 0 1 -0 9 0 0 1 25 0 0 0 1 1 0 0 0 0 1 -0 9 0 0 1 25 0 0 0 1 1 0 0 0 0 1 -0 9 0 0 1 25 0 0 0 1 1 0 0 0 0 1 -0 9 0 0 1 25 0 0 0 1 1 0 0 0 0 1 -0 9 0 0 1 25 0 0 0 1</float_array>
        <technique_common>
          <accessor source="#Head-output-array" count="322" stride="16">
            <param name="TRANSFORM" type="float4x4" />
          </accessor>
        </technique_common>
      </source>
      <source id="Head-interpolation">
        <Name_array id="Head-interpolation-array" count="322">LINEAR LINEAR LINEAR LINEAR LINEAR LINEAR LINEAR LINEAR LINEAR LINEAR LINEAR LINEAR LINEAR LINEAR LINEAR LINEAR LINEAR LINEAR LINEAR LINEAR LINEAR LINEAR LINEAR LINEAR LINEAR LINEAR LINEAR LINEAR LINEAR LINEAR LINEAR LINEAR LINEAR LINEAR LINEAR LINEAR LINEAR LINEAR LINEAR LINEAR LINEAR LINEAR LINEAR LINEAR LINEAR LINEAR LINEAR LINEAR LINEAR LINEAR LINEAR LINEAR LINEAR LINEAR LINEAR LINEAR LINEAR LINEAR LINEAR LINEAR LINEAR LINEAR LINEAR LINEAR LINEAR LINEAR LINEAR LINEAR LINEAR LINEAR LINEAR LINEAR LINEAR LINEAR LINEAR LINEAR LINEAR LINEAR LINEAR LINEAR LINEAR LINEAR LINEAR LINEAR LINEAR LINEAR LINEAR LINEAR LINEAR LINEAR LINEAR LINEAR LINEAR LINEAR LINEAR LINEAR LINEAR LINEAR LINEAR LINEAR LINEAR LINEAR LINEAR LINEAR LINEAR LINEAR LINEAR LINEAR LINEAR LINEAR LINEAR LINEAR LINEAR LINEAR LINEAR LINEAR LINEAR LINEAR LINEAR LINEAR LINEAR LINEAR LINEAR LINEAR LINEAR LINEAR LINEAR LINEAR LINEAR LINEAR LINEAR LINEAR LINEAR LINEAR LINEAR LINEAR LINEAR LINEAR LINEAR LINEAR LINEAR LINEAR LINEAR LINEAR LINEAR LINEAR LINEAR LINEAR LINEAR LINEAR LINEAR LINEAR LINEAR LINEAR LINEAR LINEAR LINEAR LINEAR LINEAR LINEAR LINEAR LINEAR LINEAR LINEAR LINEAR LINEAR LINEAR LINEAR LINEAR LINEAR LINEAR LINEAR LINEAR LINEAR LINEAR LINEAR LINEAR LINEAR LINEAR LINEAR LINEAR LINEAR LINEAR LINEAR LINEAR LINEAR LINEAR LINEAR LINEAR LINEAR LINEAR LINEAR LINEAR LINEAR LINEAR LINEAR LINEAR LINEAR LINEAR LINEAR LINEAR LINEAR LINEAR LINEAR LINEAR LINEAR LINEAR LINEAR LINEAR LINEAR LINEAR LINEAR LINEAR LINEAR LINEAR LINEAR LINEAR LINEAR LINEAR LINEAR LINEAR LINEAR LINEAR LINEAR LINEAR LINEAR LINEAR LINEAR LINEAR LINEAR LINEAR LINEAR LINEAR LINEAR LINEAR LINEAR LINEAR LINEAR LINEAR LINEAR LINEAR LINEAR LINEAR LINEAR LINEAR LINEAR LINEAR LINEAR LINEAR LINEAR LINEAR LINEAR LINEAR LINEAR LINEAR LINEAR LINEAR LINEAR LINEAR LINEAR LINEAR LINEAR LINEAR LINEAR LINEAR LINEAR LINEAR LINEAR LINEAR LINEAR LINEAR LINEAR LINEAR LINEAR LINEAR LINEAR LINEAR LINEAR LINEAR LINEAR LINEAR LINEAR LINEAR LINEAR LINEAR LINEAR LINEAR LINEAR LINEAR LINEAR LINEAR LINEAR LINEAR LINEAR LINEAR LINEAR LINEAR LINEAR LINEAR LINEAR LINEAR LINEAR LINEAR LINEAR LINEAR LINEAR LINEAR LINEAR LINEAR LINEAR LINEAR LINEAR LINEAR LINEAR LINEAR LINEAR LINEAR LINEAR LINEAR LINEAR LINEAR LINEAR</Name_array>
        <technique_common>
          <accessor source="#Head-interpolation-array" count="322" stride="1">
            <param name="INTERPOLATION" type="Name" />
          </accessor>
        </technique_common>
      </source>
      <sampler id="Head-sampler">
        <input semantic="INPUT" source="#Head-time" />
        <input semantic="OUTPUT" source="#Head-output" />
        <input semantic="INTERPOLATION" source="#Head-interpolation" />
      </sampler>
      <channel source="#Head-sampler" target="Head/transform" />
    </animation>
    <animation id="Tail-animation" name="Tail-animation">
      <source id="Tail-time">
        <float_array id="Tail-time-array" count="322">0.0333333333 0.0666666667 0.1 0.133333333 0.166666667 0.2 0.233333333 0.266666667 0.3 0.333333333 0.366666667 0.4 0.433333333 0.466666667 0.5 0.533333333 0.566666667 0.6 0.633333333 0.666666667 0.7 0.733333333 0.766666667 0.8 0.833333333 0.866666667 0.9 0.933333333 0.966666667 1 1.03333333 1.06666667 1.1 1.13333333 1.16666667 1.2 1.23333333 1.26666667 1.3 1.33333333 1.36666667 1.4 1.43333333 1.46666667 1.5 1.53333333 1.56666667 1.6 1.63333333 1.66666667 1.7 1.73333333 1.76666667 1.8 1.83333333 1.86666667 1.9 1.93333333 1.96666667 2 2.03333333 2.06666667 2.1 2.13333333 2.16666667 2.2 2.23333333 2.26666667 2.3 2.33333333 2.36666667 2.4 2.43333333 2.46666667 2.5 2.53333333 2.56666667 2.6 2.63333333 2.66666667 2.7 2.73333333 2.76666667 2.8 2.83333333 2.86666667 2.9 2.93333333 2.96666667 3 3.03333333 3.06666667 3.1 3.13333333 3.16666667 3.2 3.23333333 3.26666667 3.3 3.33333333 3.36666667 3.4 3.43333333 3.46666667 3.5 3.53333333 3.56666667 3.6 3.63333333 3.66666667 3.7 3.73333333 3.76666667 3.8 3.83333333 3.86666667 3.9 3.93333333 3.96666667 4 4.03333333 4.06666667 4.1 4.13333333 4.16666667 4.2 4.23333333 4.26666667 4.3 4.33333333 4.36666667 4.4 4.43333333 4.46666667 4.5 4.53333333 4.56666667 4.6 4.63333333 4.66666667 4.7 4.73333333 4.76666667 4.8 4.83333333 4.86666667 4.9 4.93333333 4.96666667 5 5.03333333 5.06666667 5.1 5.13333333 5.16666667 5.2 5.23333333 5.26666667 5.3 5.33333333 5.36666667 5.4 5.43333333 5.46666667 5.5 5.53333333 5.56666667 5.6 5.63333333 5.66666667 5.7 5.73333333 5.76666667 5.8 5.83333333 5.86666667 5.9 5.93333333 5.96666667 6 6.03333333 6.06666667 6.1 6.13333333 6.16666667 6.2 6.23333333 6.26666667 6.3 6.33333333 6.36666667 6.4 6.43333333 6.46666667 6.5 6.53333333 6.56666667 6.6 6.63333333 6.66666667 6.7 6.73333333 6.76666667 6.8 6.83333333 6.86666667 6.9 6.93333333 6.96666667 7 7.03333333 7.06666667 7.1 7.13333333 7.16666667 7.2 7.23333333 7.26666667 7.3 7.33333333 7.36666667 7.4 7.43333333 7.46666667 7.5 7.53333333 7.56666667 7.6 7.63333333 7.66666667 7.7 7.73333333 7.76666667 7.8 7.83333333 7.86666667 7.9 7.93333333 7.96666667 8 8.03333333 8.06666667 8.1 8.13333333 8.16666667 8.2 8.23333333 8.26666667 8.3 8.33333333 8.36666667 8.4 8.43333333 8.46666667 8.5 8.53333333 8.56666667 8.6 8.63333333 8.66666667 8.7 8.73333333 8.76666667 8.8 8.83333333 8.86666667 8.9 8.93333333 8.96666667 9 9.03333333 9.06666667 9.1 9.13333333 9.16666667 9.2 9.23333333 9.26666667 9.3 9.33333333 9.36666667 9.4 9.43333333 9.46666667 9.5 9.53333333 9.56666667 9.6 9.63333333 9.66666667 9.7 9.73333333 9.76666667 9.8 9.83333333 9.86666667 9.9 9.93333333 9.96666667 10 10.0333333 10.0666667 10.1 10.1333333 10.1666667 10.2 10.2333333 10.2666667 10.3 10.3333333 10.3666667 10.4 10.4333333 10.4666667 10.5 10.5333333 10.5666667 10.6 10.6333333 10.6666667 10.7 10.7333333</float_array>
        <technique_common>
          <accessor source="#Tail-time-array" count="322" stride="1">
            <param name="TIME" type="float" />
          </accessor>
        </technique_common>
      </source>
      <source id="Tail-output">
        <float_array id="Tail-output-array" count="5152">1 0 0 0 0 1 -0 -33 0 0 1 0 0 0 0 1 1 0 0 0 0 0.999945369 -0.010452656 -33 0 0.010452656 0.999945369 0 0 0 0 1 1 0 0 0 0 0.999783871 -0.0207896712 -33 0 0.0207896712 0.999783871 0 0 0 0 1 1 0 0 0 0 0.99952258 -0.0308967816 -33 0 0.0308967816 0.99952258 0 0 0 0 1 1 0 0 0 0 0.999172941 -0.0406624505 -33 0 0.0406624505 0.999172941 0 0 0 0 1 1 0 0 0 0 0.99875026 -0.0499791693 -33 0 0.0499791693 0.99875026 0 0 0 0 1 1 0 0 0 0 0.99827304 -0.0587446853 -33 0 0.0587446853 0.99827304 0 0 0 0 1 1 0 0 0 0 0.997762156 -0.0668631395 -33 0 0.0668631395 0.997762156 0 0 0 0 1 1 0 0 0 0 0.997239949 -0.0742460994 -33 0 0.0742460994 0.997239949 0 0 0 0 1 1 0 0 0 0 0.996729242 -0.0808134769 -33 0 0.0808134769 0.996729242 0 0 0 0 1 1 0 0 0 0 0.996252343 -0.0864943278 -33 0 0.0864943278 0.996252343 0 0 0 0 1 1 0 0 0 0 0.995830075 -0.0912275299 -33 0 0.0912275299 0.995830075 0 0 0 0 1 1 0 0 0 0 0.995480865 -0.0949623433 -33 0 0.0949623433 0.995480865 0 0 0 0 1 1 0 0 0 0 0.995219949 -0.0976588572 -33 0 0.0976588572 0.995219949 0 0 0 0 1 1 0 0 0 0 0.995058706 -0.099288328 -33 0 0.099288328 0.995058706 0 0 0 0 1 1 0 0 0 0 0.995004165 -0.0998334166 -33 0 0.0998334166 0.995004165 0 0 0 0 1 1 0 0 0 0 0.995058706 -0.099288328 -33 0 0.099288328 0.995058706 0 0 0 0 1 1 0 0 0 0 0.995219949 -0.0976588572 -33 0 0.0976588572 0.995219949 0 0 0 0 1 1 0 0 0 0 0.995480865 -0.0949623433 -33 0 0.0949623433 0.995480865 0 0 0 0 1 1 0 0 0 0 0.995830075 -0.0912275299 -33 0 0.0912275299 0.995830075 0 0 0 0 1 1 0 0 0 0 0.996252343 -0.0864943278 -33 0 0.0864943278 0.996252343 0 0 0 0 1 1 0 0 0 0 0.996729242 -0.0808134769 -33 0 0.0808134769 0.996729242 0 0 0 0 1 1 0 0 0 0 0.997239949 -0.0742460994 -33 0 0.0742460994 0.997239949 0 0 0 0 1 1 0 0 0 0 0.997762156 -0.0668631395 -33 0 0.0668631395 0.997762156 0 0 0 0 1 1 0 0 0 0 0.99827304 -0.0587446853 -33 0 0.0587446853 0.99827304 0 0 0 0 1 1 0 0 0 0 0.99875026 -0.0499791693 -33 0 0.0499791693 0.99875026 0 0 0 0 1 1 0 0 0 0 0.999172941 -0.0406624505 -33 0 0.0406624505 0.999172941 0 0 0 0 1 1 0 0 0 0 0.99952258 -0.0308967816 -33 0 0.0308967816 0.99952258 0 0 0 0 1 1 0 0 0 0 0.999783871 -0.0207896712 -33 0 0.0207896712 0.999783871 0 0 0 0 1 1 0 0 0 0 0.999945369 -0.010452656 -33 0 0.010452656 0.999945369 0 0 0 0 1 1 0 0 0 0 1 -1.2246468e-17 -33 0 1.2246468e-17 1 0 0 0 0 1 1 0 0 0 0 0.999945369 0.010452656 -33 0 -0.010452656 0.999945369 0 0 0 0 1 1 0 0 0 0 0.999783871 0.0207896712 -33 0 -0.0207896712 0.999783871 0 0 0 0 1 1 0 0 0 0 0.99952258 0.0308967816 -33 0 -0.0308967816 0.99952258 0 0 0 0 1 1 0 0 0 0 0.999172941 0.0406624505 -33 0 -0.0406624505 0.999172941 0 0 0 0 1 1 0 0 0 0 0.99875026 0.0499791693 -33 0 -0.0499791693 0.99875026 0 0 0 0 1 1 0 0 0 0 0.99827304 0.0587446853 -33 0 -0.0587446853 0.99827304 0 0 0 0 1 1 0 0 0 0 0.997762156 0.0668631395 -33 0 -0.0668631395 0.997762156 0 0 0 0 1 1 0 0 0 0 0.997239949 0.0742460994 -33 0 -0.0742460994 0.997239949 0 0 0 0 1 1 0 0 0 0 0.996729242 0.0808134769 -33 0 -0.0808134769 0.996729242 0 0 0 0 1 1 0 0 0 0 0.996252343 0.0864943278 -33 0 -0.0864943278 0.996252343 0 0 0 0 1 1 0 0 0 0 0.995830075 0.0912275299 -33 0 -0.0912275299 0.995830075 0 0 0 0 1 1 0 0 0 0 0.995480865 0.0949623433 -33 0 -0.0949623433 0.995480865 0 0 0 0 1 1 0 0 0 0 0.995219949 0.0976588572 -33 0 -0.0976588572 0.995219949 0 0 0 0 1 1 0 0 0 0 0.995058706 0.099288328 -33 0 -0.099288328 0.995058706 0 0 0 0 1 1 0 0 0 0 0.995004165 0.0998334166 -33 0 -0.0998334166 0.995004165 0 0 0 0 1 1 0 0 0 0 0.995058706 0.099288328 -33 0 -0.099288328 0.995058706 0 0 0 0 1 1 0 0 0 0 0.995219949 0.0976588572 -33 0 -0.0976588572 0.995219949 0 0 0 0 1 1 0 0 0 0 0.995480865 0.0949623433 -33 0 -0.0949623433 0.995480865 0 0 0 0 1 1 0 0 0 0 0.995830075 0.0912275299 -33 0 -0.0912275299 0.995830075 0 0 0 0 1 1 0 0 0 0 0.996252343 0.0864943278 -33 0 -0.0864943278 0.996252343 0 0 0 0 1 1 0 0 0 0 0.996729242 0.0808134769 -33 0 -0.0808134769 0.996729242 0 0 0 0 1 1 0 0 0 0 0.997239949 0.0742460994 -33 0 -0.0742460994 0.997239949 0 0 0 0 1 1 0 0 0 0 0.997762156 0.0668631395 -33 0 -0.0668631395 0.997762156 0 0 0 0 1 1 0 0 0 0 0.99827304 0.0587446853 -33 0 -0.0587446853 0.99827304 0 0 0 0 1 1 0 0 0 0 0.99875026 0.0499791693 -33 0 -0.0499791693 0.99875026 0 0 0 0 1 1 0 0 0 0 0.999172941 0.0406624505 -33 0 -0.0406624505 0.999172941 0 0 0 0 1 1 0 0 0 0 0.99952258 0.0308967816 -33 0 -0.0308967816 0.99952258 0 0 0 0 1 1 0 0 0 0 0.999783871 0.0207896712 -33 0 -0.0207896712 0.999783871 0 0 0 0 1 1 0 0 0 0 0.999945369 0.010452656 -33 0 -0.010452656 0.999945369 0 0 0 0 1 1 0 0 0 0 1 2.4492936e-17 -33 0 -2.4492936e-17 1 0 0 0 0 1 1 0 0 0 0 1 -0 -33 0 0 1 0 0 0 0 1 1 0 0 0 0 0.999914816 -0.0130522486 -33 0 0.0130522486 0.999914816 0 0 0 0 1 1 0 0 0 0 0.999665082 -0.025879015 -33 0 0.025879015 0.999665082 0 0 0 0 1 1 0 0 0 0 0.999267856 -0.0382590035 -33 0 0.0382590035 0.999267856 0 0 0 0 1 1 0 0 0 0 0.99875026 -0.0499791693 -33 0 0.0499791693 0.99875026 0 0 0 0 1 1 0 0 0 0 0.99814762 -0.0608385497 -33 0 0.0608385497 0.99814762 0 0 0 0 1 1 0 0 0 0 0.997501041 -0.0706517673 -33 0 0.0706517673 0.997501041 0 0 0 0 1 1 0 0 0 0 0.996854603 -0.0792521362 -33 0 0.0792521362 0.996854603 0 0 0 0 1 1 0 0 0 0 0.996252343 -0.0864943278 -33 0 0.0864943278 0.996252343 0 0 0 0 1 1 0 0 0 0 0.995735268 -0.0922565792 -33 0 0.0922565792 0.995735268 0 0 0 0 1 1 0 0 0 0 0.995338562 -0.0964424492 -33 0 0.0964424492 0.995338562 0 0 0 0 1 1 0 0 0 0 0.99508921 -0.0989821404 -33 0 0.0989821404 0.99508921 0 0 0 0 1 1 0 0 0 0 0.995004165 -0.0998334166 -33 0 0.0998334166 0.995004165 0 0 0 0 1 1 0 0 0 0 0.99508921 -0.0989821404 -33 0 0.0989821404 0.99508921 0 0 0 0 1 1 0 0 0 0 0.995338562 -0.0964424492 -33 0 0.0964424492 0.995338562 0 0 0 0 1 1 0 0 0 0 0.995735268 -0.0922565792 -33 0 0.0922565792 0.995735268 0 0 0 0 1 1 0 0 0 0 0.996252343 -0.0864943278 -33 0 0.0864943278 0.996252343 0 0 0 0 1 1 0 0 0 0 0.996854603 -0.0792521362 -33 0 0.0792521362 0.996854603 0 0 0 0 1 1 0 0 0 0 0.997501041 -0.0706517673 -33 0 0.0706517673 0.997501041 0 0 0 0 1 1 0 0 0 0 0.99814762 -0.0608385497 -33 0 0.0608385497 0.99814762 0 0 0 0 1 1 0 0 0 0 0.99875026 -0.0499791693 -33 0 0.0499791693 0.99875026 0 0 0 0 1 1 0 0 0 0 0.999267856 -0.0382590035 -33 0 0.0382590035 0.999267856 0 0 0 0 1 1 0 0 0 0 0.999665082 -0.025879015 -33 0 0.025879015 0.999665082 0 0 0 0 1 1 0 0 0 0 0.999914816 -0.0130522486 -33 0 0.0130522486 0.999914816 0 0 0 0 1 1 0 0 0 0 1 -1.2246468e-17 -33 0 1.2246468e-17 1 0 0 0 0 1 1 0 0 0 0 0.999914816 0.0130522486 -33 0 -0.0130522486 0.999914816 0 0 0 0 1 1 0 0 0 0 0.999665082 0.025879015 -33 0 -0.025879015 0.999665082 0 0 0 0 1 1 0 0 0 0 0.999267856 0.0382590035 -33 0 -0.0382590035 0.999267856 0 0 0 0 1 1 0 0 0 0 0.99875026 0.0499791693 -33 0 -0.0499791693 0.99875026 0 0 0 0 1 1 0 0 0 0 0.99814762 0.0608385497 -33 0 -0.0608385497 0.99814762 0 0 0 0 1 1 0 0 0 0 0.997501041 0.0706517673 -33 0 -0.0706517673 0.997501041 0 0 0 0 1 1 0 0 0 0 0.996854603 0.0792521362 -33 0 -0.0792521362 0.996854603 0 0 0 0 1 1 0 0 0 0 0.996252343 0.0864943278 -33 0 -0.0864943278 0.996252343 0 0 0 0 1 1 0 0 0 0 0.995735268 0.0922565792 -33 0 -0.0922565792 0.995735268 0 0 0 0 1 1 0 0 0 0 0.995338562 0.0964424492 -33 0 -0.0964424492 0.995338562 0 0 0 0 1 1 0 0 0 0 0.99508921 0.0989821404 -33 0 -0.0989821404 0.99508921 0 0 0 0 1 1 0 0 0 0 0.995004165 0.0998334166 -33 0 -0.0998334166 0.995004165 0 0 0 0 1 1 0 0 0 0 0.99508921 0.0989821404 -33 0 -0.0989821404 0.99508921 0 0 0 0 1 1 0 0 0 0 0.995338562 0.0964424492 -33 0 -0.0964424492 0.995338562 0 0 0 0 1 1 0 0 0 0 0.995735268 0.0922565792 -33 0 -0.0922565792 0.995735268 0 0 0 0 1 1 0 0 0 0 0.996252343 0.0864943278 -33 0 -0.0864943278 0.996252343 0 0 0 0 1 1 0 0 0 0 0.996854603 0.0792521362 -33 0 -0.0792521362 0.996854603 0 0 0 0 1 1 0 0 0 0 0.997501041 0.0706517673 -33 0 -0.0706517673 0.997501041 0 0 0 0 1 1 0 0 0 0 0.99814762 0.0608385497 -33 0 -0.0608385497 0.99814762 0 0 0 0 1 1 0 0 0 0 0.99875026 0.0499791693 -33 0 -0.0499791693 0.99875026 0 0 0 0 1 1 0 0 0 0 0.999267856 0.0382590035 -33 0 -0.0382590035 0.999267856 0 0 0 0 1 1 0 0 0 0 0.999665082 0.025879015 -33 0 -0.025879015 0.999665082 0 0 0 0 1 1 0 0 0 0 0.999914816 0.0130522486 -33 0 -0.0130522486 0.999914816 0 0 0 0 1 1 0 0 0 0 1 2.4492936e-17 -33 0 -2.4492936e-17 1 0 0 0 0 1 1 0 0 0 0 1 -0 -33 0 0 1 0 0 0 0 1 1 0 0 0 0 0.999665082 -0.025879015 -33 0 0.025879015 0.999665082 0 0 0 0 1 1 0 0 0 0 0.99875026 -0.0499791693 -33 0 0.0499791693 0.99875026 0 0 0 0 1 1 0 0 0 0 0.997501041 -0.0706517673 -33 0 0.0706517673 0.997501041 0 0 0 0 1 1 0 0 0 0 0.996252343 -0.0864943278 -33 0 0.0864943278 0.996252343 0 0 0 0 1 1 0 0 0 0 0.995338562 -0.0964424492 -33 0 0.0964424492 0.995338562 0 0 0 0 1 1 0 0 0 0 0.995004165 -0.0998334166 -33 0 0.0998334166 0.995004165 0 0 0 0 1 1 0 0 0 0 0.995338562 -0.0964424492 -33 0 0.0964424492 0.995338562 0 0 0 0 1 1 0 0 0 0 0.996252343 -0.0864943278 -33 0 0.0864943278 0.996252343 0 0 0 0 1 1 0 0 0 0 0.997501041 -0.0706517673 -33 0 0.0706517673 0.997501041 0 0 0 0 1 1 0 0 0 0 0.99875026 -0.0499791693 -33 0 0.0499791693 0.99875026 0 0 0 0 1 1 0 0 0 0 0.999665082 -0.025879015 -33 0 0.025879015 0.999665082 0 0 0 0 1 1 0 0 0 0 1 -1.2246468e-17 -33 0 1.2246468e-17 1 0 0 0 0 1 1 0 0 0 0 0.999665082 0.025879015 -33 0 -0.025879015 0.999665082 0 0 0 0 1 1 0 0 0 0 0.99875026 0.0499791693 -33 0 -0.0499791693 0.99875026 0 0 0 0 1 1 0 0 0 0 0.997501041 0.0706517673 -33 0 -0.0706517673 0.997501041 0 0 0 0 1 1 0 0 0 0 0.996252343 0.0864943278 -33 0 -0.0864943278 0.996252343 0 0 0 0 1 1 0 0 0 0 0.995338562 0.0964424492 -33 0 -0.0964424492 0.995338562 0 0 0 0 1 1 0 0 0 0 0.995004165 0.0998334166 -33 0 -0.0998334166 0.995004165 0 0 0 0 1 1 0 0 0 0 0.995338562 0.0964424492 -33 0 -0.0964424492 0.995338562 0 0 0 0 1 1 0 0 0 0 0.996252343 0.0864943278 -33 0 -0.0864943278 0.996252343 0 0 0 0 1 1 0 0 0 0 0.997501041 0.0706517673 -33 0 -0.0706517673 0.997501041 0 0 0 0 1 1 0 0 0 0 0.99875026 0.0499791693 -33 0 -0.0499791693 0.99875026 0 0 0 0 1 1 0 0 0 0 0.999665082 0.025879015 -33 0 -0.025879015 0.999665082 0 0 0 0 1 1 0 0 0 0 1 2.4492936e-17 -33 0 -2.4492936e-17 1 0 0 0 0 1 1 0 0 0 0 1 -0 -33 0 0 1 0 0 0 0 1 1 0 0 0 0 0.999783871 -0.0207896712 -33 0 0.0207896712 0.999783871 0 0 0 0 1 1 0 0 0 0 0.999172941 -0.0406624505 -33 0 0.0406624505 0.999172941 0 0 0 0 1 1 0 0 0 0 0.99827304 -0.0587446853 -33 0 0.0587446853 0.99827304 0 0 0 0 1 1 0 0 0 0 0.997239949 -0.0742460994 -33 0 0.0742460994 0.997239949 0 0 0 0 1 1 0 0 0 0 0.996252343 -0.0864943278 -33 0 0.0864943278 0.996252343 0 0 0 0 1 1 0 0 0 0 0.995480865 -0.0949623433 -33 0 0.0949623433 0.995480865 0 0 0 0 1 1 0 0 0 0 0.995058706 -0.099288328 -33 0 0.099288328 0.995058706 0 0 0 0 1 1 0 0 0 0 0.995058706 -0.099288328 -33 0 0.099288328 0.995058706 0 0 0 0 1 1 0 0 0 0 0.995480865 -0.0949623433 -33 0 0.0949623433 0.995480865 0 0 0 0 1 1 0 0 0 0 0.996252343 -0.0864943278 -33 0 0.0864943278 0.996252343 0 0 0 0 1 1 0 0 0 0 0.997239949 -0.0742460994 -33 0 0.0742460994 0.997239949 0 0 0 0 1 1 0 0 0 0 0.99827304 -0.0587446853 -33 0 0.0587446853 0.99827304 0 0 0 0 1 1 0 0 0 0 0.999172941 -0.0406624505 -33 0 0.0406624505 0.999172941 0 0 0 0 1 1 0 0 0 0 0.999783871 -0.0207896712 -33 0 0.0207896712 0.999783871 0 0 0 0 1 1 0 0 0 0 1 -1.2246468e-17 -33 0 1.2246468e-17 1 0 0 0 0 1 1 0 0 0 0 0.999783871 0.0207896712 -33 0 -0.0207896712 0.999783871 0 0 0 0 1 1 0 0 0 0 0.999172941 0.0406624505 -33 0 -0.0406624505 0.999172941 0 0 0 0 1 1 0 0 0 0 0.99827304 0.0587446853 -33 0 -0.0587446853 0.99827304 0 0 0 0 1 1 0 0 0 0 0.997239949 0.0742460994 -33 0 -0.0742460994 0.997239949 0 0 0 0 1 1 0 0 0 0 0.996252343 0.0864943278 -33 0 -0.0864943278 0.996252343 0 0 0 0 1 1 0 0 0 0 0.995480865 0.0949623433 -33 0 -0.0949623433 0.995480865 0 0 0 0 1 1 0 0 0 0 0.995058706 0.099288328 -33 0 -0.099288328 0.995058706 0 0 0 0 1 1 0 0 0 0 0.995058706 0.099288328 -33 0 -0.099288328 0.995058706 0 0 0 0 1 1 0 0 0 0 0.995480865 0.0949623433 -33 0 -0.0949623433 0.995480865 0 0 0 0 1 1 0 0 0 0 0.996252343 0.0864943278 -33 0 -0.0864943278 0.996252343 0 0 0 0 1 1 0 0 0 0 0.997239949 0.0742460994 -33 0 -0.0742460994 0.997239949 0 0 0 0 1 1 0 0 0 0 0.99827304 0.0587446853 -33 0 -0.0587446853 0.99827304 0 0 0 0 1 1 0 0 0 0 0.999172941 0.0406624505 -33 0 -0.0406624505 0.999172941 0 0 0 0 1 1 0 0 0 0 0.999783871 0.0207896712 -33 0 -0.0207896712 0.999783871 0 0 0 0 1 1 0 0 0 0 1 2.4492936e-17 -33 0 -2.4492936e-17 1 0 0 0 0 1 1 0 0 0 0 1 -0 -33 0 0 1 0 0 0 0 1 1 0 0 0 0 0.99875026 -0.0499791693 -33 0 0.0499791693 0.99875026 0 0 0 0 1 1 0 0 0 0 0.996252343 -0.0864943278 -33 0 0.0864943278 0.996252343 0 0 0 0 1 1 0 0 0 0 0.995004165 -0.0998334166 -33 0 0.0998334166 0.995004165 0 0 0 0 1 1 0 0 0 0 0.996252343 -0.0864943278 -33 0 0.0864943278 0.996252343 0 0 0 0 1 1 0 0 0 0 0.99875026 -0.0499791693 -33 0 0.0499791693 0.99875026 0 0 0 0 1 1 0 0 0 0 1 -1.2246468e-17 -33 0 1.2246468e-17 1 0 0 0 0 1 1 0 0 0 0 0.99875026 0.0499791693 -33 0 -0.0499791693 0.99875026 0 0 0 0 1 1 0 0 0 0 0.996252343 0.0864943278 -33 0 -0.0864943278 0.996252343 0 0 0 0 1 1 0 0 0 0 0.995004165 0.0998334166 -33 0 -0.0998334166 0.995004165 0 0 0 0 1 1 0 0 0 0 0.996252343 0.0864943278 -33 0 -0.0864943278 0.996252343 0 0 0 0 1 1 0 0 0 0 0.99875026 0.0499791693 -33 0 -0.0499791693 0.99875026 0 0 0 0 1 1 0 0 0 0 1 2.4492936e-17 -33 0 -2.4492936e-17 1 0 0 0 0 1 1 0 0 0 0 1 -0 -33 0 0 1 0 0 0 0 1 1 0 0 0 0 0.999783871 -0.0207896712 -33 0 0.0207896712 0.999783871 0 0 0 0 1 1 0 0 0 0 0.999172941 -0.0406624505 -33 0 0.0406624505 0.999172941 0 0 0 0 1 1 0 0 0 0 0.99827304 -0.0587446853 -33 0 0.0587446853 0.99827304 0 0 0 0 1 1 0 0 0 0 0.997239949 -0.0742460994 -33 0 0.0742460994 0.997239949 0 0 0 0 1 1 0 0 0 0 0.996252343 -0.0864943278 -33 0 0.0864943278 0.996252343 0 0 0 0 1 1 0 0 0 0 0.995480865 -0.0949623433 -33 0 0.0949623433 0.995480865 0 0 0 0 1 1 0 0 0 0 0.995058706 -0.099288328 -33 0 0.099288328 0.995058706 0 0 0 0 1 1 0 0 0 0 0.995058706 -0.099288328 -33 0 0.099288328 0.995058706 0 0 0 0 1 1 0 0 0 0 0.995480865 -0.0949623433 -33 0 0.0949623433 0.995480865 0 0 0 0 1 1 0 0 0 0 0.996252343 -0.0864943278 -33 0 0.0864943278 0.996252343 0 0 0 0 1 1 0 0 0 0 0.997239949 -0.0742460994 -33 0 0.0742460994 0.997239949 0 0 0 0 1 1 0 0 0 0 0.99827304 -0.0587446853 -33 0 0.0587446853 0.99827304 0 0 0 0 1 1 0 0 0 0 0.999172941 -0.0406624505 -33 0 0.0406624505 0.999172941 0 0 0 0 1 1 0 0 0 0 0.999783871 -0.0207896712 -33 0 0.0207896712 0.999783871 0 0 0 0 1 1 0 0 0 0 1 -1.2246468e-17 -33 0 1.2246468e-17 1 0 0 0 0 1 1 0 0 0 0 0.999783871 0.0207896712 -33 0 -0.0207896712 0.999783871 0 0 0 0 1 1 0 0 0 0 0.999172941 0.0406624505 -33 0 -0.0406624505 0.999172941 0 0 0 0 1 1 0 0 0 0 0.99827304 0.0587446853 -33 0 -0.0587446853 0.99827304 0 0 0 0 1 1 0 0 0 0 0.997239949 0.0742460994 -33 0 -0.0742460994 0.997239949 0 0 0 0 1 1 0 0 0 0 0.996252343 0.0864943278 -33 0 -0.0864943278 0.996252343 0 0 0 0 1 1 0 0 0 0 0.995480865 0.0949623433 -33 0 -0.0949623433 0.995480865 0 0 0 0 1 1 0 0 0 0 0.995058706 0.099288328 -33 0 -0.099288328 0.995058706 0 0 0 0 1 1 0 0 0 0 0.995058706 0.099288328 -33 0 -0.099288328 0.995058706 0 0 0 0 1 1 0 0 0 0 0.995480865 0.0949623433 -33 0 -0.0949623433 0.995480865 0 0 0 0 1 1 0 0 0 0 0.996252343 0.0864943278 -33 0 -0.0864943278 0.996252343 0 0 0 0 1 1 0 0 0 0 0.997239949 0.0742460994 -33 0 -0.0742460994 0.997239949 0 0 0 0 1 1 0 0 0 0 0.99827304 0.0587446853 -33 0 -0.0587446853 0.99827304 0 0 0 0 1 1 0 0 0 0 0.999172941 0.0406624505 -33 0 -0.0406624505 0.999172941 0 0 0 0 1 1 0 0 0 0 0.999783871 0.0207896712 -33 0 -0.0207896712 0.999783871 0 0 0 0 1 1 0 0 0 0 1 2.4492936e-17 -33 0 -2.4492936e-17 1 0 0 0 0 1 1 0 0 0 0 1 -0 -33 0 0 1 0 0 0 0 1 1 0 0 0 0 0.999415168 -0.0341953466 -33 0 0.0341953466 0.999415168 0 0 0 0 1 1 0 0 0 0 0.997934832 -0.0642345061 -33 0 0.0642345061 0.997934832 0 0 0 0 1 1 0 0 0 0 0.996252343 -0.0864943278 -33 0 0.0864943278 0.996252343 0 0 0 0 1 1 0 0 0 0 0.995154686 -0.0983216671 -33 0 0.0983216671 0.995154686 0 0 0 0 1 1 0 0 0 0 0.995154686 -0.0983216671 -33 0 0.0983216671 0.995154686 0 0 0 0 1 1 0 0 0 0 0.996252343 -0.0864943278 -33 0 0.0864943278 0.996252343 0 0 0 0 1 1 0 0 0 0 0.997934832 -0.0642345061 -33 0 0.0642345061 0.997934832 0 0 0 0 1 1 0 0 0 0 0.999415168 -0.0341953466 -33 0 0.0341953466 0.999415168 0 0 0 0 1 1 0 0 0 0 1 -1.2246468e-17 -33 0 1.2246468e-17 1 0 0 0 0 1 1 0 0 0 0 0.999415168 0.0341953466 -33 0 -0.0341953466 0.999415168 0 0 0 0 1 1 0 0 0 0 0.997934832 0.0642345061 -33 0 -0.0642345061 0.997934832 0 0 0 0 1 1 0 0 0 0 0.996252343 0.0864943278 -33 0 -0.0864943278 0.996252343 0 0 0 0 1 1 0 0 0 0 0.995154686 0.0983216671 -33 0 -0.0983216671 0.995154686 0 0 0 0 1 1 0 0 0 0 0.995154686 0.0983216671 -33 0 -0.0983216671 0.995154686 0 0 0 0 1 1 0 0 0 0 0.996252343 0.0864943278 -33 0 -0.0864943278 0.996252343 0 0 0 0 1 1 0 0 0 0 0.997934832 0.0642345061 -33 0 -0.0642345061 0.997934832 0 0 0 0 1 1 0 0 0 0 0.999415168 0.0341953466 -33 0 -0.0341953466 0.999415168 0 0 0 0 1 1 0 0 0 0 1 2.4492936e-17 -33 0 -2.4492936e-17 1 0 0 0 0 1 1 0 0 0 0 1 -0 -33 0 0 1 0 0 0 0 1 1 0 0 0 0 0.999783871 -0.0207896712 -33 0 0.0207896712 0.999783871 0 0 0 0 1 1 0 0 0 0 0.999172941 -0.0406624505 -33 0 0.0406624505 0.999172941 0 0 0 0 1 1 0 0 0 0 0.99827304 -0.0587446853 -33 0 0.0587446853 0.99827304 0 0 0 0 1 1 0 0 0 0 0.997239949 -0.0742460994 -33 0 0.0742460994 0.997239949 0 0 0 0 1 1 0 0 0 0 0.996252343 -0.0864943278 -33 0 0.0864943278 0.996252343 0 0 0 0 1 1 0 0 0 0 0.995480865 -0.0949623433 -33 0 0.0949623433 0.995480865 0 0 0 0 1 1 0 0 0 0 0.995058706 -0.099288328 -33 0 0.099288328 0.995058706 0 0 0 0 1 1 0 0 0 0 0.995058706 -0.099288328 -33 0 0.099288328 0.995058706 0 0 0 0 1 1 0 0 0 0 0.995480865 -0.0949623433 -33 0 0.0949623433 0.995480865 0 0 0 0 1 1 0 0 0 0 0.996252343 -0.0864943278 -33 0 0.0864943278 0.996252343 0 0 0 0 1 1 0 0 0 0 0.997239949 -0.0742460994 -33 0 0.0742460994 0.997239949 0 0 0 0 1 1 0 0 0 0 0.99827304 -0.0587446853 -33 0 0.0587446853 0.99827304 0 0 0 0 1 1 0 0 0 0 0.999172941 -0.0406624505 -33 0 0.0406624505 0.999172941 0 0 0 0 1 1 0 0 0 0 0.999783871 -0.0207896712 -33 0 0.0207896712 0.999783871 0 0 0 0 1 1 0 0 0 0 1 -1.2246468e-17 -33 0 1.2246468e-17 1 0 0 0 0 1 1 0 0 0 0 0.999783871 0.0207896712 -33 0 -0.0207896712 0.999783871 0 0 0 0 1 1 0 0 0 0 0.999172941 0.0406624505 -33 0 -0.0406624505 0.999172941 0 0 0 0 1 1 0 0 0 0 0.99827304 0.0587446853 -33 0 -0.0587446853 0.99827304 0 0 0 0 1 1 0 0 0 0 0.997239949 0.0742460994 -33 0 -0.0742460994 0.997239949 0 0 0 0 1 1 0 0 0 0 0.996252343 0.0864943278 -33 0 -0.0864943278 0.996252343 0 0 0 0 1 1 0 0 0 0 0.995480865 0.0949623433 -33 0 -0.0949623433 0.995480865 0 0 0 0 1 1 0 0 0 0 0.995058706 0.099288328 -33 0 -0.099288328 0.995058706 0 0 0 0 1 1 0 0 0 0 0.995058706 0.099288328 -33 0 -0.099288328 0.995058706 0 0 0 0 1 1 0 0 0 0 0.995480865 0.0949623433 -33 0 -0.0949623433 0.995480865 0 0 0 0 1 1 0 0 0 0 0.996252343 0.0864943278 -33 0 -0.0864943278 0.996252343 0 0 0 0 1 1 0 0 0 0 0.997239949 0.0742460994 -33 0 -0.0742460994 0.997239949 0 0 0 0 1 1 0 0 0 0 0.99827304 0.0587446853 -33 0 -0.0587446853 0.99827304 0 0 0 0 1 1 0 0 0 0 0.999172941 0.0406624505 -33 0 -0.0406624505 0.999172941 0 0 0 0 1 1 0 0 0 0 0.999783871 0.0207896712 -33 0 -0.0207896712 0.999783871 0 0 0 0 1 1 0 0 0 0 1 2.4492936e-17 -33 0 -2.4492936e-17 1 0 0 0 0 1 1 0 0 0 0 1 -0 -33 0 0 1 0 0 0 0 1 1 0 0 0 0 0.999783871 -0.0207896712 -33 0 0.0207896712 0.999783871 0 0 0 0 1 1 0 0 0 0 0.999172941 -0.0406624505 -33 0 0.0406624505 0.999172941 0 0 0 0 1 1 0 0 0 0 0.99827304 -0.0587446853 -33 0 0.0587446853 0.99827304 0 0 0 0 1 1 0 0 0 0 0.997239949 -0.0742460994 -33 0 0.0742460994 0.997239949 0 0 0 0 1 1 0 0 0 0 0.996252343 -0.0864943278 -33 0 0.0864943278 0.996252343 0 0 0 0 1 1 0 0 0 0 0.995480865 -0.0949623433 -33 0 0.0949623433 0.995480865 0 0 0 0 1 1 0 0 0 0 0.995058706 -0.099288328 -33 0 0.099288328 0.995058706 0 0 0 0 1 1 0 0 0 0 0.995058706 -0.099288328 -33 0 0.099288328 0.995058706 0 0 0 0 1 1 0 0 0 0 0.995480865 -0.0949623433 -33 0 0.0949623433 0.995480865 0 0 0 0 1 1 0 0 0 0 0.996252343 -0.0864943278 -33 0 0.0864943278 0.996252343 0 0 0 0 1 1 0 0 0 0 0.997239949 -0.0742460994 -33 0 0.0742460994 0.997239949 0 0 0 0 1 1 0 0 0 0 0.99827304 -0.0587446853 -33 0 0.0587446853 0.99827304 0 0 0 0 1 1 0 0 0 0 0.999172941 -0.0406624505 -33 0 0.0406624505 0.999172941 0 0 0 0 1 1 0 0 0 0 0.999783871 -0.0207896712 -33 0 0.0207896712 0.999783871 0 0 0 0 1 1 0 0 0 0 1 -1.2246468e-17 -33 0 1.2246468e-17 1 0 0 0 0 1 1 0 0 0 0 0.999783871 0.0207896712 -33 0 -0.0207896712 0.999783871 0 0 0 0 1 1 0 0 0 0 0.999172941 0.0406624505 -33 0 -0.0406624505 0.999172941 0 0 0 0 1 1 0 0 0 0 0.99827304 0.0587446853 -33 0 -0.0587446853 0.99827304 0 0 0 0 1 1 0 0 0 0 0.997239949 0.0742460994 -33 0 -0.0742460994 0.997239949 0 0 0 0 1 1 0 0 0 0 0.996252343 0.0864943278 -33 0 -0.0864943278 0.996252343 0 0 0 0 1 1 0 0 0 0 0.995480865 0.0949623433 -33 0 -0.0949623433 0.995480865 0 0 0 0 1 1 0 0 0 0 0.995058706 0.099288328 -33 0 -0.099288328 0.995058706 0 0 0 0 1 1 0 0 0 0 0.995058706 0.099288328 -33 0 -0.099288328 0.995058706 0 0 0 0 1 1 0 0 0 0 0.995480865 0.0949623433 -33 0 -0.0949623433 0.995480865 0 0 0 0 1 1 0 0 0 0 0.996252343 0.0864943278 -33 0 -0.0864943278 0.996252343 0 0 0 0 1 1 0 0 0 0 0.997239949 0.0742460994 -33 0 -0.0742460994 0.997239949 0 0 0 0 1 1 0 0 0 0 0.99827304 0.0587446853 -33 0 -0.0587446853 0.99827304 0 0 0 0 1 1 0 0 0 0 0.999172941 0.0406624505 -33 0 -0.0406624505 0.999172941 0 0 0 0 1 1 0 0 0 0 0.999783871 0.0207896712 -33 0 -0.0207896712 0.999783871 0 0 0 0 1 1 0 0 0 0 1 2.4492936e-17 -33 0 -2.4492936e-17 1 0 0 0 0 1 1 0 0 0 0 1 -0 -33 0 0 1 0 0 0 0 1 1 0 0 0 0 0.999783871 -0.0207896712 -33 0 0.0207896712 0.999783871 0 0 0 0 1 1 0 0 0 0 0.999172941 -0.0406624505 -33 0 0.0406624505 0.999172941 0 0 0 0 1 1 0 0 0 0 0.99827304 -0.0587446853 -33 0 0.0587446853 0.99827304 0 0 0 0 1 1 0 0 0 0 0.997239949 -0.0742460994 -33 0 0.0742460994 0.997239949 0 0 0 0 1 1 0 0 0 0 0.996252343 -0.0864943278 -33 0 0.0864943278 0.996252343 0 0 0 0 1 1 0 0 0 0 0.995480865 -0.0949623433 -33 0 0.0949623433 0.995480865 0 0 0 0 1 1 0 0 0 0 0.995058706 -0.099288328 -33 0 0.099288328 0.995058706 0 0 0 0 1 1 0 0 0 0 0.995058706 -0.099288328 -33 0 0.099288328 0.995058706 0 0 0 0 1 1 0 0 0 0 0.995480865 -0.0949623433 -33 0 0.0949623433 0.995480865 0 0 0 0 1 1 0 0 0 0 0.996252343 -0.0864943278 -33 0 0.0864943278 0.996252343 0 0 0 0 1 1 0 0 0 0 0.997239949 -0.0742460994 -33 0 0.0742460994 0.997239949 0 0 0 0 1 1 0 0 0 0 0.99827304 -0.0587446853 -33 0 0.0587446853 0.99827304 0 0 0 0 1 1 0 0 0 0 0.999172941 -0.0406624505 -33 0 0.0406624505 0.999172941 0 0 0 0 1 1 0 0 0 0 0.999783871 -0.0207896712 -33 0 0.0207896712 0.999783871 0 0 0 0 1 1 0 0 0 0 1 -1.2246468e-17 -33 0 1.2246468e-17 1 0 0 0 0 1 1 0 0 0 0 0.999783871 0.0207896712 -33 0 -0.0207896712 0.999783871 0 0 0 0 1 1 0 0 0 0 0.999172941 0.0406624505 -33 0 -0.0406624505 0.999172941 0 0 0 0 1 1 0 0 0 0 0.99827304 0.0587446853 -33 0 -0.0587446853 0.99827304 0 0 0 0 1 1 0 0 0 0 0.997239949 0.0742460994 -33 0 -0.0742460994 0.997239949 0 0 0 0 1 1 0 0 0 0 0.996252343 0.0864943278 -33 0 -0.0864943278 0.996252343 0 0 0 0 1 1 0 0 0 0 0.995480865 0.0949623433 -33 0 -0.0949623433 0.995480865 0 0 0 0 1 1 0 0 0 0 0.995058706 0.099288328 -33 0 -0.099288328 0.995058706 0 0 0 0 1 1 0 0 0 0 0.995058706 0.099288328 -33 0 -0.099288328 0.995058706 0 0 0 0 1 1 0 0 0 0 0.995480865 0.0949623433 -33 0 -0.0949623433 0.995480865 0 0 0 0 1 1 0 0 0 0 0.996252343 0.0864943278 -33 0 -0.0864943278 0.996252343 0 0 0 0 1 1 0 0 0 0 0.997239949 0.0742460994 -33 0 -0.0742460994 0.997239949 0 0 0 0 1 1 0 0 0 0 0.99827304 0.0587446853 -33 0 -0.0587446853 0.99827304 0 0 0 0 1 1 0 0 0 0 0.999172941 0.0406624505 -33 0 -0.0406624505 0.999172941 0 0 0 0 1 1 0 0 0 0 0.999783871 0.0207896712 -33 0 -0.0207896712 0.999783871 0 0 0 0 1 1 0 0 0 0 1 2.4492936e-17 -33 0 -2.4492936e-17 1 0 0 0 0 1</float_array>
        <technique_common>
          <accessor source="#Tail-output-array" count="322" stride="16">
            <param name="TRANSFORM" type="float4x4" />
          </accessor>
        </technique_common>
      </source>
      <source id="Tail-interpolation">
        <Name_array id="Tail-interpolation-array" count="322">LINEAR LINEAR LINEAR LINEAR LINEAR LINEAR LINEAR LINEAR LINEAR LINEAR LINEAR LINEAR LINEAR LINEAR LINEAR LINEAR LINEAR LINEAR LINEAR LINEAR LINEAR LINEAR LINEAR LINEAR LINEAR LINEAR LINEAR LINEAR LINEAR LINEAR LINEAR LINEAR LINEAR LINEAR LINEAR LINEAR LINEAR LINEAR LINEAR LINEAR LINEAR LINEAR LINEAR LINEAR LINEAR LINEAR LINEAR LINEAR LINEAR LINEAR LINEAR LINEAR LINEAR LINEAR LINEAR LINEAR LINEAR LINEAR LINEAR LINEAR LINEAR LINEAR LINEAR LINEAR LINEAR LINEAR LINEAR LINEAR LINEAR LINEAR LINEAR LINEAR LINEAR LINEAR LINEAR LINEAR LINEAR LINEAR LINEAR LINEAR LINEAR LINEAR LINEAR LINEAR LINEAR LINEAR LINEAR LINEAR LINEAR LINEAR LINEAR LINEAR LINEAR LINEAR LINEAR LINEAR LINEAR LINEAR LINEAR LINEAR LINEAR LINEAR LINEAR LINEAR LINEAR LINEAR LINEAR LINEAR LINEAR LINEAR LINEAR LINEAR LINEAR LINEAR LINEAR LINEAR LINEAR LINEAR LINEAR LINEAR LINEAR LINEAR LINEAR LINEAR LINEAR LINEAR LINEAR LINEAR LINEAR LINEAR LINEAR LINEAR LINEAR LINEAR LINEAR LINEAR LINEAR LINEAR LINEAR LINEAR LINEAR LINEAR LINEAR LINEAR LINEAR LINEAR LINEAR LINEAR LINEAR LINEAR LINEAR LINEAR LINEAR LINEAR LINEAR LINEAR LINEAR LINEAR LINEAR LINEAR LINEAR LINEAR LINEAR LINEAR LINEAR LINEAR LINEAR LINEAR LINEAR LINEAR LINEAR LINEAR LINEAR LINEAR LINEAR LINEAR LINEAR LINEAR LINEAR LINEAR LINEAR LINEAR LINEAR LINEAR LINEAR LINEAR LINEAR LINEAR LINEAR LINEAR LINEAR LINEAR LINEAR LINEAR LINEAR LINEAR LINEAR LINEAR LINEAR LINEAR LINEAR LINEAR LINEAR LINEAR LINEAR LINEAR LINEAR LINEAR LINEAR LINEAR LINEAR LINEAR LINEAR LINEAR LINEAR LINEAR LINEAR LINEAR LINEAR LINEAR LINEAR LINEAR LINEAR LINEAR LINEAR LINEAR LINEAR LINEAR LINEAR LINEAR LINEAR LINEAR LINEAR LINEAR LINEAR LINEAR LINEAR LINEAR LINEAR LINEAR LINEAR LINEAR LINEAR LINEAR LINEAR LINEAR LINEAR LINEAR LINEAR LINEAR LINEAR LINEAR LINEAR LINEAR LINEAR LINEAR LINEAR LINEAR LINEAR LINEAR LINEAR LINEAR LINEAR LINEAR LINEAR LINEAR LINEAR LINEAR LINEAR LINEAR LINEAR LINEAR LINEAR LINEAR LINEAR LINEAR LINEAR LINEAR LINEAR LINEAR LINEAR LINEAR LINEAR LINEAR LINEAR LINEAR LINEAR LINEAR LINEAR LINEAR LINEAR LINEAR LINEAR LINEAR LINEAR LINEAR LINEAR LINEAR LINEAR LINEAR LINEAR LINEAR LINEAR LINEAR LINEAR LINEAR LINEAR LINEAR LINEAR LINEAR LINEAR LINEAR LINEAR LINEAR LINEAR LINEAR LINEAR LINEAR LINEAR LINEAR LINEAR LINEAR</Name_array>
        <technique_common>
          <accessor source="#Tail-interpolation-array" count="322" stride="1">
            <param name="INTERPOLATION" type="Name" />
          </accessor>
        </technique_common>
      </source>
      <sampler id="Tail-sampler">
        <input semantic="INPUT" source="#Tail-time" />
        <input semantic="OUTPUT" source="#Tail-output" />
        <input semantic="INTERPOLATION" source="#Tail-interpolation" />
      </sampler>
      <channel source="#Tail-sampler" target="Tail/transform" />
    </animation>
    <animation id="FL_Upper-animation" name="FL_Upper-animation">
      <source id="FL_Upper-time">
        <float_array id="FL_Upper-time-array" count="322">0.0333333333 0.0666666667 0.1 0.133333333 0.166666667 0.2 0.233333333 0.266666667 0.3 0.333333333 0.366666667 0.4 0.433333333 0.466666667 0.5 0.533333333 0.566666667 0.6 0.633333333 0.666666667 0.7 0.733333333 0.766666667 0.8 0.833333333 0.866666667 0.9 0.933333333 0.966666667 1 1.03333333 1.06666667 1.1 1.13333333 1.16666667 1.2 1.23333333 1.26666667 1.3 1.33333333 1.36666667 1.4 1.43333333 1.46666667 1.5 1.53333333 1.56666667 1.6 1.63333333 1.66666667 1.7 1.73333333 1.76666667 1.8 1.83333333 1.86666667 1.9 1.93333333 1.96666667 2 2.03333333 2.06666667 2.1 2.13333333 2.16666667 2.2 2.23333333 2.26666667 2.3 2.33333333 2.36666667 2.4 2.43333333 2.46666667 2.5 2.53333333 2.56666667 2.6 2.63333333 2.66666667 2.7 2.73333333 2.76666667 2.8 2.83333333 2.86666667 2.9 2.93333333 2.96666667 3 3.03333333 3.06666667 3.1 3.13333333 3.16666667 3.2 3.23333333 3.26666667 3.3 3.33333333 3.36666667 3.4 3.43333333 3.46666667 3.5 3.53333333 3.56666667 3.6 3.63333333 3.66666667 3.7 3.73333333 3.76666667 3.8 3.83333333 3.86666667 3.9 3.93333333 3.96666667 4 4.03333333 4.06666667 4.1 4.13333333 4.16666667 4.2 4.23333333 4.26666667 4.3 4.33333333 4.36666667 4.4 4.43333333 4.46666667 4.5 4.53333333 4.56666667 4.6 4.63333333 4.66666667 4.7 4.73333333 4.76666667 4.8 4.83333333 4.86666667 4.9 4.93333333 4.96666667 5 5.03333333 5.06666667 5.1 5.13333333 5.16666667 5.2 5.23333333 5.26666667 5.3 5.33333333 5.36666667 5.4 5.43333333 5.46666667 5.5 5.53333333 5.56666667 5.6 5.63333333 5.66666667 5.7 5.73333333 5.76666667 5.8 5.83333333 5.86666667 5.9 5.93333333 5.96666667 6 6.03333333 6.06666667 6.1 6.13333333 6.16666667 6.2 6.23333333 6.26666667 6.3 6.33333333 6.36666667 6.4 6.43333333 6.46666667 6.5 6.53333333 6.56666667 6.6 6.63333333 6.66666667 6.7 6.73333333 6.76666667 6.8 6.83333333 6.86666667 6.9 6.93333333 6.96666667 7 7.03333333 7.06666667 7.1 7.13333333 7.16666667 7.2 7.23333333 7.26666667 7.3 7.33333333 7.36666667 7.4 7.43333333 7.46666667 7.5 7.53333333 7.56666667 7.6 7.63333333 7.66666667 7.7 7.73333333 7.76666667 7.8 7.83333333 7.86666667 7.9 7.93333333 7.96666667 8 8.03333333 8.06666667 8.1 8.13333333 8.16666667 8.2 8.23333333 8.26666667 8.3 8.33333333 8.36666667 8.4 8.43333333 8.46666667 8.5 8.53333333 8.56666667 8.6 8.63333333 8.66666667 8.7 8.73333333 8.76666667 8.8 8.83333333 8.86666667 8.9 8.93333333 8.96666667 9 9.03333333 9.06666667 9.1 9.13333333 9.16666667 9.2 9.23333333 9.26666667 9.3 9.33333333 9.36666667 9.4 9.43333333 9.46666667 9.5 9.53333333 9.56666667 9.6 9.63333333 9.66666667 9.7 9.73333333 9.76666667 9.8 9.83333333 9.86666667 9.9 9.93333333 9.96666667 10 10.0333333 10.0666667 10.1 10.1333333 10.1666667 10.2 10.2333333 10.2666667 10.3 10.3333333 10.3666667 10.4 10.4333333 10.4666667 10.5 10.5333333 10.5666667 10.6 10.6333333 10.6666667 10.7 10.7333333</float_array>
        <technique_common>
          <accessor source="#FL_Upper-time-array" count="322" stride="1">
            <param name="TIME" type="float" />
          </accessor>
        </technique_common>
      </source>
      <source id="FL_Upper-output">
        <float_array id="FL_Upper-output-array" count="5152">1 0 0 -14 0 1 -0 26 0 0 1 63 0 0 0 1 1 0 0 -14 0 1 -0 26 0 0 1 63 0 0 0 1 1 0 0 -14 0 1 -0 26 0 0 1 63 0 0 0 1 1 0 0 -14 0 1 -0 26 0 0 1 63 0 0 0 1 1 0 0 -14 0 1 -0 26 0 0 1 63 0 0 0 1 1 0 0 -14 0 1 -0 26 0 0 1 63 0 0 0 1 1 0 0 -14 0 1 -0 26 0 0 1 63 0 0 0 1 1 0 0 -14 0 1 -0 26 0 0 1 63 0 0 0 1 1 0 0 -14 0 1 -0 26 0 0 1 63 0 0 0 1 1 0 0 -14 0 1 -0 26 0 0 1 63 0 0 0 1 1 0 0 -14 0 1 -0 26 0 0 1 63 0 0 0 1 1 0 0 -14 0 1 -0 26 0 0 1 63 0 0 0 1 1 0 0 -14 0 1 -0 26 0 0 1 63 0 0 0 1 1 0 0 -14 0 1 -0 26 0 0 1 63 0 0 0 1 1 0 0 -14 0 1 -0 26 0 0 1 63 0 0 0 1 1 0 0 -14 0 1 -0 26 0 0 1 63 0 0 0 1 1 0 0 -14 0 1 -0 26 0 0 1 63 0 0 0 1 1 0 0 -14 0 1 -0 26 0 0 1 63 0 0 0 1 1 0 0 -14 0 1 -0 26 0 0 1 63 0 0 0 1 1 0 0 -14 0 1 -0 26 0 0 1 63 0 0 0 1 1 0 0 -14 0 1 -0 26 0 0 1 63 0 0 0 1 1 0 0 -14 0 1 -0 26 0 0 1 63 0 0 0 1 1 0 0 -14 0 1 -0 26 0 0 1 63 0 0 0 1 1 0 0 -14 0 1 -0 26 0 0 1 63 0 0 0 1 1 0 0 -14 0 1 -0 26 0 0 1 63 0 0 0 1 1 0 0 -14 0 1 -0 26 0 0 1 63 0 0 0 1 1 0 0 -14 0 1 -0 26 0 0 1 63 0 0 0 1 1 0 0 -14 0 1 -0 26 0 0 1 63 0 0 0 1 1 0 0 -14 0 1 -0 26 0 0 1 63 0 0 0 1 1 0 0 -14 0 1 -0 26 0 0 1 63 0 0 0 1 1 0 0 -14 0 1 -0 26 0 0 1 63 0 0 0 1 1 0 0 -14 0 1 -0 26 0 0 1 63 0 0 0 1 1 0 0 -14 0 1 -0 26 0 0 1 63 0 0 0 1 1 0 0 -14 0 1 -0 26 0 0 1 63 0 0 0 1 1 0 0 -14 0 1 -0 26 0 0 1 63 0 0 0 1 1 0 0 -14 0 1 -0 26 0 0 1 63 0 0 0 1 1 0 0 -14 0 1 -0 26 0 0 1 63 0 0 0 1 1 0 0 -14 0 1 -0 26 0 0 1 63 0 0 0 1 1 0 0 -14 0 1 -0 26 0 0 1 63 0 0 0 1 1 0 0 -14 0 1 -0 26 0 0 1 63 0 0 0 1 1 0 0 -14 0 1 -0 26 0 0 1 63 0 0 0 1 1 0 0 -14 0 1 -0 26 0 0 1 63 0 0 0 1 1 0 0 -14 0 1 -0 26 0 0 1 63 0 0 0 1 1 0 0 -14 0 1 -0 26 0 0 1 63 0 0 0 1 1 0 0 -14 0 1 -0 26 0 0 1 63 0 0 0 1 1 0 0 -14 0 1 -0 26 0 0 1 63 0 0 0 1 1 0 0 -14 0 1 -0 26 0 0 1 63 0 0 0 1 1 0 0 -14 0 1 -0 26 0 0 1 63 0 0 0 1 1 0 0 -14 0 1 -0 26 0 0 1 63 0 0 0 1 1 0 0 -14 0 1 -0 26 0 0 1 63 0 0 0 1 1 0 0 -14 0 1 -0 26 0 0 1 63 0 0 0 1 1 0 0 -14 0 1 -0 26 0 0 1 63 0 0 0 1 1 0 0 -14 0 1 -0 26 0 0 1 63 0 0 0 1 1 0 0 -14 0 1 -0 26 0 0 1 63 0 0 0 1 1 0 0 -14 0 1 -0 26 0 0 1 63 0 0 0 1 1 0 0 -14 0 1 -0 26 0 0 1 63 0 0 0 1 1 0 0 -14 0 1 -0 26 0 0 1 63 0 0 0 1 1 0 0 -14 0 1 -0 26 0 0 1 63 0 0 0 1 1 0 0 -14 0 1 -0 26 0 0 1 63 0 0 0 1 1 0 0 -14 0 1 -0 26 0 0 1 63 0 0 0 1 1 0 0 -14 0 1 -0 26 0 0 1 63 0 0 0 1 1 0 0 -14 0 1 -0 26 0 0 1 63 0 0 0 1 1 0 0 -14 0 0.998351263 -0.057399958 26 0 0.057399958 0.998351263 63 0 0 0 1 1 0 0 -14 0 0.993522634 -0.113634392 26 0 0.113634392 0.993522634 63 0 0 0 1 1 0 0 -14 0 0.98585743 -0.167586181 26 0 0.167586181 0.98585743 63 0 0 0 1 1 0 0 -14 0 0.975897449 -0.218229623 26 0 0.218229623 0.975897449 63 0 0 0 1 1 0 0 -14 0 0.96434081 -0.264663564 26 0 0.264663564 0.96434081 63 0 0 0 1 1 0 0 -14 0 0.951989169 -0.306131707 26 0 0.306131707 0.951989169 63 0 0 0 1 1 0 0 -14 0 0.939689331 -0.342029183 26 0 0.342029183 0.939689331 63 0 0 0 1 1 0 0 -14 0 0.928274219 -0.371896456 26 0 0.371896456 0.928274219 63 0 0 0 1 1 0 0 -14 0 0.91850757 -0.395403395 26 0 0.395403395 0.91850757 63 0 0 0 1 1 0 0 -14 0 0.911035697 -0.41232749 26 0 0.41232749 0.911035697 63 0 0 0 1 1 0 0 -14 0 0.906348597 -0.422530734 26 0 0.422530734 0.906348597 63 0 0 0 1 1 0 0 -14 0 0.904751663 -0.425939465 26 0 0.425939465 0.904751663 63 0 0 0 1 1 0 0 -14 0 0.906348597 -0.422530734 26 0 0.422530734 0.906348597 63 0 0 0 1 1 0 0 -14 0 0.911035697 -0.41232749 26 0 0.41232749 0.911035697 63 0 0 0 1 1 0 0 -14 0 0.91850757 -0.395403395 26 0 0.395403395 0.91850757 63 0 0 0 1 1 0 0 -14 0 0.928274219 -0.371896456 26 0 0.371896456 0.928274219 63 0 0 0 1 1 0 0 -14 0 0.939689331 -0.342029183 26 0 0.342029183 0.939689331 63 0 0 0 1 1 0 0 -14 0 0.951989169 -0.306131707 26 0 0.306131707 0.951989169 63 0 0 0 1 1 0 0 -14 0 0.96434081 -0.264663564 26 0 0.264663564 0.96434081 63 0 0 0 1 1 0 0 -14 0 0.975897449 -0.218229623 26 0 0.218229623 0.975897449 63 0 0 0 1 1 0 0 -14 0 0.98585743 -0.167586181 26 0 0.167586181 0.98585743 63 0 0 0 1 1 0 0 -14 0 0.993522634 -0.113634392 26 0 0.113634392 0.993522634 63 0 0 0 1 1 0 0 -14 0 0.998351263 -0.057399958 26 0 0.057399958 0.998351263 63 0 0 0 1 1 0 0 -14 0 1 -5.38844592e-17 26 0 5.38844592e-17 1 63 0 0 0 1 1 0 0 -14 0 0.998351263 0.057399958 26 0 -0.057399958 0.998351263 63 0 0 0 1 1 0 0 -14 0 0.993522634 0.113634392 26 0 -0.113634392 0.993522634 63 0 0 0 1 1 0 0 -14 0 0.98585743 0.167586181 26 0 -0.167586181 0.98585743 63 0 0 0 1 1 0 0 -14 0 0.975897449 0.218229623 26 0 -0.218229623 0.975897449 63 0 0 0 1 1 0 0 -14 0 0.96434081 0.264663564 26 0 -0.264663564 0.96434081 63 0 0 0 1 1 0 0 -14 0 0.951989169 0.306131707 26 0 -0.306131707 0.951989169 63 0 0 0 1 1 0 0 -14 0 0.939689331 0.342029183 26 0 -0.342029183 0.939689331 63 0 0 0 1 1 0 0 -14 0 0.928274219 0.371896456 26 0 -0.371896456 0.928274219 63 0 0 0 1 1 0 0 -14 0 0.91850757 0.395403395 26 0 -0.395403395 0.91850757 63 0 0 0 1 1 0 0 -14 0 0.911035697 0.41232749 26 0 -0.41232749 0.911035697 63 0 0 0 1 1 0 0 -14 0 0.906348597 0.422530734 26 0 -0.422530734 0.906348597 63 0 0 0 1 1 0 0 -14 0 0.904751663 0.425939465 26 0 -0.425939465 0.904751663 63 0 0 0 1 1 0 0 -14 0 0.906348597 0.422530734 26 0 -0.422530734 0.906348597 63 0 0 0 1 1 0 0 -14 0 0.911035697 0.41232749 26 0 -0.41232749 0.911035697 63 0 0 0 1 1 0 0 -14 0 0.91850757 0.395403395 26 0 -0.395403395 0.91850757 63 0 0 0 1 1 0 0 -14 0 0.928274219 0.371896456 26 0 -0.371896456 0.928274219 63 0 0 0 1 1 0 0 -14 0 0.939689331 0.342029183 26 0 -0.342029183 0.939689331 63 0 0 0 1 1 0 0 -14 0 0.951989169 0.306131707 26 0 -0.306131707 0.951989169 63 0 0 0 1 1 0 0 -14 0 0.96434081 0.264663564 26 0 -0.264663564 0.96434081 63 0 0 0 1 1 0 0 -14 0 0.975897449 0.218229623 26 0 -0.218229623 0.975897449 63 0 0 0 1 1 0 0 -14 0 0.98585743 0.167586181 26 0 -0.167586181 0.98585743 63 0 0 0 1 1 0 0 -14 0 0.993522634 0.113634392 26 0 -0.113634392 0.993522634 63 0 0 0 1 1 0 0 -14 0 0.998351263 0.057399958 26 0 -0.057399958 0.998351263 63 0 0 0 1 1 0 0 -14 0 1 1.07768918e-16 26 0 -1.07768918e-16 1 63 0 0 0 1 1 0 0 -14 0 1 -0 26 0 0 1 63 0 0 0 1 1 0 0 -14 0 0.983632955 -0.180183825 26 0 0.180183825 0.983632955 63 0 0 0 1 1 0 0 -14 0 0.939372713 -0.342897807 26 0 0.342897807 0.939372713 63 0 0 0 1 1 0 0 -14 0 0.879980706 -0.475009429 26 0 0.475009429 0.879980706 63 0 0 0 1 1 0 0 -14 0 0.821808859 -0.569763283 26 0 0.569763283 0.821808859 63 0 0 0 1 1 0 0 -14 0 0.779989006 -0.625793217 26 0 0.625793217 0.779989006 63 0 0 0 1 1 0 0 -14 0 0.764842187 -0.644217687 26 0 0.644217687 0.764842187 63 0 0 0 1 1 0 0 -14 0 0.779989006 -0.625793217 26 0 0.625793217 0.779989006 63 0 0 0 1 1 0 0 -14 0 0.821808859 -0.569763283 26 0 0.569763283 0.821808859 63 0 0 0 1 1 0 0 -14 0 0.879980706 -0.475009429 26 0 0.475009429 0.879980706 63 0 0 0 1 1 0 0 -14 0 0.939372713 -0.342897807 26 0 0.342897807 0.939372713 63 0 0 0 1 1 0 0 -14 0 0.983632955 -0.180183825 26 0 0.180183825 0.983632955 63 0 0 0 1 1 0 0 -14 0 1 -8.57252759e-17 26 0 8.57252759e-17 1 63 0 0 0 1 1 0 0 -14 0 0.983632955 0.180183825 26 0 -0.180183825 0.983632955 63 0 0 0 1 1 0 0 -14 0 0.939372713 0.342897807 26 0 -0.342897807 0.939372713 63 0 0 0 1 1 0 0 -14 0 0.879980706 0.475009429 26 0 -0.475009429 0.879980706 63 0 0 0 1 1 0 0 -14 0 0.821808859 0.569763283 26 0 -0.569763283 0.821808859 63 0 0 0 1 1 0 0 -14 0 0.779989006 0.625793217 26 0 -0.625793217 0.779989006 63 0 0 0 1 1 0 0 -14 0 0.764842187 0.644217687 26 0 -0.644217687 0.764842187 63 0 0 0 1 1 0 0 -14 0 0.779989006 0.625793217 26 0 -0.625793217 0.779989006 63 0 0 0 1 1 0 0 -14 0 0.821808859 0.569763283 26 0 -0.569763283 0.821808859 63 0 0 0 1 1 0 0 -14 0 0.879980706 0.475009429 26 0 -0.475009429 0.879980706 63 0 0 0 1 1 0 0 -14 0 0.939372713 0.342897807 26 0 -0.342897807 0.939372713 63 0 0 0 1 1 0 0 -14 0 0.983632955 0.180183825 26 0 -0.180183825 0.983632955 63 0 0 0 1 1 0 0 -14 0 1 1.71450552e-16 26 0 -1.71450552e-16 1 63 0 0 0 1 1 0 0 -14 0 1 -0 26 0 0 1 63 0 0 0 1 1 0 0 -14 0 1 -0 26 0 0 1 63 0 0 0 1 1 0 0 -14 0 1 -0 26 0 0 1 63 0 0 0 1 1 0 0 -14 0 1 -0 26 0 0 1 63 0 0 0 1 1 0 0 -14 0 1 -0 26 0 0 1 63 0 0 0 1 1 0 0 -14 0 1 -0 26 0 0 1 63 0 0 0 1 1 0 0 -14 0 1 -0 26 0 0 1 63 0 0 0 1 1 0 0 -14 0 1 -0 26 0 0 1 63 0 0 0 1 1 0 0 -14 0 1 -0 26 0 0 1 63 0 0 0 1 1 0 0 -14 0 1 -0 26 0 0 1 63 0 0 0 1 1 0 0 -14 0 1 -0 26 0 0 1 63 0 0 0 1 1 0 0 -14 0 1 -0 26 0 0 1 63 0 0 0 1 1 0 0 -14 0 1 -0 26 0 0 1 63 0 0 0 1 1 0 0 -14 0 1 -0 26 0 0 1 63 0 0 0 1 1 0 0 -14 0 1 -0 26 0 0 1 63 0 0 0 1 1 0 0 -14 0 1 -0 26 0 0 1 63 0 0 0 1 1 0 0 -14 0 1 -0 26 0 0 1 63 0 0 0 1 1 0 0 -14 0 1 -0 26 0 0 1 63 0 0 0 1 1 0 0 -14 0 1 -0 26 0 0 1 63 0 0 0 1 1 0 0 -14 0 1 -0 26 0 0 1 63 0 0 0 1 1 0 0 -14 0 1 -0 26 0 0 1 63 0 0 0 1 1 0 0 -14 0 1 -0 26 0 0 1 63 0 0 0 1 1 0 0 -14 0 1 -0 26 0 0 1 63 0 0 0 1 1 0 0 -14 0 1 -0 26 0 0 1 63 0 0 0 1 1 0 0 -14 0 1 -0 26 0 0 1 63 0 0 0 1 1 0 0 -14 0 1 -0 26 0 0 1 63 0 0 0 1 1 0 0 -14 0 1 -0 26 0 0 1 63 0 0 0 1 1 0 0 -14 0 1 -0 26 0 0 1 63 0 0 0 1 1 0 0 -14 0 1 -0 26 0 0 1 63 0 0 0 1 1 0 0 -14 0 1 -0 26 0 0 1 63 0 0 0 1 1 0 0 -14 0 1 -0 26 0 0 1 63 0 0 0 1 1 0 0 -14 0 1 -0 26 0 0 1 63 0 0 0 1 1 0 0 -14 0 1 -0 26 0 0 1 63 0 0 0 1 1 0 0 -14 0 1 -0 26 0 0 1 63 0 0 0 1 1 0 0 -14 0 1 -0 26 0 0 1 63 0 0 0 1 1 0 0 -14 0 1 -0 26 0 0 1 63 0 0 0 1 1 0 0 -14 0 1 -0 26 0 0 1 63 0 0 0 1 1 0 0 -14 0 1 -0 26 0 0 1 63 0 0 0 1 1 0 0 -14 0 1 -0 26 0 0 1 63 0 0 0 1 1 0 0 -14 0 1 -0 26 0 0 1 63 0 0 0 1 1 0 0 -14 0 1 -0 26 0 0 1 63 0 0 0 1 1 0 0 -14 0 1 -0 26 0 0 1 63 0 0 0 1 1 0 0 -14 0 1 -0 26 0 0 1 63 0 0 0 1 1 0 0 -14 0 1 -0 26 0 0 1 63 0 0 0 1 1 0 0 -14 0 1 -0 26 0 0 1 63 0 0 0 1 1 0 0 -14 0 1 -0 26 0 0 1 63 0 0 0 1 1 0 0 -14 0 1 -0 26 0 0 1 63 0 0 0 1 1 0 0 -14 0 1 -0 26 0 0 1 63 0 0 0 1 1 0 0 -14 0 1 -0 26 0 0 1 63 0 0 0 1 1 0 0 -14 0 1 -0 26 0 0 1 63 0 0 0 1 1 0 0 -14 0 1 -0 26 0 0 1 63 0 0 0 1 1 0 0 -14 0 1 -0 26 0 0 1 63 0 0 0 1 1 0 0 -14 0 1 -0 26 0 0 1 63 0 0 0 1 1 0 0 -14 0 1 -0 26 0 0 1 63 0 0 0 1 1 0 0 -14 0 1 -0 26 0 0 1 63 0 0 0 1 1 0 0 -14 0 1 -0 26 0 0 1 63 0 0 0 1 1 0 0 -14 0 1 -0 26 0 0 1 63 0 0 0 1 1 0 0 -14 0 1 -0 26 0 0 1 63 0 0 0 1 1 0 0 -14 0 1 -0 26 0 0 1 63 0 0 0 1 1 0 0 -14 0 1 -0 26 0 0 1 63 0 0 0 1 1 0 0 -14 0 1 -0 26 0 0 1 63 0 0 0 1 1 0 0 -14 0 1 -0 26 0 0 1 63 0 0 0 1 1 0 0 -14 0 1 -0 26 0 0 1 63 0 0 0 1 1 0 0 -14 0 1 -0 26 0 0 1 63 0 0 0 1 1 0 0 -14 0 1 -0 26 0 0 1 63 0 0 0 1 1 0 0 -14 0 1 -0 26 0 0 1 63 0 0 0 1 1 0 0 -14 0 1 -0 26 0 0 1 63 0 0 0 1 1 0 0 -14 0 1 -0 26 0 0 1 63 0 0 0 1 1 0 0 -14 0 1 -0 26 0 0 1 63 0 0 0 1 1 0 0 -14 0 1 -0 26 0 0 1 63 0 0 0 1 1 0 0 -14 0 1 -0 26 0 0 1 63 0 0 0 1 1 0 0 -14 0 1 -0 26 0 0 1 63 0 0 0 1 1 0 0 -14 0 1 -0 26 0 0 1 63 0 0 0 1 1 0 0 -14 0 1 -0 26 0 0 1 63 0 0 0 1 1 0 0 -14 0 1 -0 26 0 0 1 63 0 0 0 1 1 0 0 -14 0 1 -0 26 0 0 1 63 0 0 0 1 1 0 0 -14 0 1 -0 26 0 0 1 63 0 0 0 1 1 0 0 -14 0 1 -0 26 0 0 1 63 0 0 0 1 1 0 0 -14 0 1 -0 26 0 0 1 63 0 0 0 1 1 0 0 -14 0 1 -0 26 0 0 1 63 0 0 0 1 1 0 0 -14 0 1 -0 26 0 0 1 63 0 0 0 1 1 0 0 -14 0 1 -0 26 0 0 1 63 0 0 0 1 1 0 0 -14 0 1 -0 26 0 0 1 63 0 0 0 1 1 0 0 -14 0 1 -0 26 0 0 1 63 0 0 0 1 1 0 0 -14 0 1 -0 26 0 0 1 63 0 0 0 1 1 0 0 -14 0 1 -0 26 0 0 1 63 0 0 0 1 1 0 0 -14 0 1 -0 26 0 0 1 63 0 0 0 1 1 0 0 -14 0 1 -0 26 0 0 1 63 0 0 0 1 1 0 0 -14 0 1 -0 26 0 0 1 63 0 0 0 1 1 0 0 -14 0 1 -0 26 0 0 1 63 0 0 0 1 1 0 0 -14 0 1 -0 26 0 0 1 63 0 0 0 1 1 0 0 -14 0 1 -0 26 0 0 1 63 0 0 0 1 1 0 0 -14 0 1 -0 26 0 0 1 63 0 0 0 1 1 0 0 -14 0 1 -0 26 0 0 1 63 0 0 0 1 1 0 0 -14 0 1 -0 26 0 0 1 63 0 0 0 1 1 0 0 -14 0 1 -0 26 0 0 1 63 0 0 0 1 1 0 0 -14 0 1 -0 26 0 0 1 63 0 0 0 1 1 0 0 -14 0 1 -0 26 0 0 1 63 0 0 0 1 1 0 0 -14 0 1 -0 26 0 0 1 63 0 0 0 1 1 0 0 -14 0 1 -0 26 0 0 1 63 0 0 0 1 1 0 0 -14 0 1 -0 26 0 0 1 63 0 0 0 1 1 0 0 -14 0 1 -0 26 0 0 1 63 0 0 0 1 1 0 0 -14 0 1 -0 26 0 0 1 63 0 0 0 1 1 0 0 -14 0 1 -0 26 0 0 1 63 0 0 0 1 1 0 0 -14 0 1 -0 26 0 0 1 63 0 0 0 1 1 0 0 -14 0 1 -0 26 0 0 1 63 0 0 0 1 1 0 0 -14 0 1 -0 26 0 0 1 63 0 0 0 1 1 0 0 -14 0 1 -0 26 0 0 1 63 0 0 0 1 1 0 0 -14 0 1 -0 26 0 0 1 63 0 0 0 1 1 0 0 -14 0 1 -0 26 0 0 1 63 0 0 0 1 1 0 0 -14 0 1 -0 26 0 0 1 63 0 0 0 1 1 0 0 -14 0 1 -0 26 0 0 1 63 0 0 0 1 1 0 0 -14 0 1 -0 26 0 0 1 63 0 0 0 1 1 0 0 -14 0 1 -0 26 0 0 1 63 0 0 0 1 1 0 0 -14 0 1 -0 26 0 0 1 63 0 0 0 1 1 0 0 -14 0 1 -0 26 0 0 1 63 0 0 0 1 1 0 0 -14 0 1 -0 26 0 0 1 63 0 0 0 1 1 0 0 -14 0 1 -0 26 0 0 1 63 0 0 0 1 1 0 0 -14 0 1 -0 26 0 0 1 63 0 0 0 1 1 0 0 -14 0 1 -0 26 0 0 1 63 0 0 0 1 1 0 0 -14 0 1 -0 26 0 0 1 63 0 0 0 1 1 0 0 -14 0 1 -0 26 0 0 1 63 0 0 0 1 1 0 0 -14 0 1 -0 26 0 0 1 63 0 0 0 1 1 0 0 -14 0 1 -0 26 0 0 1 63 0 0 0 1 1 0 0 -14 0 1 -0 26 0 0 1 63 0 0 0 1 1 0 0 -14 0 1 -0 26 0 0 1 63 0 0 0 1 1 0 0 -14 0 1 -0 26 0 0 1 63 0 0 0 1 1 0 0 -14 0 1 -0 26 0 0 1 63 0 0 0 1 1 0 0 -14 0 1 -0 26 0 0 1 63 0 0 0 1 1 0 0 -14 0 1 -0 26 0 0 1 63 0 0 0 1 1 0 0 -14 0 1 -0 26 0 0 1 63 0 0 0 1 1 0 0 -14 0 1 -0 26 0 0 1 63 0 0 0 1 1 0 0 -14 0 1 -0 26 0 0 1 63 0 0 0 1 1 0 0 -14 0 1 -0 26 0 0 1 63 0 0 0 1 1 0 0 -14 0 1 -0 26 0 0 1 63 0 0 0 1 1 0 0 -14 0 1 -0 26 0 0 1 63 0 0 0 1 1 0 0 -14 0 1 -0 26 0 0 1 63 0 0 0 1 1 0 0 -14 0 1 -0 26 0 0 1 63 0 0 0 1 1 0 0 -14 0 1 -0 26 0 0 1 63 0 0 0 1 1 0 0 -14 0 1 -0 26 0 0 1 63 0 0 0 1 1 0 0 -14 0 1 -0 26 0 0 1 63 0 0 0 1 1 0 0 -14 0 1 -0 26 0 0 1 63 0 0 0 1 1 0 0 -14 0 1 -0 26 0 0 1 63 0 0 0 1 1 0 0 -14 0 1 -0 26 0 0 1 63 0 0 0 1 1 0 0 -14 0 1 -0 26 0 0 1 63 0 0 0 1 1 0 0 -14 0 1 -0 26 0 0 1 63 0 0 0 1 1 0 0 -14 0 1 -0 26 0 0 1 63 0 0 0 1 1 0 0 -14 0 1 -0 26 0 0 1 63 0 0 0 1 1 0 0 -14 0 1 -0 26 0 0 1 63 0 0 0 1 1 0 0 -14 0 1 -0 26 0 0 1 63 0 0 0 1 1 0 0 -14 0 1 -0 26 0 0 1 63 0 0 0 1 1 0 0 -14 0 1 -0 26 0 0 1 63 0 0 0 1 1 0 0 -14 0 1 -0 26 0 0 1 63 0 0 0 1 1 0 0 -14 0 1 -0 26 0 0 1 63 0 0 0 1 1 0 0 -14 0 1 -0 26 0 0 1 63 0 0 0 1 1 0 0 -14 0 1 -0 26 0 0 1 63 0 0 0 1 1 0 0 -14 0 1 -0 26 0 0 1 63 0 0 0 1 1 0 0 -14 0 1 -0 26 0 0 1 63 0 0 0 1 1 0 0 -14 0 1 -0 26 0 0 1 63 0 0 0 1 1 0 0 -14 0 1 -0 26 0 0 1 63 0 0 0 1 1 0 0 -14 0 1 -0 26 0 0 1 63 0 0 0 1 1 0 0 -14 0 1 -0 26 0 0 1 63 0 0 0 1 1 0 0 -14 0 1 -0 26 0 0 1 63 0 0 0 1 1 0 0 -14 0 1 -0 26 0 0 1 63 0 0 0 1 1 0 0 -14 0 1 -0 26 0 0 1 63 0 0 0 1 1 0 0 -14 0 1 -0 26 0 0 1 63 0 0 0 1 1 0 0 -14 0 1 -0 26 0 0 1 63 0 0 0 1 1 0 0 -14 0 1 -0 26 0 0 1 63 0 0 0 1 1 0 0 -14 0 1 -0 26 0 0 1 63 0 0 0 1 1 0 0 -14 0 1 -0 26 0 0 1 63 0 0 0 1 1 0 0 -14 0 1 -0 26 0 0 1 63 0 0 0 1 1 0 0 -14 0 1 -0 26 0 0 1 63 0 0 0 1 1 0 0 -14 0 1 -0 26 0 0 1 63 0 0 0 1 1 0 0 -14 0 1 -0 26 0 0 1 63 0 0 0 1 1 0 0 -14 0 1 -0 26 0 0 1 63 0 0 0 1 1 0 0 -14 0 1 -0 26 0 0 1 63 0 0 0 1 1 0 0 -14 0 1 -0 26 0 0 1 63 0 0 0 1 1 0 0 -14 0 1 -0 26 0 0 1 63 0 0 0 1 1 0 0 -14 0 1 -0 26 0 0 1 63 0 0 0 1 1 0 0 -14 0 1 -0 26 0 0 1 63 0 0 0 1 1 0 0 -14 0 1 -0 26 0 0 1 63 0 0 0 1 1 0 0 -14 0 1 -0 26 0 0 1 63 0 0 0 1 1 0 0 -14 0 1 -0 26 0 0 1 63 0 0 0 1 1 0 0 -14 0 1 -0 26 0 0 1 63 0 0 0 1 1 0 0 -14 0 1 -0 26 0 0 1 63 0 0 0 1 1 0 0 -14 0 1 -0 26 0 0 1 63 0 0 0 1 1 0 0 -14 0 1 -0 26 0 0 1 63 0 0 0 1</float_array>
        <technique_common>
          <accessor source="#FL_Upper-output-array" count="322" stride="16">
            <param name="TRANSFORM" type="float4x4" />
          </accessor>
        </technique_common>
      </source>
      <source id="FL_Upper-interpolation">
        <Name_array id="FL_Upper-interpolation-array" count="322">LINEAR LINEAR LINEAR LINEAR LINEAR LINEAR LINEAR LINEAR LINEAR LINEAR LINEAR LINEAR LINEAR LINEAR LINEAR LINEAR LINEAR LINEAR LINEAR LINEAR LINEAR LINEAR LINEAR LINEAR LINEAR LINEAR LINEAR LINEAR LINEAR LINEAR LINEAR LINEAR LINEAR LINEAR LINEAR LINEAR LINEAR LINEAR LINEAR LINEAR LINEAR LINEAR LINEAR LINEAR LINEAR LINEAR LINEAR LINEAR LINEAR LINEAR LINEAR LINEAR LINEAR LINEAR LINEAR LINEAR LINEAR LINEAR LINEAR LINEAR LINEAR LINEAR LINEAR LINEAR LINEAR LINEAR LINEAR LINEAR LINEAR LINEAR LINEAR LINEAR LINEAR LINEAR LINEAR LINEAR LINEAR LINEAR LINEAR LINEAR LINEAR LINEAR LINEAR LINEAR LINEAR LINEAR LINEAR LINEAR LINEAR LINEAR LINEAR LINEAR LINEAR LINEAR LINEAR LINEAR LINEAR LINEAR LINEAR LINEAR LINEAR LINEAR LINEAR LINEAR LINEAR LINEAR LINEAR LINEAR LINEAR LINEAR LINEAR LINEAR LINEAR LINEAR LINEAR LINEAR LINEAR LINEAR LINEAR LINEAR LINEAR LINEAR LINEAR LINEAR LINEAR LINEAR LINEAR LINEAR LINEAR LINEAR LINEAR LINEAR LINEAR LINEAR LINEAR LINEAR LINEAR LINEAR LINEAR LINEAR LINEAR LINEAR LINEAR LINEAR LINEAR LINEAR LINEAR LINEAR LINEAR LINEAR LINEAR LINEAR LINEAR LINEAR LINEAR LINEAR LINEAR LINEAR LINEAR LINEAR LINEAR LINEAR LINEAR LINEAR LINEAR LINEAR LINEAR LINEAR LINEAR LINEAR LINEAR LINEAR LINEAR LINEAR LINEAR LINEAR LINEAR LINEAR LINEAR LINEAR LINEAR LINEAR LINEAR LINEAR LINEAR LINEAR LINEAR LINEAR LINEAR LINEAR LINEAR LINEAR LINEAR LINEAR LINEAR LINEAR LINEAR LINEAR LINEAR LINEAR LINEAR LINEAR LINEAR LINEAR LINEAR LINEAR LINEAR LINEAR LINEAR LINEAR LINEAR LINEAR LINEAR LINEAR LINEAR LINEAR LINEAR LINEAR LINEAR LINEAR LINEAR LINEAR LINEAR LINEAR LINEAR LINEAR LINEAR LINEAR LINEAR LINEAR LINEAR LINEAR LINEAR LINEAR LINEAR LINEAR LINEAR LINEAR LINEAR LINEAR LINEAR LINEAR LINEAR LINEAR LINEAR LINEAR LINEAR LINEAR LINEAR LINEAR LINEAR LINEAR LINEAR LINEAR LINEAR LINEAR LINEAR LINEAR LINEAR LINEAR LINEAR LINEAR LINEAR LINEAR LINEAR LINEAR LINEAR LINEAR LINEAR LINEAR LINEAR LINEAR LINEAR LINEAR LINEAR LINEAR LINEAR LINEAR LINEAR LINEAR LINEAR LINEAR LINEAR LINEAR LINEAR LINEAR LINEAR LINEAR LINEAR LINEAR LINEAR LINEAR LINEAR LINEAR LINEAR LINEAR LINEAR LINEAR LINEAR LINEAR LINEAR LINEAR LINEAR LINEAR LINEAR LINEAR LINEAR LINEAR LINEAR LINEAR LINEAR LINEAR LINEAR LINEAR LINEAR LINEAR LINEAR LINEAR LINEAR LINEAR LINEAR LINEAR</Name_array>
        <technique_common>
          <accessor source="#FL_Upper-interpolation-array" count="322" stride="1">
            <param name="INTERPOLATION" type="Name" />
          </accessor>
        </technique_common>
      </source>
      <sampler id="FL_Upper-sampler">
        <input semantic="INPUT" source="#FL_Upper-time" />
        <input semantic="OUTPUT" source="#FL_Upper-output" />
        <input semantic="INTERPOLATION" source="#FL_Upper-interpolation" />
      </sampler>
      <channel source="#FL_Upper-sampler" target="FL_Upper/transform" />
    </animation>
    <animation id="FL_Lower-animation" name="FL_Lower-animation">
      <source id="FL_Lower-time">
        <float_array id="FL_Lower-time-array" count="322">0.0333333333 0.0666666667 0.1 0.133333333 0.166666667 0.2 0.233333333 0.266666667 0.3 0.333333333 0.366666667 0.4 0.433333333 0.466666667 0.5 0.533333333 0.566666667 0.6 0.633333333 0.666666667 0.7 0.733333333 0.766666667 0.8 0.833333333 0.866666667 0.9 0.933333333 0.966666667 1 1.03333333 1.06666667 1.1 1.13333333 1.16666667 1.2 1.23333333 1.26666667 1.3 1.33333333 1.36666667 1.4 1.43333333 1.46666667 1.5 1.53333333 1.56666667 1.6 1.63333333 1.66666667 1.7 1.73333333 1.76666667 1.8 1.83333333 1.86666667 1.9 1.93333333 1.96666667 2 2.03333333 2.06666667 2.1 2.13333333 2.16666667 2.2 2.23333333 2.26666667 2.3 2.33333333 2.36666667 2.4 2.43333333 2.46666667 2.5 2.53333333 2.56666667 2.6 2.63333333 2.66666667 2.7 2.73333333 2.76666667 2.8 2.83333333 2.86666667 2.9 2.93333333 2.96666667 3 3.03333333 3.06666667 3.1 3.13333333 3.16666667 3.2 3.23333333 3.26666667 3.3 3.33333333 3.36666667 3.4 3.43333333 3.46666667 3.5 3.53333333 3.56666667 3.6 3.63333333 3.66666667 3.7 3.73333333 3.76666667 3.8 3.83333333 3.86666667 3.9 3.93333333 3.96666667 4 4.03333333 4.06666667 4.1 4.13333333 4.16666667 4.2 4.23333333 4.26666667 4.3 4.33333333 4.36666667 4.4 4.43333333 4.46666667 4.5 4.53333333 4.56666667 4.6 4.63333333 4.66666667 4.7 4.73333333 4.76666667 4.8 4.83333333 4.86666667 4.9 4.93333333 4.96666667 5 5.03333333 5.06666667 5.1 5.13333333 5.16666667 5.2 5.23333333 5.26666667 5.3 5.33333333 5.36666667 5.4 5.43333333 5.46666667 5.5 5.53333333 5.56666667 5.6 5.63333333 5.66666667 5.7 5.73333333 5.76666667 5.8 5.83333333 5.86666667 5.9 5.93333333 5.96666667 6 6.03333333 6.06666667 6.1 6.13333333 6.16666667 6.2 6.23333333 6.26666667 6.3 6.33333333 6.36666667 6.4 6.43333333 6.46666667 6.5 6.53333333 6.56666667 6.6 6.63333333 6.66666667 6.7 6.73333333 6.76666667 6.8 6.83333333 6.86666667 6.9 6.93333333 6.96666667 7 7.03333333 7.06666667 7.1 7.13333333 7.16666667 7.2 7.23333333 7.26666667 7.3 7.33333333 7.36666667 7.4 7.43333333 7.46666667 7.5 7.53333333 7.56666667 7.6 7.63333333 7.66666667 7.7 7.73333333 7.76666667 7.8 7.83333333 7.86666667 7.9 7.93333333 7.96666667 8 8.03333333 8.06666667 8.1 8.13333333 8.16666667 8.2 8.23333333 8.26666667 8.3 8.33333333 8.36666667 8.4 8.43333333 8.46666667 8.5 8.53333333 8.56666667 8.6 8.63333333 8.66666667 8.7 8.73333333 8.76666667 8.8 8.83333333 8.86666667 8.9 8.93333333 8.96666667 9 9.03333333 9.06666667 9.1 9.13333333 9.16666667 9.2 9.23333333 9.26666667 9.3 9.33333333 9.36666667 9.4 9.43333333 9.46666667 9.5 9.53333333 9.56666667 9.6 9.63333333 9.66666667 9.7 9.73333333 9.76666667 9.8 9.83333333 9.86666667 9.9 9.93333333 9.96666667 10 10.0333333 10.0666667 10.1 10.1333333 10.1666667 10.2 10.2333333 10.2666667 10.3 10.3333333 10.3666667 10.4 10.4333333 10.4666667 10.5 10.5333333 10.5666667 10.6 10.6333333 10.6666667 10.7 10.7333333</float_array>
        <technique_common>
          <accessor source="#FL_Lower-time-array" count="322" stride="1">
            <param name="TIME" type="float" />
          </accessor>
        </technique_common>
      </source>
      <source id="FL_Lower-output">
        <float_array id="FL_Lower-output-array" count="5152">1 0 0 0 0 1 -0 0 0 0 1 -29 0 0 0 1 1 0 0 0 0 1 -0 0 0 0 1 -29 0 0 0 1 1 0 0 0 0 1 -0 0 0 0 1 -29 0 0 0 1 1 0 0 0 0 1 -0 0 0 0 1 -29 0 0 0 1 1 0 0 0 0 1 -0 0 0 0 1 -29 0 0 0 1 1 0 0 0 0 1 -0 0 0 0 1 -29 0 0 0 1 1 0 0 0 0 1 -0 0 0 0 1 -29 0 0 0 1 1 0 0 0 0 1 -0 0 0 0 1 -29 0 0 0 1 1 0 0 0 0 1 -0 0 0 0 1 -29 0 0 0 1 1 0 0 0 0 1 -0 0 0 0 1 -29 0 0 0 1 1 0 0 0 0 1 -0 0 0 0 1 -29 0 0 0 1 1 0 0 0 0 1 -0 0 0 0 1 -29 0 0 0 1 1 0 0 0 0 1 -0 0 0 0 1 -29 0 0 0 1 1 0 0 0 0 1 -0 0 0 0 1 -29 0 0 0 1 1 0 0 0 0 1 -0 0 0 0 1 -29 0 0 0 1 1 0 0 0 0 1 -0 0 0 0 1 -29 0 0 0 1 1 0 0 0 0 1 -0 0 0 0 1 -29 0 0 0 1 1 0 0 0 0 1 -0 0 0 0 1 -29 0 0 0 1 1 0 0 0 0 1 -0 0 0 0 1 -29 0 0 0 1 1 0 0 0 0 1 -0 0 0 0 1 -29 0 0 0 1 1 0 0 0 0 1 -0 0 0 0 1 -29 0 0 0 1 1 0 0 0 0 1 -0 0 0 0 1 -29 0 0 0 1 1 0 0 0 0 1 -0 0 0 0 1 -29 0 0 0 1 1 0 0 0 0 1 -0 0 0 0 1 -29 0 0 0 1 1 0 0 0 0 1 -0 0 0 0 1 -29 0 0 0 1 1 0 0 0 0 1 -0 0 0 0 1 -29 0 0 0 1 1 0 0 0 0 1 -0 0 0 0 1 -29 0 0 0 1 1 0 0 0 0 1 -0 0 0 0 1 -29 0 0 0 1 1 0 0 0 0 1 -0 0 0 0 1 -29 0 0 0 1 1 0 0 0 0 1 -0 0 0 0 1 -29 0 0 0 1 1 0 0 0 0 1 -0 0 0 0 1 -29 0 0 0 1 1 0 0 0 0 1 -0 0 0 0 1 -29 0 0 0 1 1 0 0 0 0 1 -0 0 0 0 1 -29 0 0 0 1 1 0 0 0 0 1 -0 0 0 0 1 -29 0 0 0 1 1 0 0 0 0 1 -0 0 0 0 1 -29 0 0 0 1 1 0 0 0 0 1 -0 0 0 0 1 -29 0 0 0 1 1 0 0 0 0 1 -0 0 0 0 1 -29 0 0 0 1 1 0 0 0 0 1 -0 0 0 0 1 -29 0 0 0 1 1 0 0 0 0 1 -0 0 0 0 1 -29 0 0 0 1 1 0 0 0 0 1 -0 0 0 0 1 -29 0 0 0 1 1 0 0 0 0 1 -0 0 0 0 1 -29 0 0 0 1 1 0 0 0 0 1 -0 0 0 0 1 -29 0 0 0 1 1 0 0 0 0 1 -0 0 0 0 1 -29 0 0 0 1 1 0 0 0 0 1 -0 0 0 0 1 -29 0 0 0 1 1 0 0 0 0 1 -0 0 0 0 1 -29 0 0 0 1 1 0 0 0 0 1 -0 0 0 0 1 -29 0 0 0 1 1 0 0 0 0 1 -0 0 0 0 1 -29 0 0 0 1 1 0 0 0 0 1 -0 0 0 0 1 -29 0 0 0 1 1 0 0 0 0 1 -0 0 0 0 1 -29 0 0 0 1 1 0 0 0 0 1 -0 0 0 0 1 -29 0 0 0 1 1 0 0 0 0 1 -0 0 0 0 1 -29 0 0 0 1 1 0 0 0 0 1 -0 0 0 0 1 -29 0 0 0 1 1 0 0 0 0 1 -0 0 0 0 1 -29 0 0 0 1 1 0 0 0 0 1 -0 0 0 0 1 -29 0 0 0 1 1 0 0 0 0 1 -0 0 0 0 1 -29 0 0 0 1 1 0 0 0 0 1 -0 0 0 0 1 -29 0 0 0 1 1 0 0 0 0 1 -0 0 0 0 1 -29 0 0 0 1 1 0 0 0 0 1 -0 0 0 0 1 -29 0 0 0 1 1 0 0 0 0 1 -0 0 0 0 1 -29 0 0 0 1 1 0 0 0 0 1 -0 0 0 0 1 -29 0 0 0 1 1 0 0 0 0 1 -0 0 0 0 1 -29 0 0 0 1 1 0 0 0 0 1 -0 0 0 0 1 -29 0 0 0 1 1 0 0 0 0 0.996403074 0.084740277 0 0 -0.084740277 0.996403074 -29 0 0 0 1 1 0 0 0 0 0.985882277 0.167439946 0 0 -0.167439946 0.985882277 -29 0 0 0 1 1 0 0 0 0 0.96922234 0.246187034 0 0 -0.246187034 0.96922234 -29 0 0 0 1 1 0 0 0 0 0.947650726 0.319308786 0 0 -0.319308786 0.947650726 -29 0 0 0 1 1 0 0 0 0 0.922728927 0.385449513 0 0 -0.385449513 0.922728927 -29 0 0 0 1 1 0 0 0 0 0.896221396 0.443607044 0 0 -0.443607044 0.896221396 -29 0 0 0 1 1 0 0 0 0 0.86995776 0.493126248 0 0 -0.493126248 0.86995776 -29 0 0 0 1 1 0 0 0 0 0.845702299 0.533654965 0 0 -0.533654965 0.845702299 -29 0 0 0 1 1 0 0 0 0 0.825040931 0.565072971 0 0 -0.565072971 0.825040931 -29 0 0 0 1 1 0 0 0 0 0.809291251 0.587407585 0 0 -0.587407585 0.809291251 -29 0 0 0 1 1 0 0 0 0 0.799436817 0.600750177 0 0 -0.600750177 0.799436817 -29 0 0 0 1 1 0 0 0 0 0.796083799 0.605186406 0 0 -0.605186406 0.796083799 -29 0 0 0 1 1 0 0 0 0 0.799436817 0.600750177 0 0 -0.600750177 0.799436817 -29 0 0 0 1 1 0 0 0 0 0.809291251 0.587407585 0 0 -0.587407585 0.809291251 -29 0 0 0 1 1 0 0 0 0 0.825040931 0.565072971 0 0 -0.565072971 0.825040931 -29 0 0 0 1 1 0 0 0 0 0.845702299 0.533654965 0 0 -0.533654965 0.845702299 -29 0 0 0 1 1 0 0 0 0 0.86995776 0.493126248 0 0 -0.493126248 0.86995776 -29 0 0 0 1 1 0 0 0 0 0.896221396 0.443607044 0 0 -0.443607044 0.896221396 -29 0 0 0 1 1 0 0 0 0 0.922728927 0.385449513 0 0 -0.385449513 0.922728927 -29 0 0 0 1 1 0 0 0 0 0.947650726 0.319308786 0 0 -0.319308786 0.947650726 -29 0 0 0 1 1 0 0 0 0 0.96922234 0.246187034 0 0 -0.246187034 0.96922234 -29 0 0 0 1 1 0 0 0 0 0.985882277 0.167439946 0 0 -0.167439946 0.985882277 -29 0 0 0 1 1 0 0 0 0 0.996403074 0.084740277 0 0 -0.084740277 0.996403074 -29 0 0 0 1 1 0 0 0 0 1 7.96020419e-17 0 0 -7.96020419e-17 1 -29 0 0 0 1 1 0 0 0 0 1 -0 0 0 0 1 -29 0 0 0 1 1 0 0 0 0 1 -0 0 0 0 1 -29 0 0 0 1 1 0 0 0 0 1 -0 0 0 0 1 -29 0 0 0 1 1 0 0 0 0 1 -0 0 0 0 1 -29 0 0 0 1 1 0 0 0 0 1 -0 0 0 0 1 -29 0 0 0 1 1 0 0 0 0 1 -0 0 0 0 1 -29 0 0 0 1 1 0 0 0 0 1 -0 0 0 0 1 -29 0 0 0 1 1 0 0 0 0 1 -0 0 0 0 1 -29 0 0 0 1 1 0 0 0 0 1 -0 0 0 0 1 -29 0 0 0 1 1 0 0 0 0 1 -0 0 0 0 1 -29 0 0 0 1 1 0 0 0 0 1 -0 0 0 0 1 -29 0 0 0 1 1 0 0 0 0 1 -0 0 0 0 1 -29 0 0 0 1 1 0 0 0 0 1 -0 0 0 0 1 -29 0 0 0 1 1 0 0 0 0 1 -0 0 0 0 1 -29 0 0 0 1 1 0 0 0 0 1 -0 0 0 0 1 -29 0 0 0 1 1 0 0 0 0 1 -0 0 0 0 1 -29 0 0 0 1 1 0 0 0 0 1 -0 0 0 0 1 -29 0 0 0 1 1 0 0 0 0 1 -0 0 0 0 1 -29 0 0 0 1 1 0 0 0 0 1 -0 0 0 0 1 -29 0 0 0 1 1 0 0 0 0 1 -0 0 0 0 1 -29 0 0 0 1 1 0 0 0 0 1 -0 0 0 0 1 -29 0 0 0 1 1 0 0 0 0 1 -0 0 0 0 1 -29 0 0 0 1 1 0 0 0 0 1 -0 0 0 0 1 -29 0 0 0 1 1 0 0 0 0 1 -0 0 0 0 1 -29 0 0 0 1 1 0 0 0 0 1 -0 0 0 0 1 -29 0 0 0 1 1 0 0 0 0 0.985882277 0.167439946 0 0 -0.167439946 0.985882277 -29 0 0 0 1 1 0 0 0 0 0.947650726 0.319308786 0 0 -0.319308786 0.947650726 -29 0 0 0 1 1 0 0 0 0 0.896221396 0.443607044 0 0 -0.443607044 0.896221396 -29 0 0 0 1 1 0 0 0 0 0.845702299 0.533654965 0 0 -0.533654965 0.845702299 -29 0 0 0 1 1 0 0 0 0 0.809291251 0.587407585 0 0 -0.587407585 0.809291251 -29 0 0 0 1 1 0 0 0 0 0.796083799 0.605186406 0 0 -0.605186406 0.796083799 -29 0 0 0 1 1 0 0 0 0 0.809291251 0.587407585 0 0 -0.587407585 0.809291251 -29 0 0 0 1 1 0 0 0 0 0.845702299 0.533654965 0 0 -0.533654965 0.845702299 -29 0 0 0 1 1 0 0 0 0 0.896221396 0.443607044 0 0 -0.443607044 0.896221396 -29 0 0 0 1 1 0 0 0 0 0.947650726 0.319308786 0 0 -0.319308786 0.947650726 -29 0 0 0 1 1 0 0 0 0 0.985882277 0.167439946 0 0 -0.167439946 0.985882277 -29 0 0 0 1 1 0 0 0 0 1 7.96020419e-17 0 0 -7.96020419e-17 1 -29 0 0 0 1 1 0 0 0 0 1 -0 0 0 0 1 -29 0 0 0 1 1 0 0 0 0 1 -0 0 0 0 1 -29 0 0 0 1 1 0 0 0 0 1 -0 0 0 0 1 -29 0 0 0 1 1 0 0 0 0 1 -0 0 0 0 1 -29 0 0 0 1 1 0 0 0 0 1 -0 0 0 0 1 -29 0 0 0 1 1 0 0 0 0 1 -0 0 0 0 1 -29 0 0 0 1 1 0 0 0 0 1 -0 0 0 0 1 -29 0 0 0 1 1 0 0 0 0 1 -0 0 0 0 1 -29 0 0 0 1 1 0 0 0 0 1 -0 0 0 0 1 -29 0 0 0 1 1 0 0 0 0 1 -0 0 0 0 1 -29 0 0 0 1 1 0 0 0 0 1 -0 0 0 0 1 -29 0 0 0 1 1 0 0 0 0 1 -0 0 0 0 1 -29 0 0 0 1 1 0 0 0 0 1 -0 0 0 0 1 -29 0 0 0 1 1 0 0 0 0 1 -0 0 0 0 1 -29 0 0 0 1 1 0 0 0 0 1 -0 0 0 0 1 -29 0 0 0 1 1 0 0 0 0 1 -0 0 0 0 1 -29 0 0 0 1 1 0 0 0 0 1 -0 0 0 0 1 -29 0 0 0 1 1 0 0 0 0 1 -0 0 0 0 1 -29 0 0 0 1 1 0 0 0 0 1 -0 0 0 0 1 -29 0 0 0 1 1 0 0 0 0 1 -0 0 0 0 1 -29 0 0 0 1 1 0 0 0 0 1 -0 0 0 0 1 -29 0 0 0 1 1 0 0 0 0 1 -0 0 0 0 1 -29 0 0 0 1 1 0 0 0 0 1 -0 0 0 0 1 -29 0 0 0 1 1 0 0 0 0 1 -0 0 0 0 1 -29 0 0 0 1 1 0 0 0 0 1 -0 0 0 0 1 -29 0 0 0 1 1 0 0 0 0 1 -0 0 0 0 1 -29 0 0 0 1 1 0 0 0 0 1 -0 0 0 0 1 -29 0 0 0 1 1 0 0 0 0 1 -0 0 0 0 1 -29 0 0 0 1 1 0 0 0 0 1 -0 0 0 0 1 -29 0 0 0 1 1 0 0 0 0 1 -0 0 0 0 1 -29 0 0 0 1 1 0 0 0 0 1 -0 0 0 0 1 -29 0 0 0 1 1 0 0 0 0 1 -0 0 0 0 1 -29 0 0 0 1 1 0 0 0 0 1 -0 0 0 0 1 -29 0 0 0 1 1 0 0 0 0 1 -0 0 0 0 1 -29 0 0 0 1 1 0 0 0 0 1 -0 0 0 0 1 -29 0 0 0 1 1 0 0 0 0 1 -0 0 0 0 1 -29 0 0 0 1 1 0 0 0 0 1 -0 0 0 0 1 -29 0 0 0 1 1 0 0 0 0 1 -0 0 0 0 1 -29 0 0 0 1 1 0 0 0 0 1 -0 0 0 0 1 -29 0 0 0 1 1 0 0 0 0 1 -0 0 0 0 1 -29 0 0 0 1 1 0 0 0 0 1 -0 0 0 0 1 -29 0 0 0 1 1 0 0 0 0 1 -0 0 0 0 1 -29 0 0 0 1 1 0 0 0 0 1 -0 0 0 0 1 -29 0 0 0 1 1 0 0 0 0 1 -0 0 0 0 1 -29 0 0 0 1 1 0 0 0 0 1 -0 0 0 0 1 -29 0 0 0 1 1 0 0 0 0 1 -0 0 0 0 1 -29 0 0 0 1 1 0 0 0 0 1 -0 0 0 0 1 -29 0 0 0 1 1 0 0 0 0 1 -0 0 0 0 1 -29 0 0 0 1 1 0 0 0 0 1 -0 0 0 0 1 -29 0 0 0 1 1 0 0 0 0 1 -0 0 0 0 1 -29 0 0 0 1 1 0 0 0 0 1 -0 0 0 0 1 -29 0 0 0 1 1 0 0 0 0 1 -0 0 0 0 1 -29 0 0 0 1 1 0 0 0 0 1 -0 0 0 0 1 -29 0 0 0 1 1 0 0 0 0 1 -0 0 0 0 1 -29 0 0 0 1 1 0 0 0 0 1 -0 0 0 0 1 -29 0 0 0 1 1 0 0 0 0 1 -0 0 0 0 1 -29 0 0 0 1 1 0 0 0 0 1 -0 0 0 0 1 -29 0 0 0 1 1 0 0 0 0 1 -0 0 0 0 1 -29 0 0 0 1 1 0 0 0 0 1 -0 0 0 0 1 -29 0 0 0 1 1 0 0 0 0 1 -0 0 0 0 1 -29 0 0 0 1 1 0 0 0 0 1 -0 0 0 0 1 -29 0 0 0 1 1 0 0 0 0 1 -0 0 0 0 1 -29 0 0 0 1 1 0 0 0 0 1 -0 0 0 0 1 -29 0 0 0 1 1 0 0 0 0 1 -0 0 0 0 1 -29 0 0 0 1 1 0 0 0 0 1 -0 0 0 0 1 -29 0 0 0 1 1 0 0 0 0 1 -0 0 0 0 1 -29 0 0 0 1 1 0 0 0 0 1 -0 0 0 0 1 -29 0 0 0 1 1 0 0 0 0 1 -0 0 0 0 1 -29 0 0 0 1 1 0 0 0 0 1 -0 0 0 0 1 -29 0 0 0 1 1 0 0 0 0 1 -0 0 0 0 1 -29 0 0 0 1 1 0 0 0 0 1 -0 0 0 0 1 -29 0 0 0 1 1 0 0 0 0 1 -0 0 0 0 1 -29 0 0 0 1 1 0 0 0 0 1 -0 0 0 0 1 -29 0 0 0 1 1 0 0 0 0 1 -0 0 0 0 1 -29 0 0 0 1 1 0 0 0 0 1 -0 0 0 0 1 -29 0 0 0 1 1 0 0 0 0 1 -0 0 0 0 1 -29 0 0 0 1 1 0 0 0 0 1 -0 0 0 0 1 -29 0 0 0 1 1 0 0 0 0 1 -0 0 0 0 1 -29 0 0 0 1 1 0 0 0 0 1 -0 0 0 0 1 -29 0 0 0 1 1 0 0 0 0 1 -0 0 0 0 1 -29 0 0 0 1 1 0 0 0 0 1 -0 0 0 0 1 -29 0 0 0 1 1 0 0 0 0 1 -0 0 0 0 1 -29 0 0 0 1 1 0 0 0 0 1 -0 0 0 0 1 -29 0 0 0 1 1 0 0 0 0 1 -0 0 0 0 1 -29 0 0 0 1 1 0 0 0 0 1 -0 0 0 0 1 -29 0 0 0 1 1 0 0 0 0 1 -0 0 0 0 1 -29 0 0 0 1 1 0 0 0 0 1 -0 0 0 0 1 -29 0 0 0 1 1 0 0 0 0 1 -0 0 0 0 1 -29 0 0 0 1 1 0 0 0 0 1 -0 0 0 0 1 -29 0 0 0 1 1 0 0 0 0 1 -0 0 0 0 1 -29 0 0 0 1 1 0 0 0 0 1 -0 0 0 0 1 -29 0 0 0 1 1 0 0 0 0 1 -0 0 0 0 1 -29 0 0 0 1 1 0 0 0 0 1 -0 0 0 0 1 -29 0 0 0 1 1 0 0 0 0 1 -0 0 0 0 1 -29 0 0 0 1 1 0 0 0 0 1 -0 0 0 0 1 -29 0 0 0 1 1 0 0 0 0 1 -0 0 0 0 1 -29 0 0 0 1 1 0 0 0 0 1 -0 0 0 0 1 -29 0 0 0 1 1 0 0 0 0 1 -0 0 0 0 1 -29 0 0 0 1 1 0 0 0 0 1 -0 0 0 0 1 -29 0 0 0 1 1 0 0 0 0 1 -0 0 0 0 1 -29 0 0 0 1 1 0 0 0 0 1 -0 0 0 0 1 -29 0 0 0 1 1 0 0 0 0 1 -0 0 0 0 1 -29 0 0 0 1 1 0 0 0 0 1 -0 0 0 0 1 -29 0 0 0 1 1 0 0 0 0 1 -0 0 0 0 1 -29 0 0 0 1 1 0 0 0 0 1 -0 0 0 0 1 -29 0 0 0 1 1 0 0 0 0 1 -0 0 0 0 1 -29 0 0 0 1 1 0 0 0 0 1 -0 0 0 0 1 -29 0 0 0 1 1 0 0 0 0 1 -0 0 0 0 1 -29 0 0 0 1 1 0 0 0 0 1 -0 0 0 0 1 -29 0 0 0 1 1 0 0 0 0 1 -0 0 0 0 1 -29 0 0 0 1 1 0 0 0 0 1 -0 0 0 0 1 -29 0 0 0 1 1 0 0 0 0 1 -0 0 0 0 1 -29 0 0 0 1 1 0 0 0 0 1 -0 0 0 0 1 -29 0 0 0 1 1 0 0 0 0 1 -0 0 0 0 1 -29 0 0 0 1 1 0 0 0 0 1 -0 0 0 0 1 -29 0 0 0 1 1 0 0 0 0 1 -0 0 0 0 1 -29 0 0 0 1 1 0 0 0 0 1 -0 0 0 0 1 -29 0 0 0 1 1 0 0 0 0 1 -0 0 0 0 1 -29 0 0 0 1 1 0 0 0 0 1 -0 0 0 0 1 -29 0 0 0 1 1 0 0 0 0 1 -0 0 0 0 1 -29 0 0 0 1 1 0 0 0 0 1 -0 0 0 0 1 -29 0 0 0 1 1 0 0 0 0 1 -0 0 0 0 1 -29 0 0 0 1 1 0 0 0 0 1 -0 0 0 0 1 -29 0 0 0 1 1 0 0 0 0 1 -0 0 0 0 1 -29 0 0 0 1 1 0 0 0 0 1 -0 0 0 0 1 -29 0 0 0 1 1 0 0 0 0 1 -0 0 0 0 1 -29 0 0 0 1 1 0 0 0 0 1 -0 0 0 0 1 -29 0 0 0 1 1 0 0 0 0 1 -0 0 0 0 1 -29 0 0 0 1 1 0 0 0 0 1 -0 0 0 0 1 -29 0 0 0 1 1 0 0 0 0 1 -0 0 0 0 1 -29 0 0 0 1 1 0 0 0 0 1 -0 0 0 0 1 -29 0 0 0 1 1 0 0 0 0 1 -0 0 0 0 1 -29 0 0 0 1 1 0 0 0 0 1 -0 0 0 0 1 -29 0 0 0 1 1 0 0 0 0 1 -0 0 0 0 1 -29 0 0 0 1 1 0 0 0 0 1 -0 0 0 0 1 -29 0 0 0 1 1 0 0 0 0 1 -0 0 0 0 1 -29 0 0 0 1 1 0 0 0 0 1 -0 0 0 0 1 -29 0 0 0 1 1 0 0 0 0 1 -0 0 0 0 1 -29 0 0 0 1 1 0 0 0 0 1 -0 0 0 0 1 -29 0 0 0 1 1 0 0 0 0 1 -0 0 0 0 1 -29 0 0 0 1 1 0 0 0 0 1 -0 0 0 0 1 -29 0 0 0 1 1 0 0 0 0 1 -0 0 0 0 1 -29 0 0 0 1 1 0 0 0 0 1 -0 0 0 0 1 -29 0 0 0 1 1 0 0 0 0 1 -0 0 0 0 1 -29 0 0 0 1 1 0 0 0 0 1 -0 0 0 0 1 -29 0 0 0 1 1 0 0 0 0 1 -0 0 0 0 1 -29 0 0 0 1 1 0 0 0 0 1 -0 0 0 0 1 -29 0 0 0 1 1 0 0 0 0 1 -0 0 0 0 1 -29 0 0 0 1 1 0 0 0 0 1 -0 0 0 0 1 -29 0 0 0 1 1 0 0 0 0 1 -0 0 0 0 1 -29 0 0 0 1 1 0 0 0 0 1 -0 0 0 0 1 -29 0 0 0 1 1 0 0 0 0 1 -0 0 0 0 1 -29 0 0 0 1 1 0 0 0 0 1 -0 0 0 0 1 -29 0 0 0 1 1 0 0 0 0 1 -0 0 0 0 1 -29 0 0 0 1 1 0 0 0 0 1 -0 0 0 0 1 -29 0 0 0 1 1 0 0 0 0 1 -0 0 0 0 1 -29 0 0 0 1 1 0 0 0 0 1 -0 0 0 0 1 -29 0 0 0 1 1 0 0 0 0 1 -0 0 0 0 1 -29 0 0 0 1 1 0 0 0 0 1 -0 0 0 0 1 -29 0 0 0 1 1 0 0 0 0 1 -0 0 0 0 1 -29 0 0 0 1 1 0 0 0 0 1 -0 0 0 0 1 -29 0 0 0 1 1 0 0 0 0 1 -0 0 0 0 1 -29 0 0 0 1 1 0 0 0 0 1 -0 0 0 0 1 -29 0 0 0 1 1 0 0 0 0 1 -0 0 0 0 1 -29 0 0 0 1 1 0 0 0 0 1 -0 0 0 0 1 -29 0 0 0 1 1 0 0 0 0 1 -0 0 0 0 1 -29 0 0 0 1 1 0 0 0 0 1 -0 0 0 0 1 -29 0 0 0 1 1 0 0 0 0 1 -0 0 0 0 1 -29 0 0 0 1 1 0 0 0 0 1 -0 0 0 0 1 -29 0 0 0 1 1 0 0 0 0 1 -0 0 0 0 1 -29 0 0 0 1 1 0 0 0 0 1 -0 0 0 0 1 -29 0 0 0 1 1 0 0 0 0 1 -0 0 0 0 1 -29 0 0 0 1 1 0 0 0 0 1 -0 0 0 0 1 -29 0 0 0 1 1 0 0 0 0 1 -0 0 0 0 1 -29 0 0 0 1 1 0 0 0 0 1 -0 0 0 0 1 -29 0 0 0 1 1 0 0 0 0 1 -0 0 0 0 1 -29 0 0 0 1 1 0 0 0 0 1 -0 0 0 0 1 -29 0 0 0 1 1 0 0 0 0 1 -0 0 0 0 1 -29 0 0 0 1 1 0 0 0 0 1 -0 0 0 0 1 -29 0 0 0 1 1 0 0 0 0 1 -0 0 0 0 1 -29 0 0 0 1 1 0 0 0 0 1 -0 0 0 0 1 -29 0 0 0 1 1 0 0 0 0 1 -0 0 0 0 1 -29 0 0 0 1 1 0 0 0 0 1 -0 0 0 0 1 -29 0 0 0 1 1 0 0 0 0 1 -0 0 0 0 1 -29 0 0 0 1 1 0 0 0 0 1 -0 0 0 0 1 -29 0 0 0 1 1 0 0 0 0 1 -0 0 0 0 1 -29 0 0 0 1 1 0 0 0 0 1 -0 0 0 0 1 -29 0 0 0 1 1 0 0 0 0 1 -0 0 0 0 1 -29 0 0 0 1 1 0 0 0 0 1 -0 0 0 0 1 -29 0 0 0 1 1 0 0 0 0 1 -0 0 0 0 1 -29 0 0 0 1 1 0 0 0 0 1 -0 0 0 0 1 -29 0 0 0 1 1 0 0 0 0 1 -0 0 0 0 1 -29 0 0 0 1 1 0 0 0 0 1 -0 0 0 0 1 -29 0 0 0 1 1 0 0 0 0 1 -0 0 0 0 1 -29 0 0 0 1 1 0 0 0 0 1 -0 0 0 0 1 -29 0 0 0 1 1 0 0 0 0 1 -0 0 0 0 1 -29 0 0 0 1 1 0 0 0 0 1 -0 0 0 0 1 -29 0 0 0 1 1 0 0 0 0 1 -0 0 0 0 1 -29 0 0 0 1 1 0 0 0 0 1 -0 0 0 0 1 -29 0 0 0 1</float_array>
        <technique_common>
          <accessor source="#FL_Lower-output-array" count="322" stride="16">
            <param name="TRANSFORM" type="float4x4" />
          </accessor>
        </technique_common>
      </source>
      <source id="FL_Lower-interpolation">
        <Name_array id="FL_Lower-interpolation-array" count="322">LINEAR LINEAR LINEAR LINEAR LINEAR LINEAR LINEAR LINEAR LINEAR LINEAR LINEAR LINEAR LINEAR LINEAR LINEAR LINEAR LINEAR LINEAR LINEAR LINEAR LINEAR LINEAR LINEAR LINEAR LINEAR LINEAR LINEAR LINEAR LINEAR LINEAR LINEAR LINEAR LINEAR LINEAR LINEAR LINEAR LINEAR LINEAR LINEAR LINEAR LINEAR LINEAR LINEAR LINEAR LINEAR LINEAR LINEAR LINEAR LINEAR LINEAR LINEAR LINEAR LINEAR LINEAR LINEAR LINEAR LINEAR LINEAR LINEAR LINEAR LINEAR LINEAR LINEAR LINEAR LINEAR LINEAR LINEAR LINEAR LINEAR LINEAR LINEAR LINEAR LINEAR LINEAR LINEAR LINEAR LINEAR LINEAR LINEAR LINEAR LINEAR LINEAR LINEAR LINEAR LINEAR LINEAR LINEAR LINEAR LINEAR LINEAR LINEAR LINEAR LINEAR LINEAR LINEAR LINEAR LINEAR LINEAR LINEAR LINEAR LINEAR LINEAR LINEAR LINEAR LINEAR LINEAR LINEAR LINEAR LINEAR LINEAR LINEAR LINEAR LINEAR LINEAR LINEAR LINEAR LINEAR LINEAR LINEAR LINEAR LINEAR LINEAR LINEAR LINEAR LINEAR LINEAR LINEAR LINEAR LINEAR LINEAR LINEAR LINEAR LINEAR LINEAR LINEAR LINEAR LINEAR LINEAR LINEAR LINEAR LINEAR LINEAR LINEAR LINEAR LINEAR LINEAR LINEAR LINEAR LINEAR LINEAR LINEAR LINEAR LINEAR LINEAR LINEAR LINEAR LINEAR LINEAR LINEAR LINEAR LINEAR LINEAR LINEAR LINEAR LINEAR LINEAR LINEAR LINEAR LINEAR LINEAR LINEAR LINEAR LINEAR LINEAR LINEAR LINEAR LINEAR LINEAR LINEAR LINEAR LINEAR LINEAR LINEAR LINEAR LINEAR LINEAR LINEAR LINEAR LINEAR LINEAR LINEAR LINEAR LINEAR LINEAR LINEAR LINEAR LINEAR LINEAR LINEAR LINEAR LINEAR LINEAR LINEAR LINEAR LINEAR LINEAR LINEAR LINEAR LINEAR LINEAR LINEAR LINEAR LINEAR LINEAR LINEAR LINEAR LINEAR LINEAR LINEAR LINEAR LINEAR LINEAR LINEAR LINEAR LINEAR LINEAR LINEAR LINEAR LINEAR LINEAR LINEAR LINEAR LINEAR LINEAR LINEAR LINEAR LINEAR LINEAR LINEAR LINEAR LINEAR LINEAR LINEAR LINEAR LINEAR LINEAR LINEAR LINEAR LINEAR LINEAR LINEAR LINEAR LINEAR LINEAR LINEAR LINEAR LINEAR LINEAR LINEAR LINEAR LINEAR LINEAR LINEAR LINEAR LINEAR LINEAR LINEAR LINEAR LINEAR LINEAR LINEAR LINEAR LINEAR LINEAR LINEAR LINEAR LINEAR LINEAR LINEAR LINEAR LINEAR LINEAR LINEAR LINEAR LINEAR LINEAR LINEAR LINEAR LINEAR LINEAR LINEAR LINEAR LINEAR LINEAR LINEAR LINEAR LINEAR LINEAR LINEAR LINEAR LINEAR LINEAR LINEAR LINEAR LINEAR LINEAR LINEAR LINEAR LINEAR LINEAR LINEAR LINEAR LINEAR LINEAR LINEAR LINEAR LINEAR LINEAR LINEAR LINEAR LINEAR LINEAR</Name_array>
        <technique_common>
          <accessor source="#FL_Lower-interpolation-array" count="322" stride="1">
            <param name="INTERPOLATION" type="Name" />
          </accessor>
        </technique_common>
      </source>
      <sampler id="FL_Lower-sampler">
        <input semantic="INPUT" source="#FL_Lower-time" />
        <input semantic="OUTPUT" source="#FL_Lower-output" />
        <input semantic="INTERPOLATION" source="#FL_Lower-interpolation" />
      </sampler>
      <channel source="#FL_Lower-sampler" target="FL_Lower/transform" />
    </animation>
    <animation id="FR_Upper-animation" name="FR_Upper-animation">
      <source id="FR_Upper-time">
        <float_array id="FR_Upper-time-array" count="322">0.0333333333 0.0666666667 0.1 0.133333333 0.166666667 0.2 0.233333333 0.266666667 0.3 0.333333333 0.366666667 0.4 0.433333333 0.466666667 0.5 0.533333333 0.566666667 0.6 0.633333333 0.666666667 0.7 0.733333333 0.766666667 0.8 0.833333333 0.866666667 0.9 0.933333333 0.966666667 1 1.03333333 1.06666667 1.1 1.13333333 1.16666667 1.2 1.23333333 1.26666667 1.3 1.33333333 1.36666667 1.4 1.43333333 1.46666667 1.5 1.53333333 1.56666667 1.6 1.63333333 1.66666667 1.7 1.73333333 1.76666667 1.8 1.83333333 1.86666667 1.9 1.93333333 1.96666667 2 2.03333333 2.06666667 2.1 2.13333333 2.16666667 2.2 2.23333333 2.26666667 2.3 2.33333333 2.36666667 2.4 2.43333333 2.46666667 2.5 2.53333333 2.56666667 2.6 2.63333333 2.66666667 2.7 2.73333333 2.76666667 2.8 2.83333333 2.86666667 2.9 2.93333333 2.96666667 3 3.03333333 3.06666667 3.1 3.13333333 3.16666667 3.2 3.23333333 3.26666667 3.3 3.33333333 3.36666667 3.4 3.43333333 3.46666667 3.5 3.53333333 3.56666667 3.6 3.63333333 3.66666667 3.7 3.73333333 3.76666667 3.8 3.83333333 3.86666667 3.9 3.93333333 3.96666667 4 4.03333333 4.06666667 4.1 4.13333333 4.16666667 4.2 4.23333333 4.26666667 4.3 4.33333333 4.36666667 4.4 4.43333333 4.46666667 4.5 4.53333333 4.56666667 4.6 4.63333333 4.66666667 4.7 4.73333333 4.76666667 4.8 4.83333333 4.86666667 4.9 4.93333333 4.96666667 5 5.03333333 5.06666667 5.1 5.13333333 5.16666667 5.2 5.23333333 5.26666667 5.3 5.33333333 5.36666667 5.4 5.43333333 5.46666667 5.5 5.53333333 5.56666667 5.6 5.63333333 5.66666667 5.7 5.73333333 5.76666667 5.8 5.83333333 5.86666667 5.9 5.93333333 5.96666667 6 6.03333333 6.06666667 6.1 6.13333333 6.16666667 6.2 6.23333333 6.26666667 6.3 6.33333333 6.36666667 6.4 6.43333333 6.46666667 6.5 6.53333333 6.56666667 6.6 6.63333333 6.66666667 6.7 6.73333333 6.76666667 6.8 6.83333333 6.86666667 6.9 6.93333333 6.96666667 7 7.03333333 7.06666667 7.1 7.13333333 7.16666667 7.2 7.23333333 7.26666667 7.3 7.33333333 7.36666667 7.4 7.43333333 7.46666667 7.5 7.53333333 7.56666667 7.6 7.63333333 7.66666667 7.7 7.73333333 7.76666667 7.8 7.83333333 7.86666667 7.9 7.93333333 7.96666667 8 8.03333333 8.06666667 8.1 8.13333333 8.16666667 8.2 8.23333333 8.26666667 8.3 8.33333333 8.36666667 8.4 8.43333333 8.46666667 8.5 8.53333333 8.56666667 8.6 8.63333333 8.66666667 8.7 8.73333333 8.76666667 8.8 8.83333333 8.86666667 8.9 8.93333333 8.96666667 9 9.03333333 9.06666667 9.1 9.13333333 9.16666667 9.2 9.23333333 9.26666667 9.3 9.33333333 9.36666667 9.4 9.43333333 9.46666667 9.5 9.53333333 9.56666667 9.6 9.63333333 9.66666667 9.7 9.73333333 9.76666667 9.8 9.83333333 9.86666667 9.9 9.93333333 9.96666667 10 10.0333333 10.0666667 10.1 10.1333333 10.1666667 10.2 10.2333333 10.2666667 10.3 10.3333333 10.3666667 10.4 10.4333333 10.4666667 10.5 10.5333333 10.5666667 10.6 10.6333333 10.6666667 10.7 10.7333333</float_array>
        <technique_common>
          <accessor source="#FR_Upper-time-array" count="322" stride="1">
            <param name="TIME" type="float" />
          </accessor>
        </technique_common>
      </source>
      <source id="FR_Upper-output">
        <float_array id="FR_Upper-output-array" count="5152">1 0 0 14 0 1 -0 26 0 0 1 63 0 0 0 1 1 0 0 14 0 1 -0 26 0 0 1 63 0 0 0 1 1 0 0 14 0 1 -0 26 0 0 1 63 0 0 0 1 1 0 0 14 0 1 -0 26 0 0 1 63 0 0 0 1 1 0 0 14 0 1 -0 26 0 0 1 63 0 0 0 1 1 0 0 14 0 1 -0 26 0 0 1 63 0 0 0 1 1 0 0 14 0 1 -0 26 0 0 1 63 0 0 0 1 1 0 0 14 0 1 -0 26 0 0 1 63 0 0 0 1 1 0 0 14 0 1 -0 26 0 0 1 63 0 0 0 1 1 0 0 14 0 1 -0 26 0 0 1 63 0 0 0 1 1 0 0 14 0 1 -0 26 0 0 1 63 0 0 0 1 1 0 0 14 0 1 -0 26 0 0 1 63 0 0 0 1 1 0 0 14 0 1 -0 26 0 0 1 63 0 0 0 1 1 0 0 14 0 1 -0 26 0 0 1 63 0 0 0 1 1 0 0 14 0 1 -0 26 0 0 1 63 0 0 0 1 1 0 0 14 0 1 -0 26 0 0 1 63 0 0 0 1 1 0 0 14 0 1 -0 26 0 0 1 63 0 0 0 1 1 0 0 14 0 1 -0 26 0 0 1 63 0 0 0 1 1 0 0 14 0 1 -0 26 0 0 1 63 0 0 0 1 1 0 0 14 0 1 -0 26 0 0 1 63 0 0 0 1 1 0 0 14 0 1 -0 26 0 0 1 63 0 0 0 1 1 0 0 14 0 1 -0 26 0 0 1 63 0 0 0 1 1 0 0 14 0 1 -0 26 0 0 1 63 0 0 0 1 1 0 0 14 0 1 -0 26 0 0 1 63 0 0 0 1 1 0 0 14 0 1 -0 26 0 0 1 63 0 0 0 1 1 0 0 14 0 1 -0 26 0 0 1 63 0 0 0 1 1 0 0 14 0 1 -0 26 0 0 1 63 0 0 0 1 1 0 0 14 0 1 -0 26 0 0 1 63 0 0 0 1 1 0 0 14 0 1 -0 26 0 0 1 63 0 0 0 1 1 0 0 14 0 1 -0 26 0 0 1 63 0 0 0 1 1 0 0 14 0 1 -0 26 0 0 1 63 0 0 0 1 1 0 0 14 0 1 -0 26 0 0 1 63 0 0 0 1 1 0 0 14 0 1 -0 26 0 0 1 63 0 0 0 1 1 0 0 14 0 1 -0 26 0 0 1 63 0 0 0 1 1 0 0 14 0 1 -0 26 0 0 1 63 0 0 0 1 1 0 0 14 0 1 -0 26 0 0 1 63 0 0 0 1 1 0 0 14 0 1 -0 26 0 0 1 63 0 0 0 1 1 0 0 14 0 1 -0 26 0 0 1 63 0 0 0 1 1 0 0 14 0 1 -0 26 0 0 1 63 0 0 0 1 1 0 0 14 0 1 -0 26 0 0 1 63 0 0 0 1 1 0 0 14 0 1 -0 26 0 0 1 63 0 0 0 1 1 0 0 14 0 1 -0 26 0 0 1 63 0 0 0 1 1 0 0 14 0 1 -0 26 0 0 1 63 0 0 0 1 1 0 0 14 0 1 -0 26 0 0 1 63 0 0 0 1 1 0 0 14 0 1 -0 26 0 0 1 63 0 0 0 1 1 0 0 14 0 1 -0 26 0 0 1 63 0 0 0 1 1 0 0 14 0 1 -0 26 0 0 1 63 0 0 0 1 1 0 0 14 0 1 -0 26 0 0 1 63 0 0 0 1 1 0 0 14 0 1 -0 26 0 0 1 63 0 0 0 1 1 0 0 14 0 1 -0 26 0 0 1 63 0 0 0 1 1 0 0 14 0 1 -0 26 0 0 1 63 0 0 0 1 1 0 0 14 0 1 -0 26 0 0 1 63 0 0 0 1 1 0 0 14 0 1 -0 26 0 0 1 63 0 0 0 1 1 0 0 14 0 1 -0 26 0 0 1 63 0 0 0 1 1 0 0 14 0 1 -0 26 0 0 1 63 0 0 0 1 1 0 0 14 0 1 -0 26 0 0 1 63 0 0 0 1 1 0 0 14 0 1 -0 26 0 0 1 63 0 0 0 1 1 0 0 14 0 1 -0 26 0 0 1 63 0 0 0 1 1 0 0 14 0 1 -0 26 0 0 1 63 0 0 0 1 1 0 0 14 0 1 -0 26 0 0 1 63 0 0 0 1 1 0 0 14 0 1 -0 26 0 0 1 63 0 0 0 1 1 0 0 14 0 1 -5.38844592e-17 26 0 5.38844592e-17 1 63 0 0 0 1 1 0 0 14 0 0.998351263 0.057399958 26 0 -0.057399958 0.998351263 63 0 0 0 1 1 0 0 14 0 0.993522634 0.113634392 26 0 -0.113634392 0.993522634 63 0 0 0 1 1 0 0 14 0 0.98585743 0.167586181 26 0 -0.167586181 0.98585743 63 0 0 0 1 1 0 0 14 0 0.975897449 0.218229623 26 0 -0.218229623 0.975897449 63 0 0 0 1 1 0 0 14 0 0.96434081 0.264663564 26 0 -0.264663564 0.96434081 63 0 0 0 1 1 0 0 14 0 0.951989169 0.306131707 26 0 -0.306131707 0.951989169 63 0 0 0 1 1 0 0 14 0 0.939689331 0.342029183 26 0 -0.342029183 0.939689331 63 0 0 0 1 1 0 0 14 0 0.928274219 0.371896456 26 0 -0.371896456 0.928274219 63 0 0 0 1 1 0 0 14 0 0.91850757 0.395403395 26 0 -0.395403395 0.91850757 63 0 0 0 1 1 0 0 14 0 0.911035697 0.41232749 26 0 -0.41232749 0.911035697 63 0 0 0 1 1 0 0 14 0 0.906348597 0.422530734 26 0 -0.422530734 0.906348597 63 0 0 0 1 1 0 0 14 0 0.904751663 0.425939465 26 0 -0.425939465 0.904751663 63 0 0 0 1 1 0 0 14 0 0.906348597 0.422530734 26 0 -0.422530734 0.906348597 63 0 0 0 1 1 0 0 14 0 0.911035697 0.41232749 26 0 -0.41232749 0.911035697 63 0 0 0 1 1 0 0 14 0 0.91850757 0.395403395 26 0 -0.395403395 0.91850757 63 0 0 0 1 1 0 0 14 0 0.928274219 0.371896456 26 0 -0.371896456 0.928274219 63 0 0 0 1 1 0 0 14 0 0.939689331 0.342029183 26 0 -0.342029183 0.939689331 63 0 0 0 1 1 0 0 14 0 0.951989169 0.306131707 26 0 -0.306131707 0.951989169 63 0 0 0 1 1 0 0 14 0 0.96434081 0.264663564 26 0 -0.264663564 0.96434081 63 0 0 0 1 1 0 0 14 0 0.975897449 0.218229623 26 0 -0.218229623 0.975897449 63 0 0 0 1 1 0 0 14 0 0.98585743 0.167586181 26 0 -0.167586181 0.98585743 63 0 0 0 1 1 0 0 14 0 0.993522634 0.113634392 26 0 -0.113634392 0.993522634 63 0 0 0 1 1 0 0 14 0 0.998351263 0.057399958 26 0 -0.057399958 0.998351263 63 0 0 0 1 1 0 0 14 0 1 1.07768918e-16 26 0 -1.07768918e-16 1 63 0 0 0 1 1 0 0 14 0 0.998351263 -0.057399958 26 0 0.057399958 0.998351263 63 0 0 0 1 1 0 0 14 0 0.993522634 -0.113634392 26 0 0.113634392 0.993522634 63 0 0 0 1 1 0 0 14 0 0.98585743 -0.167586181 26 0 0.167586181 0.98585743 63 0 0 0 1 1 0 0 14 0 0.975897449 -0.218229623 26 0 0.218229623 0.975897449 63 0 0 0 1 1 0 0 14 0 0.96434081 -0.264663564 26 0 0.264663564 0.96434081 63 0 0 0 1 1 0 0 14 0 0.951989169 -0.306131707 26 0 0.306131707 0.951989169 63 0 0 0 1 1 0 0 14 0 0.939689331 -0.342029183 26 0 0.342029183 0.939689331 63 0 0 0 1 1 0 0 14 0 0.928274219 -0.371896456 26 0 0.371896456 0.928274219 63 0 0 0 1 1 0 0 14 0 0.91850757 -0.395403395 26 0 0.395403395 0.91850757 63 0 0 0 1 1 0 0 14 0 0.911035697 -0.41232749 26 0 0.41232749 0.911035697 63 0 0 0 1 1 0 0 14 0 0.906348597 -0.422530734 26 0 0.422530734 0.906348597 63 0 0 0 1 1 0 0 14 0 0.904751663 -0.425939465 26 0 0.425939465 0.904751663 63 0 0 0 1 1 0 0 14 0 0.906348597 -0.422530734 26 0 0.422530734 0.906348597 63 0 0 0 1 1 0 0 14 0 0.911035697 -0.41232749 26 0 0.41232749 0.911035697 63 0 0 0 1 1 0 0 14 0 0.91850757 -0.395403395 26 0 0.395403395 0.91850757 63 0 0 0 1 1 0 0 14 0 0.928274219 -0.371896456 26 0 0.371896456 0.928274219 63 0 0 0 1 1 0 0 14 0 0.939689331 -0.342029183 26 0 0.342029183 0.939689331 63 0 0 0 1 1 0 0 14 0 0.951989169 -0.306131707 26 0 0.306131707 0.951989169 63 0 0 0 1 1 0 0 14 0 0.96434081 -0.264663564 26 0 0.264663564 0.96434081 63 0 0 0 1 1 0 0 14 0 0.975897449 -0.218229623 26 0 0.218229623 0.975897449 63 0 0 0 1 1 0 0 14 0 0.98585743 -0.167586181 26 0 0.167586181 0.98585743 63 0 0 0 1 1 0 0 14 0 0.993522634 -0.113634392 26 0 0.113634392 0.993522634 63 0 0 0 1 1 0 0 14 0 0.998351263 -0.057399958 26 0 0.057399958 0.998351263 63 0 0 0 1 1 0 0 14 0 1 -1.61653377e-16 26 0 1.61653377e-16 1 63 0 0 0 1 1 0 0 14 0 1 -8.57252759e-17 26 0 8.57252759e-17 1 63 0 0 0 1 1 0 0 14 0 0.983632955 0.180183825 26 0 -0.180183825 0.983632955 63 0 0 0 1 1 0 0 14 0 0.939372713 0.342897807 26 0 -0.342897807 0.939372713 63 0 0 0 1 1 0 0 14 0 0.879980706 0.475009429 26 0 -0.475009429 0.879980706 63 0 0 0 1 1 0 0 14 0 0.821808859 0.569763283 26 0 -0.569763283 0.821808859 63 0 0 0 1 1 0 0 14 0 0.779989006 0.625793217 26 0 -0.625793217 0.779989006 63 0 0 0 1 1 0 0 14 0 0.764842187 0.644217687 26 0 -0.644217687 0.764842187 63 0 0 0 1 1 0 0 14 0 0.779989006 0.625793217 26 0 -0.625793217 0.779989006 63 0 0 0 1 1 0 0 14 0 0.821808859 0.569763283 26 0 -0.569763283 0.821808859 63 0 0 0 1 1 0 0 14 0 0.879980706 0.475009429 26 0 -0.475009429 0.879980706 63 0 0 0 1 1 0 0 14 0 0.939372713 0.342897807 26 0 -0.342897807 0.939372713 63 0 0 0 1 1 0 0 14 0 0.983632955 0.180183825 26 0 -0.180183825 0.983632955 63 0 0 0 1 1 0 0 14 0 1 1.71450552e-16 26 0 -1.71450552e-16 1 63 0 0 0 1 1 0 0 14 0 0.983632955 -0.180183825 26 0 0.180183825 0.983632955 63 0 0 0 1 1 0 0 14 0 0.939372713 -0.342897807 26 0 0.342897807 0.939372713 63 0 0 0 1 1 0 0 14 0 0.879980706 -0.475009429 26 0 0.475009429 0.879980706 63 0 0 0 1 1 0 0 14 0 0.821808859 -0.569763283 26 0 0.569763283 0.821808859 63 0 0 0 1 1 0 0 14 0 0.779989006 -0.625793217 26 0 0.625793217 0.779989006 63 0 0 0 1 1 0 0 14 0 0.764842187 -0.644217687 26 0 0.644217687 0.764842187 63 0 0 0 1 1 0 0 14 0 0.779989006 -0.625793217 26 0 0.625793217 0.779989006 63 0 0 0 1 1 0 0 14 0 0.821808859 -0.569763283 26 0 0.569763283 0.821808859 63 0 0 0 1 1 0 0 14 0 0.879980706 -0.475009429 26 0 0.475009429 0.879980706 63 0 0 0 1 1 0 0 14 0 0.939372713 -0.342897807 26 0 0.342897807 0.939372713 63 0 0 0 1 1 0 0 14 0 0.983632955 -0.180183825 26 0 0.180183825 0.983632955 63 0 0 0 1 1 0 0 14 0 1 -2.57175828e-16 26 0 2.57175828e-16 1 63 0 0 0 1 1 0 0 14 0 1 -0 26 0 0 1 63 0 0 0 1 1 0 0 14 0 1 -0 26 0 0 1 63 0 0 0 1 1 0 0 14 0 1 -0 26 0 0 1 63 0 0 0 1 1 0 0 14 0 1 -0 26 0 0 1 63 0 0 0 1 1 0 0 14 0 1 -0 26 0 0 1 63 0 0 0 1 1 0 0 14 0 1 -0 26 0 0 1 63 0 0 0 1 1 0 0 14 0 1 -0 26 0 0 1 63 0 0 0 1 1 0 0 14 0 1 -0 26 0 0 1 63 0 0 0 1 1 0 0 14 0 1 -0 26 0 0 1 63 0 0 0 1 1 0 0 14 0 1 -0 26 0 0 1 63 0 0 0 1 1 0 0 14 0 1 -0 26 0 0 1 63 0 0 0 1 1 0 0 14 0 1 -0 26 0 0 1 63 0 0 0 1 1 0 0 14 0 1 -0 26 0 0 1 63 0 0 0 1 1 0 0 14 0 1 -0 26 0 0 1 63 0 0 0 1 1 0 0 14 0 1 -0 26 0 0 1 63 0 0 0 1 1 0 0 14 0 1 -0 26 0 0 1 63 0 0 0 1 1 0 0 14 0 1 -0 26 0 0 1 63 0 0 0 1 1 0 0 14 0 1 -0 26 0 0 1 63 0 0 0 1 1 0 0 14 0 1 -0 26 0 0 1 63 0 0 0 1 1 0 0 14 0 1 -0 26 0 0 1 63 0 0 0 1 1 0 0 14 0 1 -0 26 0 0 1 63 0 0 0 1 1 0 0 14 0 1 -0 26 0 0 1 63 0 0 0 1 1 0 0 14 0 1 -0 26 0 0 1 63 0 0 0 1 1 0 0 14 0 1 -0 26 0 0 1 63 0 0 0 1 1 0 0 14 0 1 -0 26 0 0 1 63 0 0 0 1 1 0 0 14 0 1 -0 26 0 0 1 63 0 0 0 1 1 0 0 14 0 1 -0 26 0 0 1 63 0 0 0 1 1 0 0 14 0 1 -0 26 0 0 1 63 0 0 0 1 1 0 0 14 0 1 -0 26 0 0 1 63 0 0 0 1 1 0 0 14 0 1 -0 26 0 0 1 63 0 0 0 1 1 0 0 14 0 1 -0 26 0 0 1 63 0 0 0 1 1 0 0 14 0 1 -0 26 0 0 1 63 0 0 0 1 1 0 0 14 0 1 -0 26 0 0 1 63 0 0 0 1 1 0 0 14 0 1 -0 26 0 0 1 63 0 0 0 1 1 0 0 14 0 1 -0 26 0 0 1 63 0 0 0 1 1 0 0 14 0 1 -0 26 0 0 1 63 0 0 0 1 1 0 0 14 0 1 -0 26 0 0 1 63 0 0 0 1 1 0 0 14 0 1 -0 26 0 0 1 63 0 0 0 1 1 0 0 14 0 1 -0 26 0 0 1 63 0 0 0 1 1 0 0 14 0 1 -0 26 0 0 1 63 0 0 0 1 1 0 0 14 0 1 -0 26 0 0 1 63 0 0 0 1 1 0 0 14 0 1 -0 26 0 0 1 63 0 0 0 1 1 0 0 14 0 1 -0 26 0 0 1 63 0 0 0 1 1 0 0 14 0 1 -0 26 0 0 1 63 0 0 0 1 1 0 0 14 0 1 -0 26 0 0 1 63 0 0 0 1 1 0 0 14 0 1 -0 26 0 0 1 63 0 0 0 1 1 0 0 14 0 1 -0 26 0 0 1 63 0 0 0 1 1 0 0 14 0 1 -0 26 0 0 1 63 0 0 0 1 1 0 0 14 0 1 -0 26 0 0 1 63 0 0 0 1 1 0 0 14 0 1 -0 26 0 0 1 63 0 0 0 1 1 0 0 14 0 1 -0 26 0 0 1 63 0 0 0 1 1 0 0 14 0 1 -0 26 0 0 1 63 0 0 0 1 1 0 0 14 0 1 -0 26 0 0 1 63 0 0 0 1 1 0 0 14 0 1 -0 26 0 0 1 63 0 0 0 1 1 0 0 14 0 1 -0 26 0 0 1 63 0 0 0 1 1 0 0 14 0 1 -0 26 0 0 1 63 0 0 0 1 1 0 0 14 0 1 -0 26 0 0 1 63 0 0 0 1 1 0 0 14 0 1 -0 26 0 0 1 63 0 0 0 1 1 0 0 14 0 1 -0 26 0 0 1 63 0 0 0 1 1 0 0 14 0 1 -0 26 0 0 1 63 0 0 0 1 1 0 0 14 0 1 -0 26 0 0 1 63 0 0 0 1 1 0 0 14 0 1 -0 26 0 0 1 63 0 0 0 1 1 0 0 14 0 1 -0 26 0 0 1 63 0 0 0 1 1 0 0 14 0 1 -0 26 0 0 1 63 0 0 0 1 1 0 0 14 0 1 -0 26 0 0 1 63 0 0 0 1 1 0 0 14 0 1 -0 26 0 0 1 63 0 0 0 1 1 0 0 14 0 1 -0 26 0 0 1 63 0 0 0 1 1 0 0 14 0 1 -0 26 0 0 1 63 0 0 0 1 1 0 0 14 0 1 -0 26 0 0 1 63 0 0 0 1 1 0 0 14 0 1 -0 26 0 0 1 63 0 0 0 1 1 0 0 14 0 1 -0 26 0 0 1 63 0 0 0 1 1 0 0 14 0 1 -0 26 0 0 1 63 0 0 0 1 1 0 0 14 0 1 -0 26 0 0 1 63 0 0 0 1 1 0 0 14 0 1 -0 26 0 0 1 63 0 0 0 1 1 0 0 14 0 1 -0 26 0 0 1 63 0 0 0 1 1 0 0 14 0 1 -0 26 0 0 1 63 0 0 0 1 1 0 0 14 0 1 -0 26 0 0 1 63 0 0 0 1 1 0 0 14 0 1 -0 26 0 0 1 63 0 0 0 1 1 0 0 14 0 1 -0 26 0 0 1 63 0 0 0 1 1 0 0 14 0 1 -0 26 0 0 1 63 0 0 0 1 1 0 0 14 0 1 -0 26 0 0 1 63 0 0 0 1 1 0 0 14 0 1 -0 26 0 0 1 63 0 0 0 1 1 0 0 14 0 1 -0 26 0 0 1 63 0 0 0 1 1 0 0 14 0 1 -0 26 0 0 1 63 0 0 0 1 1 0 0 14 0 1 -0 26 0 0 1 63 0 0 0 1 1 0 0 14 0 1 -0 26 0 0 1 63 0 0 0 1 1 0 0 14 0 1 -0 26 0 0 1 63 0 0 0 1 1 0 0 14 0 1 -0 26 0 0 1 63 0 0 0 1 1 0 0 14 0 1 -0 26 0 0 1 63 0 0 0 1 1 0 0 14 0 1 -0 26 0 0 1 63 0 0 0 1 1 0 0 14 0 1 -0 26 0 0 1 63 0 0 0 1 1 0 0 14 0 1 -0 26 0 0 1 63 0 0 0 1 1 0 0 14 0 1 -0 26 0 0 1 63 0 0 0 1 1 0 0 14 0 1 -0 26 0 0 1 63 0 0 0 1 1 0 0 14 0 1 -0 26 0 0 1 63 0 0 0 1 1 0 0 14 0 1 -0 26 0 0 1 63 0 0 0 1 1 0 0 14 0 1 -0 26 0 0 1 63 0 0 0 1 1 0 0 14 0 1 -0 26 0 0 1 63 0 0 0 1 1 0 0 14 0 1 -0 26 0 0 1 63 0 0 0 1 1 0 0 14 0 1 -0 26 0 0 1 63 0 0 0 1 1 0 0 14 0 1 -0 26 0 0 1 63 0 0 0 1 1 0 0 14 0 1 -0 26 0 0 1 63 0 0 0 1 1 0 0 14 0 1 -0 26 0 0 1 63 0 0 0 1 1 0 0 14 0 1 -0 26 0 0 1 63 0 0 0 1 1 0 0 14 0 1 -0 26 0 0 1 63 0 0 0 1 1 0 0 14 0 1 -0 26 0 0 1 63 0 0 0 1 1 0 0 14 0 1 -0 26 0 0 1 63 0 0 0 1 1 0 0 14 0 1 -0 26 0 0 1 63 0 0 0 1 1 0 0 14 0 1 -0 26 0 0 1 63 0 0 0 1 1 0 0 14 0 1 -0 26 0 0 1 63 0 0 0 1 1 0 0 14 0 1 -0 26 0 0 1 63 0 0 0 1 1 0 0 14 0 1 -0 26 0 0 1 63 0 0 0 1 1 0 0 14 0 1 -0 26 0 0 1 63 0 0 0 1 1 0 0 14 0 1 -0 26 0 0 1 63 0 0 0 1 1 0 0 14 0 1 -0 26 0 0 1 63 0 0 0 1 1 0 0 14 0 1 -0 26 0 0 1 63 0 0 0 1 1 0 0 14 0 1 -0 26 0 0 1 63 0 0 0 1 1 0 0 14 0 1 -0 26 0 0 1 63 0 0 0 1 1 0 0 14 0 1 -0 26 0 0 1 63 0 0 0 1 1 0 0 14 0 1 -0 26 0 0 1 63 0 0 0 1 1 0 0 14 0 1 -0 26 0 0 1 63 0 0 0 1 1 0 0 14 0 1 -0 26 0 0 1 63 0 0 0 1 1 0 0 14 0 1 -0 26 0 0 1 63 0 0 0 1 1 0 0 14 0 1 -0 26 0 0 1 63 0 0 0 1 1 0 0 14 0 1 -0 26 0 0 1 63 0 0 0 1 1 0 0 14 0 1 -0 26 0 0 1 63 0 0 0 1 1 0 0 14 0 1 -0 26 0 0 1 63 0 0 0 1 1 0 0 14 0 1 -0 26 0 0 1 63 0 0 0 1 1 0 0 14 0 1 -0 26 0 0 1 63 0 0 0 1 1 0 0 14 0 1 -0 26 0 0 1 63 0 0 0 1 1 0 0 14 0 1 -0 26 0 0 1 63 0 0 0 1 1 0 0 14 0 1 -0 26 0 0 1 63 0 0 0 1 1 0 0 14 0 1 -0 26 0 0 1 63 0 0 0 1 1 0 0 14 0 1 -0 26 0 0 1 63 0 0 0 1 1 0 0 14 0 1 -0 26 0 0 1 63 0 0 0 1 1 0 0 14 0 1 -0 26 0 0 1 63 0 0 0 1 1 0 0 14 0 1 -0 26 0 0 1 63 0 0 0 1 1 0 0 14 0 1 -0 26 0 0 1 63 0 0 0 1 1 0 0 14 0 1 -0 26 0 0 1 63 0 0 0 1 1 0 0 14 0 1 -0 26 0 0 1 63 0 0 0 1 1 0 0 14 0 1 -0 26 0 0 1 63 0 0 0 1 1 0 0 14 0 1 -0 26 0 0 1 63 0 0 0 1 1 0 0 14 0 1 -0 26 0 0 1 63 0 0 0 1 1 0 0 14 0 1 -0 26 0 0 1 63 0 0 0 1 1 0 0 14 0 1 -0 26 0 0 1 63 0 0 0 1 1 0 0 14 0 1 -0 26 0 0 1 63 0 0 0 1 1 0 0 14 0 1 -0 26 0 0 1 63 0 0 0 1 1 0 0 14 0 1 -0 26 0 0 1 63 0 0 0 1 1 0 0 14 0 1 -0 26 0 0 1 63 0 0 0 1 1 0 0 14 0 1 -0 26 0 0 1 63 0 0 0 1 1 0 0 14 0 1 -0 26 0 0 1 63 0 0 0 1 1 0 0 14 0 1 -0 26 0 0 1 63 0 0 0 1 1 0 0 14 0 1 -0 26 0 0 1 63 0 0 0 1 1 0 0 14 0 1 -0 26 0 0 1 63 0 0 0 1 1 0 0 14 0 1 -0 26 0 0 1 63 0 0 0 1 1 0 0 14 0 1 -0 26 0 0 1 63 0 0 0 1 1 0 0 14 0 1 -0 26 0 0 1 63 0 0 0 1 1 0 0 14 0 1 -0 26 0 0 1 63 0 0 0 1 1 0 0 14 0 1 -0 26 0 0 1 63 0 0 0 1 1 0 0 14 0 1 -0 26 0 0 1 63 0 0 0 1 1 0 0 14 0 1 -0 26 0 0 1 63 0 0 0 1 1 0 0 14 0 1 -0 26 0 0 1 63 0 0 0 1 1 0 0 14 0 1 -0 26 0 0 1 63 0 0 0 1 1 0 0 14 0 1 -0 26 0 0 1 63 0 0 0 1 1 0 0 14 0 1 -0 26 0 0 1 63 0 0 0 1 1 0 0 14 0 1 -0 26 0 0 1 63 0 0 0 1 1 0 0 14 0 1 -0 26 0 0 1 63 0 0 0 1 1 0 0 14 0 1 -0 26 0 0 1 63 0 0 0 1 1 0 0 14 0 1 -0 26 0 0 1 63 0 0 0 1 1 0 0 14 0 1 -0 26 0 0 1 63 0 0 0 1 1 0 0 14 0 1 -0 26 0 0 1 63 0 0 0 1 1 0 0 14 0 1 -0 26 0 0 1 63 0 0 0 1 1 0 0 14 0 1 -0 26 0 0 1 63 0 0 0 1 1 0 0 14 0 1 -0 26 0 0 1 63 0 0 0 1 1 0 0 14 0 1 -0 26 0 0 1 63 0 0 0 1 1 0 0 14 0 1 -0 26 0 0 1 63 0 0 0 1 1 0 0 14 0 1 -0 26 0 0 1 63 0 0 0 1 1 0 0 14 0 1 -0 26 0 0 1 63 0 0 0 1 1 0 0 14 0 1 -0 26 0 0 1 63 0 0 0 1 1 0 0 14 0 1 -0 26 0 0 1 63 0 0 0 1 1 0 0 14 0 1 -0 26 0 0 1 63 0 0 0 1 1 0 0 14 0 1 -0 26 0 0 1 63 0 0 0 1 1 0 0 14 0 1 -0 26 0 0 1 63 0 0 0 1 1 0 0 14 0 1 -0 26 0 0 1 63 0 0 0 1 1 0 0 14 0 1 -0 26 0 0 1 63 0 0 0 1 1 0 0 14 0 1 -0 26 0 0 1 63 0 0 0 1 1 0 0 14 0 1 -0 26 0 0 1 63 0 0 0 1</float_array>
        <technique_common>
          <accessor source="#FR_Upper-output-array" count="322" stride="16">
            <param name="TRANSFORM" type="float4x4" />
          </accessor>
        </technique_common>
      </source>
      <source id="FR_Upper-interpolation">
        <Name_array id="FR_Upper-interpolation-array" count="322">LINEAR LINEAR LINEAR LINEAR LINEAR LINEAR LINEAR LINEAR LINEAR LINEAR LINEAR LINEAR LINEAR LINEAR LINEAR LINEAR LINEAR LINEAR LINEAR LINEAR LINEAR LINEAR LINEAR LINEAR LINEAR LINEAR LINEAR LINEAR LINEAR LINEAR LINEAR LINEAR LINEAR LINEAR LINEAR LINEAR LINEAR LINEAR LINEAR LINEAR LINEAR LINEAR LINEAR LINEAR LINEAR LINEAR LINEAR LINEAR LINEAR LINEAR LINEAR LINEAR LINEAR LINEAR LINEAR LINEAR LINEAR LINEAR LINEAR LINEAR LINEAR LINEAR LINEAR LINEAR LINEAR LINEAR LINEAR LINEAR LINEAR LINEAR LINEAR LINEAR LINEAR LINEAR LINEAR LINEAR LINEAR LINEAR LINEAR LINEAR LINEAR LINEAR LINEAR LINEAR LINEAR LINEAR LINEAR LINEAR LINEAR LINEAR LINEAR LINEAR LINEAR LINEAR LINEAR LINEAR LINEAR LINEAR LINEAR LINEAR LINEAR LINEAR LINEAR LINEAR LINEAR LINEAR LINEAR LINEAR LINEAR LINEAR LINEAR LINEAR LINEAR LINEAR LINEAR LINEAR LINEAR LINEAR LINEAR LINEAR LINEAR LINEAR LINEAR LINEAR LINEAR LINEAR LINEAR LINEAR LINEAR LINEAR LINEAR LINEAR LINEAR LINEAR LINEAR LINEAR LINEAR LINEAR LINEAR LINEAR LINEAR LINEAR LINEAR LINEAR LINEAR LINEAR LINEAR LINEAR LINEAR LINEAR LINEAR LINEAR LINEAR LINEAR LINEAR LINEAR LINEAR LINEAR LINEAR LINEAR LINEAR LINEAR LINEAR LINEAR LINEAR LINEAR LINEAR LINEAR LINEAR LINEAR LINEAR LINEAR LINEAR LINEAR LINEAR LINEAR LINEAR LINEAR LINEAR LINEAR LINEAR LINEAR LINEAR LINEAR LINEAR LINEAR LINEAR LINEAR LINEAR LINEAR LINEAR LINEAR LINEAR LINEAR LINEAR LINEAR LINEAR LINEAR LINEAR LINEAR LINEAR LINEAR LINEAR LINEAR LINEAR LINEAR LINEAR LINEAR LINEAR LINEAR LINEAR LINEAR LINEAR LINEAR LINEAR LINEAR LINEAR LINEAR LINEAR LINEAR LINEAR LINEAR LINEAR LINEAR LINEAR LINEAR LINEAR LINEAR LINEAR LINEAR LINEAR LINEAR LINEAR LINEAR LINEAR LINEAR LINEAR LINEAR LINEAR LINEAR LINEAR LINEAR LINEAR LINEAR LINEAR LINEAR LINEAR LINEAR LINEAR LINEAR LINEAR LINEAR LINEAR LINEAR LINEAR LINEAR LINEAR LINEAR LINEAR LINEAR LINEAR LINEAR LINEAR LINEAR LINEAR LINEAR LINEAR LINEAR LINEAR LINEAR LINEAR LINEAR LINEAR LINEAR LINEAR LINEAR LINEAR LINEAR LINEAR LINEAR LINEAR LINEAR LINEAR LINEAR LINEAR LINEAR LINEAR LINEAR LINEAR LINEAR LINEAR LINEAR LINEAR LINEAR LINEAR LINEAR LINEAR LINEAR LINEAR LINEAR LINEAR LINEAR LINEAR LINEAR LINEAR LINEAR LINEAR LINEAR LINEAR LINEAR LINEAR LINEAR LINEAR LINEAR LINEAR LINEAR LINEAR LINEAR LINEAR LINEAR LINEAR LINEAR</Name_array>
        <technique_common>
          <accessor source="#FR_Upper-interpolation-array" count="322" stride="1">
            <param name="INTERPOLATION" type="Name" />
          </accessor>
        </technique_common>
      </source>
      <sampler id="FR_Upper-sampler">
        <input semantic="INPUT" source="#FR_Upper-time" />
        <input semantic="OUTPUT" source="#FR_Upper-output" />
        <input semantic="INTERPOLATION" source="#FR_Upper-interpolation" />
      </sampler>
      <channel source="#FR_Upper-sampler" target="FR_Upper/transform" />
    </animation>
    <animation id="FR_Lower-animation" name="FR_Lower-animation">
      <source id="FR_Lower-time">
        <float_array id="FR_Lower-time-array" count="322">0.0333333333 0.0666666667 0.1 0.133333333 0.166666667 0.2 0.233333333 0.266666667 0.3 0.333333333 0.366666667 0.4 0.433333333 0.466666667 0.5 0.533333333 0.566666667 0.6 0.633333333 0.666666667 0.7 0.733333333 0.766666667 0.8 0.833333333 0.866666667 0.9 0.933333333 0.966666667 1 1.03333333 1.06666667 1.1 1.13333333 1.16666667 1.2 1.23333333 1.26666667 1.3 1.33333333 1.36666667 1.4 1.43333333 1.46666667 1.5 1.53333333 1.56666667 1.6 1.63333333 1.66666667 1.7 1.73333333 1.76666667 1.8 1.83333333 1.86666667 1.9 1.93333333 1.96666667 2 2.03333333 2.06666667 2.1 2.13333333 2.16666667 2.2 2.23333333 2.26666667 2.3 2.33333333 2.36666667 2.4 2.43333333 2.46666667 2.5 2.53333333 2.56666667 2.6 2.63333333 2.66666667 2.7 2.73333333 2.76666667 2.8 2.83333333 2.86666667 2.9 2.93333333 2.96666667 3 3.03333333 3.06666667 3.1 3.13333333 3.16666667 3.2 3.23333333 3.26666667 3.3 3.33333333 3.36666667 3.4 3.43333333 3.46666667 3.5 3.53333333 3.56666667 3.6 3.63333333 3.66666667 3.7 3.73333333 3.76666667 3.8 3.83333333 3.86666667 3.9 3.93333333 3.96666667 4 4.03333333 4.06666667 4.1 4.13333333 4.16666667 4.2 4.23333333 4.26666667 4.3 4.33333333 4.36666667 4.4 4.43333333 4.46666667 4.5 4.53333333 4.56666667 4.6 4.63333333 4.66666667 4.7 4.73333333 4.76666667 4.8 4.83333333 4.86666667 4.9 4.93333333 4.96666667 5 5.03333333 5.06666667 5.1 5.13333333 5.16666667 5.2 5.23333333 5.26666667 5.3 5.33333333 5.36666667 5.4 5.43333333 5.46666667 5.5 5.53333333 5.56666667 5.6 5.63333333 5.66666667 5.7 5.73333333 5.76666667 5.8 5.83333333 5.86666667 5.9 5.93333333 5.96666667 6 6.03333333 6.06666667 6.1 6.13333333 6.16666667 6.2 6.23333333 6.26666667 6.3 6.33333333 6.36666667 6.4 6.43333333 6.46666667 6.5 6.53333333 6.56666667 6.6 6.63333333 6.66666667 6.7 6.73333333 6.76666667 6.8 6.83333333 6.86666667 6.9 6.93333333 6.96666667 7 7.03333333 7.06666667 7.1 7.13333333 7.16666667 7.2 7.23333333 7.26666667 7.3 7.33333333 7.36666667 7.4 7.43333333 7.46666667 7.5 7.53333333 7.56666667 7.6 7.63333333 7.66666667 7.7 7.73333333 7.76666667 7.8 7.83333333 7.86666667 7.9 7.93333333 7.96666667 8 8.03333333 8.06666667 8.1 8.13333333 8.16666667 8.2 8.23333333 8.26666667 8.3 8.33333333 8.36666667 8.4 8.43333333 8.46666667 8.5 8.53333333 8.56666667 8.6 8.63333333 8.66666667 8.7 8.73333333 8.76666667 8.8 8.83333333 8.86666667 8.9 8.93333333 8.96666667 9 9.03333333 9.06666667 9.1 9.13333333 9.16666667 9.2 9.23333333 9.26666667 9.3 9.33333333 9.36666667 9.4 9.43333333 9.46666667 9.5 9.53333333 9.56666667 9.6 9.63333333 9.66666667 9.7 9.73333333 9.76666667 9.8 9.83333333 9.86666667 9.9 9.93333333 9.96666667 10 10.0333333 10.0666667 10.1 10.1333333 10.1666667 10.2 10.2333333 10.2666667 10.3 10.3333333 10.3666667 10.4 10.4333333 10.4666667 10.5 10.5333333 10.5666667 10.6 10.6333333 10.6666667 10.7 10.7333333</float_array>
        <technique_common>
          <accessor source="#FR_Lower-time-array" count="322" stride="1">
            <param name="TIME" type="float" />
          </accessor>
        </technique_common>
      </source>
      <source id="FR_Lower-output">
        <float_array id="FR_Lower-output-array" count="5152">1 0 0 0 0 1 -0 0 0 0 1 -29 0 0 0 1 1 0 0 0 0 1 -0 0 0 0 1 -29 0 0 0 1 1 0 0 0 0 1 -0 0 0 0 1 -29 0 0 0 1 1 0 0 0 0 1 -0 0 0 0 1 -29 0 0 0 1 1 0 0 0 0 1 -0 0 0 0 1 -29 0 0 0 1 1 0 0 0 0 1 -0 0 0 0 1 -29 0 0 0 1 1 0 0 0 0 1 -0 0 0 0 1 -29 0 0 0 1 1 0 0 0 0 1 -0 0 0 0 1 -29 0 0 0 1 1 0 0 0 0 1 -0 0 0 0 1 -29 0 0 0 1 1 0 0 0 0 1 -0 0 0 0 1 -29 0 0 0 1 1 0 0 0 0 1 -0 0 0 0 1 -29 0 0 0 1 1 0 0 0 0 1 -0 0 0 0 1 -29 0 0 0 1 1 0 0 0 0 1 -0 0 0 0 1 -29 0 0 0 1 1 0 0 0 0 1 -0 0 0 0 1 -29 0 0 0 1 1 0 0 0 0 1 -0 0 0 0 1 -29 0 0 0 1 1 0 0 0 0 1 -0 0 0 0 1 -29 0 0 0 1 1 0 0 0 0 1 -0 0 0 0 1 -29 0 0 0 1 1 0 0 0 0 1 -0 0 0 0 1 -29 0 0 0 1 1 0 0 0 0 1 -0 0 0 0 1 -29 0 0 0 1 1 0 0 0 0 1 -0 0 0 0 1 -29 0 0 0 1 1 0 0 0 0 1 -0 0 0 0 1 -29 0 0 0 1 1 0 0 0 0 1 -0 0 0 0 1 -29 0 0 0 1 1 0 0 0 0 1 -0 0 0 0 1 -29 0 0 0 1 1 0 0 0 0 1 -0 0 0 0 1 -29 0 0 0 1 1 0 0 0 0 1 -0 0 0 0 1 -29 0 0 0 1 1 0 0 0 0 1 -0 0 0 0 1 -29 0 0 0 1 1 0 0 0 0 1 -0 0 0 0 1 -29 0 0 0 1 1 0 0 0 0 1 -0 0 0 0 1 -29 0 0 0 1 1 0 0 0 0 1 -0 0 0 0 1 -29 0 0 0 1 1 0 0 0 0 1 -0 0 0 0 1 -29 0 0 0 1 1 0 0 0 0 1 -0 0 0 0 1 -29 0 0 0 1 1 0 0 0 0 1 -0 0 0 0 1 -29 0 0 0 1 1 0 0 0 0 1 -0 0 0 0 1 -29 0 0 0 1 1 0 0 0 0 1 -0 0 0 0 1 -29 0 0 0 1 1 0 0 0 0 1 -0 0 0 0 1 -29 0 0 0 1 1 0 0 0 0 1 -0 0 0 0 1 -29 0 0 0 1 1 0 0 0 0 1 -0 0 0 0 1 -29 0 0 0 1 1 0 0 0 0 1 -0 0 0 0 1 -29 0 0 0 1 1 0 0 0 0 1 -0 0 0 0 1 -29 0 0 0 1 1 0 0 0 0 1 -0 0 0 0 1 -29 0 0 0 1 1 0 0 0 0 1 -0 0 0 0 1 -29 0 0 0 1 1 0 0 0 0 1 -0 0 0 0 1 -29 0 0 0 1 1 0 0 0 0 1 -0 0 0 0 1 -29 0 0 0 1 1 0 0 0 0 1 -0 0 0 0 1 -29 0 0 0 1 1 0 0 0 0 1 -0 0 0 0 1 -29 0 0 0 1 1 0 0 0 0 1 -0 0 0 0 1 -29 0 0 0 1 1 0 0 0 0 1 -0 0 0 0 1 -29 0 0 0 1 1 0 0 0 0 1 -0 0 0 0 1 -29 0 0 0 1 1 0 0 0 0 1 -0 0 0 0 1 -29 0 0 0 1 1 0 0 0 0 1 -0 0 0 0 1 -29 0 0 0 1 1 0 0 0 0 1 -0 0 0 0 1 -29 0 0 0 1 1 0 0 0 0 1 -0 0 0 0 1 -29 0 0 0 1 1 0 0 0 0 1 -0 0 0 0 1 -29 0 0 0 1 1 0 0 0 0 1 -0 0 0 0 1 -29 0 0 0 1 1 0 0 0 0 1 -0 0 0 0 1 -29 0 0 0 1 1 0 0 0 0 1 -0 0 0 0 1 -29 0 0 0 1 1 0 0 0 0 1 -0 0 0 0 1 -29 0 0 0 1 1 0 0 0 0 1 -0 0 0 0 1 -29 0 0 0 1 1 0 0 0 0 1 -0 0 0 0 1 -29 0 0 0 1 1 0 0 0 0 1 -0 0 0 0 1 -29 0 0 0 1 1 0 0 0 0 1 -0 0 0 0 1 -29 0 0 0 1 1 0 0 0 0 1 7.96020419e-17 0 0 -7.96020419e-17 1 -29 0 0 0 1 1 0 0 0 0 1 -0 0 0 0 1 -29 0 0 0 1 1 0 0 0 0 1 -0 0 0 0 1 -29 0 0 0 1 1 0 0 0 0 1 -0 0 0 0 1 -29 0 0 0 1 1 0 0 0 0 1 -0 0 0 0 1 -29 0 0 0 1 1 0 0 0 0 1 -0 0 0 0 1 -29 0 0 0 1 1 0 0 0 0 1 -0 0 0 0 1 -29 0 0 0 1 1 0 0 0 0 1 -0 0 0 0 1 -29 0 0 0 1 1 0 0 0 0 1 -0 0 0 0 1 -29 0 0 0 1 1 0 0 0 0 1 -0 0 0 0 1 -29 0 0 0 1 1 0 0 0 0 1 -0 0 0 0 1 -29 0 0 0 1 1 0 0 0 0 1 -0 0 0 0 1 -29 0 0 0 1 1 0 0 0 0 1 -0 0 0 0 1 -29 0 0 0 1 1 0 0 0 0 1 -0 0 0 0 1 -29 0 0 0 1 1 0 0 0 0 1 -0 0 0 0 1 -29 0 0 0 1 1 0 0 0 0 1 -0 0 0 0 1 -29 0 0 0 1 1 0 0 0 0 1 -0 0 0 0 1 -29 0 0 0 1 1 0 0 0 0 1 -0 0 0 0 1 -29 0 0 0 1 1 0 0 0 0 1 -0 0 0 0 1 -29 0 0 0 1 1 0 0 0 0 1 -0 0 0 0 1 -29 0 0 0 1 1 0 0 0 0 1 -0 0 0 0 1 -29 0 0 0 1 1 0 0 0 0 1 -0 0 0 0 1 -29 0 0 0 1 1 0 0 0 0 1 -0 0 0 0 1 -29 0 0 0 1 1 0 0 0 0 1 -0 0 0 0 1 -29 0 0 0 1 1 0 0 0 0 1 -0 0 0 0 1 -29 0 0 0 1 1 0 0 0 0 0.996403074 0.084740277 0 0 -0.084740277 0.996403074 -29 0 0 0 1 1 0 0 0 0 0.985882277 0.167439946 0 0 -0.167439946 0.985882277 -29 0 0 0 1 1 0 0 0 0 0.96922234 0.246187034 0 0 -0.246187034 0.96922234 -29 0 0 0 1 1 0 0 0 0 0.947650726 0.319308786 0 0 -0.319308786 0.947650726 -29 0 0 0 1 1 0 0 0 0 0.922728927 0.385449513 0 0 -0.385449513 0.922728927 -29 0 0 0 1 1 0 0 0 0 0.896221396 0.443607044 0 0 -0.443607044 0.896221396 -29 0 0 0 1 1 0 0 0 0 0.86995776 0.493126248 0 0 -0.493126248 0.86995776 -29 0 0 0 1 1 0 0 0 0 0.845702299 0.533654965 0 0 -0.533654965 0.845702299 -29 0 0 0 1 1 0 0 0 0 0.825040931 0.565072971 0 0 -0.565072971 0.825040931 -29 0 0 0 1 1 0 0 0 0 0.809291251 0.587407585 0 0 -0.587407585 0.809291251 -29 0 0 0 1 1 0 0 0 0 0.799436817 0.600750177 0 0 -0.600750177 0.799436817 -29 0 0 0 1 1 0 0 0 0 0.796083799 0.605186406 0 0 -0.605186406 0.796083799 -29 0 0 0 1 1 0 0 0 0 0.799436817 0.600750177 0 0 -0.600750177 0.799436817 -29 0 0 0 1 1 0 0 0 0 0.809291251 0.587407585 0 0 -0.587407585 0.809291251 -29 0 0 0 1 1 0 0 0 0 0.825040931 0.565072971 0 0 -0.565072971 0.825040931 -29 0 0 0 1 1 0 0 0 0 0.845702299 0.533654965 0 0 -0.533654965 0.845702299 -29 0 0 0 1 1 0 0 0 0 0.86995776 0.493126248 0 0 -0.493126248 0.86995776 -29 0 0 0 1 1 0 0 0 0 0.896221396 0.443607044 0 0 -0.443607044 0.896221396 -29 0 0 0 1 1 0 0 0 0 0.922728927 0.385449513 0 0 -0.385449513 0.922728927 -29 0 0 0 1 1 0 0 0 0 0.947650726 0.319308786 0 0 -0.319308786 0.947650726 -29 0 0 0 1 1 0 0 0 0 0.96922234 0.246187034 0 0 -0.246187034 0.96922234 -29 0 0 0 1 1 0 0 0 0 0.985882277 0.167439946 0 0 -0.167439946 0.985882277 -29 0 0 0 1 1 0 0 0 0 0.996403074 0.084740277 0 0 -0.084740277 0.996403074 -29 0 0 0 1 1 0 0 0 0 1 2.38806126e-16 0 0 -2.38806126e-16 1 -29 0 0 0 1 1 0 0 0 0 1 7.96020419e-17 0 0 -7.96020419e-17 1 -29 0 0 0 1 1 0 0 0 0 1 -0 0 0 0 1 -29 0 0 0 1 1 0 0 0 0 1 -0 0 0 0 1 -29 0 0 0 1 1 0 0 0 0 1 -0 0 0 0 1 -29 0 0 0 1 1 0 0 0 0 1 -0 0 0 0 1 -29 0 0 0 1 1 0 0 0 0 1 -0 0 0 0 1 -29 0 0 0 1 1 0 0 0 0 1 -0 0 0 0 1 -29 0 0 0 1 1 0 0 0 0 1 -0 0 0 0 1 -29 0 0 0 1 1 0 0 0 0 1 -0 0 0 0 1 -29 0 0 0 1 1 0 0 0 0 1 -0 0 0 0 1 -29 0 0 0 1 1 0 0 0 0 1 -0 0 0 0 1 -29 0 0 0 1 1 0 0 0 0 1 -0 0 0 0 1 -29 0 0 0 1 1 0 0 0 0 1 -0 0 0 0 1 -29 0 0 0 1 1 0 0 0 0 0.985882277 0.167439946 0 0 -0.167439946 0.985882277 -29 0 0 0 1 1 0 0 0 0 0.947650726 0.319308786 0 0 -0.319308786 0.947650726 -29 0 0 0 1 1 0 0 0 0 0.896221396 0.443607044 0 0 -0.443607044 0.896221396 -29 0 0 0 1 1 0 0 0 0 0.845702299 0.533654965 0 0 -0.533654965 0.845702299 -29 0 0 0 1 1 0 0 0 0 0.809291251 0.587407585 0 0 -0.587407585 0.809291251 -29 0 0 0 1 1 0 0 0 0 0.796083799 0.605186406 0 0 -0.605186406 0.796083799 -29 0 0 0 1 1 0 0 0 0 0.809291251 0.587407585 0 0 -0.587407585 0.809291251 -29 0 0 0 1 1 0 0 0 0 0.845702299 0.533654965 0 0 -0.533654965 0.845702299 -29 0 0 0 1 1 0 0 0 0 0.896221396 0.443607044 0 0 -0.443607044 0.896221396 -29 0 0 0 1 1 0 0 0 0 0.947650726 0.319308786 0 0 -0.319308786 0.947650726 -29 0 0 0 1 1 0 0 0 0 0.985882277 0.167439946 0 0 -0.167439946 0.985882277 -29 0 0 0 1 1 0 0 0 0 1 2.38806126e-16 0 0 -2.38806126e-16 1 -29 0 0 0 1 1 0 0 0 0 1 -0 0 0 0 1 -29 0 0 0 1 1 0 0 0 0 1 -0 0 0 0 1 -29 0 0 0 1 1 0 0 0 0 1 -0 0 0 0 1 -29 0 0 0 1 1 0 0 0 0 1 -0 0 0 0 1 -29 0 0 0 1 1 0 0 0 0 1 -0 0 0 0 1 -29 0 0 0 1 1 0 0 0 0 1 -0 0 0 0 1 -29 0 0 0 1 1 0 0 0 0 1 -0 0 0 0 1 -29 0 0 0 1 1 0 0 0 0 1 -0 0 0 0 1 -29 0 0 0 1 1 0 0 0 0 1 -0 0 0 0 1 -29 0 0 0 1 1 0 0 0 0 1 -0 0 0 0 1 -29 0 0 0 1 1 0 0 0 0 1 -0 0 0 0 1 -29 0 0 0 1 1 0 0 0 0 1 -0 0 0 0 1 -29 0 0 0 1 1 0 0 0 0 1 -0 0 0 0 1 -29 0 0 0 1 1 0 0 0 0 1 -0 0 0 0 1 -29 0 0 0 1 1 0 0 0 0 1 -0 0 0 0 1 -29 0 0 0 1 1 0 0 0 0 1 -0 0 0 0 1 -29 0 0 0 1 1 0 0 0 0 1 -0 0 0 0 1 -29 0 0 0 1 1 0 0 0 0 1 -0 0 0 0 1 -29 0 0 0 1 1 0 0 0 0 1 -0 0 0 0 1 -29 0 0 0 1 1 0 0 0 0 1 -0 0 0 0 1 -29 0 0 0 1 1 0 0 0 0 1 -0 0 0 0 1 -29 0 0 0 1 1 0 0 0 0 1 -0 0 0 0 1 -29 0 0 0 1 1 0 0 0 0 1 -0 0 0 0 1 -29 0 0 0 1 1 0 0 0 0 1 -0 0 0 0 1 -29 0 0 0 1 1 0 0 0 0 1 -0 0 0 0 1 -29 0 0 0 1 1 0 0 0 0 1 -0 0 0 0 1 -29 0 0 0 1 1 0 0 0 0 1 -0 0 0 0 1 -29 0 0 0 1 1 0 0 0 0 1 -0 0 0 0 1 -29 0 0 0 1 1 0 0 0 0 1 -0 0 0 0 1 -29 0 0 0 1 1 0 0 0 0 1 -0 0 0 0 1 -29 0 0 0 1 1 0 0 0 0 1 -0 0 0 0 1 -29 0 0 0 1 1 0 0 0 0 1 -0 0 0 0 1 -29 0 0 0 1 1 0 0 0 0 1 -0 0 0 0 1 -29 0 0 0 1 1 0 0 0 0 1 -0 0 0 0 1 -29 0 0 0 1 1 0 0 0 0 1 -0 0 0 0 1 -29 0 0 0 1 1 0 0 0 0 1 -0 0 0 0 1 -29 0 0 0 1 1 0 0 0 0 1 -0 0 0 0 1 -29 0 0 0 1 1 0 0 0 0 1 -0 0 0 0 1 -29 0 0 0 1 1 0 0 0 0 1 -0 0 0 0 1 -29 0 0 0 1 1 0 0 0 0 1 -0 0 0 0 1 -29 0 0 0 1 1 0 0 0 0 1 -0 0 0 0 1 -29 0 0 0 1 1 0 0 0 0 1 -0 0 0 0 1 -29 0 0 0 1 1 0 0 0 0 1 -0 0 0 0 1 -29 0 0 0 1 1 0 0 0 0 1 -0 0 0 0 1 -29 0 0 0 1 1 0 0 0 0 1 -0 0 0 0 1 -29 0 0 0 1 1 0 0 0 0 1 -0 0 0 0 1 -29 0 0 0 1 1 0 0 0 0 1 -0 0 0 0 1 -29 0 0 0 1 1 0 0 0 0 1 -0 0 0 0 1 -29 0 0 0 1 1 0 0 0 0 1 -0 0 0 0 1 -29 0 0 0 1 1 0 0 0 0 1 -0 0 0 0 1 -29 0 0 0 1 1 0 0 0 0 1 -0 0 0 0 1 -29 0 0 0 1 1 0 0 0 0 1 -0 0 0 0 1 -29 0 0 0 1 1 0 0 0 0 1 -0 0 0 0 1 -29 0 0 0 1 1 0 0 0 0 1 -0 0 0 0 1 -29 0 0 0 1 1 0 0 0 0 1 -0 0 0 0 1 -29 0 0 0 1 1 0 0 0 0 1 -0 0 0 0 1 -29 0 0 0 1 1 0 0 0 0 1 -0 0 0 0 1 -29 0 0 0 1 1 0 0 0 0 1 -0 0 0 0 1 -29 0 0 0 1 1 0 0 0 0 1 -0 0 0 0 1 -29 0 0 0 1 1 0 0 0 0 1 -0 0 0 0 1 -29 0 0 0 1 1 0 0 0 0 1 -0 0 0 0 1 -29 0 0 0 1 1 0 0 0 0 1 -0 0 0 0 1 -29 0 0 0 1 1 0 0 0 0 1 -0 0 0 0 1 -29 0 0 0 1 1 0 0 0 0 1 -0 0 0 0 1 -29 0 0 0 1 1 0 0 0 0 1 -0 0 0 0 1 -29 0 0 0 1 1 0 0 0 0 1 -0 0 0 0 1 -29 0 0 0 1 1 0 0 0 0 1 -0 0 0 0 1 -29 0 0 0 1 1 0 0 0 0 1 -0 0 0 0 1 -29 0 0 0 1 1 0 0 0 0 1 -0 0 0 0 1 -29 0 0 0 1 1 0 0 0 0 1 -0 0 0 0 1 -29 0 0 0 1 1 0 0 0 0 1 -0 0 0 0 1 -29 0 0 0 1 1 0 0 0 0 1 -0 0 0 0 1 -29 0 0 0 1 1 0 0 0 0 1 -0 0 0 0 1 -29 0 0 0 1 1 0 0 0 0 1 -0 0 0 0 1 -29 0 0 0 1 1 0 0 0 0 1 -0 0 0 0 1 -29 0 0 0 1 1 0 0 0 0 1 -0 0 0 0 1 -29 0 0 0 1 1 0 0 0 0 1 -0 0 0 0 1 -29 0 0 0 1 1 0 0 0 0 1 -0 0 0 0 1 -29 0 0 0 1 1 0 0 0 0 1 -0 0 0 0 1 -29 0 0 0 1 1 0 0 0 0 1 -0 0 0 0 1 -29 0 0 0 1 1 0 0 0 0 1 -0 0 0 0 1 -29 0 0 0 1 1 0 0 0 0 1 -0 0 0 0 1 -29 0 0 0 1 1 0 0 0 0 1 -0 0 0 0 1 -29 0 0 0 1 1 0 0 0 0 1 -0 0 0 0 1 -29 0 0 0 1 1 0 0 0 0 1 -0 0 0 0 1 -29 0 0 0 1 1 0 0 0 0 1 -0 0 0 0 1 -29 0 0 0 1 1 0 0 0 0 1 -0 0 0 0 1 -29 0 0 0 1 1 0 0 0 0 1 -0 0 0 0 1 -29 0 0 0 1 1 0 0 0 0 1 -0 0 0 0 1 -29 0 0 0 1 1 0 0 0 0 1 -0 0 0 0 1 -29 0 0 0 1 1 0 0 0 0 1 -0 0 0 0 1 -29 0 0 0 1 1 0 0 0 0 1 -0 0 0 0 1 -29 0 0 0 1 1 0 0 0 0 1 -0 0 0 0 1 -29 0 0 0 1 1 0 0 0 0 1 -0 0 0 0 1 -29 0 0 0 1 1 0 0 0 0 1 -0 0 0 0 1 -29 0 0 0 1 1 0 0 0 0 1 -0 0 0 0 1 -29 0 0 0 1 1 0 0 0 0 1 -0 0 0 0 1 -29 0 0 0 1 1 0 0 0 0 1 -0 0 0 0 1 -29 0 0 0 1 1 0 0 0 0 1 -0 0 0 0 1 -29 0 0 0 1 1 0 0 0 0 1 -0 0 0 0 1 -29 0 0 0 1 1 0 0 0 0 1 -0 0 0 0 1 -29 0 0 0 1 1 0 0 0 0 1 -0 0 0 0 1 -29 0 0 0 1 1 0 0 0 0 1 -0 0 0 0 1 -29 0 0 0 1 1 0 0 0 0 1 -0 0 0 0 1 -29 0 0 0 1 1 0 0 0 0 1 -0 0 0 0 1 -29 0 0 0 1 1 0 0 0 0 1 -0 0 0 0 1 -29 0 0 0 1 1 0 0 0 0 1 -0 0 0 0 1 -29 0 0 0 1 1 0 0 0 0 1 -0 0 0 0 1 -29 0 0 0 1 1 0 0 0 0 1 -0 0 0 0 1 -29 0 0 0 1 1 0 0 0 0 1 -0 0 0 0 1 -29 0 0 0 1 1 0 0 0 0 1 -0 0 0 0 1 -29 0 0 0 1 1 0 0 0 0 1 -0 0 0 0 1 -29 0 0 0 1 1 0 0 0 0 1 -0 0 0 0 1 -29 0 0 0 1 1 0 0 0 0 1 -0 0 0 0 1 -29 0 0 0 1 1 0 0 0 0 1 -0 0 0 0 1 -29 0 0 0 1 1 0 0 0 0 1 -0 0 0 0 1 -29 0 0 0 1 1 0 0 0 0 1 -0 0 0 0 1 -29 0 0 0 1 1 0 0 0 0 1 -0 0 0 0 1 -29 0 0 0 1 1 0 0 0 0 1 -0 0 0 0 1 -29 0 0 0 1 1 0 0 0 0 1 -0 0 0 0 1 -29 0 0 0 1 1 0 0 0 0 1 -0 0 0 0 1 -29 0 0 0 1 1 0 0 0 0 1 -0 0 0 0 1 -29 0 0 0 1 1 0 0 0 0 1 -0 0 0 0 1 -29 0 0 0 1 1 0 0 0 0 1 -0 0 0 0 1 -29 0 0 0 1 1 0 0 0 0 1 -0 0 0 0 1 -29 0 0 0 1 1 0 0 0 0 1 -0 0 0 0 1 -29 0 0 0 1 1 0 0 0 0 1 -0 0 0 0 1 -29 0 0 0 1 1 0 0 0 0 1 -0 0 0 0 1 -29 0 0 0 1 1 0 0 0 0 1 -0 0 0 0 1 -29 0 0 0 1 1 0 0 0 0 1 -0 0 0 0 1 -29 0 0 0 1 1 0 0 0 0 1 -0 0 0 0 1 -29 0 0 0 1 1 0 0 0 0 1 -0 0 0 0 1 -29 0 0 0 1 1 0 0 0 0 1 -0 0 0 0 1 -29 0 0 0 1 1 0 0 0 0 1 -0 0 0 0 1 -29 0 0 0 1 1 0 0 0 0 1 -0 0 0 0 1 -29 0 0 0 1 1 0 0 0 0 1 -0 0 0 0 1 -29 0 0 0 1 1 0 0 0 0 1 -0 0 0 0 1 -29 0 0 0 1 1 0 0 0 0 1 -0 0 0 0 1 -29 0 0 0 1 1 0 0 0 0 1 -0 0 0 0 1 -29 0 0 0 1 1 0 0 0 0 1 -0 0 0 0 1 -29 0 0 0 1 1 0 0 0 0 1 -0 0 0 0 1 -29 0 0 0 1 1 0 0 0 0 1 -0 0 0 0 1 -29 0 0 0 1 1 0 0 0 0 1 -0 0 0 0 1 -29 0 0 0 1 1 0 0 0 0 1 -0 0 0 0 1 -29 0 0 0 1 1 0 0 0 0 1 -0 0 0 0 1 -29 0 0 0 1 1 0 0 0 0 1 -0 0 0 0 1 -29 0 0 0 1 1 0 0 0 0 1 -0 0 0 0 1 -29 0 0 0 1 1 0 0 0 0 1 -0 0 0 0 1 -29 0 0 0 1 1 0 0 0 0 1 -0 0 0 0 1 -29 0 0 0 1 1 0 0 0 0 1 -0 0 0 0 1 -29 0 0 0 1 1 0 0 0 0 1 -0 0 0 0 1 -29 0 0 0 1 1 0 0 0 0 1 -0 0 0 0 1 -29 0 0 0 1 1 0 0 0 0 1 -0 0 0 0 1 -29 0 0 0 1 1 0 0 0 0 1 -0 0 0 0 1 -29 0 0 0 1 1 0 0 0 0 1 -0 0 0 0 1 -29 0 0 0 1 1 0 0 0 0 1 -0 0 0 0 1 -29 0 0 0 1 1 0 0 0 0 1 -0 0 0 0 1 -29 0 0 0 1 1 0 0 0 0 1 -0 0 0 0 1 -29 0 0 0 1 1 0 0 0 0 1 -0 0 0 0 1 -29 0 0 0 1 1 0 0 0 0 1 -0 0 0 0 1 -29 0 0 0 1 1 0 0 0 0 1 -0 0 0 0 1 -29 0 0 0 1 1 0 0 0 0 1 -0 0 0 0 1 -29 0 0 0 1 1 0 0 0 0 1 -0 0 0 0 1 -29 0 0 0 1 1 0 0 0 0 1 -0 0 0 0 1 -29 0 0 0 1 1 0 0 0 0 1 -0 0 0 0 1 -29 0 0 0 1 1 0 0 0 0 1 -0 0 0 0 1 -29 0 0 0 1 1 0 0 0 0 1 -0 0 0 0 1 -29 0 0 0 1 1 0 0 0 0 1 -0 0 0 0 1 -29 0 0 0 1 1 0 0 0 0 1 -0 0 0 0 1 -29 0 0 0 1 1 0 0 0 0 1 -0 0 0 0 1 -29 0 0 0 1 1 0 0 0 0 1 -0 0 0 0 1 -29 0 0 0 1 1 0 0 0 0 1 -0 0 0 0 1 -29 0 0 0 1 1 0 0 0 0 1 -0 0 0 0 1 -29 0 0 0 1 1 0 0 0 0 1 -0 0 0 0 1 -29 0 0 0 1 1 0 0 0 0 1 -0 0 0 0 1 -29 0 0 0 1 1 0 0 0 0 1 -0 0 0 0 1 -29 0 0 0 1 1 0 0 0 0 1 -0 0 0 0 1 -29 0 0 0 1 1 0 0 0 0 1 -0 0 0 0 1 -29 0 0 0 1 1 0 0 0 0 1 -0 0 0 0 1 -29 0 0 0 1 1 0 0 0 0 1 -0 0 0 0 1 -29 0 0 0 1 1 0 0 0 0 1 -0 0 0 0 1 -29 0 0 0 1 1 0 0 0 0 1 -0 0 0 0 1 -29 0 0 0 1 1 0 0 0 0 1 -0 0 0 0 1 -29 0 0 0 1 1 0 0 0 0 1 -0 0 0 0 1 -29 0 0 0 1 1 0 0 0 0 1 -0 0 0 0 1 -29 0 0 0 1 1 0 0 0 0 1 -0 0 0 0 1 -29 0 0 0 1 1 0 0 0 0 1 -0 0 0 0 1 -29 0 0 0 1</float_array>
        <technique_common>
          <accessor source="#FR_Lower-output-array" count="322" stride="16">
            <param name="TRANSFORM" type="float4x4" />
          </accessor>
        </technique_common>
      </source>
      <source id="FR_Lower-interpolation">
        <Name_array id="FR_Lower-interpolation-array" count="322">LINEAR LINEAR LINEAR LINEAR LINEAR LINEAR LINEAR LINEAR LINEAR LINEAR LINEAR LINEAR LINEAR LINEAR LINEAR LINEAR LINEAR LINEAR LINEAR LINEAR LINEAR LINEAR LINEAR LINEAR LINEAR LINEAR LINEAR LINEAR LINEAR LINEAR LINEAR LINEAR LINEAR LINEAR LINEAR LINEAR LINEAR LINEAR LINEAR LINEAR LINEAR LINEAR LINEAR LINEAR LINEAR LINEAR LINEAR LINEAR LINEAR LINEAR LINEAR LINEAR LINEAR LINEAR LINEAR LINEAR LINEAR LINEAR LINEAR LINEAR LINEAR LINEAR LINEAR LINEAR LINEAR LINEAR LINEAR LINEAR LINEAR LINEAR LINEAR LINEAR LINEAR LINEAR LINEAR LINEAR LINEAR LINEAR LINEAR LINEAR LINEAR LINEAR LINEAR LINEAR LINEAR LINEAR LINEAR LINEAR LINEAR LINEAR LINEAR LINEAR LINEAR LINEAR LINEAR LINEAR LINEAR LINEAR LINEAR LINEAR LINEAR LINEAR LINEAR LINEAR LINEAR LINEAR LINEAR LINEAR LINEAR LINEAR LINEAR LINEAR LINEAR LINEAR LINEAR LINEAR LINEAR LINEAR LINEAR LINEAR LINEAR LINEAR LINEAR LINEAR LINEAR LINEAR LINEAR LINEAR LINEAR LINEAR LINEAR LINEAR LINEAR LINEAR LINEAR LINEAR LINEAR LINEAR LINEAR LINEAR LINEAR LINEAR LINEAR LINEAR LINEAR LINEAR LINEAR LINEAR LINEAR LINEAR LINEAR LINEAR LINEAR LINEAR LINEAR LINEAR LINEAR LINEAR LINEAR LINEAR LINEAR LINEAR LINEAR LINEAR LINEAR LINEAR LINEAR LINEAR LINEAR LINEAR LINEAR LINEAR LINEAR LINEAR LINEAR LINEAR LINEAR LINEAR LINEAR LINEAR LINEAR LINEAR LINEAR LINEAR LINEAR LINEAR LINEAR LINEAR LINEAR LINEAR LINEAR LINEAR LINEAR LINEAR LINEAR LINEAR LINEAR LINEAR LINEAR LINEAR LINEAR LINEAR LINEAR LINEAR LINEAR LINEAR LINEAR LINEAR LINEAR LINEAR LINEAR LINEAR LINEAR LINEAR LINEAR LINEAR LINEAR LINEAR LINEAR LINEAR LINEAR LINEAR LINEAR LINEAR LINEAR LINEAR LINEAR LINEAR LINEAR LINEAR LINEAR LINEAR LINEAR LINEAR LINEAR LINEAR LINEAR LINEAR LINEAR LINEAR LINEAR LINEAR LINEAR LINEAR LINEAR LINEAR LINEAR LINEAR LINEAR LINEAR LINEAR LINEAR LINEAR LINEAR LINEAR LINEAR LINEAR LINEAR LINEAR LINEAR LINEAR LINEAR LINEAR LINEAR LINEAR LINEAR LINEAR LINEAR LINEAR LINEAR LINEAR LINEAR LINEAR LINEAR LINEAR LINEAR LINEAR LINEAR LINEAR LINEAR LINEAR LINEAR LINEAR LINEAR LINEAR LINEAR LINEAR LINEAR LINEAR LINEAR LINEAR LINEAR LINEAR LINEAR LINEAR LINEAR LINEAR LINEAR LINEAR LINEAR LINEAR LINEAR LINEAR LINEAR LINEAR LINEAR LINEAR LINEAR LINEAR LINEAR LINEAR LINEAR LINEAR LINEAR LINEAR LINEAR LINEAR LINEAR LINEAR LINEAR LINEAR LINEAR</Name_array>
        <technique_common>
          <accessor source="#FR_Lower-interpolation-array" count="322" stride="1">
            <param name="INTERPOLATION" type="Name" />
          </accessor>
        </technique_common>
      </source>
      <sampler id="FR_Lower-sampler">
        <input semantic="INPUT" source="#FR_Lower-time" />
        <input semantic="OUTPUT" source="#FR_Lower-output" />
        <input semantic="INTERPOLATION" source="#FR_Lower-interpolation" />
      </sampler>
      <channel source="#FR_Lower-sampler" target="FR_Lower/transform" />
    </animation>
    <animation id="HL_Upper-animation" name="HL_Upper-animation">
      <source id="HL_Upper-time">
        <float_array id="HL_Upper-time-array" count="322">0.0333333333 0.0666666667 0.1 0.133333333 0.166666667 0.2 0.233333333 0.266666667 0.3 0.333333333 0.366666667 0.4 0.433333333 0.466666667 0.5 0.533333333 0.566666667 0.6 0.633333333 0.666666667 0.7 0.733333333 0.766666667 0.8 0.833333333 0.866666667 0.9 0.933333333 0.966666667 1 1.03333333 1.06666667 1.1 1.13333333 1.16666667 1.2 1.23333333 1.26666667 1.3 1.33333333 1.36666667 1.4 1.43333333 1.46666667 1.5 1.53333333 1.56666667 1.6 1.63333333 1.66666667 1.7 1.73333333 1.76666667 1.8 1.83333333 1.86666667 1.9 1.93333333 1.96666667 2 2.03333333 2.06666667 2.1 2.13333333 2.16666667 2.2 2.23333333 2.26666667 2.3 2.33333333 2.36666667 2.4 2.43333333 2.46666667 2.5 2.53333333 2.56666667 2.6 2.63333333 2.66666667 2.7 2.73333333 2.76666667 2.8 2.83333333 2.86666667 2.9 2.93333333 2.96666667 3 3.03333333 3.06666667 3.1 3.13333333 3.16666667 3.2 3.23333333 3.26666667 3.3 3.33333333 3.36666667 3.4 3.43333333 3.46666667 3.5 3.53333333 3.56666667 3.6 3.63333333 3.66666667 3.7 3.73333333 3.76666667 3.8 3.83333333 3.86666667 3.9 3.93333333 3.96666667 4 4.03333333 4.06666667 4.1 4.13333333 4.16666667 4.2 4.23333333 4.26666667 4.3 4.33333333 4.36666667 4.4 4.43333333 4.46666667 4.5 4.53333333 4.56666667 4.6 4.63333333 4.66666667 4.7 4.73333333 4.76666667 4.8 4.83333333 4.86666667 4.9 4.93333333 4.96666667 5 5.03333333 5.06666667 5.1 5.13333333 5.16666667 5.2 5.23333333 5.26666667 5.3 5.33333333 5.36666667 5.4 5.43333333 5.46666667 5.5 5.53333333 5.56666667 5.6 5.63333333 5.66666667 5.7 5.73333333 5.76666667 5.8 5.83333333 5.86666667 5.9 5.93333333 5.96666667 6 6.03333333 6.06666667 6.1 6.13333333 6.16666667 6.2 6.23333333 6.26666667 6.3 6.33333333 6.36666667 6.4 6.43333333 6.46666667 6.5 6.53333333 6.56666667 6.6 6.63333333 6.66666667 6.7 6.73333333 6.76666667 6.8 6.83333333 6.86666667 6.9 6.93333333 6.96666667 7 7.03333333 7.06666667 7.1 7.13333333 7.16666667 7.2 7.23333333 7.26666667 7.3 7.33333333 7.36666667 7.4 7.43333333 7.46666667 7.5 7.53333333 7.56666667 7.6 7.63333333 7.66666667 7.7 7.73333333 7.76666667 7.8 7.83333333 7.86666667 7.9 7.93333333 7.96666667 8 8.03333333 8.06666667 8.1 8.13333333 8.16666667 8.2 8.23333333 8.26666667 8.3 8.33333333 8.36666667 8.4 8.43333333 8.46666667 8.5 8.53333333 8.56666667 8.6 8.63333333 8.66666667 8.7 8.73333333 8.76666667 8.8 8.83333333 8.86666667 8.9 8.93333333 8.96666667 9 9.03333333 9.06666667 9.1 9.13333333 9.16666667 9.2 9.23333333 9.26666667 9.3 9.33333333 9.36666667 9.4 9.43333333 9.46666667 9.5 9.53333333 9.56666667 9.6 9.63333333 9.66666667 9.7 9.73333333 9.76666667 9.8 9.83333333 9.86666667 9.9 9.93333333 9.96666667 10 10.0333333 10.0666667 10.1 10.1333333 10.1666667 10.2 10.2333333 10.2666667 10.3 10.3333333 10.3666667 10.4 10.4333333 10.4666667 10.5 10.5333333 10.5666667 10.6 10.6333333 10.6666667 10.7 10.7333333</float_array>
        <technique_common>
          <accessor source="#HL_Upper-time-array" count="322" stride="1">
            <param name="TIME" type="float" />
          </accessor>
        </technique_common>
      </source>
      <source id="HL_Upper-output">
        <float_array id="HL_Upper-output-array" count="5152">1 0 0 -14 0 1 -0 -26 0 0 1 63 0 0 0 1 1 0 0 -14 0 1 -0 -26 0 0 1 63 0 0 0 1 1 0 0 -14 0 1 -0 -26 0 0 1 63 0 0 0 1 1 0 0 -14 0 1 -0 -26 0 0 1 63 0 0 0 1 1 0 0 -14 0 1 -0 -26 0 0 1 63 0 0 0 1 1 0 0 -14 0 1 -0 -26 0 0 1 63 0 0 0 1 1 0 0 -14 0 1 -0 -26 0 0 1 63 0 0 0 1 1 0 0 -14 0 1 -0 -26 0 0 1 63 0 0 0 1 1 0 0 -14 0 1 -0 -26 0 0 1 63 0 0 0 1 1 0 0 -14 0 1 -0 -26 0 0 1 63 0 0 0 1 1 0 0 -14 0 1 -0 -26 0 0 1 63 0 0 0 1 1 0 0 -14 0 1 -0 -26 0 0 1 63 0 0 0 1 1 0 0 -14 0 1 -0 -26 0 0 1 63 0 0 0 1 1 0 0 -14 0 1 -0 -26 0 0 1 63 0 0 0 1 1 0 0 -14 0 1 -0 -26 0 0 1 63 0 0 0 1 1 0 0 -14 0 1 -0 -26 0 0 1 63 0 0 0 1 1 0 0 -14 0 1 -0 -26 0 0 1 63 0 0 0 1 1 0 0 -14 0 1 -0 -26 0 0 1 63 0 0 0 1 1 0 0 -14 0 1 -0 -26 0 0 1 63 0 0 0 1 1 0 0 -14 0 1 -0 -26 0 0 1 63 0 0 0 1 1 0 0 -14 0 1 -0 -26 0 0 1 63 0 0 0 1 1 0 0 -14 0 1 -0 -26 0 0 1 63 0 0 0 1 1 0 0 -14 0 1 -0 -26 0 0 1 63 0 0 0 1 1 0 0 -14 0 1 -0 -26 0 0 1 63 0 0 0 1 1 0 0 -14 0 1 -0 -26 0 0 1 63 0 0 0 1 1 0 0 -14 0 1 -0 -26 0 0 1 63 0 0 0 1 1 0 0 -14 0 1 -0 -26 0 0 1 63 0 0 0 1 1 0 0 -14 0 1 -0 -26 0 0 1 63 0 0 0 1 1 0 0 -14 0 1 -0 -26 0 0 1 63 0 0 0 1 1 0 0 -14 0 1 -0 -26 0 0 1 63 0 0 0 1 1 0 0 -14 0 1 -0 -26 0 0 1 63 0 0 0 1 1 0 0 -14 0 1 -0 -26 0 0 1 63 0 0 0 1 1 0 0 -14 0 1 -0 -26 0 0 1 63 0 0 0 1 1 0 0 -14 0 1 -0 -26 0 0 1 63 0 0 0 1 1 0 0 -14 0 1 -0 -26 0 0 1 63 0 0 0 1 1 0 0 -14 0 1 -0 -26 0 0 1 63 0 0 0 1 1 0 0 -14 0 1 -0 -26 0 0 1 63 0 0 0 1 1 0 0 -14 0 1 -0 -26 0 0 1 63 0 0 0 1 1 0 0 -14 0 1 -0 -26 0 0 1 63 0 0 0 1 1 0 0 -14 0 1 -0 -26 0 0 1 63 0 0 0 1 1 0 0 -14 0 1 -0 -26 0 0 1 63 0 0 0 1 1 0 0 -14 0 1 -0 -26 0 0 1 63 0 0 0 1 1 0 0 -14 0 1 -0 -26 0 0 1 63 0 0 0 1 1 0 0 -14 0 1 -0 -26 0 0 1 63 0 0 0 1 1 0 0 -14 0 1 -0 -26 0 0 1 63 0 0 0 1 1 0 0 -14 0 1 -0 -26 0 0 1 63 0 0 0 1 1 0 0 -14 0 1 -0 -26 0 0 1 63 0 0 0 1 1 0 0 -14 0 1 -0 -26 0 0 1 63 0 0 0 1 1 0 0 -14 0 1 -0 -26 0 0 1 63 0 0 0 1 1 0 0 -14 0 1 -0 -26 0 0 1 63 0 0 0 1 1 0 0 -14 0 1 -0 -26 0 0 1 63 0 0 0 1 1 0 0 -14 0 1 -0 -26 0 0 1 63 0 0 0 1 1 0 0 -14 0 1 -0 -26 0 0 1 63 0 0 0 1 1 0 0 -14 0 1 -0 -26 0 0 1 63 0 0 0 1 1 0 0 -14 0 1 -0 -26 0 0 1 63 0 0 0 1 1 0 0 -14 0 1 -0 -26 0 0 1 63 0 0 0 1 1 0 0 -14 0 1 -0 -26 0 0 1 63 0 0 0 1 1 0 0 -14 0 1 -0 -26 0 0 1 63 0 0 0 1 1 0 0 -14 0 1 -0 -26 0 0 1 63 0 0 0 1 1 0 0 -14 0 1 -0 -26 0 0 1 63 0 0 0 1 1 0 0 -14 0 1 -0 -26 0 0 1 63 0 0 0 1 1 0 0 -14 0 1 -5.38844592e-17 -26 0 5.38844592e-17 1 63 0 0 0 1 1 0 0 -14 0 0.998351263 0.057399958 -26 0 -0.057399958 0.998351263 63 0 0 0 1 1 0 0 -14 0 0.993522634 0.113634392 -26 0 -0.113634392 0.993522634 63 0 0 0 1 1 0 0 -14 0 0.98585743 0.167586181 -26 0 -0.167586181 0.98585743 63 0 0 0 1 1 0 0 -14 0 0.975897449 0.218229623 -26 0 -0.218229623 0.975897449 63 0 0 0 1 1 0 0 -14 0 0.96434081 0.264663564 -26 0 -0.264663564 0.96434081 63 0 0 0 1 1 0 0 -14 0 0.951989169 0.306131707 -26 0 -0.306131707 0.951989169 63 0 0 0 1 1 0 0 -14 0 0.939689331 0.342029183 -26 0 -0.342029183 0.939689331 63 0 0 0 1 1 0 0 -14 0 0.928274219 0.371896456 -26 0 -0.371896456 0.928274219 63 0 0 0 1 1 0 0 -14 0 0.91850757 0.395403395 -26 0 -0.395403395 0.91850757 63 0 0 0 1 1 0 0 -14 0 0.911035697 0.41232749 -26 0 -0.41232749 0.911035697 63 0 0 0 1 1 0 0 -14 0 0.906348597 0.422530734 -26 0 -0.422530734 0.906348597 63 0 0 0 1 1 0 0 -14 0 0.904751663 0.425939465 -26 0 -0.425939465 0.904751663 63 0 0 0 1 1 0 0 -14 0 0.906348597 0.422530734 -26 0 -0.422530734 0.906348597 63 0 0 0 1 1 0 0 -14 0 0.911035697 0.41232749 -26 0 -0.41232749 0.911035697 63 0 0 0 1 1 0 0 -14 0 0.91850757 0.395403395 -26 0 -0.395403395 0.91850757 63 0 0 0 1 1 0 0 -14 0 0.928274219 0.371896456 -26 0 -0.371896456 0.928274219 63 0 0 0 1 1 0 0 -14 0 0.939689331 0.342029183 -26 0 -0.342029183 0.939689331 63 0 0 0 1 1 0 0 -14 0 0.951989169 0.306131707 -26 0 -0.306131707 0.951989169 63 0 0 0 1 1 0 0 -14 0 0.96434081 0.264663564 -26 0 -0.264663564 0.96434081 63 0 0 0 1 1 0 0 -14 0 0.975897449 0.218229623 -26 0 -0.218229623 0.975897449 63 0 0 0 1 1 0 0 -14 0 0.98585743 0.167586181 -26 0 -0.167586181 0.98585743 63 0 0 0 1 1 0 0 -14 0 0.993522634 0.113634392 -26 0 -0.113634392 0.993522634 63 0 0 0 1 1 0 0 -14 0 0.998351263 0.057399958 -26 0 -0.057399958 0.998351263 63 0 0 0 1 1 0 0 -14 0 1 1.07768918e-16 -26 0 -1.07768918e-16 1 63 0 0 0 1 1 0 0 -14 0 0.998351263 -0.057399958 -26 0 0.057399958 0.998351263 63 0 0 0 1 1 0 0 -14 0 0.993522634 -0.113634392 -26 0 0.113634392 0.993522634 63 0 0 0 1 1 0 0 -14 0 0.98585743 -0.167586181 -26 0 0.167586181 0.98585743 63 0 0 0 1 1 0 0 -14 0 0.975897449 -0.218229623 -26 0 0.218229623 0.975897449 63 0 0 0 1 1 0 0 -14 0 0.96434081 -0.264663564 -26 0 0.264663564 0.96434081 63 0 0 0 1 1 0 0 -14 0 0.951989169 -0.306131707 -26 0 0.306131707 0.951989169 63 0 0 0 1 1 0 0 -14 0 0.939689331 -0.342029183 -26 0 0.342029183 0.939689331 63 0 0 0 1 1 0 0 -14 0 0.928274219 -0.371896456 -26 0 0.371896456 0.928274219 63 0 0 0 1 1 0 0 -14 0 0.91850757 -0.395403395 -26 0 0.395403395 0.91850757 63 0 0 0 1 1 0 0 -14 0 0.911035697 -0.41232749 -26 0 0.41232749 0.911035697 63 0 0 0 1 1 0 0 -14 0 0.906348597 -0.422530734 -26 0 0.422530734 0.906348597 63 0 0 0 1 1 0 0 -14 0 0.904751663 -0.425939465 -26 0 0.425939465 0.904751663 63 0 0 0 1 1 0 0 -14 0 0.906348597 -0.422530734 -26 0 0.422530734 0.906348597 63 0 0 0 1 1 0 0 -14 0 0.911035697 -0.41232749 -26 0 0.41232749 0.911035697 63 0 0 0 1 1 0 0 -14 0 0.91850757 -0.395403395 -26 0 0.395403395 0.91850757 63 0 0 0 1 1 0 0 -14 0 0.928274219 -0.371896456 -26 0 0.371896456 0.928274219 63 0 0 0 1 1 0 0 -14 0 0.939689331 -0.342029183 -26 0 0.342029183 0.939689331 63 0 0 0 1 1 0 0 -14 0 0.951989169 -0.306131707 -26 0 0.306131707 0.951989169 63 0 0 0 1 1 0 0 -14 0 0.96434081 -0.264663564 -26 0 0.264663564 0.96434081 63 0 0 0 1 1 0 0 -14 0 0.975897449 -0.218229623 -26 0 0.218229623 0.975897449 63 0 0 0 1 1 0 0 -14 0 0.98585743 -0.167586181 -26 0 0.167586181 0.98585743 63 0 0 0 1 1 0 0 -14 0 0.993522634 -0.113634392 -26 0 0.113634392 0.993522634 63 0 0 0 1 1 0 0 -14 0 0.998351263 -0.057399958 -26 0 0.057399958 0.998351263 63 0 0 0 1 1 0 0 -14 0 1 -1.61653377e-16 -26 0 1.61653377e-16 1 63 0 0 0 1 1 0 0 -14 0 1 -8.57252759e-17 -26 0 8.57252759e-17 1 63 0 0 0 1 1 0 0 -14 0 0.983632955 0.180183825 -26 0 -0.180183825 0.983632955 63 0 0 0 1 1 0 0 -14 0 0.939372713 0.342897807 -26 0 -0.342897807 0.939372713 63 0 0 0 1 1 0 0 -14 0 0.879980706 0.475009429 -26 0 -0.475009429 0.879980706 63 0 0 0 1 1 0 0 -14 0 0.821808859 0.569763283 -26 0 -0.569763283 0.821808859 63 0 0 0 1 1 0 0 -14 0 0.779989006 0.625793217 -26 0 -0.625793217 0.779989006 63 0 0 0 1 1 0 0 -14 0 0.764842187 0.644217687 -26 0 -0.644217687 0.764842187 63 0 0 0 1 1 0 0 -14 0 0.779989006 0.625793217 -26 0 -0.625793217 0.779989006 63 0 0 0 1 1 0 0 -14 0 0.821808859 0.569763283 -26 0 -0.569763283 0.821808859 63 0 0 0 1 1 0 0 -14 0 0.879980706 0.475009429 -26 0 -0.475009429 0.879980706 63 0 0 0 1 1 0 0 -14 0 0.939372713 0.342897807 -26 0 -0.342897807 0.939372713 63 0 0 0 1 1 0 0 -14 0 0.983632955 0.180183825 -26 0 -0.180183825 0.983632955 63 0 0 0 1 1 0 0 -14 0 1 1.71450552e-16 -26 0 -1.71450552e-16 1 63 0 0 0 1 1 0 0 -14 0 0.983632955 -0.180183825 -26 0 0.180183825 0.983632955 63 0 0 0 1 1 0 0 -14 0 0.939372713 -0.342897807 -26 0 0.342897807 0.939372713 63 0 0 0 1 1 0 0 -14 0 0.879980706 -0.475009429 -26 0 0.475009429 0.879980706 63 0 0 0 1 1 0 0 -14 0 0.821808859 -0.569763283 -26 0 0.569763283 0.821808859 63 0 0 0 1 1 0 0 -14 0 0.779989006 -0.625793217 -26 0 0.625793217 0.779989006 63 0 0 0 1 1 0 0 -14 0 0.764842187 -0.644217687 -26 0 0.644217687 0.764842187 63 0 0 0 1 1 0 0 -14 0 0.779989006 -0.625793217 -26 0 0.625793217 0.779989006 63 0 0 0 1 1 0 0 -14 0 0.821808859 -0.569763283 -26 0 0.569763283 0.821808859 63 0 0 0 1 1 0 0 -14 0 0.879980706 -0.475009429 -26 0 0.475009429 0.879980706 63 0 0 0 1 1 0 0 -14 0 0.939372713 -0.342897807 -26 0 0.342897807 0.939372713 63 0 0 0 1 1 0 0 -14 0 0.983632955 -0.180183825 -26 0 0.180183825 0.983632955 63 0 0 0 1 1 0 0 -14 0 1 -2.57175828e-16 -26 0 2.57175828e-16 1 63 0 0 0 1 1 0 0 -14 0 1 -0 -26 0 0 1 63 0 0 0 1 1 0 0 -14 0 1 -0 -26 0 0 1 63 0 0 0 1 1 0 0 -14 0 1 -0 -26 0 0 1 63 0 0 0 1 1 0 0 -14 0 1 -0 -26 0 0 1 63 0 0 0 1 1 0 0 -14 0 1 -0 -26 0 0 1 63 0 0 0 1 1 0 0 -14 0 1 -0 -26 0 0 1 63 0 0 0 1 1 0 0 -14 0 1 -0 -26 0 0 1 63 0 0 0 1 1 0 0 -14 0 1 -0 -26 0 0 1 63 0 0 0 1 1 0 0 -14 0 1 -0 -26 0 0 1 63 0 0 0 1 1 0 0 -14 0 1 -0 -26 0 0 1 63 0 0 0 1 1 0 0 -14 0 1 -0 -26 0 0 1 63 0 0 0 1 1 0 0 -14 0 1 -0 -26 0 0 1 63 0 0 0 1 1 0 0 -14 0 1 -0 -26 0 0 1 63 0 0 0 1 1 0 0 -14 0 1 -0 -26 0 0 1 63 0 0 0 1 1 0 0 -14 0 1 -0 -26 0 0 1 63 0 0 0 1 1 0 0 -14 0 1 -0 -26 0 0 1 63 0 0 0 1 1 0 0 -14 0 1 -0 -26 0 0 1 63 0 0 0 1 1 0 0 -14 0 1 -0 -26 0 0 1 63 0 0 0 1 1 0 0 -14 0 1 -0 -26 0 0 1 63 0 0 0 1 1 0 0 -14 0 1 -0 -26 0 0 1 63 0 0 0 1 1 0 0 -14 0 1 -0 -26 0 0 1 63 0 0 0 1 1 0 0 -14 0 1 -0 -26 0 0 1 63 0 0 0 1 1 0 0 -14 0 1 -0 -26 0 0 1 63 0 0 0 1 1 0 0 -14 0 1 -0 -26 0 0 1 63 0 0 0 1 1 0 0 -14 0 1 -0 -26 0 0 1 63 0 0 0 1 1 0 0 -14 0 1 -0 -26 0 0 1 63 0 0 0 1 1 0 0 -14 0 1 -0 -26 0 0 1 63 0 0 0 1 1 0 0 -14 0 1 -0 -26 0 0 1 63 0 0 0 1 1 0 0 -14 0 1 -0 -26 0 0 1 63 0 0 0 1 1 0 0 -14 0 1 -0 -26 0 0 1 63 0 0 0 1 1 0 0 -14 0 1 -0 -26 0 0 1 63 0 0 0 1 1 0 0 -14 0 1 -0 -26 0 0 1 63 0 0 0 1 1 0 0 -14 0 1 -0 -26 0 0 1 63 0 0 0 1 1 0 0 -14 0 1 -0 -26 0 0 1 63 0 0 0 1 1 0 0 -14 0 1 -0 -26 0 0 1 63 0 0 0 1 1 0 0 -14 0 1 -0 -26 0 0 1 63 0 0 0 1 1 0 0 -14 0 1 -0 -26 0 0 1 63 0 0 0 1 1 0 0 -14 0 1 -0 -26 0 0 1 63 0 0 0 1 1 0 0 -14 0 1 -0 -26 0 0 1 63 0 0 0 1 1 0 0 -14 0 1 -0 -26 0 0 1 63 0 0 0 1 1 0 0 -14 0 1 -0 -26 0 0 1 63 0 0 0 1 1 0 0 -14 0 1 -0 -26 0 0 1 63 0 0 0 1 1 0 0 -14 0 1 -0 -26 0 0 1 63 0 0 0 1 1 0 0 -14 0 1 -0 -26 0 0 1 63 0 0 0 1 1 0 0 -14 0 1 -0 -26 0 0 1 63 0 0 0 1 1 0 0 -14 0 1 -0 -26 0 0 1 63 0 0 0 1 1 0 0 -14 0 1 -0 -26 0 0 1 63 0 0 0 1 1 0 0 -14 0 1 -0 -26 0 0 1 63 0 0 0 1 1 0 0 -14 0 1 -0 -26 0 0 1 63 0 0 0 1 1 0 0 -14 0 1 -0 -26 0 0 1 63 0 0 0 1 1 0 0 -14 0 1 -0 -26 0 0 1 63 0 0 0 1 1 0 0 -14 0 1 -0 -26 0 0 1 63 0 0 0 1 1 0 0 -14 0 1 -0 -26 0 0 1 63 0 0 0 1 1 0 0 -14 0 1 -0 -26 0 0 1 63 0 0 0 1 1 0 0 -14 0 1 -0 -26 0 0 1 63 0 0 0 1 1 0 0 -14 0 1 -0 -26 0 0 1 63 0 0 0 1 1 0 0 -14 0 1 -0 -26 0 0 1 63 0 0 0 1 1 0 0 -14 0 1 -0 -26 0 0 1 63 0 0 0 1 1 0 0 -14 0 1 -0 -26 0 0 1 63 0 0 0 1 1 0 0 -14 0 1 -0 -26 0 0 1 63 0 0 0 1 1 0 0 -14 0 1 -0 -26 0 0 1 63 0 0 0 1 1 0 0 -14 0 1 -0 -26 0 0 1 63 0 0 0 1 1 0 0 -14 0 1 -0 -26 0 0 1 63 0 0 0 1 1 0 0 -14 0 1 -0 -26 0 0 1 63 0 0 0 1 1 0 0 -14 0 1 -0 -26 0 0 1 63 0 0 0 1 1 0 0 -14 0 1 -0 -26 0 0 1 63 0 0 0 1 1 0 0 -14 0 1 -0 -26 0 0 1 63 0 0 0 1 1 0 0 -14 0 1 -0 -26 0 0 1 63 0 0 0 1 1 0 0 -14 0 1 -0 -26 0 0 1 63 0 0 0 1 1 0 0 -14 0 1 -0 -26 0 0 1 63 0 0 0 1 1 0 0 -14 0 1 -0 -26 0 0 1 63 0 0 0 1 1 0 0 -14 0 1 -0 -26 0 0 1 63 0 0 0 1 1 0 0 -14 0 1 -0 -26 0 0 1 63 0 0 0 1 1 0 0 -14 0 1 -0 -26 0 0 1 63 0 0 0 1 1 0 0 -14 0 1 -0 -26 0 0 1 63 0 0 0 1 1 0 0 -14 0 1 -0 -26 0 0 1 63 0 0 0 1 1 0 0 -14 0 1 -0 -26 0 0 1 63 0 0 0 1 1 0 0 -14 0 1 -0 -26 0 0 1 63 0 0 0 1 1 0 0 -14 0 1 -0 -26 0 0 1 63 0 0 0 1 1 0 0 -14 0 1 -0 -26 0 0 1 63 0 0 0 1 1 0 0 -14 0 1 -0 -26 0 0 1 63 0 0 0 1 1 0 0 -14 0 1 -0 -26 0 0 1 63 0 0 0 1 1 0 0 -14 0 1 -0 -26 0 0 1 63 0 0 0 1 1 0 0 -14 0 1 -0 -26 0 0 1 63 0 0 0 1 1 0 0 -14 0 1 -0 -26 0 0 1 63 0 0 0 1 1 0 0 -14 0 1 -0 -26 0 0 1 63 0 0 0 1 1 0 0 -14 0 1 -0 -26 0 0 1 63 0 0 0 1 1 0 0 -14 0 1 -0 -26 0 0 1 63 0 0 0 1 1 0 0 -14 0 1 -0 -26 0 0 1 63 0 0 0 1 1 0 0 -14 0 1 -0 -26 0 0 1 63 0 0 0 1 1 0 0 -14 0 1 -0 -26 0 0 1 63 0 0 0 1 1 0 0 -14 0 1 -0 -26 0 0 1 63 0 0 0 1 1 0 0 -14 0 1 -0 -26 0 0 1 63 0 0 0 1 1 0 0 -14 0 1 -0 -26 0 0 1 63 0 0 0 1 1 0 0 -14 0 1 -0 -26 0 0 1 63 0 0 0 1 1 0 0 -14 0 1 -0 -26 0 0 1 63 0 0 0 1 1 0 0 -14 0 1 -0 -26 0 0 1 63 0 0 0 1 1 0 0 -14 0 1 -0 -26 0 0 1 63 0 0 0 1 1 0 0 -14 0 1 -0 -26 0 0 1 63 0 0 0 1 1 0 0 -14 0 1 -0 -26 0 0 1 63 0 0 0 1 1 0 0 -14 0 1 -0 -26 0 0 1 63 0 0 0 1 1 0 0 -14 0 1 -0 -26 0 0 1 63 0 0 0 1 1 0 0 -14 0 1 -0 -26 0 0 1 63 0 0 0 1 1 0 0 -14 0 1 -0 -26 0 0 1 63 0 0 0 1 1 0 0 -14 0 1 -0 -26 0 0 1 63 0 0 0 1 1 0 0 -14 0 1 -0 -26 0 0 1 63 0 0 0 1 1 0 0 -14 0 1 -0 -26 0 0 1 63 0 0 0 1 1 0 0 -14 0 1 -0 -26 0 0 1 63 0 0 0 1 1 0 0 -14 0 1 -0 -26 0 0 1 63 0 0 0 1 1 0 0 -14 0 1 -0 -26 0 0 1 63 0 0 0 1 1 0 0 -14 0 1 -0 -26 0 0 1 63 0 0 0 1 1 0 0 -14 0 1 -0 -26 0 0 1 63 0 0 0 1 1 0 0 -14 0 1 -0 -26 0 0 1 63 0 0 0 1 1 0 0 -14 0 1 -0 -26 0 0 1 63 0 0 0 1 1 0 0 -14 0 1 -0 -26 0 0 1 63 0 0 0 1 1 0 0 -14 0 1 -0 -26 0 0 1 63 0 0 0 1 1 0 0 -14 0 1 -0 -26 0 0 1 63 0 0 0 1 1 0 0 -14 0 1 -0 -26 0 0 1 63 0 0 0 1 1 0 0 -14 0 1 -0 -26 0 0 1 63 0 0 0 1 1 0 0 -14 0 1 -0 -26 0 0 1 63 0 0 0 1 1 0 0 -14 0 1 -0 -26 0 0 1 63 0 0 0 1 1 0 0 -14 0 1 -0 -26 0 0 1 63 0 0 0 1 1 0 0 -14 0 1 -0 -26 0 0 1 63 0 0 0 1 1 0 0 -14 0 1 -0 -26 0 0 1 63 0 0 0 1 1 0 0 -14 0 1 -0 -26 0 0 1 63 0 0 0 1 1 0 0 -14 0 1 -0 -26 0 0 1 63 0 0 0 1 1 0 0 -14 0 1 -0 -26 0 0 1 63 0 0 0 1 1 0 0 -14 0 1 -0 -26 0 0 1 63 0 0 0 1 1 0 0 -14 0 1 -0 -26 0 0 1 63 0 0 0 1 1 0 0 -14 0 1 -0 -26 0 0 1 63 0 0 0 1 1 0 0 -14 0 1 -0 -26 0 0 1 63 0 0 0 1 1 0 0 -14 0 1 -0 -26 0 0 1 63 0 0 0 1 1 0 0 -14 0 1 -0 -26 0 0 1 63 0 0 0 1 1 0 0 -14 0 1 -0 -26 0 0 1 63 0 0 0 1 1 0 0 -14 0 1 -0 -26 0 0 1 63 0 0 0 1 1 0 0 -14 0 1 -0 -26 0 0 1 63 0 0 0 1 1 0 0 -14 0 1 -0 -26 0 0 1 63 0 0 0 1 1 0 0 -14 0 1 -0 -26 0 0 1 63 0 0 0 1 1 0 0 -14 0 1 -0 -26 0 0 1 63 0 0 0 1 1 0 0 -14 0 1 -0 -26 0 0 1 63 0 0 0 1 1 0 0 -14 0 1 -0 -26 0 0 1 63 0 0 0 1 1 0 0 -14 0 1 -0 -26 0 0 1 63 0 0 0 1 1 0 0 -14 0 1 -0 -26 0 0 1 63 0 0 0 1 1 0 0 -14 0 1 -0 -26 0 0 1 63 0 0 0 1 1 0 0 -14 0 1 -0 -26 0 0 1 63 0 0 0 1 1 0 0 -14 0 1 -0 -26 0 0 1 63 0 0 0 1 1 0 0 -14 0 1 -0 -26 0 0 1 63 0 0 0 1 1 0 0 -14 0 1 -0 -26 0 0 1 63 0 0 0 1 1 0 0 -14 0 1 -0 -26 0 0 1 63 0 0 0 1 1 0 0 -14 0 1 -0 -26 0 0 1 63 0 0 0 1 1 0 0 -14 0 1 -0 -26 0 0 1 63 0 0 0 1 1 0 0 -14 0 1 -0 -26 0 0 1 63 0 0 0 1 1 0 0 -14 0 1 -0 -26 0 0 1 63 0 0 0 1 1 0 0 -14 0 1 -0 -26 0 0 1 63 0 0 0 1 1 0 0 -14 0 1 -0 -26 0 0 1 63 0 0 0 1 1 0 0 -14 0 1 -0 -26 0 0 1 63 0 0 0 1 1 0 0 -14 0 1 -0 -26 0 0 1 63 0 0 0 1 1 0 0 -14 0 1 -0 -26 0 0 1 63 0 0 0 1 1 0 0 -14 0 1 -0 -26 0 0 1 63 0 0 0 1 1 0 0 -14 0 1 -0 -26 0 0 1 63 0 0 0 1 1 0 0 -14 0 1 -0 -26 0 0 1 63 0 0 0 1 1 0 0 -14 0 1 -0 -26 0 0 1 63 0 0 0 1 1 0 0 -14 0 1 -0 -26 0 0 1 63 0 0 0 1 1 0 0 -14 0 1 -0 -26 0 0 1 63 0 0 0 1 1 0 0 -14 0 1 -0 -26 0 0 1 63 0 0 0 1 1 0 0 -14 0 1 -0 -26 0 0 1 63 0 0 0 1 1 0 0 -14 0 1 -0 -26 0 0 1 63 0 0 0 1 1 0 0 -14 0 1 -0 -26 0 0 1 63 0 0 0 1 1 0 0 -14 0 1 -0 -26 0 0 1 63 0 0 0 1 1 0 0 -14 0 1 -0 -26 0 0 1 63 0 0 0 1 1 0 0 -14 0 1 -0 -26 0 0 1 63 0 0 0 1 1 0 0 -14 0 1 -0 -26 0 0 1 63 0 0 0 1 1 0 0 -14 0 1 -0 -26 0 0 1 63 0 0 0 1 1 0 0 -14 0 1 -0 -26 0 0 1 63 0 0 0 1 1 0 0 -14 0 1 -0 -26 0 0 1 63 0 0 0 1 1 0 0 -14 0 1 -0 -26 0 0 1 63 0 0 0 1 1 0 0 -14 0 1 -0 -26 0 0 1 63 0 0 0 1 1 0 0 -14 0 1 -0 -26 0 0 1 63 0 0 0 1 1 0 0 -14 0 1 -0 -26 0 0 1 63 0 0 0 1 1 0 0 -14 0 1 -0 -26 0 0 1 63 0 0 0 1 1 0 0 -14 0 1 -0 -26 0 0 1 63 0 0 0 1 1 0 0 -14 0 1 -0 -26 0 0 1 63 0 0 0 1 1 0 0 -14 0 1 -0 -26 0 0 1 63 0 0 0 1 1 0 0 -14 0 1 -0 -26 0 0 1 63 0 0 0 1 1 0 0 -14 0 1 -0 -26 0 0 1 63 0 0 0 1 1 0 0 -14 0 1 -0 -26 0 0 1 63 0 0 0 1 1 0 0 -14 0 1 -0 -26 0 0 1 63 0 0 0 1</float_array>
        <technique_common>
          <accessor source="#HL_Upper-output-array" count="322" stride="16">
            <param name="TRANSFORM" type="float4x4" />
          </accessor>
        </technique_common>
      </source>
      <source id="HL_Upper-interpolation">
        <Name_array id="HL_Upper-interpolation-array" count="322">LINEAR LINEAR LINEAR LINEAR LINEAR LINEAR LINEAR LINEAR LINEAR LINEAR LINEAR LINEAR LINEAR LINEAR LINEAR LINEAR LINEAR LINEAR LINEAR LINEAR LINEAR LINEAR LINEAR LINEAR LINEAR LINEAR LINEAR LINEAR LINEAR LINEAR LINEAR LINEAR LINEAR LINEAR LINEAR LINEAR LINEAR LINEAR LINEAR LINEAR LINEAR LINEAR LINEAR LINEAR LINEAR LINEAR LINEAR LINEAR LINEAR LINEAR LINEAR LINEAR LINEAR LINEAR LINEAR LINEAR LINEAR LINEAR LINEAR LINEAR LINEAR LINEAR LINEAR LINEAR LINEAR LINEAR LINEAR LINEAR LINEAR LINEAR LINEAR LINEAR LINEAR LINEAR LINEAR LINEAR LINEAR LINEAR LINEAR LINEAR LINEAR LINEAR LINEAR LINEAR LINEAR LINEAR LINEAR LINEAR LINEAR LINEAR LINEAR LINEAR LINEAR LINEAR LINEAR LINEAR LINEAR LINEAR LINEAR LINEAR LINEAR LINEAR LINEAR LINEAR LINEAR LINEAR LINEAR LINEAR LINEAR LINEAR LINEAR LINEAR LINEAR LINEAR LINEAR LINEAR LINEAR LINEAR LINEAR LINEAR LINEAR LINEAR LINEAR LINEAR LINEAR LINEAR LINEAR LINEAR LINEAR LINEAR LINEAR LINEAR LINEAR LINEAR LINEAR LINEAR LINEAR LINEAR LINEAR LINEAR LINEAR LINEAR LINEAR LINEAR LINEAR LINEAR LINEAR LINEAR LINEAR LINEAR LINEAR LINEAR LINEAR LINEAR LINEAR LINEAR LINEAR LINEAR LINEAR LINEAR LINEAR LINEAR LINEAR LINEAR LINEAR LINEAR LINEAR LINEAR LINEAR LINEAR LINEAR LINEAR LINEAR LINEAR LINEAR LINEAR LINEAR LINEAR LINEAR LINEAR LINEAR LINEAR LINEAR LINEAR LINEAR LINEAR LINEAR LINEAR LINEAR LINEAR LINEAR LINEAR LINEAR LINEAR LINEAR LINEAR LINEAR LINEAR LINEAR LINEAR LINEAR LINEAR LINEAR LINEAR LINEAR LINEAR LINEAR LINEAR LINEAR LINEAR LINEAR LINEAR LINEAR LINEAR LINEAR LINEAR LINEAR LINEAR LINEAR LINEAR LINEAR LINEAR LINEAR LINEAR LINEAR LINEAR LINEAR LINEAR LINEAR LINEAR LINEAR LINEAR LINEAR LINEAR LINEAR LINEAR LINEAR LINEAR LINEAR LINEAR LINEAR LINEAR LINEAR LINEAR LINEAR LINEAR LINEAR LINEAR LINEAR LINEAR LINEAR LINEAR LINEAR LINEAR LINEAR LINEAR LINEAR LINEAR LINEAR LINEAR LINEAR LINEAR LINEAR LINEAR LINEAR LINEAR LINEAR LINEAR LINEAR LINEAR LINEAR LINEAR LINEAR LINEAR LINEAR LINEAR LINEAR LINEAR LINEAR LINEAR LINEAR LINEAR LINEAR LINEAR LINEAR LINEAR LINEAR LINEAR LINEAR LINEAR LINEAR LINEAR LINEAR LINEAR LINEAR LINEAR LINEAR LINEAR LINEAR LINEAR LINEAR LINEAR LINEAR LINEAR LINEAR LINEAR LINEAR LINEAR LINEAR LINEAR LINEAR LINEAR LINEAR LINEAR LINEAR LINEAR LINEAR LINEAR LINEAR LINEAR LINEAR LINEAR</Name_array>
        <technique_common>
          <accessor source="#HL_Upper-interpolation-array" count="322" stride="1">
            <param name="INTERPOLATION" type="Name" />
          </accessor>
        </technique_common>
      </source>
      <sampler id="HL_Upper-sampler">
        <input semantic="INPUT" source="#HL_Upper-time" />
        <input semantic="OUTPUT" source="#HL_Upper-output" />
        <input semantic="INTERPOLATION" source="#HL_Upper-interpolation" />
      </sampler>
      <channel source="#HL_Upper-sampler" target="HL_Upper/transform" />
    </animation>
    <animation id="HL_Lower-animation" name="HL_Lower-animation">
      <source id="HL_Lower-time">
        <float_array id="HL_Lower-time-array" count="322">0.0333333333 0.0666666667 0.1 0.133333333 0.166666667 0.2 0.233333333 0.266666667 0.3 0.333333333 0.366666667 0.4 0.433333333 0.466666667 0.5 0.533333333 0.566666667 0.6 0.633333333 0.666666667 0.7 0.733333333 0.766666667 0.8 0.833333333 0.866666667 0.9 0.933333333 0.966666667 1 1.03333333 1.06666667 1.1 1.13333333 1.16666667 1.2 1.23333333 1.26666667 1.3 1.33333333 1.36666667 1.4 1.43333333 1.46666667 1.5 1.53333333 1.56666667 1.6 1.63333333 1.66666667 1.7 1.73333333 1.76666667 1.8 1.83333333 1.86666667 1.9 1.93333333 1.96666667 2 2.03333333 2.06666667 2.1 2.13333333 2.16666667 2.2 2.23333333 2.26666667 2.3 2.33333333 2.36666667 2.4 2.43333333 2.46666667 2.5 2.53333333 2.56666667 2.6 2.63333333 2.66666667 2.7 2.73333333 2.76666667 2.8 2.83333333 2.86666667 2.9 2.93333333 2.96666667 3 3.03333333 3.06666667 3.1 3.13333333 3.16666667 3.2 3.23333333 3.26666667 3.3 3.33333333 3.36666667 3.4 3.43333333 3.46666667 3.5 3.53333333 3.56666667 3.6 3.63333333 3.66666667 3.7 3.73333333 3.76666667 3.8 3.83333333 3.86666667 3.9 3.93333333 3.96666667 4 4.03333333 4.06666667 4.1 4.13333333 4.16666667 4.2 4.23333333 4.26666667 4.3 4.33333333 4.36666667 4.4 4.43333333 4.46666667 4.5 4.53333333 4.56666667 4.6 4.63333333 4.66666667 4.7 4.73333333 4.76666667 4.8 4.83333333 4.86666667 4.9 4.93333333 4.96666667 5 5.03333333 5.06666667 5.1 5.13333333 5.16666667 5.2 5.23333333 5.26666667 5.3 5.33333333 5.36666667 5.4 5.43333333 5.46666667 5.5 5.53333333 5.56666667 5.6 5.63333333 5.66666667 5.7 5.73333333 5.76666667 5.8 5.83333333 5.86666667 5.9 5.93333333 5.96666667 6 6.03333333 6.06666667 6.1 6.13333333 6.16666667 6.2 6.23333333 6.26666667 6.3 6.33333333 6.36666667 6.4 6.43333333 6.46666667 6.5 6.53333333 6.56666667 6.6 6.63333333 6.66666667 6.7 6.73333333 6.76666667 6.8 6.83333333 6.86666667 6.9 6.93333333 6.96666667 7 7.03333333 7.06666667 7.1 7.13333333 7.16666667 7.2 7.23333333 7.26666667 7.3 7.33333333 7.36666667 7.4 7.43333333 7.46666667 7.5 7.53333333 7.56666667 7.6 7.63333333 7.66666667 7.7 7.73333333 7.76666667 7.8 7.83333333 7.86666667 7.9 7.93333333 7.96666667 8 8.03333333 8.06666667 8.1 8.13333333 8.16666667 8.2 8.23333333 8.26666667 8.3 8.33333333 8.36666667 8.4 8.43333333 8.46666667 8.5 8.53333333 8.56666667 8.6 8.63333333 8.66666667 8.7 8.73333333 8.76666667 8.8 8.83333333 8.86666667 8.9 8.93333333 8.96666667 9 9.03333333 9.06666667 9.1 9.13333333 9.16666667 9.2 9.23333333 9.26666667 9.3 9.33333333 9.36666667 9.4 9.43333333 9.46666667 9.5 9.53333333 9.56666667 9.6 9.63333333 9.66666667 9.7 9.73333333 9.76666667 9.8 9.83333333 9.86666667 9.9 9.93333333 9.96666667 10 10.0333333 10.0666667 10.1 10.1333333 10.1666667 10.2 10.2333333 10.2666667 10.3 10.3333333 10.3666667 10.4 10.4333333 10.4666667 10.5 10.5333333 10.5666667 10.6 10.6333333 10.6666667 10.7 10.7333333</float_array>
        <technique_common>
          <accessor source="#HL_Lower-time-array" count="322" stride="1">
            <param name="TIME" type="float" />
          </accessor>
        </technique_common>
      </source>
      <source id="HL_Lower-output">
        <float_array id="HL_Lower-output-array" count="5152">1 0 0 0 0 1 -0 0 0 0 1 -29 0 0 0 1 1 0 0 0 0 1 -0 0 0 0 1 -29 0 0 0 1 1 0 0 0 0 1 -0 0 0 0 1 -29 0 0 0 1 1 0 0 0 0 1 -0 0 0 0 1 -29 0 0 0 1 1 0 0 0 0 1 -0 0 0 0 1 -29 0 0 0 1 1 0 0 0 0 1 -0 0 0 0 1 -29 0 0 0 1 1 0 0 0 0 1 -0 0 0 0 1 -29 0 0 0 1 1 0 0 0 0 1 -0 0 0 0 1 -29 0 0 0 1 1 0 0 0 0 1 -0 0 0 0 1 -29 0 0 0 1 1 0 0 0 0 1 -0 0 0 0 1 -29 0 0 0 1 1 0 0 0 0 1 -0 0 0 0 1 -29 0 0 0 1 1 0 0 0 0 1 -0 0 0 0 1 -29 0 0 0 1 1 0 0 0 0 1 -0 0 0 0 1 -29 0 0 0 1 1 0 0 0 0 1 -0 0 0 0 1 -29 0 0 0 1 1 0 0 0 0 1 -0 0 0 0 1 -29 0 0 0 1 1 0 0 0 0 1 -0 0 0 0 1 -29 0 0 0 1 1 0 0 0 0 1 -0 0 0 0 1 -29 0 0 0 1 1 0 0 0 0 1 -0 0 0 0 1 -29 0 0 0 1 1 0 0 0 0 1 -0 0 0 0 1 -29 0 0 0 1 1 0 0 0 0 1 -0 0 0 0 1 -29 0 0 0 1 1 0 0 0 0 1 -0 0 0 0 1 -29 0 0 0 1 1 0 0 0 0 1 -0 0 0 0 1 -29 0 0 0 1 1 0 0 0 0 1 -0 0 0 0 1 -29 0 0 0 1 1 0 0 0 0 1 -0 0 0 0 1 -29 0 0 0 1 1 0 0 0 0 1 -0 0 0 0 1 -29 0 0 0 1 1 0 0 0 0 1 -0 0 0 0 1 -29 0 0 0 1 1 0 0 0 0 1 -0 0 0 0 1 -29 0 0 0 1 1 0 0 0 0 1 -0 0 0 0 1 -29 0 0 0 1 1 0 0 0 0 1 -0 0 0 0 1 -29 0 0 0 1 1 0 0 0 0 1 -0 0 0 0 1 -29 0 0 0 1 1 0 0 0 0 1 -0 0 0 0 1 -29 0 0 0 1 1 0 0 0 0 1 -0 0 0 0 1 -29 0 0 0 1 1 0 0 0 0 1 -0 0 0 0 1 -29 0 0 0 1 1 0 0 0 0 1 -0 0 0 0 1 -29 0 0 0 1 1 0 0 0 0 1 -0 0 0 0 1 -29 0 0 0 1 1 0 0 0 0 1 -0 0 0 0 1 -29 0 0 0 1 1 0 0 0 0 1 -0 0 0 0 1 -29 0 0 0 1 1 0 0 0 0 1 -0 0 0 0 1 -29 0 0 0 1 1 0 0 0 0 1 -0 0 0 0 1 -29 0 0 0 1 1 0 0 0 0 1 -0 0 0 0 1 -29 0 0 0 1 1 0 0 0 0 1 -0 0 0 0 1 -29 0 0 0 1 1 0 0 0 0 1 -0 0 0 0 1 -29 0 0 0 1 1 0 0 0 0 1 -0 0 0 0 1 -29 0 0 0 1 1 0 0 0 0 1 -0 0 0 0 1 -29 0 0 0 1 1 0 0 0 0 1 -0 0 0 0 1 -29 0 0 0 1 1 0 0 0 0 1 -0 0 0 0 1 -29 0 0 0 1 1 0 0 0 0 1 -0 0 0 0 1 -29 0 0 0 1 1 0 0 0 0 1 -0 0 0 0 1 -29 0 0 0 1 1 0 0 0 0 1 -0 0 0 0 1 -29 0 0 0 1 1 0 0 0 0 1 -0 0 0 0 1 -29 0 0 0 1 1 0 0 0 0 1 -0 0 0 0 1 -29 0 0 0 1 1 0 0 0 0 1 -0 0 0 0 1 -29 0 0 0 1 1 0 0 0 0 1 -0 0 0 0 1 -29 0 0 0 1 1 0 0 0 0 1 -0 0 0 0 1 -29 0 0 0 1 1 0 0 0 0 1 -0 0 0 0 1 -29 0 0 0 1 1 0 0 0 0 1 -0 0 0 0 1 -29 0 0 0 1 1 0 0 0 0 1 -0 0 0 0 1 -29 0 0 0 1 1 0 0 0 0 1 -0 0 0 0 1 -29 0 0 0 1 1 0 0 0 0 1 -0 0 0 0 1 -29 0 0 0 1 1 0 0 0 0 1 -0 0 0 0 1 -29 0 0 0 1 1 0 0 0 0 1 -0 0 0 0 1 -29 0 0 0 1 1 0 0 0 0 1 7.96020419e-17 0 0 -7.96020419e-17 1 -29 0 0 0 1 1 0 0 0 0 1 -0 0 0 0 1 -29 0 0 0 1 1 0 0 0 0 1 -0 0 0 0 1 -29 0 0 0 1 1 0 0 0 0 1 -0 0 0 0 1 -29 0 0 0 1 1 0 0 0 0 1 -0 0 0 0 1 -29 0 0 0 1 1 0 0 0 0 1 -0 0 0 0 1 -29 0 0 0 1 1 0 0 0 0 1 -0 0 0 0 1 -29 0 0 0 1 1 0 0 0 0 1 -0 0 0 0 1 -29 0 0 0 1 1 0 0 0 0 1 -0 0 0 0 1 -29 0 0 0 1 1 0 0 0 0 1 -0 0 0 0 1 -29 0 0 0 1 1 0 0 0 0 1 -0 0 0 0 1 -29 0 0 0 1 1 0 0 0 0 1 -0 0 0 0 1 -29 0 0 0 1 1 0 0 0 0 1 -0 0 0 0 1 -29 0 0 0 1 1 0 0 0 0 1 -0 0 0 0 1 -29 0 0 0 1 1 0 0 0 0 1 -0 0 0 0 1 -29 0 0 0 1 1 0 0 0 0 1 -0 0 0 0 1 -29 0 0 0 1 1 0 0 0 0 1 -0 0 0 0 1 -29 0 0 0 1 1 0 0 0 0 1 -0 0 0 0 1 -29 0 0 0 1 1 0 0 0 0 1 -0 0 0 0 1 -29 0 0 0 1 1 0 0 0 0 1 -0 0 0 0 1 -29 0 0 0 1 1 0 0 0 0 1 -0 0 0 0 1 -29 0 0 0 1 1 0 0 0 0 1 -0 0 0 0 1 -29 0 0 0 1 1 0 0 0 0 1 -0 0 0 0 1 -29 0 0 0 1 1 0 0 0 0 1 -0 0 0 0 1 -29 0 0 0 1 1 0 0 0 0 1 -0 0 0 0 1 -29 0 0 0 1 1 0 0 0 0 0.996403074 0.084740277 0 0 -0.084740277 0.996403074 -29 0 0 0 1 1 0 0 0 0 0.985882277 0.167439946 0 0 -0.167439946 0.985882277 -29 0 0 0 1 1 0 0 0 0 0.96922234 0.246187034 0 0 -0.246187034 0.96922234 -29 0 0 0 1 1 0 0 0 0 0.947650726 0.319308786 0 0 -0.319308786 0.947650726 -29 0 0 0 1 1 0 0 0 0 0.922728927 0.385449513 0 0 -0.385449513 0.922728927 -29 0 0 0 1 1 0 0 0 0 0.896221396 0.443607044 0 0 -0.443607044 0.896221396 -29 0 0 0 1 1 0 0 0 0 0.86995776 0.493126248 0 0 -0.493126248 0.86995776 -29 0 0 0 1 1 0 0 0 0 0.845702299 0.533654965 0 0 -0.533654965 0.845702299 -29 0 0 0 1 1 0 0 0 0 0.825040931 0.565072971 0 0 -0.565072971 0.825040931 -29 0 0 0 1 1 0 0 0 0 0.809291251 0.587407585 0 0 -0.587407585 0.809291251 -29 0 0 0 1 1 0 0 0 0 0.799436817 0.600750177 0 0 -0.600750177 0.799436817 -29 0 0 0 1 1 0 0 0 0 0.796083799 0.605186406 0 0 -0.605186406 0.796083799 -29 0 0 0 1 1 0 0 0 0 0.799436817 0.600750177 0 0 -0.600750177 0.799436817 -29 0 0 0 1 1 0 0 0 0 0.809291251 0.587407585 0 0 -0.587407585 0.809291251 -29 0 0 0 1 1 0 0 0 0 0.825040931 0.565072971 0 0 -0.565072971 0.825040931 -29 0 0 0 1 1 0 0 0 0 0.845702299 0.533654965 0 0 -0.533654965 0.845702299 -29 0 0 0 1 1 0 0 0 0 0.86995776 0.493126248 0 0 -0.493126248 0.86995776 -29 0 0 0 1 1 0 0 0 0 0.896221396 0.443607044 0 0 -0.443607044 0.896221396 -29 0 0 0 1 1 0 0 0 0 0.922728927 0.385449513 0 0 -0.385449513 0.922728927 -29 0 0 0 1 1 0 0 0 0 0.947650726 0.319308786 0 0 -0.319308786 0.947650726 -29 0 0 0 1 1 0 0 0 0 0.96922234 0.246187034 0 0 -0.246187034 0.96922234 -29 0 0 0 1 1 0 0 0 0 0.985882277 0.167439946 0 0 -0.167439946 0.985882277 -29 0 0 0 1 1 0 0 0 0 0.996403074 0.084740277 0 0 -0.084740277 0.996403074 -29 0 0 0 1 1 0 0 0 0 1 2.38806126e-16 0 0 -2.38806126e-16 1 -29 0 0 0 1 1 0 0 0 0 1 7.96020419e-17 0 0 -7.96020419e-17 1 -29 0 0 0 1 1 0 0 0 0 1 -0 0 0 0 1 -29 0 0 0 1 1 0 0 0 0 1 -0 0 0 0 1 -29 0 0 0 1 1 0 0 0 0 1 -0 0 0 0 1 -29 0 0 0 1 1 0 0 0 0 1 -0 0 0 0 1 -29 0 0 0 1 1 0 0 0 0 1 -0 0 0 0 1 -29 0 0 0 1 1 0 0 0 0 1 -0 0 0 0 1 -29 0 0 0 1 1 0 0 0 0 1 -0 0 0 0 1 -29 0 0 0 1 1 0 0 0 0 1 -0 0 0 0 1 -29 0 0 0 1 1 0 0 0 0 1 -0 0 0 0 1 -29 0 0 0 1 1 0 0 0 0 1 -0 0 0 0 1 -29 0 0 0 1 1 0 0 0 0 1 -0 0 0 0 1 -29 0 0 0 1 1 0 0 0 0 1 -0 0 0 0 1 -29 0 0 0 1 1 0 0 0 0 0.985882277 0.167439946 0 0 -0.167439946 0.985882277 -29 0 0 0 1 1 0 0 0 0 0.947650726 0.319308786 0 0 -0.319308786 0.947650726 -29 0 0 0 1 1 0 0 0 0 0.896221396 0.443607044 0 0 -0.443607044 0.896221396 -29 0 0 0 1 1 0 0 0 0 0.845702299 0.533654965 0 0 -0.533654965 0.845702299 -29 0 0 0 1 1 0 0 0 0 0.809291251 0.587407585 0 0 -0.587407585 0.809291251 -29 0 0 0 1 1 0 0 0 0 0.796083799 0.605186406 0 0 -0.605186406 0.796083799 -29 0 0 0 1 1 0 0 0 0 0.809291251 0.587407585 0 0 -0.587407585 0.809291251 -29 0 0 0 1 1 0 0 0 0 0.845702299 0.533654965 0 0 -0.533654965 0.845702299 -29 0 0 0 1 1 0 0 0 0 0.896221396 0.443607044 0 0 -0.443607044 0.896221396 -29 0 0 0 1 1 0 0 0 0 0.947650726 0.319308786 0 0 -0.319308786 0.947650726 -29 0 0 0 1 1 0 0 0 0 0.985882277 0.167439946 0 0 -0.167439946 0.985882277 -29 0 0 0 1 1 0 0 0 0 1 2.38806126e-16 0 0 -2.38806126e-16 1 -29 0 0 0 1 1 0 0 0 0 1 -0 0 0 0 1 -29 0 0 0 1 1 0 0 0 0 1 -0 0 0 0 1 -29 0 0 0 1 1 0 0 0 0 1 -0 0 0 0 1 -29 0 0 0 1 1 0 0 0 0 1 -0 0 0 0 1 -29 0 0 0 1 1 0 0 0 0 1 -0 0 0 0 1 -29 0 0 0 1 1 0 0 0 0 1 -0 0 0 0 1 -29 0 0 0 1 1 0 0 0 0 1 -0 0 0 0 1 -29 0 0 0 1 1 0 0 0 0 1 -0 0 0 0 1 -29 0 0 0 1 1 0 0 0 0 1 -0 0 0 0 1 -29 0 0 0 1 1 0 0 0 0 1 -0 0 0 0 1 -29 0 0 0 1 1 0 0 0 0 1 -0 0 0 0 1 -29 0 0 0 1 1 0 0 0 0 1 -0 0 0 0 1 -29 0 0 0 1 1 0 0 0 0 1 -0 0 0 0 1 -29 0 0 0 1 1 0 0 0 0 1 -0 0 0 0 1 -29 0 0 0 1 1 0 0 0 0 1 -0 0 0 0 1 -29 0 0 0 1 1 0 0 0 0 1 -0 0 0 0 1 -29 0 0 0 1 1 0 0 0 0 1 -0 0 0 0 1 -29 0 0 0 1 1 0 0 0 0 1 -0 0 0 0 1 -29 0 0 0 1 1 0 0 0 0 1 -0 0 0 0 1 -29 0 0 0 1 1 0 0 0 0 1 -0 0 0 0 1 -29 0 0 0 1 1 0 0 0 0 1 -0 0 0 0 1 -29 0 0 0 1 1 0 0 0 0 1 -0 0 0 0 1 -29 0 0 0 1 1 0 0 0 0 1 -0 0 0 0 1 -29 0 0 0 1 1 0 0 0 0 1 -0 0 0 0 1 -29 0 0 0 1 1 0 0 0 0 1 -0 0 0 0 1 -29 0 0 0 1 1 0 0 0 0 1 -0 0 0 0 1 -29 0 0 0 1 1 0 0 0 0 1 -0 0 0 0 1 -29 0 0 0 1 1 0 0 0 0 1 -0 0 0 0 1 -29 0 0 0 1 1 0 0 0 0 1 -0 0 0 0 1 -29 0 0 0 1 1 0 0 0 0 1 -0 0 0 0 1 -29 0 0 0 1 1 0 0 0 0 1 -0 0 0 0 1 -29 0 0 0 1 1 0 0 0 0 1 -0 0 0 0 1 -29 0 0 0 1 1 0 0 0 0 1 -0 0 0 0 1 -29 0 0 0 1 1 0 0 0 0 1 -0 0 0 0 1 -29 0 0 0 1 1 0 0 0 0 1 -0 0 0 0 1 -29 0 0 0 1 1 0 0 0 0 1 -0 0 0 0 1 -29 0 0 0 1 1 0 0 0 0 1 -0 0 0 0 1 -29 0 0 0 1 1 0 0 0 0 1 -0 0 0 0 1 -29 0 0 0 1 1 0 0 0 0 1 -0 0 0 0 1 -29 0 0 0 1 1 0 0 0 0 1 -0 0 0 0 1 -29 0 0 0 1 1 0 0 0 0 1 -0 0 0 0 1 -29 0 0 0 1 1 0 0 0 0 1 -0 0 0 0 1 -29 0 0 0 1 1 0 0 0 0 1 -0 0 0 0 1 -29 0 0 0 1 1 0 0 0 0 1 -0 0 0 0 1 -29 0 0 0 1 1 0 0 0 0 1 -0 0 0 0 1 -29 0 0 0 1 1 0 0 0 0 1 -0 0 0 0 1 -29 0 0 0 1 1 0 0 0 0 1 -0 0 0 0 1 -29 0 0 0 1 1 0 0 0 0 1 -0 0 0 0 1 -29 0 0 0 1 1 0 0 0 0 1 -0 0 0 0 1 -29 0 0 0 1 1 0 0 0 0 1 -0 0 0 0 1 -29 0 0 0 1 1 0 0 0 0 1 -0 0 0 0 1 -29 0 0 0 1 1 0 0 0 0 1 -0 0 0 0 1 -29 0 0 0 1 1 0 0 0 0 1 -0 0 0 0 1 -29 0 0 0 1 1 0 0 0 0 1 -0 0 0 0 1 -29 0 0 0 1 1 0 0 0 0 1 -0 0 0 0 1 -29 0 0 0 1 1 0 0 0 0 1 -0 0 0 0 1 -29 0 0 0 1 1 0 0 0 0 1 -0 0 0 0 1 -29 0 0 0 1 1 0 0 0 0 1 -0 0 0 0 1 -29 0 0 0 1 1 0 0 0 0 1 -0 0 0 0 1 -29 0 0 0 1 1 0 0 0 0 1 -0 0 0 0 1 -29 0 0 0 1 1 0 0 0 0 1 -0 0 0 0 1 -29 0 0 0 1 1 0 0 0 0 1 -0 0 0 0 1 -29 0 0 0 1 1 0 0 0 0 1 -0 0 0 0 1 -29 0 0 0 1 1 0 0 0 0 1 -0 0 0 0 1 -29 0 0 0 1 1 0 0 0 0 1 -0 0 0 0 1 -29 0 0 0 1 1 0 0 0 0 1 -0 0 0 0 1 -29 0 0 0 1 1 0 0 0 0 1 -0 0 0 0 1 -29 0 0 0 1 1 0 0 0 0 1 -0 0 0 0 1 -29 0 0 0 1 1 0 0 0 0 1 -0 0 0 0 1 -29 0 0 0 1 1 0 0 0 0 1 -0 0 0 0 1 -29 0 0 0 1 1 0 0 0 0 1 -0 0 0 0 1 -29 0 0 0 1 1 0 0 0 0 1 -0 0 0 0 1 -29 0 0 0 1 1 0 0 0 0 1 -0 0 0 0 1 -29 0 0 0 1 1 0 0 0 0 1 -0 0 0 0 1 -29 0 0 0 1 1 0 0 0 0 1 -0 0 0 0 1 -29 0 0 0 1 1 0 0 0 0 1 -0 0 0 0 1 -29 0 0 0 1 1 0 0 0 0 1 -0 0 0 0 1 -29 0 0 0 1 1 0 0 0 0 1 -0 0 0 0 1 -29 0 0 0 1 1 0 0 0 0 1 -0 0 0 0 1 -29 0 0 0 1 1 0 0 0 0 1 -0 0 0 0 1 -29 0 0 0 1 1 0 0 0 0 1 -0 0 0 0 1 -29 0 0 0 1 1 0 0 0 0 1 -0 0 0 0 1 -29 0 0 0 1 1 0 0 0 0 1 -0 0 0 0 1 -29 0 0 0 1 1 0 0 0 0 1 -0 0 0 0 1 -29 0 0 0 1 1 0 0 0 0 1 -0 0 0 0 1 -29 0 0 0 1 1 0 0 0 0 1 -0 0 0 0 1 -29 0 0 0 1 1 0 0 0 0 1 -0 0 0 0 1 -29 0 0 0 1 1 0 0 0 0 1 -0 0 0 0 1 -29 0 0 0 1 1 0 0 0 0 1 -0 0 0 0 1 -29 0 0 0 1 1 0 0 0 0 1 -0 0 0 0 1 -29 0 0 0 1 1 0 0 0 0 1 -0 0 0 0 1 -29 0 0 0 1 1 0 0 0 0 1 -0 0 0 0 1 -29 0 0 0 1 1 0 0 0 0 1 -0 0 0 0 1 -29 0 0 0 1 1 0 0 0 0 1 -0 0 0 0 1 -29 0 0 0 1 1 0 0 0 0 1 -0 0 0 0 1 -29 0 0 0 1 1 0 0 0 0 1 -0 0 0 0 1 -29 0 0 0 1 1 0 0 0 0 1 -0 0 0 0 1 -29 0 0 0 1 1 0 0 0 0 1 -0 0 0 0 1 -29 0 0 0 1 1 0 0 0 0 1 -0 0 0 0 1 -29 0 0 0 1 1 0 0 0 0 1 -0 0 0 0 1 -29 0 0 0 1 1 0 0 0 0 1 -0 0 0 0 1 -29 0 0 0 1 1 0 0 0 0 1 -0 0 0 0 1 -29 0 0 0 1 1 0 0 0 0 1 -0 0 0 0 1 -29 0 0 0 1 1 0 0 0 0 1 -0 0 0 0 1 -29 0 0 0 1 1 0 0 0 0 1 -0 0 0 0 1 -29 0 0 0 1 1 0 0 0 0 1 -0 0 0 0 1 -29 0 0 0 1 1 0 0 0 0 1 -0 0 0 0 1 -29 0 0 0 1 1 0 0 0 0 1 -0 0 0 0 1 -29 0 0 0 1 1 0 0 0 0 1 -0 0 0 0 1 -29 0 0 0 1 1 0 0 0 0 1 -0 0 0 0 1 -29 0 0 0 1 1 0 0 0 0 1 -0 0 0 0 1 -29 0 0 0 1 1 0 0 0 0 1 -0 0 0 0 1 -29 0 0 0 1 1 0 0 0 0 1 -0 0 0 0 1 -29 0 0 0 1 1 0 0 0 0 1 -0 0 0 0 1 -29 0 0 0 1 1 0 0 0 0 1 -0 0 0 0 1 -29 0 0 0 1 1 0 0 0 0 1 -0 0 0 0 1 -29 0 0 0 1 1 0 0 0 0 1 -0 0 0 0 1 -29 0 0 0 1 1 0 0 0 0 1 -0 0 0 0 1 -29 0 0 0 1 1 0 0 0 0 1 -0 0 0 0 1 -29 0 0 0 1 1 0 0 0 0 1 -0 0 0 0 1 -29 0 0 0 1 1 0 0 0 0 1 -0 0 0 0 1 -29 0 0 0 1 1 0 0 0 0 1 -0 0 0 0 1 -29 0 0 0 1 1 0 0 0 0 1 -0 0 0 0 1 -29 0 0 0 1 1 0 0 0 0 1 -0 0 0 0 1 -29 0 0 0 1 1 0 0 0 0 1 -0 0 0 0 1 -29 0 0 0 1 1 0 0 0 0 1 -0 0 0 0 1 -29 0 0 0 1 1 0 0 0 0 1 -0 0 0 0 1 -29 0 0 0 1 1 0 0 0 0 1 -0 0 0 0 1 -29 0 0 0 1 1 0 0 0 0 1 -0 0 0 0 1 -29 0 0 0 1 1 0 0 0 0 1 -0 0 0 0 1 -29 0 0 0 1 1 0 0 0 0 1 -0 0 0 0 1 -29 0 0 0 1 1 0 0 0 0 1 -0 0 0 0 1 -29 0 0 0 1 1 0 0 0 0 1 -0 0 0 0 1 -29 0 0 0 1 1 0 0 0 0 1 -0 0 0 0 1 -29 0 0 0 1 1 0 0 0 0 1 -0 0 0 0 1 -29 0 0 0 1 1 0 0 0 0 1 -0 0 0 0 1 -29 0 0 0 1 1 0 0 0 0 1 -0 0 0 0 1 -29 0 0 0 1 1 0 0 0 0 1 -0 0 0 0 1 -29 0 0 0 1 1 0 0 0 0 1 -0 0 0 0 1 -29 0 0 0 1 1 0 0 0 0 1 -0 0 0 0 1 -29 0 0 0 1 1 0 0 0 0 1 -0 0 0 0 1 -29 0 0 0 1 1 0 0 0 0 1 -0 0 0 0 1 -29 0 0 0 1 1 0 0 0 0 1 -0 0 0 0 1 -29 0 0 0 1 1 0 0 0 0 1 -0 0 0 0 1 -29 0 0 0 1 1 0 0 0 0 1 -0 0 0 0 1 -29 0 0 0 1 1 0 0 0 0 1 -0 0 0 0 1 -29 0 0 0 1 1 0 0 0 0 1 -0 0 0 0 1 -29 0 0 0 1 1 0 0 0 0 1 -0 0 0 0 1 -29 0 0 0 1 1 0 0 0 0 1 -0 0 0 0 1 -29 0 0 0 1 1 0 0 0 0 1 -0 0 0 0 1 -29 0 0 0 1 1 0 0 0 0 1 -0 0 0 0 1 -29 0 0 0 1 1 0 0 0 0 1 -0 0 0 0 1 -29 0 0 0 1 1 0 0 0 0 1 -0 0 0 0 1 -29 0 0 0 1 1 0 0 0 0 1 -0 0 0 0 1 -29 0 0 0 1 1 0 0 0 0 1 -0 0 0 0 1 -29 0 0 0 1 1 0 0 0 0 1 -0 0 0 0 1 -29 0 0 0 1 1 0 0 0 0 1 -0 0 0 0 1 -29 0 0 0 1 1 0 0 0 0 1 -0 0 0 0 1 -29 0 0 0 1 1 0 0 0 0 1 -0 0 0 0 1 -29 0 0 0 1 1 0 0 0 0 1 -0 0 0 0 1 -29 0 0 0 1 1 0 0 0 0 1 -0 0 0 0 1 -29 0 0 0 1 1 0 0 0 0 1 -0 0 0 0 1 -29 0 0 0 1 1 0 0 0 0 1 -0 0 0 0 1 -29 0 0 0 1 1 0 0 0 0 1 -0 0 0 0 1 -29 0 0 0 1 1 0 0 0 0 1 -0 0 0 0 1 -29 0 0 0 1 1 0 0 0 0 1 -0 0 0 0 1 -29 0 0 0 1 1 0 0 0 0 1 -0 0 0 0 1 -29 0 0 0 1 1 0 0 0 0 1 -0 0 0 0 1 -29 0 0 0 1 1 0 0 0 0 1 -0 0 0 0 1 -29 0 0 0 1 1 0 0 0 0 1 -0 0 0 0 1 -29 0 0 0 1 1 0 0 0 0 1 -0 0 0 0 1 -29 0 0 0 1 1 0 0 0 0 1 -0 0 0 0 1 -29 0 0 0 1 1 0 0 0 0 1 -0 0 0 0 1 -29 0 0 0 1 1 0 0 0 0 1 -0 0 0 0 1 -29 0 0 0 1 1 0 0 0 0 1 -0 0 0 0 1 -29 0 0 0 1 1 0 0 0 0 1 -0 0 0 0 1 -29 0 0 0 1 1 0 0 0 0 1 -0 0 0 0 1 -29 0 0 0 1 1 0 0 0 0 1 -0 0 0 0 1 -29 0 0 0 1 1 0 0 0 0 1 -0 0 0 0 1 -29 0 0 0 1 1 0 0 0 0 1 -0 0 0 0 1 -29 0 0 0 1 1 0 0 0 0 1 -0 0 0 0 1 -29 0 0 0 1 1 0 0 0 0 1 -0 0 0 0 1 -29 0 0 0 1 1 0 0 0 0 1 -0 0 0 0 1 -29 0 0 0 1 1 0 0 0 0 1 -0 0 0 0 1 -29 0 0 0 1 1 0 0 0 0 1 -0 0 0 0 1 -29 0 0 0 1 1 0 0 0 0 1 -0 0 0 0 1 -29 0 0 0 1 1 0 0 0 0 1 -0 0 0 0 1 -29 0 0 0 1</float_array>
        <technique_common>
          <accessor source="#HL_Lower-output-array" count="322" stride="16">
            <param name="TRANSFORM" type="float4x4" />
          </accessor>
        </technique_common>
      </source>
      <source id="HL_Lower-interpolation">
        <Name_array id="HL_Lower-interpolation-array" count="322">LINEAR LINEAR LINEAR LINEAR LINEAR LINEAR LINEAR LINEAR LINEAR LINEAR LINEAR LINEAR LINEAR LINEAR LINEAR LINEAR LINEAR LINEAR LINEAR LINEAR LINEAR LINEAR LINEAR LINEAR LINEAR LINEAR LINEAR LINEAR LINEAR LINEAR LINEAR LINEAR LINEAR LINEAR LINEAR LINEAR LINEAR LINEAR LINEAR LINEAR LINEAR LINEAR LINEAR LINEAR LINEAR LINEAR LINEAR LINEAR LINEAR LINEAR LINEAR LINEAR LINEAR LINEAR LINEAR LINEAR LINEAR LINEAR LINEAR LINEAR LINEAR LINEAR LINEAR LINEAR LINEAR LINEAR LINEAR LINEAR LINEAR LINEAR LINEAR LINEAR LINEAR LINEAR LINEAR LINEAR LINEAR LINEAR LINEAR LINEAR LINEAR LINEAR LINEAR LINEAR LINEAR LINEAR LINEAR LINEAR LINEAR LINEAR LINEAR LINEAR LINEAR LINEAR LINEAR LINEAR LINEAR LINEAR LINEAR LINEAR LINEAR LINEAR LINEAR LINEAR LINEAR LINEAR LINEAR LINEAR LINEAR LINEAR LINEAR LINEAR LINEAR LINEAR LINEAR LINEAR LINEAR LINEAR LINEAR LINEAR LINEAR LINEAR LINEAR LINEAR LINEAR LINEAR LINEAR LINEAR LINEAR LINEAR LINEAR LINEAR LINEAR LINEAR LINEAR LINEAR LINEAR LINEAR LINEAR LINEAR LINEAR LINEAR LINEAR LINEAR LINEAR LINEAR LINEAR LINEAR LINEAR LINEAR LINEAR LINEAR LINEAR LINEAR LINEAR LINEAR LINEAR LINEAR LINEAR LINEAR LINEAR LINEAR LINEAR LINEAR LINEAR LINEAR LINEAR LINEAR LINEAR LINEAR LINEAR LINEAR LINEAR LINEAR LINEAR LINEAR LINEAR LINEAR LINEAR LINEAR LINEAR LINEAR LINEAR LINEAR LINEAR LINEAR LINEAR LINEAR LINEAR LINEAR LINEAR LINEAR LINEAR LINEAR LINEAR LINEAR LINEAR LINEAR LINEAR LINEAR LINEAR LINEAR LINEAR LINEAR LINEAR LINEAR LINEAR LINEAR LINEAR LINEAR LINEAR LINEAR LINEAR LINEAR LINEAR LINEAR LINEAR LINEAR LINEAR LINEAR LINEAR LINEAR LINEAR LINEAR LINEAR LINEAR LINEAR LINEAR LINEAR LINEAR LINEAR LINEAR LINEAR LINEAR LINEAR LINEAR LINEAR LINEAR LINEAR LINEAR LINEAR LINEAR LINEAR LINEAR LINEAR LINEAR LINEAR LINEAR LINEAR LINEAR LINEAR LINEAR LINEAR LINEAR LINEAR LINEAR LINEAR LINEAR LINEAR LINEAR LINEAR LINEAR LINEAR LINEAR LINEAR LINEAR LINEAR LINEAR LINEAR LINEAR LINEAR LINEAR LINEAR LINEAR LINEAR LINEAR LINEAR LINEAR LINEAR LINEAR LINEAR LINEAR LINEAR LINEAR LINEAR LINEAR LINEAR LINEAR LINEAR LINEAR LINEAR LINEAR LINEAR LINEAR LINEAR LINEAR LINEAR LINEAR LINEAR LINEAR LINEAR LINEAR LINEAR LINEAR LINEAR LINEAR LINEAR LINEAR LINEAR LINEAR LINEAR LINEAR LINEAR LINEAR LINEAR LINEAR LINEAR LINEAR LINEAR LINEAR LINEAR LINEAR</Name_array>
        <technique_common>
          <accessor source="#HL_Lower-interpolation-array" count="322" stride="1">
            <param name="INTERPOLATION" type="Name" />
          </accessor>
        </technique_common>
      </source>
      <sampler id="HL_Lower-sampler">
        <input semantic="INPUT" source="#HL_Lower-time" />
        <input semantic="OUTPUT" source="#HL_Lower-output" />
        <input semantic="INTERPOLATION" source="#HL_Lower-interpolation" />
      </sampler>
      <channel source="#HL_Lower-sampler" target="HL_Lower/transform" />
    </animation>
    <animation id="HR_Upper-animation" name="HR_Upper-animation">
      <source id="HR_Upper-time">
        <float_array id="HR_Upper-time-array" count="322">0.0333333333 0.0666666667 0.1 0.133333333 0.166666667 0.2 0.233333333 0.266666667 0.3 0.333333333 0.366666667 0.4 0.433333333 0.466666667 0.5 0.533333333 0.566666667 0.6 0.633333333 0.666666667 0.7 0.733333333 0.766666667 0.8 0.833333333 0.866666667 0.9 0.933333333 0.966666667 1 1.03333333 1.06666667 1.1 1.13333333 1.16666667 1.2 1.23333333 1.26666667 1.3 1.33333333 1.36666667 1.4 1.43333333 1.46666667 1.5 1.53333333 1.56666667 1.6 1.63333333 1.66666667 1.7 1.73333333 1.76666667 1.8 1.83333333 1.86666667 1.9 1.93333333 1.96666667 2 2.03333333 2.06666667 2.1 2.13333333 2.16666667 2.2 2.23333333 2.26666667 2.3 2.33333333 2.36666667 2.4 2.43333333 2.46666667 2.5 2.53333333 2.56666667 2.6 2.63333333 2.66666667 2.7 2.73333333 2.76666667 2.8 2.83333333 2.86666667 2.9 2.93333333 2.96666667 3 3.03333333 3.06666667 3.1 3.13333333 3.16666667 3.2 3.23333333 3.26666667 3.3 3.33333333 3.36666667 3.4 3.43333333 3.46666667 3.5 3.53333333 3.56666667 3.6 3.63333333 3.66666667 3.7 3.73333333 3.76666667 3.8 3.83333333 3.86666667 3.9 3.93333333 3.96666667 4 4.03333333 4.06666667 4.1 4.13333333 4.16666667 4.2 4.23333333 4.26666667 4.3 4.33333333 4.36666667 4.4 4.43333333 4.46666667 4.5 4.53333333 4.56666667 4.6 4.63333333 4.66666667 4.7 4.73333333 4.76666667 4.8 4.83333333 4.86666667 4.9 4.93333333 4.96666667 5 5.03333333 5.06666667 5.1 5.13333333 5.16666667 5.2 5.23333333 5.26666667 5.3 5.33333333 5.36666667 5.4 5.43333333 5.46666667 5.5 5.53333333 5.56666667 5.6 5.63333333 5.66666667 5.7 5.73333333 5.76666667 5.8 5.83333333 5.86666667 5.9 5.93333333 5.96666667 6 6.03333333 6.06666667 6.1 6.13333333 6.16666667 6.2 6.23333333 6.26666667 6.3 6.33333333 6.36666667 6.4 6.43333333 6.46666667 6.5 6.53333333 6.56666667 6.6 6.63333333 6.66666667 6.7 6.73333333 6.76666667 6.8 6.83333333 6.86666667 6.9 6.93333333 6.96666667 7 7.03333333 7.06666667 7.1 7.13333333 7.16666667 7.2 7.23333333 7.26666667 7.3 7.33333333 7.36666667 7.4 7.43333333 7.46666667 7.5 7.53333333 7.56666667 7.6 7.63333333 7.66666667 7.7 7.73333333 7.76666667 7.8 7.83333333 7.86666667 7.9 7.93333333 7.96666667 8 8.03333333 8.06666667 8.1 8.13333333 8.16666667 8.2 8.23333333 8.26666667 8.3 8.33333333 8.36666667 8.4 8.43333333 8.46666667 8.5 8.53333333 8.56666667 8.6 8.63333333 8.66666667 8.7 8.73333333 8.76666667 8.8 8.83333333 8.86666667 8.9 8.93333333 8.96666667 9 9.03333333 9.06666667 9.1 9.13333333 9.16666667 9.2 9.23333333 9.26666667 9.3 9.33333333 9.36666667 9.4 9.43333333 9.46666667 9.5 9.53333333 9.56666667 9.6 9.63333333 9.66666667 9.7 9.73333333 9.76666667 9.8 9.83333333 9.86666667 9.9 9.93333333 9.96666667 10 10.0333333 10.0666667 10.1 10.1333333 10.1666667 10.2 10.2333333 10.2666667 10.3 10.3333333 10.3666667 10.4 10.4333333 10.4666667 10.5 10.5333333 10.5666667 10.6 10.6333333 10.6666667 10.7 10.7333333</float_array>
        <technique_common>
          <accessor source="#HR_Upper-time-array" count="322" stride="1">
            <param name="TIME" type="float" />
          </accessor>
        </technique_common>
      </source>
      <source id="HR_Upper-output">
        <float_array id="HR_Upper-output-array" count="5152">1 0 0 14 0 1 -0 -26 0 0 1 63 0 0 0 1 1 0 0 14 0 1 -0 -26 0 0 1 63 0 0 0 1 1 0 0 14 0 1 -0 -26 0 0 1 63 0 0 0 1 1 0 0 14 0 1 -0 -26 0 0 1 63 0 0 0 1 1 0 0 14 0 1 -0 -26 0 0 1 63 0 0 0 1 1 0 0 14 0 1 -0 -26 0 0 1 63 0 0 0 1 1 0 0 14 0 1 -0 -26 0 0 1 63 0 0 0 1 1 0 0 14 0 1 -0 -26 0 0 1 63 0 0 0 1 1 0 0 14 0 1 -0 -26 0 0 1 63 0 0 0 1 1 0 0 14 0 1 -0 -26 0 0 1 63 0 0 0 1 1 0 0 14 0 1 -0 -26 0 0 1 63 0 0 0 1 1 0 0 14 0 1 -0 -26 0 0 1 63 0 0 0 1 1 0 0 14 0 1 -0 -26 0 0 1 63 0 0 0 1 1 0 0 14 0 1 -0 -26 0 0 1 63 0 0 0 1 1 0 0 14 0 1 -0 -26 0 0 1 63 0 0 0 1 1 0 0 14 0 1 -0 -26 0 0 1 63 0 0 0 1 1 0 0 14 0 1 -0 -26 0 0 1 63 0 0 0 1 1 0 0 14 0 1 -0 -26 0 0 1 63 0 0 0 1 1 0 0 14 0 1 -0 -26 0 0 1 63 0 0 0 1 1 0 0 14 0 1 -0 -26 0 0 1 63 0 0 0 1 1 0 0 14 0 1 -0 -26 0 0 1 63 0 0 0 1 1 0 0 14 0 1 -0 -26 0 0 1 63 0 0 0 1 1 0 0 14 0 1 -0 -26 0 0 1 63 0 0 0 1 1 0 0 14 0 1 -0 -26 0 0 1 63 0 0 0 1 1 0 0 14 0 1 -0 -26 0 0 1 63 0 0 0 1 1 0 0 14 0 1 -0 -26 0 0 1 63 0 0 0 1 1 0 0 14 0 1 -0 -26 0 0 1 63 0 0 0 1 1 0 0 14 0 1 -0 -26 0 0 1 63 0 0 0 1 1 0 0 14 0 1 -0 -26 0 0 1 63 0 0 0 1 1 0 0 14 0 1 -0 -26 0 0 1 63 0 0 0 1 1 0 0 14 0 1 -0 -26 0 0 1 63 0 0 0 1 1 0 0 14 0 1 -0 -26 0 0 1 63 0 0 0 1 1 0 0 14 0 1 -0 -26 0 0 1 63 0 0 0 1 1 0 0 14 0 1 -0 -26 0 0 1 63 0 0 0 1 1 0 0 14 0 1 -0 -26 0 0 1 63 0 0 0 1 1 0 0 14 0 1 -0 -26 0 0 1 63 0 0 0 1 1 0 0 14 0 1 -0 -26 0 0 1 63 0 0 0 1 1 0 0 14 0 1 -0 -26 0 0 1 63 0 0 0 1 1 0 0 14 0 1 -0 -26 0 0 1 63 0 0 0 1 1 0 0 14 0 1 -0 -26 0 0 1 63 0 0 0 1 1 0 0 14 0 1 -0 -26 0 0 1 63 0 0 0 1 1 0 0 14 0 1 -0 -26 0 0 1 63 0 0 0 1 1 0 0 14 0 1 -0 -26 0 0 1 63 0 0 0 1 1 0 0 14 0 1 -0 -26 0 0 1 63 0 0 0 1 1 0 0 14 0 1 -0 -26 0 0 1 63 0 0 0 1 1 0 0 14 0 1 -0 -26 0 0 1 63 0 0 0 1 1 0 0 14 0 1 -0 -26 0 0 1 63 0 0 0 1 1 0 0 14 0 1 -0 -26 0 0 1 63 0 0 0 1 1 0 0 14 0 1 -0 -26 0 0 1 63 0 0 0 1 1 0 0 14 0 1 -0 -26 0 0 1 63 0 0 0 1 1 0 0 14 0 1 -0 -26 0 0 1 63 0 0 0 1 1 0 0 14 0 1 -0 -26 0 0 1 63 0 0 0 1 1 0 0 14 0 1 -0 -26 0 0 1 63 0 0 0 1 1 0 0 14 0 1 -0 -26 0 0 1 63 0 0 0 1 1 0 0 14 0 1 -0 -26 0 0 1 63 0 0 0 1 1 0 0 14 0 1 -0 -26 0 0 1 63 0 0 0 1 1 0 0 14 0 1 -0 -26 0 0 1 63 0 0 0 1 1 0 0 14 0 1 -0 -26 0 0 1 63 0 0 0 1 1 0 0 14 0 1 -0 -26 0 0 1 63 0 0 0 1 1 0 0 14 0 1 -0 -26 0 0 1 63 0 0 0 1 1 0 0 14 0 1 -0 -26 0 0 1 63 0 0 0 1 1 0 0 14 0 1 -0 -26 0 0 1 63 0 0 0 1 1 0 0 14 0 0.998351263 -0.057399958 -26 0 0.057399958 0.998351263 63 0 0 0 1 1 0 0 14 0 0.993522634 -0.113634392 -26 0 0.113634392 0.993522634 63 0 0 0 1 1 0 0 14 0 0.98585743 -0.167586181 -26 0 0.167586181 0.98585743 63 0 0 0 1 1 0 0 14 0 0.975897449 -0.218229623 -26 0 0.218229623 0.975897449 63 0 0 0 1 1 0 0 14 0 0.96434081 -0.264663564 -26 0 0.264663564 0.96434081 63 0 0 0 1 1 0 0 14 0 0.951989169 -0.306131707 -26 0 0.306131707 0.951989169 63 0 0 0 1 1 0 0 14 0 0.939689331 -0.342029183 -26 0 0.342029183 0.939689331 63 0 0 0 1 1 0 0 14 0 0.928274219 -0.371896456 -26 0 0.371896456 0.928274219 63 0 0 0 1 1 0 0 14 0 0.91850757 -0.395403395 -26 0 0.395403395 0.91850757 63 0 0 0 1 1 0 0 14 0 0.911035697 -0.41232749 -26 0 0.41232749 0.911035697 63 0 0 0 1 1 0 0 14 0 0.906348597 -0.422530734 -26 0 0.422530734 0.906348597 63 0 0 0 1 1 0 0 14 0 0.904751663 -0.425939465 -26 0 0.425939465 0.904751663 63 0 0 0 1 1 0 0 14 0 0.906348597 -0.422530734 -26 0 0.422530734 0.906348597 63 0 0 0 1 1 0 0 14 0 0.911035697 -0.41232749 -26 0 0.41232749 0.911035697 63 0 0 0 1 1 0 0 14 0 0.91850757 -0.395403395 -26 0 0.395403395 0.91850757 63 0 0 0 1 1 0 0 14 0 0.928274219 -0.371896456 -26 0 0.371896456 0.928274219 63 0 0 0 1 1 0 0 14 0 0.939689331 -0.342029183 -26 0 0.342029183 0.939689331 63 0 0 0 1 1 0 0 14 0 0.951989169 -0.306131707 -26 0 0.306131707 0.951989169 63 0 0 0 1 1 0 0 14 0 0.96434081 -0.264663564 -26 0 0.264663564 0.96434081 63 0 0 0 1 1 0 0 14 0 0.975897449 -0.218229623 -26 0 0.218229623 0.975897449 63 0 0 0 1 1 0 0 14 0 0.98585743 -0.167586181 -26 0 0.167586181 0.98585743 63 0 0 0 1 1 0 0 14 0 0.993522634 -0.113634392 -26 0 0.113634392 0.993522634 63 0 0 0 1 1 0 0 14 0 0.998351263 -0.057399958 -26 0 0.057399958 0.998351263 63 0 0 0 1 1 0 0 14 0 1 -5.38844592e-17 -26 0 5.38844592e-17 1 63 0 0 0 1 1 0 0 14 0 0.998351263 0.057399958 -26 0 -0.057399958 0.998351263 63 0 0 0 1 1 0 0 14 0 0.993522634 0.113634392 -26 0 -0.113634392 0.993522634 63 0 0 0 1 1 0 0 14 0 0.98585743 0.167586181 -26 0 -0.167586181 0.98585743 63 0 0 0 1 1 0 0 14 0 0.975897449 0.218229623 -26 0 -0.218229623 0.975897449 63 0 0 0 1 1 0 0 14 0 0.96434081 0.264663564 -26 0 -0.264663564 0.96434081 63 0 0 0 1 1 0 0 14 0 0.951989169 0.306131707 -26 0 -0.306131707 0.951989169 63 0 0 0 1 1 0 0 14 0 0.939689331 0.342029183 -26 0 -0.342029183 0.939689331 63 0 0 0 1 1 0 0 14 0 0.928274219 0.371896456 -26 0 -0.371896456 0.928274219 63 0 0 0 1 1 0 0 14 0 0.91850757 0.395403395 -26 0 -0.395403395 0.91850757 63 0 0 0 1 1 0 0 14 0 0.911035697 0.41232749 -26 0 -0.41232749 0.911035697 63 0 0 0 1 1 0 0 14 0 0.906348597 0.422530734 -26 0 -0.422530734 0.906348597 63 0 0 0 1 1 0 0 14 0 0.904751663 0.425939465 -26 0 -0.425939465 0.904751663 63 0 0 0 1 1 0 0 14 0 0.906348597 0.422530734 -26 0 -0.422530734 0.906348597 63 0 0 0 1 1 0 0 14 0 0.911035697 0.41232749 -26 0 -0.41232749 0.911035697 63 0 0 0 1 1 0 0 14 0 0.91850757 0.395403395 -26 0 -0.395403395 0.91850757 63 0 0 0 1 1 0 0 14 0 0.928274219 0.371896456 -26 0 -0.371896456 0.928274219 63 0 0 0 1 1 0 0 14 0 0.939689331 0.342029183 -26 0 -0.342029183 0.939689331 63 0 0 0 1 1 0 0 14 0 0.951989169 0.306131707 -26 0 -0.306131707 0.951989169 63 0 0 0 1 1 0 0 14 0 0.96434081 0.264663564 -26 0 -0.264663564 0.96434081 63 0 0 0 1 1 0 0 14 0 0.975897449 0.218229623 -26 0 -0.218229623 0.975897449 63 0 0 0 1 1 0 0 14 0 0.98585743 0.167586181 -26 0 -0.167586181 0.98585743 63 0 0 0 1 1 0 0 14 0 0.993522634 0.113634392 -26 0 -0.113634392 0.993522634 63 0 0 0 1 1 0 0 14 0 0.998351263 0.057399958 -26 0 -0.057399958 0.998351263 63 0 0 0 1 1 0 0 14 0 1 1.07768918e-16 -26 0 -1.07768918e-16 1 63 0 0 0 1 1 0 0 14 0 1 -0 -26 0 0 1 63 0 0 0 1 1 0 0 14 0 0.983632955 -0.180183825 -26 0 0.180183825 0.983632955 63 0 0 0 1 1 0 0 14 0 0.939372713 -0.342897807 -26 0 0.342897807 0.939372713 63 0 0 0 1 1 0 0 14 0 0.879980706 -0.475009429 -26 0 0.475009429 0.879980706 63 0 0 0 1 1 0 0 14 0 0.821808859 -0.569763283 -26 0 0.569763283 0.821808859 63 0 0 0 1 1 0 0 14 0 0.779989006 -0.625793217 -26 0 0.625793217 0.779989006 63 0 0 0 1 1 0 0 14 0 0.764842187 -0.644217687 -26 0 0.644217687 0.764842187 63 0 0 0 1 1 0 0 14 0 0.779989006 -0.625793217 -26 0 0.625793217 0.779989006 63 0 0 0 1 1 0 0 14 0 0.821808859 -0.569763283 -26 0 0.569763283 0.821808859 63 0 0 0 1 1 0 0 14 0 0.879980706 -0.475009429 -26 0 0.475009429 0.879980706 63 0 0 0 1 1 0 0 14 0 0.939372713 -0.342897807 -26 0 0.342897807 0.939372713 63 0 0 0 1 1 0 0 14 0 0.983632955 -0.180183825 -26 0 0.180183825 0.983632955 63 0 0 0 1 1 0 0 14 0 1 -8.57252759e-17 -26 0 8.57252759e-17 1 63 0 0 0 1 1 0 0 14 0 0.983632955 0.180183825 -26 0 -0.180183825 0.983632955 63 0 0 0 1 1 0 0 14 0 0.939372713 0.342897807 -26 0 -0.342897807 0.939372713 63 0 0 0 1 1 0 0 14 0 0.879980706 0.475009429 -26 0 -0.475009429 0.879980706 63 0 0 0 1 1 0 0 14 0 0.821808859 0.569763283 -26 0 -0.569763283 0.821808859 63 0 0 0 1 1 0 0 14 0 0.779989006 0.625793217 -26 0 -0.625793217 0.779989006 63 0 0 0 1 1 0 0 14 0 0.764842187 0.644217687 -26 0 -0.644217687 0.764842187 63 0 0 0 1 1 0 0 14 0 0.779989006 0.625793217 -26 0 -0.625793217 0.779989006 63 0 0 0 1 1 0 0 14 0 0.821808859 0.569763283 -26 0 -0.569763283 0.821808859 63 0 0 0 1 1 0 0 14 0 0.879980706 0.475009429 -26 0 -0.475009429 0.879980706 63 0 0 0 1 1 0 0 14 0 0.939372713 0.342897807 -26 0 -0.342897807 0.939372713 63 0 0 0 1 1 0 0 14 0 0.983632955 0.180183825 -26 0 -0.180183825 0.983632955 63 0 0 0 1 1 0 0 14 0 1 1.71450552e-16 -26 0 -1.71450552e-16 1 63 0 0 0 1 1 0 0 14 0 1 -0 -26 0 0 1 63 0 0 0 1 1 0 0 14 0 1 -0 -26 0 0 1 63 0 0 0 1 1 0 0 14 0 1 -0 -26 0 0 1 63 0 0 0 1 1 0 0 14 0 1 -0 -26 0 0 1 63 0 0 0 1 1 0 0 14 0 1 -0 -26 0 0 1 63 0 0 0 1 1 0 0 14 0 1 -0 -26 0 0 1 63 0 0 0 1 1 0 0 14 0 1 -0 -26 0 0 1 63 0 0 0 1 1 0 0 14 0 1 -0 -26 0 0 1 63 0 0 0 1 1 0 0 14 0 1 -0 -26 0 0 1 63 0 0 0 1 1 0 0 14 0 1 -0 -26 0 0 1 63 0 0 0 1 1 0 0 14 0 1 -0 -26 0 0 1 63 0 0 0 1 1 0 0 14 0 1 -0 -26 0 0 1 63 0 0 0 1 1 0 0 14 0 1 -0 -26 0 0 1 63 0 0 0 1 1 0 0 14 0 1 -0 -26 0 0 1 63 0 0 0 1 1 0 0 14 0 1 -0 -26 0 0 1 63 0 0 0 1 1 0 0 14 0 1 -0 -26 0 0 1 63 0 0 0 1 1 0 0 14 0 1 -0 -26 0 0 1 63 0 0 0 1 1 0 0 14 0 1 -0 -26 0 0 1 63 0 0 0 1 1 0 0 14 0 1 -0 -26 0 0 1 63 0 0 0 1 1 0 0 14 0 1 -0 -26 0 0 1 63 0 0 0 1 1 0 0 14 0 1 -0 -26 0 0 1 63 0 0 0 1 1 0 0 14 0 1 -0 -26 0 0 1 63 0 0 0 1 1 0 0 14 0 1 -0 -26 0 0 1 63 0 0 0 1 1 0 0 14 0 1 -0 -26 0 0 1 63 0 0 0 1 1 0 0 14 0 1 -0 -26 0 0 1 63 0 0 0 1 1 0 0 14 0 1 -0 -26 0 0 1 63 0 0 0 1 1 0 0 14 0 1 -0 -26 0 0 1 63 0 0 0 1 1 0 0 14 0 1 -0 -26 0 0 1 63 0 0 0 1 1 0 0 14 0 1 -0 -26 0 0 1 63 0 0 0 1 1 0 0 14 0 1 -0 -26 0 0 1 63 0 0 0 1 1 0 0 14 0 1 -0 -26 0 0 1 63 0 0 0 1 1 0 0 14 0 1 -0 -26 0 0 1 63 0 0 0 1 1 0 0 14 0 1 -0 -26 0 0 1 63 0 0 0 1 1 0 0 14 0 1 -0 -26 0 0 1 63 0 0 0 1 1 0 0 14 0 1 -0 -26 0 0 1 63 0 0 0 1 1 0 0 14 0 1 -0 -26 0 0 1 63 0 0 0 1 1 0 0 14 0 1 -0 -26 0 0 1 63 0 0 0 1 1 0 0 14 0 1 -0 -26 0 0 1 63 0 0 0 1 1 0 0 14 0 1 -0 -26 0 0 1 63 0 0 0 1 1 0 0 14 0 1 -0 -26 0 0 1 63 0 0 0 1 1 0 0 14 0 1 -0 -26 0 0 1 63 0 0 0 1 1 0 0 14 0 1 -0 -26 0 0 1 63 0 0 0 1 1 0 0 14 0 1 -0 -26 0 0 1 63 0 0 0 1 1 0 0 14 0 1 -0 -26 0 0 1 63 0 0 0 1 1 0 0 14 0 1 -0 -26 0 0 1 63 0 0 0 1 1 0 0 14 0 1 -0 -26 0 0 1 63 0 0 0 1 1 0 0 14 0 1 -0 -26 0 0 1 63 0 0 0 1 1 0 0 14 0 1 -0 -26 0 0 1 63 0 0 0 1 1 0 0 14 0 1 -0 -26 0 0 1 63 0 0 0 1 1 0 0 14 0 1 -0 -26 0 0 1 63 0 0 0 1 1 0 0 14 0 1 -0 -26 0 0 1 63 0 0 0 1 1 0 0 14 0 1 -0 -26 0 0 1 63 0 0 0 1 1 0 0 14 0 1 -0 -26 0 0 1 63 0 0 0 1 1 0 0 14 0 1 -0 -26 0 0 1 63 0 0 0 1 1 0 0 14 0 1 -0 -26 0 0 1 63 0 0 0 1 1 0 0 14 0 1 -0 -26 0 0 1 63 0 0 0 1 1 0 0 14 0 1 -0 -26 0 0 1 63 0 0 0 1 1 0 0 14 0 1 -0 -26 0 0 1 63 0 0 0 1 1 0 0 14 0 1 -0 -26 0 0 1 63 0 0 0 1 1 0 0 14 0 1 -0 -26 0 0 1 63 0 0 0 1 1 0 0 14 0 1 -0 -26 0 0 1 63 0 0 0 1 1 0 0 14 0 1 -0 -26 0 0 1 63 0 0 0 1 1 0 0 14 0 1 -0 -26 0 0 1 63 0 0 0 1 1 0 0 14 0 1 -0 -26 0 0 1 63 0 0 0 1 1 0 0 14 0 1 -0 -26 0 0 1 63 0 0 0 1 1 0 0 14 0 1 -0 -26 0 0 1 63 0 0 0 1 1 0 0 14 0 1 -0 -26 0 0 1 63 0 0 0 1 1 0 0 14 0 1 -0 -26 0 0 1 63 0 0 0 1 1 0 0 14 0 1 -0 -26 0 0 1 63 0 0 0 1 1 0 0 14 0 1 -0 -26 0 0 1 63 0 0 0 1 1 0 0 14 0 1 -0 -26 0 0 1 63 0 0 0 1 1 0 0 14 0 1 -0 -26 0 0 1 63 0 0 0 1 1 0 0 14 0 1 -0 -26 0 0 1 63 0 0 0 1 1 0 0 14 0 1 -0 -26 0 0 1 63 0 0 0 1 1 0 0 14 0 1 -0 -26 0 0 1 63 0 0 0 1 1 0 0 14 0 1 -0 -26 0 0 1 63 0 0 0 1 1 0 0 14 0 1 -0 -26 0 0 1 63 0 0 0 1 1 0 0 14 0 1 -0 -26 0 0 1 63 0 0 0 1 1 0 0 14 0 1 -0 -26 0 0 1 63 0 0 0 1 1 0 0 14 0 1 -0 -26 0 0 1 63 0 0 0 1 1 0 0 14 0 1 -0 -26 0 0 1 63 0 0 0 1 1 0 0 14 0 1 -0 -26 0 0 1 63 0 0 0 1 1 0 0 14 0 1 -0 -26 0 0 1 63 0 0 0 1 1 0 0 14 0 1 -0 -26 0 0 1 63 0 0 0 1 1 0 0 14 0 1 -0 -26 0 0 1 63 0 0 0 1 1 0 0 14 0 1 -0 -26 0 0 1 63 0 0 0 1 1 0 0 14 0 1 -0 -26 0 0 1 63 0 0 0 1 1 0 0 14 0 1 -0 -26 0 0 1 63 0 0 0 1 1 0 0 14 0 1 -0 -26 0 0 1 63 0 0 0 1 1 0 0 14 0 1 -0 -26 0 0 1 63 0 0 0 1 1 0 0 14 0 1 -0 -26 0 0 1 63 0 0 0 1 1 0 0 14 0 1 -0 -26 0 0 1 63 0 0 0 1 1 0 0 14 0 1 -0 -26 0 0 1 63 0 0 0 1 1 0 0 14 0 1 -0 -26 0 0 1 63 0 0 0 1 1 0 0 14 0 1 -0 -26 0 0 1 63 0 0 0 1 1 0 0 14 0 1 -0 -26 0 0 1 63 0 0 0 1 1 0 0 14 0 1 -0 -26 0 0 1 63 0 0 0 1 1 0 0 14 0 1 -0 -26 0 0 1 63 0 0 0 1 1 0 0 14 0 1 -0 -26 0 0 1 63 0 0 0 1 1 0 0 14 0 1 -0 -26 0 0 1 63 0 0 0 1 1 0 0 14 0 1 -0 -26 0 0 1 63 0 0 0 1 1 0 0 14 0 1 -0 -26 0 0 1 63 0 0 0 1 1 0 0 14 0 1 -0 -26 0 0 1 63 0 0 0 1 1 0 0 14 0 1 -0 -26 0 0 1 63 0 0 0 1 1 0 0 14 0 1 -0 -26 0 0 1 63 0 0 0 1 1 0 0 14 0 1 -0 -26 0 0 1 63 0 0 0 1 1 0 0 14 0 1 -0 -26 0 0 1 63 0 0 0 1 1 0 0 14 0 1 -0 -26 0 0 1 63 0 0 0 1 1 0 0 14 0 1 -0 -26 0 0 1 63 0 0 0 1 1 0 0 14 0 1 -0 -26 0 0 1 63 0 0 0 1 1 0 0 14 0 1 -0 -26 0 0 1 63 0 0 0 1 1 0 0 14 0 1 -0 -26 0 0 1 63 0 0 0 1 1 0 0 14 0 1 -0 -26 0 0 1 63 0 0 0 1 1 0 0 14 0 1 -0 -26 0 0 1 63 0 0 0 1 1 0 0 14 0 1 -0 -26 0 0 1 63 0 0 0 1 1 0 0 14 0 1 -0 -26 0 0 1 63 0 0 0 1 1 0 0 14 0 1 -0 -26 0 0 1 63 0 0 0 1 1 0 0 14 0 1 -0 -26 0 0 1 63 0 0 0 1 1 0 0 14 0 1 -0 -26 0 0 1 63 0 0 0 1 1 0 0 14 0 1 -0 -26 0 0 1 63 0 0 0 1 1 0 0 14 0 1 -0 -26 0 0 1 63 0 0 0 1 1 0 0 14 0 1 -0 -26 0 0 1 63 0 0 0 1 1 0 0 14 0 1 -0 -26 0 0 1 63 0 0 0 1 1 0 0 14 0 1 -0 -26 0 0 1 63 0 0 0 1 1 0 0 14 0 1 -0 -26 0 0 1 63 0 0 0 1 1 0 0 14 0 1 -0 -26 0 0 1 63 0 0 0 1 1 0 0 14 0 1 -0 -26 0 0 1 63 0 0 0 1 1 0 0 14 0 1 -0 -26 0 0 1 63 0 0 0 1 1 0 0 14 0 1 -0 -26 0 0 1 63 0 0 0 1 1 0 0 14 0 1 -0 -26 0 0 1 63 0 0 0 1 1 0 0 14 0 1 -0 -26 0 0 1 63 0 0 0 1 1 0 0 14 0 1 -0 -26 0 0 1 63 0 0 0 1 1 0 0 14 0 1 -0 -26 0 0 1 63 0 0 0 1 1 0 0 14 0 1 -0 -26 0 0 1 63 0 0 0 1 1 0 0 14 0 1 -0 -26 0 0 1 63 0 0 0 1 1 0 0 14 0 1 -0 -26 0 0 1 63 0 0 0 1 1 0 0 14 0 1 -0 -26 0 0 1 63 0 0 0 1 1 0 0 14 0 1 -0 -26 0 0 1 63 0 0 0 1 1 0 0 14 0 1 -0 -26 0 0 1 63 0 0 0 1 1 0 0 14 0 1 -0 -26 0 0 1 63 0 0 0 1 1 0 0 14 0 1 -0 -26 0 0 1 63 0 0 0 1 1 0 0 14 0 1 -0 -26 0 0 1 63 0 0 0 1 1 0 0 14 0 1 -0 -26 0 0 1 63 0 0 0 1 1 0 0 14 0 1 -0 -26 0 0 1 63 0 0 0 1 1 0 0 14 0 1 -0 -26 0 0 1 63 0 0 0 1 1 0 0 14 0 1 -0 -26 0 0 1 63 0 0 0 1 1 0 0 14 0 1 -0 -26 0 0 1 63 0 0 0 1 1 0 0 14 0 1 -0 -26 0 0 1 63 0 0 0 1 1 0 0 14 0 1 -0 -26 0 0 1 63 0 0 0 1 1 0 0 14 0 1 -0 -26 0 0 1 63 0 0 0 1 1 0 0 14 0 1 -0 -26 0 0 1 63 0 0 0 1 1 0 0 14 0 1 -0 -26 0 0 1 63 0 0 0 1 1 0 0 14 0 1 -0 -26 0 0 1 63 0 0 0 1 1 0 0 14 0 1 -0 -26 0 0 1 63 0 0 0 1 1 0 0 14 0 1 -0 -26 0 0 1 63 0 0 0 1 1 0 0 14 0 1 -0 -26 0 0 1 63 0 0 0 1 1 0 0 14 0 1 -0 -26 0 0 1 63 0 0 0 1 1 0 0 14 0 1 -0 -26 0 0 1 63 0 0 0 1 1 0 0 14 0 1 -0 -26 0 0 1 63 0 0 0 1 1 0 0 14 0 1 -0 -26 0 0 1 63 0 0 0 1 1 0 0 14 0 1 -0 -26 0 0 1 63 0 0 0 1 1 0 0 14 0 1 -0 -26 0 0 1 63 0 0 0 1 1 0 0 14 0 1 -0 -26 0 0 1 63 0 0 0 1 1 0 0 14 0 1 -0 -26 0 0 1 63 0 0 0 1 1 0 0 14 0 1 -0 -26 0 0 1 63 0 0 0 1 1 0 0 14 0 1 -0 -26 0 0 1 63 0 0 0 1 1 0 0 14 0 1 -0 -26 0 0 1 63 0 0 0 1 1 0 0 14 0 1 -0 -26 0 0 1 63 0 0 0 1 1 0 0 14 0 1 -0 -26 0 0 1 63 0 0 0 1 1 0 0 14 0 1 -0 -26 0 0 1 63 0 0 0 1 1 0 0 14 0 1 -0 -26 0 0 1 63 0 0 0 1 1 0 0 14 0 1 -0 -26 0 0 1 63 0 0 0 1 1 0 0 14 0 1 -0 -26 0 0 1 63 0 0 0 1 1 0 0 14 0 1 -0 -26 0 0 1 63 0 0 0 1 1 0 0 14 0 1 -0 -26 0 0 1 63 0 0 0 1 1 0 0 14 0 1 -0 -26 0 0 1 63 0 0 0 1 1 0 0 14 0 1 -0 -26 0 0 1 63 0 0 0 1 1 0 0 14 0 1 -0 -26 0 0 1 63 0 0 0 1 1 0 0 14 0 1 -0 -26 0 0 1 63 0 0 0 1 1 0 0 14 0 1 -0 -26 0 0 1 63 0 0 0 1 1 0 0 14 0 1 -0 -26 0 0 1 63 0 0 0 1 1 0 0 14 0 1 -0 -26 0 0 1 63 0 0 0 1 1 0 0 14 0 1 -0 -26 0 0 1 63 0 0 0 1 1 0 0 14 0 1 -0 -26 0 0 1 63 0 0 0 1 1 0 0 14 0 1 -0 -26 0 0 1 63 0 0 0 1 1 0 0 14 0 1 -0 -26 0 0 1 63 0 0 0 1 1 0 0 14 0 1 -0 -26 0 0 1 63 0 0 0 1</float_array>
        <technique_common>
          <accessor source="#HR_Upper-output-array" count="322" stride="16">
            <param name="TRANSFORM" type="float4x4" />
          </accessor>
        </technique_common>
      </source>
      <source id="HR_Upper-interpolation">
        <Name_array id="HR_Upper-interpolation-array" count="322">LINEAR LINEAR LINEAR LINEAR LINEAR LINEAR LINEAR LINEAR LINEAR LINEAR LINEAR LINEAR LINEAR LINEAR LINEAR LINEAR LINEAR LINEAR LINEAR LINEAR LINEAR LINEAR LINEAR LINEAR LINEAR LINEAR LINEAR LINEAR LINEAR LINEAR LINEAR LINEAR LINEAR LINEAR LINEAR LINEAR LINEAR LINEAR LINEAR LINEAR LINEAR LINEAR LINEAR LINEAR LINEAR LINEAR LINEAR LINEAR LINEAR LINEAR LINEAR LINEAR LINEAR LINEAR LINEAR LINEAR LINEAR LINEAR LINEAR LINEAR LINEAR LINEAR LINEAR LINEAR LINEAR LINEAR LINEAR LINEAR LINEAR LINEAR LINEAR LINEAR LINEAR LINEAR LINEAR LINEAR LINEAR LINEAR LINEAR LINEAR LINEAR LINEAR LINEAR LINEAR LINEAR LINEAR LINEAR LINEAR LINEAR LINEAR LINEAR LINEAR LINEAR LINEAR LINEAR LINEAR LINEAR LINEAR LINEAR LINEAR LINEAR LINEAR LINEAR LINEAR LINEAR LINEAR LINEAR LINEAR LINEAR LINEAR LINEAR LINEAR LINEAR LINEAR LINEAR LINEAR LINEAR LINEAR LINEAR LINEAR LINEAR LINEAR LINEAR LINEAR LINEAR LINEAR LINEAR LINEAR LINEAR LINEAR LINEAR LINEAR LINEAR LINEAR LINEAR LINEAR LINEAR LINEAR LINEAR LINEAR LINEAR LINEAR LINEAR LINEAR LINEAR LINEAR LINEAR LINEAR LINEAR LINEAR LINEAR LINEAR LINEAR LINEAR LINEAR LINEAR LINEAR LINEAR LINEAR LINEAR LINEAR LINEAR LINEAR LINEAR LINEAR LINEAR LINEAR LINEAR LINEAR LINEAR LINEAR LINEAR LINEAR LINEAR LINEAR LINEAR LINEAR LINEAR LINEAR LINEAR LINEAR LINEAR LINEAR LINEAR LINEAR LINEAR LINEAR LINEAR LINEAR LINEAR LINEAR LINEAR LINEAR LINEAR LINEAR LINEAR LINEAR LINEAR LINEAR LINEAR LINEAR LINEAR LINEAR LINEAR LINEAR LINEAR LINEAR LINEAR LINEAR LINEAR LINEAR LINEAR LINEAR LINEAR LINEAR LINEAR LINEAR LINEAR LINEAR LINEAR LINEAR LINEAR LINEAR LINEAR LINEAR LINEAR LINEAR LINEAR LINEAR LINEAR LINEAR LINEAR LINEAR LINEAR LINEAR LINEAR LINEAR LINEAR LINEAR LINEAR LINEAR LINEAR LINEAR LINEAR LINEAR LINEAR LINEAR LINEAR LINEAR LINEAR LINEAR LINEAR LINEAR LINEAR LINEAR LINEAR LINEAR LINEAR LINEAR LINEAR LINEAR LINEAR LINEAR LINEAR LINEAR LINEAR LINEAR LINEAR LINEAR LINEAR LINEAR LINEAR LINEAR LINEAR LINEAR LINEAR LINEAR LINEAR LINEAR LINEAR LINEAR LINEAR LINEAR LINEAR LINEAR LINEAR LINEAR LINEAR LINEAR LINEAR LINEAR LINEAR LINEAR LINEAR LINEAR LINEAR LINEAR LINEAR LINEAR LINEAR LINEAR LINEAR LINEAR LINEAR LINEAR LINEAR LINEAR LINEAR LINEAR LINEAR LINEAR LINEAR LINEAR LINEAR LINEAR LINEAR LINEAR LINEAR LINEAR LINEAR LINEAR LINEAR</Name_array>
        <technique_common>
          <accessor source="#HR_Upper-interpolation-array" count="322" stride="1">
            <param name="INTERPOLATION" type="Name" />
          </accessor>
        </technique_common>
      </source>
      <sampler id="HR_Upper-sampler">
        <input semantic="INPUT" source="#HR_Upper-time" />
        <input semantic="OUTPUT" source="#HR_Upper-output" />
        <input semantic="INTERPOLATION" source="#HR_Upper-interpolation" />
      </sampler>
      <channel source="#HR_Upper-sampler" target="HR_Upper/transform" />
    </animation>
    <animation id="HR_Lower-animation" name="HR_Lower-animation">
      <source id="HR_Lower-time">
        <float_array id="HR_Lower-time-array" count="322">0.0333333333 0.0666666667 0.1 0.133333333 0.166666667 0.2 0.233333333 0.266666667 0.3 0.333333333 0.366666667 0.4 0.433333333 0.466666667 0.5 0.533333333 0.566666667 0.6 0.633333333 0.666666667 0.7 0.733333333 0.766666667 0.8 0.833333333 0.866666667 0.9 0.933333333 0.966666667 1 1.03333333 1.06666667 1.1 1.13333333 1.16666667 1.2 1.23333333 1.26666667 1.3 1.33333333 1.36666667 1.4 1.43333333 1.46666667 1.5 1.53333333 1.56666667 1.6 1.63333333 1.66666667 1.7 1.73333333 1.76666667 1.8 1.83333333 1.86666667 1.9 1.93333333 1.96666667 2 2.03333333 2.06666667 2.1 2.13333333 2.16666667 2.2 2.23333333 2.26666667 2.3 2.33333333 2.36666667 2.4 2.43333333 2.46666667 2.5 2.53333333 2.56666667 2.6 2.63333333 2.66666667 2.7 2.73333333 2.76666667 2.8 2.83333333 2.86666667 2.9 2.93333333 2.96666667 3 3.03333333 3.06666667 3.1 3.13333333 3.16666667 3.2 3.23333333 3.26666667 3.3 3.33333333 3.36666667 3.4 3.43333333 3.46666667 3.5 3.53333333 3.56666667 3.6 3.63333333 3.66666667 3.7 3.73333333 3.76666667 3.8 3.83333333 3.86666667 3.9 3.93333333 3.96666667 4 4.03333333 4.06666667 4.1 4.13333333 4.16666667 4.2 4.23333333 4.26666667 4.3 4.33333333 4.36666667 4.4 4.43333333 4.46666667 4.5 4.53333333 4.56666667 4.6 4.63333333 4.66666667 4.7 4.73333333 4.76666667 4.8 4.83333333 4.86666667 4.9 4.93333333 4.96666667 5 5.03333333 5.06666667 5.1 5.13333333 5.16666667 5.2 5.23333333 5.26666667 5.3 5.33333333 5.36666667 5.4 5.43333333 5.46666667 5.5 5.53333333 5.56666667 5.6 5.63333333 5.66666667 5.7 5.73333333 5.76666667 5.8 5.83333333 5.86666667 5.9 5.93333333 5.96666667 6 6.03333333 6.06666667 6.1 6.13333333 6.16666667 6.2 6.23333333 6.26666667 6.3 6.33333333 6.36666667 6.4 6.43333333 6.46666667 6.5 6.53333333 6.56666667 6.6 6.63333333 6.66666667 6.7 6.73333333 6.76666667 6.8 6.83333333 6.86666667 6.9 6.93333333 6.96666667 7 7.03333333 7.06666667 7.1 7.13333333 7.16666667 7.2 7.23333333 7.26666667 7.3 7.33333333 7.36666667 7.4 7.43333333 7.46666667 7.5 7.53333333 7.56666667 7.6 7.63333333 7.66666667 7.7 7.73333333 7.76666667 7.8 7.83333333 7.86666667 7.9 7.93333333 7.96666667 8 8.03333333 8.06666667 8.1 8.13333333 8.16666667 8.2 8.23333333 8.26666667 8.3 8.33333333 8.36666667 8.4 8.43333333 8.46666667 8.5 8.53333333 8.56666667 8.6 8.63333333 8.66666667 8.7 8.73333333 8.76666667 8.8 8.83333333 8.86666667 8.9 8.93333333 8.96666667 9 9.03333333 9.06666667 9.1 9.13333333 9.16666667 9.2 9.23333333 9.26666667 9.3 9.33333333 9.36666667 9.4 9.43333333 9.46666667 9.5 9.53333333 9.56666667 9.6 9.63333333 9.66666667 9.7 9.73333333 9.76666667 9.8 9.83333333 9.86666667 9.9 9.93333333 9.96666667 10 10.0333333 10.0666667 10.1 10.1333333 10.1666667 10.2 10.2333333 10.2666667 10.3 10.3333333 10.3666667 10.4 10.4333333 10.4666667 10.5 10.5333333 10.5666667 10.6 10.6333333 10.6666667 10.7 10.7333333</float_array>
        <technique_common>
          <accessor source="#HR_Lower-time-array" count="322" stride="1">
            <param name="TIME" type="float" />
          </accessor>
        </technique_common>
      </source>
      <source id="HR_Lower-output">
        <float_array id="HR_Lower-output-array" count="5152">1 0 0 0 0 1 -0 0 0 0 1 -29 0 0 0 1 1 0 0 0 0 1 -0 0 0 0 1 -29 0 0 0 1 1 0 0 0 0 1 -0 0 0 0 1 -29 0 0 0 1 1 0 0 0 0 1 -0 0 0 0 1 -29 0 0 0 1 1 0 0 0 0 1 -0 0 0 0 1 -29 0 0 0 1 1 0 0 0 0 1 -0 0 0 0 1 -29 0 0 0 1 1 0 0 0 0 1 -0 0 0 0 1 -29 0 0 0 1 1 0 0 0 0 1 -0 0 0 0 1 -29 0 0 0 1 1 0 0 0 0 1 -0 0 0 0 1 -29 0 0 0 1 1 0 0 0 0 1 -0 0 0 0 1 -29 0 0 0 1 1 0 0 0 0 1 -0 0 0 0 1 -29 0 0 0 1 1 0 0 0 0 1 -0 0 0 0 1 -29 0 0 0 1 1 0 0 0 0 1 -0 0 0 0 1 -29 0 0 0 1 1 0 0 0 0 1 -0 0 0 0 1 -29 0 0 0 1 1 0 0 0 0 1 -0 0 0 0 1 -29 0 0 0 1 1 0 0 0 0 1 -0 0 0 0 1 -29 0 0 0 1 1 0 0 0 0 1 -0 0 0 0 1 -29 0 0 0 1 1 0 0 0 0 1 -0 0 0 0 1 -29 0 0 0 1 1 0 0 0 0 1 -0 0 0 0 1 -29 0 0 0 1 1 0 0 0 0 1 -0 0 0 0 1 -29 0 0 0 1 1 0 0 0 0 1 -0 0 0 0 1 -29 0 0 0 1 1 0 0 0 0 1 -0 0 0 0 1 -29 0 0 0 1 1 0 0 0 0 1 -0 0 0 0 1 -29 0 0 0 1 1 0 0 0 0 1 -0 0 0 0 1 -29 0 0 0 1 1 0 0 0 0 1 -0 0 0 0 1 -29 0 0 0 1 1 0 0 0 0 1 -0 0 0 0 1 -29 0 0 0 1 1 0 0 0 0 1 -0 0 0 0 1 -29 0 0 0 1 1 0 0 0 0 1 -0 0 0 0 1 -29 0 0 0 1 1 0 0 0 0 1 -0 0 0 0 1 -29 0 0 0 1 1 0 0 0 0 1 -0 0 0 0 1 -29 0 0 0 1 1 0 0 0 0 1 -0 0 0 0 1 -29 0 0 0 1 1 0 0 0 0 1 -0 0 0 0 1 -29 0 0 0 1 1 0 0 0 0 1 -0 0 0 0 1 -29 0 0 0 1 1 0 0 0 0 1 -0 0 0 0 1 -29 0 0 0 1 1 0 0 0 0 1 -0 0 0 0 1 -29 0 0 0 1 1 0 0 0 0 1 -0 0 0 0 1 -29 0 0 0 1 1 0 0 0 0 1 -0 0 0 0 1 -29 0 0 0 1 1 0 0 0 0 1 -0 0 0 0 1 -29 0 0 0 1 1 0 0 0 0 1 -0 0 0 0 1 -29 0 0 0 1 1 0 0 0 0 1 -0 0 0 0 1 -29 0 0 0 1 1 0 0 0 0 1 -0 0 0 0 1 -29 0 0 0 1 1 0 0 0 0 1 -0 0 0 0 1 -29 0 0 0 1 1 0 0 0 0 1 -0 0 0 0 1 -29 0 0 0 1 1 0 0 0 0 1 -0 0 0 0 1 -29 0 0 0 1 1 0 0 0 0 1 -0 0 0 0 1 -29 0 0 0 1 1 0 0 0 0 1 -0 0 0 0 1 -29 0 0 0 1 1 0 0 0 0 1 -0 0 0 0 1 -29 0 0 0 1 1 0 0 0 0 1 -0 0 0 0 1 -29 0 0 0 1 1 0 0 0 0 1 -0 0 0 0 1 -29 0 0 0 1 1 0 0 0 0 1 -0 0 0 0 1 -29 0 0 0 1 1 0 0 0 0 1 -0 0 0 0 1 -29 0 0 0 1 1 0 0 0 0 1 -0 0 0 0 1 -29 0 0 0 1 1 0 0 0 0 1 -0 0 0 0 1 -29 0 0 0 1 1 0 0 0 0 1 -0 0 0 0 1 -29 0 0 0 1 1 0 0 0 0 1 -0 0 0 0 1 -29 0 0 0 1 1 0 0 0 0 1 -0 0 0 0 1 -29 0 0 0 1 1 0 0 0 0 1 -0 0 0 0 1 -29 0 0 0 1 1 0 0 0 0 1 -0 0 0 0 1 -29 0 0 0 1 1 0 0 0 0 1 -0 0 0 0 1 -29 0 0 0 1 1 0 0 0 0 1 -0 0 0 0 1 -29 0 0 0 1 1 0 0 0 0 1 -0 0 0 0 1 -29 0 0 0 1 1 0 0 0 0 1 -0 0 0 0 1 -29 0 0 0 1 1 0 0 0 0 0.996403074 0.084740277 0 0 -0.084740277 0.996403074 -29 0 0 0 1 1 0 0 0 0 0.985882277 0.167439946 0 0 -0.167439946 0.985882277 -29 0 0 0 1 1 0 0 0 0 0.96922234 0.246187034 0 0 -0.246187034 0.96922234 -29 0 0 0 1 1 0 0 0 0 0.947650726 0.319308786 0 0 -0.319308786 0.947650726 -29 0 0 0 1 1 0 0 0 0 0.922728927 0.385449513 0 0 -0.385449513 0.922728927 -29 0 0 0 1 1 0 0 0 0 0.896221396 0.443607044 0 0 -0.443607044 0.896221396 -29 0 0 0 1 1 0 0 0 0 0.86995776 0.493126248 0 0 -0.493126248 0.86995776 -29 0 0 0 1 1 0 0 0 0 0.845702299 0.533654965 0 0 -0.533654965 0.845702299 -29 0 0 0 1 1 0 0 0 0 0.825040931 0.565072971 0 0 -0.565072971 0.825040931 -29 0 0 0 1 1 0 0 0 0 0.809291251 0.587407585 0 0 -0.587407585 0.809291251 -29 0 0 0 1 1 0 0 0 0 0.799436817 0.600750177 0 0 -0.600750177 0.799436817 -29 0 0 0 1 1 0 0 0 0 0.796083799 0.605186406 0 0 -0.605186406 0.796083799 -29 0 0 0 1 1 0 0 0 0 0.799436817 0.600750177 0 0 -0.600750177 0.799436817 -29 0 0 0 1 1 0 0 0 0 0.809291251 0.587407585 0 0 -0.587407585 0.809291251 -29 0 0 0 1 1 0 0 0 0 0.825040931 0.565072971 0 0 -0.565072971 0.825040931 -29 0 0 0 1 1 0 0 0 0 0.845702299 0.533654965 0 0 -0.533654965 0.845702299 -29 0 0 0 1 1 0 0 0 0 0.86995776 0.493126248 0 0 -0.493126248 0.86995776 -29 0 0 0 1 1 0 0 0 0 0.896221396 0.443607044 0 0 -0.443607044 0.896221396 -29 0 0 0 1 1 0 0 0 0 0.922728927 0.385449513 0 0 -0.385449513 0.922728927 -29 0 0 0 1 1 0 0 0 0 0.947650726 0.319308786 0 0 -0.319308786 0.947650726 -29 0 0 0 1 1 0 0 0 0 0.96922234 0.246187034 0 0 -0.246187034 0.96922234 -29 0 0 0 1 1 0 0 0 0 0.985882277 0.167439946 0 0 -0.167439946 0.985882277 -29 0 0 0 1 1 0 0 0 0 0.996403074 0.084740277 0 0 -0.084740277 0.996403074 -29 0 0 0 1 1 0 0 0 0 1 7.96020419e-17 0 0 -7.96020419e-17 1 -29 0 0 0 1 1 0 0 0 0 1 -0 0 0 0 1 -29 0 0 0 1 1 0 0 0 0 1 -0 0 0 0 1 -29 0 0 0 1 1 0 0 0 0 1 -0 0 0 0 1 -29 0 0 0 1 1 0 0 0 0 1 -0 0 0 0 1 -29 0 0 0 1 1 0 0 0 0 1 -0 0 0 0 1 -29 0 0 0 1 1 0 0 0 0 1 -0 0 0 0 1 -29 0 0 0 1 1 0 0 0 0 1 -0 0 0 0 1 -29 0 0 0 1 1 0 0 0 0 1 -0 0 0 0 1 -29 0 0 0 1 1 0 0 0 0 1 -0 0 0 0 1 -29 0 0 0 1 1 0 0 0 0 1 -0 0 0 0 1 -29 0 0 0 1 1 0 0 0 0 1 -0 0 0 0 1 -29 0 0 0 1 1 0 0 0 0 1 -0 0 0 0 1 -29 0 0 0 1 1 0 0 0 0 1 -0 0 0 0 1 -29 0 0 0 1 1 0 0 0 0 1 -0 0 0 0 1 -29 0 0 0 1 1 0 0 0 0 1 -0 0 0 0 1 -29 0 0 0 1 1 0 0 0 0 1 -0 0 0 0 1 -29 0 0 0 1 1 0 0 0 0 1 -0 0 0 0 1 -29 0 0 0 1 1 0 0 0 0 1 -0 0 0 0 1 -29 0 0 0 1 1 0 0 0 0 1 -0 0 0 0 1 -29 0 0 0 1 1 0 0 0 0 1 -0 0 0 0 1 -29 0 0 0 1 1 0 0 0 0 1 -0 0 0 0 1 -29 0 0 0 1 1 0 0 0 0 1 -0 0 0 0 1 -29 0 0 0 1 1 0 0 0 0 1 -0 0 0 0 1 -29 0 0 0 1 1 0 0 0 0 1 -0 0 0 0 1 -29 0 0 0 1 1 0 0 0 0 1 -0 0 0 0 1 -29 0 0 0 1 1 0 0 0 0 0.985882277 0.167439946 0 0 -0.167439946 0.985882277 -29 0 0 0 1 1 0 0 0 0 0.947650726 0.319308786 0 0 -0.319308786 0.947650726 -29 0 0 0 1 1 0 0 0 0 0.896221396 0.443607044 0 0 -0.443607044 0.896221396 -29 0 0 0 1 1 0 0 0 0 0.845702299 0.533654965 0 0 -0.533654965 0.845702299 -29 0 0 0 1 1 0 0 0 0 0.809291251 0.587407585 0 0 -0.587407585 0.809291251 -29 0 0 0 1 1 0 0 0 0 0.796083799 0.605186406 0 0 -0.605186406 0.796083799 -29 0 0 0 1 1 0 0 0 0 0.809291251 0.587407585 0 0 -0.587407585 0.809291251 -29 0 0 0 1 1 0 0 0 0 0.845702299 0.533654965 0 0 -0.533654965 0.845702299 -29 0 0 0 1 1 0 0 0 0 0.896221396 0.443607044 0 0 -0.443607044 0.896221396 -29 0 0 0 1 1 0 0 0 0 0.947650726 0.319308786 0 0 -0.319308786 0.947650726 -29 0 0 0 1 1 0 0 0 0 0.985882277 0.167439946 0 0 -0.167439946 0.985882277 -29 0 0 0 1 1 0 0 0 0 1 7.96020419e-17 0 0 -7.96020419e-17 1 -29 0 0 0 1 1 0 0 0 0 1 -0 0 0 0 1 -29 0 0 0 1 1 0 0 0 0 1 -0 0 0 0 1 -29 0 0 0 1 1 0 0 0 0 1 -0 0 0 0 1 -29 0 0 0 1 1 0 0 0 0 1 -0 0 0 0 1 -29 0 0 0 1 1 0 0 0 0 1 -0 0 0 0 1 -29 0 0 0 1 1 0 0 0 0 1 -0 0 0 0 1 -29 0 0 0 1 1 0 0 0 0 1 -0 0 0 0 1 -29 0 0 0 1 1 0 0 0 0 1 -0 0 0 0 1 -29 0 0 0 1 1 0 0 0 0 1 -0 0 0 0 1 -29 0 0 0 1 1 0 0 0 0 1 -0 0 0 0 1 -29 0 0 0 1 1 0 0 0 0 1 -0 0 0 0 1 -29 0 0 0 1 1 0 0 0 0 1 -0 0 0 0 1 -29 0 0 0 1 1 0 0 0 0 1 -0 0 0 0 1 -29 0 0 0 1 1 0 0 0 0 1 -0 0 0 0 1 -29 0 0 0 1 1 0 0 0 0 1 -0 0 0 0 1 -29 0 0 0 1 1 0 0 0 0 1 -0 0 0 0 1 -29 0 0 0 1 1 0 0 0 0 1 -0 0 0 0 1 -29 0 0 0 1 1 0 0 0 0 1 -0 0 0 0 1 -29 0 0 0 1 1 0 0 0 0 1 -0 0 0 0 1 -29 0 0 0 1 1 0 0 0 0 1 -0 0 0 0 1 -29 0 0 0 1 1 0 0 0 0 1 -0 0 0 0 1 -29 0 0 0 1 1 0 0 0 0 1 -0 0 0 0 1 -29 0 0 0 1 1 0 0 0 0 1 -0 0 0 0 1 -29 0 0 0 1 1 0 0 0 0 1 -0 0 0 0 1 -29 0 0 0 1 1 0 0 0 0 1 -0 0 0 0 1 -29 0 0 0 1 1 0 0 0 0 1 -0 0 0 0 1 -29 0 0 0 1 1 0 0 0 0 1 -0 0 0 0 1 -29 0 0 0 1 1 0 0 0 0 1 -0 0 0 0 1 -29 0 0 0 1 1 0 0 0 0 1 -0 0 0 0 1 -29 0 0 0 1 1 0 0 0 0 1 -0 0 0 0 1 -29 0 0 0 1 1 0 0 0 0 1 -0 0 0 0 1 -29 0 0 0 1 1 0 0 0 0 1 -0 0 0 0 1 -29 0 0 0 1 1 0 0 0 0 1 -0 0 0 0 1 -29 0 0 0 1 1 0 0 0 0 1 -0 0 0 0 1 -29 0 0 0 1 1 0 0 0 0 1 -0 0 0 0 1 -29 0 0 0 1 1 0 0 0 0 1 -0 0 0 0 1 -29 0 0 0 1 1 0 0 0 0 1 -0 0 0 0 1 -29 0 0 0 1 1 0 0 0 0 1 -0 0 0 0 1 -29 0 0 0 1 1 0 0 0 0 1 -0 0 0 0 1 -29 0 0 0 1 1 0 0 0 0 1 -0 0 0 0 1 -29 0 0 0 1 1 0 0 0 0 1 -0 0 0 0 1 -29 0 0 0 1 1 0 0 0 0 1 -0 0 0 0 1 -29 0 0 0 1 1 0 0 0 0 1 -0 0 0 0 1 -29 0 0 0 1 1 0 0 0 0 1 -0 0 0 0 1 -29 0 0 0 1 1 0 0 0 0 1 -0 0 0 0 1 -29 0 0 0 1 1 0 0 0 0 1 -0 0 0 0 1 -29 0 0 0 1 1 0 0 0 0 1 -0 0 0 0 1 -29 0 0 0 1 1 0 0 0 0 1 -0 0 0 0 1 -29 0 0 0 1 1 0 0 0 0 1 -0 0 0 0 1 -29 0 0 0 1 1 0 0 0 0 1 -0 0 0 0 1 -29 0 0 0 1 1 0 0 0 0 1 -0 0 0 0 1 -29 0 0 0 1 1 0 0 0 0 1 -0 0 0 0 1 -29 0 0 0 1 1 0 0 0 0 1 -0 0 0 0 1 -29 0 0 0 1 1 0 0 0 0 1 -0 0 0 0 1 -29 0 0 0 1 1 0 0 0 0 1 -0 0 0 0 1 -29 0 0 0 1 1 0 0 0 0 1 -0 0 0 0 1 -29 0 0 0 1 1 0 0 0 0 1 -0 0 0 0 1 -29 0 0 0 1 1 0 0 0 0 1 -0 0 0 0 1 -29 0 0 0 1 1 0 0 0 0 1 -0 0 0 0 1 -29 0 0 0 1 1 0 0 0 0 1 -0 0 0 0 1 -29 0 0 0 1 1 0 0 0 0 1 -0 0 0 0 1 -29 0 0 0 1 1 0 0 0 0 1 -0 0 0 0 1 -29 0 0 0 1 1 0 0 0 0 1 -0 0 0 0 1 -29 0 0 0 1 1 0 0 0 0 1 -0 0 0 0 1 -29 0 0 0 1 1 0 0 0 0 1 -0 0 0 0 1 -29 0 0 0 1 1 0 0 0 0 1 -0 0 0 0 1 -29 0 0 0 1 1 0 0 0 0 1 -0 0 0 0 1 -29 0 0 0 1 1 0 0 0 0 1 -0 0 0 0 1 -29 0 0 0 1 1 0 0 0 0 1 -0 0 0 0 1 -29 0 0 0 1 1 0 0 0 0 1 -0 0 0 0 1 -29 0 0 0 1 1 0 0 0 0 1 -0 0 0 0 1 -29 0 0 0 1 1 0 0 0 0 1 -0 0 0 0 1 -29 0 0 0 1 1 0 0 0 0 1 -0 0 0 0 1 -29 0 0 0 1 1 0 0 0 0 1 -0 0 0 0 1 -29 0 0 0 1 1 0 0 0 0 1 -0 0 0 0 1 -29 0 0 0 1 1 0 0 0 0 1 -0 0 0 0 1 -29 0 0 0 1 1 0 0 0 0 1 -0 0 0 0 1 -29 0 0 0 1 1 0 0 0 0 1 -0 0 0 0 1 -29 0 0 0 1 1 0 0 0 0 1 -0 0 0 0 1 -29 0 0 0 1 1 0 0 0 0 1 -0 0 0 0 1 -29 0 0 0 1 1 0 0 0 0 1 -0 0 0 0 1 -29 0 0 0 1 1 0 0 0 0 1 -0 0 0 0 1 -29 0 0 0 1 1 0 0 0 0 1 -0 0 0 0 1 -29 0 0 0 1 1 0 0 0 0 1 -0 0 0 0 1 -29 0 0 0 1 1 0 0 0 0 1 -0 0 0 0 1 -29 0 0 0 1 1 0 0 0 0 1 -0 0 0 0 1 -29 0 0 0 1 1 0 0 0 0 1 -0 0 0 0 1 -29 0 0 0 1 1 0 0 0 0 1 -0 0 0 0 1 -29 0 0 0 1 1 0 0 0 0 1 -0 0 0 0 1 -29 0 0 0 1 1 0 0 0 0 1 -0 0 0 0 1 -29 0 0 0 1 1 0 0 0 0 1 -0 0 0 0 1 -29 0 0 0 1 1 0 0 0 0 1 -0 0 0 0 1 -29 0 0 0 1 1 0 0 0 0 1 -0 0 0 0 1 -29 0 0 0 1 1 0 0 0 0 1 -0 0 0 0 1 -29 0 0 0 1 1 0 0 0 0 1 -0 0 0 0 1 -29 0 0 0 1 1 0 0 0 0 1 -0 0 0 0 1 -29 0 0 0 1 1 0 0 0 0 1 -0 0 0 0 1 -29 0 0 0 1 1 0 0 0 0 1 -0 0 0 0 1 -29 0 0 0 1 1 0 0 0 0 1 -0 0 0 0 1 -29 0 0 0 1 1 0 0 0 0 1 -0 0 0 0 1 -29 0 0 0 1 1 0 0 0 0 1 -0 0 0 0 1 -29 0 0 0 1 1 0 0 0 0 1 -0 0 0 0 1 -29 0 0 0 1 1 0 0 0 0 1 -0 0 0 0 1 -29 0 0 0 1 1 0 0 0 0 1 -0 0 0 0 1 -29 0 0 0 1 1 0 0 0 0 1 -0 0 0 0 1 -29 0 0 0 1 1 0 0 0 0 1 -0 0 0 0 1 -29 0 0 0 1 1 0 0 0 0 1 -0 0 0 0 1 -29 0 0 0 1 1 0 0 0 0 1 -0 0 0 0 1 -29 0 0 0 1 1 0 0 0 0 1 -0 0 0 0 1 -29 0 0 0 1 1 0 0 0 0 1 -0 0 0 0 1 -29 0 0 0 1 1 0 0 0 0 1 -0 0 0 0 1 -29 0 0 0 1 1 0 0 0 0 1 -0 0 0 0 1 -29 0 0 0 1 1 0 0 0 0 1 -0 0 0 0 1 -29 0 0 0 1 1 0 0 0 0 1 -0 0 0 0 1 -29 0 0 0 1 1 0 0 0 0 1 -0 0 0 0 1 -29 0 0 0 1 1 0 0 0 0 1 -0 0 0 0 1 -29 0 0 0 1 1 0 0 0 0 1 -0 0 0 0 1 -29 0 0 0 1 1 0 0 0 0 1 -0 0 0 0 1 -29 0 0 0 1 1 0 0 0 0 1 -0 0 0 0 1 -29 0 0 0 1 1 0 0 0 0 1 -0 0 0 0 1 -29 0 0 0 1 1 0 0 0 0 1 -0 0 0 0 1 -29 0 0 0 1 1 0 0 0 0 1 -0 0 0 0 1 -29 0 0 0 1 1 0 0 0 0 1 -0 0 0 0 1 -29 0 0 0 1 1 0 0 0 0 1 -0 0 0 0 1 -29 0 0 0 1 1 0 0 0 0 1 -0 0 0 0 1 -29 0 0 0 1 1 0 0 0 0 1 -0 0 0 0 1 -29 0 0 0 1 1 0 0 0 0 1 -0 0 0 0 1 -29 0 0 0 1 1 0 0 0 0 1 -0 0 0 0 1 -29 0 0 0 1 1 0 0 0 0 1 -0 0 0 0 1 -29 0 0 0 1 1 0 0 0 0 1 -0 0 0 0 1 -29 0 0 0 1 1 0 0 0 0 1 -0 0 0 0 1 -29 0 0 0 1 1 0 0 0 0 1 -0 0 0 0 1 -29 0 0 0 1 1 0 0 0 0 1 -0 0 0 0 1 -29 0 0 0 1 1 0 0 0 0 1 -0 0 0 0 1 -29 0 0 0 1 1 0 0 0 0 1 -0 0 0 0 1 -29 0 0 0 1 1 0 0 0 0 1 -0 0 0 0 1 -29 0 0 0 1 1 0 0 0 0 1 -0 0 0 0 1 -29 0 0 0 1 1 0 0 0 0 1 -0 0 0 0 1 -29 0 0 0 1 1 0 0 0 0 1 -0 0 0 0 1 -29 0 0 0 1 1 0 0 0 0 1 -0 0 0 0 1 -29 0 0 0 1 1 0 0 0 0 1 -0 0 0 0 1 -29 0 0 0 1 1 0 0 0 0 1 -0 0 0 0 1 -29 0 0 0 1 1 0 0 0 0 1 -0 0 0 0 1 -29 0 0 0 1 1 0 0 0 0 1 -0 0 0 0 1 -29 0 0 0 1 1 0 0 0 0 1 -0 0 0 0 1 -29 0 0 0 1 1 0 0 0 0 1 -0 0 0 0 1 -29 0 0 0 1 1 0 0 0 0 1 -0 0 0 0 1 -29 0 0 0 1 1 0 0 0 0 1 -0 0 0 0 1 -29 0 0 0 1 1 0 0 0 0 1 -0 0 0 0 1 -29 0 0 0 1 1 0 0 0 0 1 -0 0 0 0 1 -29 0 0 0 1 1 0 0 0 0 1 -0 0 0 0 1 -29 0 0 0 1 1 0 0 0 0 1 -0 0 0 0 1 -29 0 0 0 1 1 0 0 0 0 1 -0 0 0 0 1 -29 0 0 0 1 1 0 0 0 0 1 -0 0 0 0 1 -29 0 0 0 1 1 0 0 0 0 1 -0 0 0 0 1 -29 0 0 0 1 1 0 0 0 0 1 -0 0 0 0 1 -29 0 0 0 1 1 0 0 0 0 1 -0 0 0 0 1 -29 0 0 0 1 1 0 0 0 0 1 -0 0 0 0 1 -29 0 0 0 1 1 0 0 0 0 1 -0 0 0 0 1 -29 0 0 0 1 1 0 0 0 0 1 -0 0 0 0 1 -29 0 0 0 1 1 0 0 0 0 1 -0 0 0 0 1 -29 0 0 0 1 1 0 0 0 0 1 -0 0 0 0 1 -29 0 0 0 1 1 0 0 0 0 1 -0 0 0 0 1 -29 0 0 0 1 1 0 0 0 0 1 -0 0 0 0 1 -29 0 0 0 1 1 0 0 0 0 1 -0 0 0 0 1 -29 0 0 0 1 1 0 0 0 0 1 -0 0 0 0 1 -29 0 0 0 1 1 0 0 0 0 1 -0 0 0 0 1 -29 0 0 0 1 1 0 0 0 0 1 -0 0 0 0 1 -29 0 0 0 1 1 0 0 0 0 1 -0 0 0 0 1 -29 0 0 0 1 1 0 0 0 0 1 -0 0 0 0 1 -29 0 0 0 1 1 0 0 0 0 1 -0 0 0 0 1 -29 0 0 0 1 1 0 0 0 0 1 -0 0 0 0 1 -29 0 0 0 1 1 0 0 0 0 1 -0 0 0 0 1 -29 0 0 0 1 1 0 0 0 0 1 -0 0 0 0 1 -29 0 0 0 1 1 0 0 0 0 1 -0 0 0 0 1 -29 0 0 0 1 1 0 0 0 0 1 -0 0 0 0 1 -29 0 0 0 1 1 0 0 0 0 1 -0 0 0 0 1 -29 0 0 0 1 1 0 0 0 0 1 -0 0 0 0 1 -29 0 0 0 1 1 0 0 0 0 1 -0 0 0 0 1 -29 0 0 0 1 1 0 0 0 0 1 -0 0 0 0 1 -29 0 0 0 1 1 0 0 0 0 1 -0 0 0 0 1 -29 0 0 0 1 1 0 0 0 0 1 -0 0 0 0 1 -29 0 0 0 1 1 0 0 0 0 1 -0 0 0 0 1 -29 0 0 0 1 1 0 0 0 0 1 -0 0 0 0 1 -29 0 0 0 1 1 0 0 0 0 1 -0 0 0 0 1 -29 0 0 0 1 1 0 0 0 0 1 -0 0 0 0 1 -29 0 0 0 1 1 0 0 0 0 1 -0 0 0 0 1 -29 0 0 0 1 1 0 0 0 0 1 -0 0 0 0 1 -29 0 0 0 1 1 0 0 0 0 1 -0 0 0 0 1 -29 0 0 0 1 1 0 0 0 0 1 -0 0 0 0 1 -29 0 0 0 1 1 0 0 0 0 1 -0 0 0 0 1 -29 0 0 0 1 1 0 0 0 0 1 -0 0 0 0 1 -29 0 0 0 1 1 0 0 0 0 1 -0 0 0 0 1 -29 0 0 0 1 1 0 0 0 0 1 -0 0 0 0 1 -29 0 0 0 1 1 0 0 0 0 1 -0 0 0 0 1 -29 0 0 0 1 1 0 0 0 0 1 -0 0 0 0 1 -29 0 0 0 1 1 0 0 0 0 1 -0 0 0 0 1 -29 0 0 0 1 1 0 0 0 0 1 -0 0 0 0 1 -29 0 0 0 1 1 0 0 0 0 1 -0 0 0 0 1 -29 0 0 0 1</float_array>
        <technique_common>
          <accessor source="#HR_Lower-output-array" count="322" stride="16">
            <param name="TRANSFORM" type="float4x4" />
          </accessor>
        </technique_common>
      </source>
      <source id="HR_Lower-interpolation">
        <Name_array id="HR_Lower-interpolation-array" count="322">LINEAR LINEAR LINEAR LINEAR LINEAR LINEAR LINEAR LINEAR LINEAR LINEAR LINEAR LINEAR LINEAR LINEAR LINEAR LINEAR LINEAR LINEAR LINEAR LINEAR LINEAR LINEAR LINEAR LINEAR LINEAR LINEAR LINEAR LINEAR LINEAR LINEAR LINEAR LINEAR LINEAR LINEAR LINEAR LINEAR LINEAR LINEAR LINEAR LINEAR LINEAR LINEAR LINEAR LINEAR LINEAR LINEAR LINEAR LINEAR LINEAR LINEAR LINEAR LINEAR LINEAR LINEAR LINEAR LINEAR LINEAR LINEAR LINEAR LINEAR LINEAR LINEAR LINEAR LINEAR LINEAR LINEAR LINEAR LINEAR LINEAR LINEAR LINEAR LINEAR LINEAR LINEAR LINEAR LINEAR LINEAR LINEAR LINEAR LINEAR LINEAR LINEAR LINEAR LINEAR LINEAR LINEAR LINEAR LINEAR LINEAR LINEAR LINEAR LINEAR LINEAR LINEAR LINEAR LINEAR LINEAR LINEAR LINEAR LINEAR LINEAR LINEAR LINEAR LINEAR LINEAR LINEAR LINEAR LINEAR LINEAR LINEAR LINEAR LINEAR LINEAR LINEAR LINEAR LINEAR LINEAR LINEAR LINEAR LINEAR LINEAR LINEAR LINEAR LINEAR LINEAR LINEAR LINEAR LINEAR LINEAR LINEAR LINEAR LINEAR LINEAR LINEAR LINEAR LINEAR LINEAR LINEAR LINEAR LINEAR LINEAR LINEAR LINEAR LINEAR LINEAR LINEAR LINEAR LINEAR LINEAR LINEAR LINEAR LINEAR LINEAR LINEAR LINEAR LINEAR LINEAR LINEAR LINEAR LINEAR LINEAR LINEAR LINEAR LINEAR LINEAR LINEAR LINEAR LINEAR LINEAR LINEAR LINEAR LINEAR LINEAR LINEAR LINEAR LINEAR LINEAR LINEAR LINEAR LINEAR LINEAR LINEAR LINEAR LINEAR LINEAR LINEAR LINEAR LINEAR LINEAR LINEAR LINEAR LINEAR LINEAR LINEAR LINEAR LINEAR LINEAR LINEAR LINEAR LINEAR LINEAR LINEAR LINEAR LINEAR LINEAR LINEAR LINEAR LINEAR LINEAR LINEAR LINEAR LINEAR LINEAR LINEAR LINEAR LINEAR LINEAR LINEAR LINEAR LINEAR LINEAR LINEAR LINEAR LINEAR LINEAR LINEAR LINEAR LINEAR LINEAR LINEAR LINEAR LINEAR LINEAR LINEAR LINEAR LINEAR LINEAR LINEAR LINEAR LINEAR LINEAR LINEAR LINEAR LINEAR LINEAR LINEAR LINEAR LINEAR LINEAR LINEAR LINEAR LINEAR LINEAR LINEAR LINEAR LINEAR LINEAR LINEAR LINEAR LINEAR LINEAR LINEAR LINEAR LINEAR LINEAR LINEAR LINEAR LINEAR LINEAR LINEAR LINEAR LINEAR LINEAR LINEAR LINEAR LINEAR LINEAR LINEAR LINEAR LINEAR LINEAR LINEAR LINEAR LINEAR LINEAR LINEAR LINEAR LINEAR LINEAR LINEAR LINEAR LINEAR LINEAR LINEAR LINEAR LINEAR LINEAR LINEAR LINEAR LINEAR LINEAR LINEAR LINEAR LINEAR LINEAR LINEAR LINEAR LINEAR LINEAR LINEAR LINEAR LINEAR LINEAR LINEAR LINEAR LINEAR LINEAR LINEAR LINEAR LINEAR LINEAR LINEAR</Name_array>
        <technique_common>
          <accessor source="#HR_Lower-interpolation-array" count="322" stride="1">
            <param name="INTERPOLATION" type="Name" />
          </accessor>
        </technique_common>
      </source>
      <sampler id="HR_Lower-sampler">
        <input semantic="INPUT" source="#HR_Lower-time" />
        <input semantic="OUTPUT" source="#HR_Lower-output" />
        <input semantic="INTERPOLATION" source="#HR_Lower-interpolation" />
      </sampler>
      <channel source="#HR_Lower-sampler" target="HR_Lower/transform" />
    </animation>
  </library_animations>
  <scene>
    <instance_visual_scene url="#AnimalScene" />
  </scene>
</COLLADA>