<?xml version='1.0' encoding='utf8'?>
<COLLADA xmlns="http://www.collada.org/2005/11/COLLADASchema" version="1.4.1"><asset><created>2026-10-03T13:05:23.124816+00:00</created><unit name="OpenMWUnit" meter="0.014285714" /><up_axis>Z_UP</up_axis></asset><library_images><image id="leaf-image"><init_from>textures/rezero/leaf.dds</init_from></image></library_images><library_effects><effect id="leaf-effect"><profile_COMMON><newparam sid="leaf-surface"><surface type="2D"><init_from>leaf-image</init_from></surface></newparam><newparam sid="leaf-sampler"><sampler2D><source>leaf-surface</source></sampler2D></newparam><technique sid="common"><phong><emission><color>0 0 0 1</color></emission><ambient><color>.5 .5 .5 1</color></ambient><diffuse><texture texture="leaf-sampler" texcoord="UVMap" /></diffuse><specular><color>0.14 0.14 0.14 1</color></specular><shininess><float>24</float></shininess></phong></technique></profile_COMMON></effect></library_effects><library_materials><material id="leaf-material"><instance_effect url="#leaf-effect" /></material></library_materials><library_geometries><geometry id="rezero-leaf"><mesh><source id="rezero-leaf-p"><float_array id="rezero-leaf-p-array" count="15264">9.09297427 0.55 -68 8.7421735 0.38890873 -68.1678953 2.05075866 0.38890873 -54.1856541 9.09297427 0.55 -68 2.05075866 0.38890873 -54.1856541 2.39249329 0.55 -54 8.7421735 0.38890873 -68.1678953 8.59686707 3.3677787e-17 -68.2374398 1.90920754 3.3677787e-17 -54.2625545 8.7421735 0.38890873 -68.1678953 1.90920754 3.3677787e-17 -54.2625545 2.05075866 0.38890873 -54.1856541 8.59686707 3.3677787e-17 -68.2374398 8.7421735 -0.38890873 -68.1678953 2.05075866 -0.38890873 -54.1856541 8.59686707 3.3677787e-17 -68.2374398 2.05075866 -0.38890873 -54.1856541 1.90920754 3.3677787e-17 -54.2625545 8.7421735 -0.38890873 -68.1678953 9.09297427 -0.55 -68 2.39249329 -0.55 -54 8.7421735 -0.38890873 -68.1678953 2.39249329 -0.55 -54 2.05075866 -0.38890873 -54.1856541 9.09297427 -0.55 -68 9.44377503 -0.38890873 -67.8321047 2.73422792 -0.38890873 -53.8143459 9.09297427 -0.55 -68 2.73422792 -0.38890873 -53.8143459 2.39249329 -0.55 -54 9.44377503 -0.38890873 -67.8321047 9.58908147 -1.01033361e-16 -67.7625602 2.87577904 -1.01033361e-16 -53.7374455 9.44377503 -0.38890873 -67.8321047 2.87577904 -1.01033361e-16 -53.7374455 2.73422792 -0.38890873 -53.8143459 9.58908147 -1.01033361e-16 -67.7625602 9.44377503 0.38890873 -67.8321047 2.73422792 0.38890873 -53.8143459 9.58908147 -1.01033361e-16 -67.7625602 2.73422792 0.38890873 -53.8143459 2.87577904 -1.01033361e-16 -53.7374455 9.44377503 0.38890873 -67.8321047 9.09297427 0.55 -68 2.39249329 0.55 -54 9.44377503 0.38890873 -67.8321047 2.39249329 0.55 -54 2.73422792 0.38890873 -53.8143459 2.39249329 0.55 -54 2.05075866 0.38890873 -54.1856541 -6.47421627 0.38890873 -40.1573915 2.39249329 0.55 -54 -6.47421627 0.38890873 -40.1573915 -6.11857891 0.55 -40 2.05075866 0.38890873 -54.1856541 1.90920754 3.3677787e-17 -54.2625545 -6.62152609 3.3677787e-17 -40.2225851 2.05075866 0.38890873 -54.1856541 -6.62152609 3.3677787e-17 -40.2225851 -6.47421627 0.38890873 -40.1573915 1.90920754 3.3677787e-17 -54.2625545 2.05075866 -0.38890873 -54.1856541 -6.47421627 -0.38890873 -40.1573915 1.90920754 3.3677787e-17 -54.2625545 -6.47421627 -0.38890873 -40.1573915 -6.62152609 3.3677787e-17 -40.2225851 2.05075866 -0.38890873 -54.1856541 2.39249329 -0.55 -54 -6.11857891 -0.55 -40 2.05075866 -0.38890873 -54.1856541 -6.11857891 -0.55 -40 -6.47421627 -0.38890873 -40.1573915 2.39249329 -0.55 -54 2.73422792 -0.38890873 -53.8143459 -5.76294155 -0.38890873 -39.8426085 2.39249329 -0.55 -54 -5.76294155 -0.38890873 -39.8426085 -6.11857891 -0.55 -40 2.73422792 -0.38890873 -53.8143459 2.87577904 -1.01033361e-16 -53.7374455 -5.61563173 -1.01033361e-16 -39.7774149 2.73422792 -0.38890873 -53.8143459 -5.61563173 -1.01033361e-16 -39.7774149 -5.76294155 -0.38890873 -39.8426085 2.87577904 -1.01033361e-16 -53.7374455 2.73422792 0.38890873 -53.8143459 -5.76294155 0.38890873 -39.8426085 2.87577904 -1.01033361e-16 -53.7374455 -5.76294155 0.38890873 -39.8426085 -5.61563173 -1.01033361e-16 -39.7774149 2.73422792 0.38890873 -53.8143459 2.39249329 0.55 -54 -6.11857891 0.55 -40 2.73422792 0.38890873 -53.8143459 -6.11857891 0.55 -40 -5.76294155 0.38890873 -39.8426085 -6.11857891 0.55 -40 -6.47421627 0.38890873 -40.1573915 -10.388132 -0.38890873 -26.0026957 -6.11857891 0.55 -40 -10.388132 -0.38890873 -26.0026957 -10.5492194 0 -26.0038123 -6.47421627 0.38890873 -40.1573915 -6.62152609 3.3677787e-17 -40.2225851 -9.99923258 -0.55 -26 -6.47421627 0.38890873 -40.1573915 -9.99923258 -0.55 -26 -10.388132 -0.38890873 -26.0026957 -6.62152609 3.3677787e-17 -40.2225851 -6.47421627 -0.38890873 -40.1573915 -9.61033319 -0.38890873 -25.9973043 -6.62152609 3.3677787e-17 -40.2225851 -9.61033319 -0.38890873 -25.9973043 -9.99923258 -0.55 -26 -6.47421627 -0.38890873 -40.1573915 -6.11857891 -0.55 -40 -9.44924579 -6.7355574e-17 -25.9961877 -6.47421627 -0.38890873 -40.1573915 -9.44924579 -6.7355574e-17 -25.9961877 -9.61033319 -0.38890873 -25.9973043 -6.11857891 -0.55 -40 -5.76294155 -0.38890873 -39.8426085 -9.61033319 0.38890873 -25.9973043 -6.11857891 -0.55 -40 -9.61033319 0.38890873 -25.9973043 -9.44924579 -6.7355574e-17 -25.9961877 -5.76294155 -0.38890873 -39.8426085 -5.61563173 -1.01033361e-16 -39.7774149 -9.99923258 0.55 -26 -5.76294155 -0.38890873 -39.8426085 -9.99923258 0.55 -26 -9.61033319 0.38890873 -25.9973043 -5.61563173 -1.01033361e-16 -39.7774149 -5.76294155 0.38890873 -39.8426085 -10.388132 0.38890873 -26.0026957 -5.61563173 -1.01033361e-16 -39.7774149 -10.388132 0.38890873 -26.0026957 -9.99923258 0.55 -26 -5.76294155 0.38890873 -39.8426085 -6.11857891 0.55 -40 -10.5492194 0 -26.0038123 -5.76294155 0.38890873 -39.8426085 -10.5492194 0 -26.0038123 -10.388132 0.38890873 -26.0026957 -10.5492194 0 -26.0038123 -10.388132 -0.38890873 -26.0026957 -5.95590052 -0.38890873 -12.1548164 -10.5492194 0 -26.0038123 -5.95590052 -0.38890873 -12.1548164 -6.31266638 -0.55 -12 -10.388132 -0.38890873 -26.0026957 -9.99923258 -0.55 -26 -5.80812326 -3.3677787e-17 -12.2189435 -10.388132 -0.38890873 -26.0026957 -5.80812326 -3.3677787e-17 -12.2189435 -5.95590052 -0.38890873 -12.1548164 -9.99923258 -0.55 -26 -9.61033319 -0.38890873 -25.9973043 -5.95590052 0.38890873 -12.1548164 -9.99923258 -0.55 -26 -5.95590052 0.38890873 -12.1548164 -5.80812326 -3.3677787e-17 -12.2189435 -9.61033319 -0.38890873 -25.9973043 -9.44924579 -6.7355574e-17 -25.9961877 -6.31266638 0.55 -12 -9.61033319 -0.38890873 -25.9973043 -6.31266638 0.55 -12 -5.95590052 0.38890873 -12.1548164 -9.44924579 -6.7355574e-17 -25.9961877 -9.61033319 0.38890873 -25.9973043 -6.66943224 0.38890873 -11.8451836 -9.44924579 -6.7355574e-17 -25.9961877 -6.66943224 0.38890873 -11.8451836 -6.31266638 0.55 -12 -9.61033319 0.38890873 -25.9973043 -9.99923258 0.55 -26 -6.8172095 1.01033361e-16 -11.7810565 -9.61033319 0.38890873 -25.9973043 -6.8172095 1.01033361e-16 -11.7810565 -6.66943224 0.38890873 -11.8451836 -9.99923258 0.55 -26 -10.388132 0.38890873 -26.0026957 -6.66943224 -0.38890873 -11.8451836 -9.99923258 0.55 -26 -6.66943224 -0.38890873 -11.8451836 -6.8172095 1.01033361e-16 -11.7810565 -10.388132 0.38890873 -26.0026957 -10.5492194 0 -26.0038123 -6.31266638 -0.55 -12 -10.388132 0.38890873 -26.0026957 -6.31266638 -0.55 -12 -6.66943224 -0.38890873 -11.8451836 -6.31266638 -0.55 -12 -5.95590052 -0.38890873 -12.1548164 2.49248259 -0.38890873 1.81351646 -6.31266638 -0.55 -12 2.49248259 -0.38890873 1.81351646 2.15119988 -0.55 2 -5.95590052 -0.38890873 -12.1548164 -5.80812326 -3.3677787e-17 -12.2189435 2.63384652 -3.3677787e-17 1.73627244 -5.95590052 -0.38890873 -12.1548164 2.63384652 -3.3677787e-17 1.73627244 2.49248259 -0.38890873 1.81351646 -5.80812326 -3.3677787e-17 -12.2189435 -5.95590052 0.38890873 -12.1548164 2.49248259 0.38890873 1.81351646 -5.80812326 -3.3677787e-17 -12.2189435 2.49248259 0.38890873 1.81351646 2.63384652 -3.3677787e-17 1.73627244 -5.95590052 0.38890873 -12.1548164 -6.31266638 0.55 -12 2.15119988 0.55 2 -5.95590052 0.38890873 -12.1548164 2.15119988 0.55 2 2.49248259 0.38890873 1.81351646 -6.31266638 0.55 -12 -6.66943224 0.38890873 -11.8451836 1.80991717 0.38890873 2.18648354 -6.31266638 0.55 -12 1.80991717 0.38890873 2.18648354 2.15119988 0.55 2 -6.66943224 0.38890873 -11.8451836 -6.8172095 1.01033361e-16 -11.7810565 1.66855324 1.01033361e-16 2.26372756 -6.66943224 0.38890873 -11.8451836 1.66855324 1.01033361e-16 2.26372756 1.80991717 0.38890873 2.18648354 -6.8172095 1.01033361e-16 -11.7810565 -6.66943224 -0.38890873 -11.8451836 1.80991717 -0.38890873 2.18648354 -6.8172095 1.01033361e-16 -11.7810565 1.80991717 -0.38890873 2.18648354 1.66855324 1.01033361e-16 2.26372756 -6.66943224 -0.38890873 -11.8451836 -6.31266638 -0.55 -12 2.15119988 -0.55 2 -6.66943224 -0.38890873 -11.8451836 2.15119988 -0.55 2 1.80991717 -0.38890873 2.18648354 2.15119988 -0.55 2 2.49248259 -0.38890873 1.81351646 8.60937668 -0.38890873 16.0926794 2.15119988 -0.55 2 8.60937668 -0.38890873 16.0926794 8.45292644 0 16.1310685 2.49248259 -0.38890873 1.81351646 2.63384652 -3.3677787e-17 1.73627244 8.98708096 -0.55 16 2.49248259 -0.38890873 1.81351646 8.98708096 -0.55 16 8.60937668 -0.38890873 16.0926794 2.63384652 -3.3677787e-17 1.73627244 2.49248259 0.38890873 1.81351646 9.36478524 -0.38890873 15.9073206 2.63384652 -3.3677787e-17 1.73627244 9.36478524 -0.38890873 15.9073206 8.98708096 -0.55 16 2.49248259 0.38890873 1.81351646 2.15119988 0.55 2 9.52123547 -6.7355574e-17 15.8689315 2.49248259 0.38890873 1.81351646 9.52123547 -6.7355574e-17 15.8689315 9.36478524 -0.38890873 15.9073206 2.15119988 0.55 2 1.80991717 0.38890873 2.18648354 9.36478524 0.38890873 15.9073206 2.15119988 0.55 2 9.36478524 0.38890873 15.9073206 9.52123547 -6.7355574e-17 15.8689315 1.80991717 0.38890873 2.18648354 1.66855324 1.01033361e-16 2.26372756 8.98708096 0.55 16 1.80991717 0.38890873 2.18648354 8.98708096 0.55 16 9.36478524 0.38890873 15.9073206 1.66855324 1.01033361e-16 2.26372756 1.80991717 -0.38890873 2.18648354 8.60937668 0.38890873 16.0926794 1.66855324 1.01033361e-16 2.26372756 8.60937668 0.38890873 16.0926794 8.98708096 0.55 16 1.80991717 -0.38890873 2.18648354 2.15119988 -0.55 2 8.45292644 0 16.1310685 1.80991717 -0.38890873 2.18648354 8.45292644 0 16.1310685 8.60937668 0.38890873 16.0926794 8.45292644 0 16.1310685 8.60937668 -0.38890873 16.0926794 8.64366573 -0.38890873 29.9087518 8.45292644 0 16.1310685 8.64366573 -0.38890873 29.9087518 8.48707121 0 29.8709556 8.60937668 -0.38890873 16.0926794 8.98708096 -0.55 16 9.02171834 -0.55 30 8.60937668 -0.38890873 16.0926794 9.02171834 -0.55 30 8.64366573 -0.38890873 29.9087518 8.98708096 -0.55 16 9.36478524 -0.38890873 15.9073206 9.39977095 -0.38890873 30.0912482 8.98708096 -0.55 16 9.39977095 -0.38890873 30.0912482 9.02171834 -0.55 30 9.36478524 -0.38890873 15.9073206 9.52123547 -6.7355574e-17 15.8689315 9.55636546 -6.7355574e-17 30.1290444 9.36478524 -0.38890873 15.9073206 9.55636546 -6.7355574e-17 30.1290444 9.39977095 -0.38890873 30.0912482 9.52123547 -6.7355574e-17 15.8689315 9.36478524 0.38890873 15.9073206 9.39977095 0.38890873 30.0912482 9.52123547 -6.7355574e-17 15.8689315 9.39977095 0.38890873 30.0912482 9.55636546 -6.7355574e-17 30.1290444 9.36478524 0.38890873 15.9073206 8.98708096 0.55 16 9.02171834 0.55 30 9.36478524 0.38890873 15.9073206 9.02171834 0.55 30 9.39977095 0.38890873 30.0912482 8.98708096 0.55 16 8.60937668 0.38890873 16.0926794 8.64366573 0.38890873 29.9087518 8.98708096 0.55 16 8.64366573 0.38890873 29.9087518 9.02171834 0.55 30 8.60937668 0.38890873 16.0926794 8.45292644 0 16.1310685 8.48707121 0 29.8709556 8.60937668 0.38890873 16.0926794 8.48707121 0 29.8709556 8.64366573 0.38890873 29.9087518 8.48707121 0 29.8709556 8.64366573 -0.38890873 29.9087518 1.88747634 0.38890873 43.8137731 8.48707121 0 29.8709556 1.88747634 0.38890873 43.8137731 2.22889914 0.55 44 8.64366573 -0.38890873 29.9087518 9.02171834 -0.55 30 1.74605438 3.3677787e-17 43.7366353 8.64366573 -0.38890873 29.9087518 1.74605438 3.3677787e-17 43.7366353 1.88747634 0.38890873 43.8137731 9.02171834 -0.55 30 9.39977095 -0.38890873 30.0912482 1.88747634 -0.38890873 43.8137731 9.02171834 -0.55 30 1.88747634 -0.38890873 43.8137731 1.74605438 3.3677787e-17 43.7366353 9.39977095 -0.38890873 30.0912482 9.55636546 -6.7355574e-17 30.1290444 2.22889914 -0.55 44 9.39977095 -0.38890873 30.0912482 2.22889914 -0.55 44 1.88747634 -0.38890873 43.8137731 9.55636546 -6.7355574e-17 30.1290444 9.39977095 0.38890873 30.0912482 2.57032194 -0.38890873 44.1862269 9.55636546 -6.7355574e-17 30.1290444 2.57032194 -0.38890873 44.1862269 2.22889914 -0.55 44 9.39977095 0.38890873 30.0912482 9.02171834 0.55 30 2.7117439 -1.01033361e-16 44.2633647 9.39977095 0.38890873 30.0912482 2.7117439 -1.01033361e-16 44.2633647 2.57032194 -0.38890873 44.1862269 9.02171834 0.55 30 8.64366573 0.38890873 29.9087518 2.57032194 0.38890873 44.1862269 9.02171834 0.55 30 2.57032194 0.38890873 44.1862269 2.7117439 -1.01033361e-16 44.2633647 8.64366573 0.38890873 29.9087518 8.48707121 0 29.8709556 2.22889914 0.55 44 8.64366573 0.38890873 29.9087518 2.22889914 0.55 44 2.57032194 0.38890873 44.1862269 2.22889914 0.55 44 1.88747634 0.38890873 43.8137731 -6.60710709 0.38890873 57.8443446 2.22889914 0.55 44 -6.60710709 0.38890873 57.8443446 -6.25070649 0.55 58 1.88747634 0.38890873 43.8137731 1.74605438 3.3677787e-17 43.7366353 -6.75473305 3.3677787e-17 57.77987 1.88747634 0.38890873 43.8137731 -6.75473305 3.3677787e-17 57.77987 -6.60710709 0.38890873 57.8443446 1.74605438 3.3677787e-17 43.7366353 1.88747634 -0.38890873 43.8137731 -6.60710709 -0.38890873 57.8443446 1.74605438 3.3677787e-17 43.7366353 -6.60710709 -0.38890873 57.8443446 -6.75473305 3.3677787e-17 57.77987 1.88747634 -0.38890873 43.8137731 2.22889914 -0.55 44 -6.25070649 -0.55 58 1.88747634 -0.38890873 43.8137731 -6.25070649 -0.55 58 -6.60710709 -0.38890873 57.8443446 2.22889914 -0.55 44 2.57032194 -0.38890873 44.1862269 -5.89430589 -0.38890873 58.1556554 2.22889914 -0.55 44 -5.89430589 -0.38890873 58.1556554 -6.25070649 -0.55 58 2.57032194 -0.38890873 44.1862269 2.7117439 -1.01033361e-16 44.2633647 -5.74667993 -1.01033361e-16 58.22013 2.57032194 -0.38890873 44.1862269 -5.74667993 -1.01033361e-16 58.22013 -5.89430589 -0.38890873 58.1556554 2.7117439 -1.01033361e-16 44.2633647 2.57032194 0.38890873 44.1862269 -5.89430589 0.38890873 58.1556554 2.7117439 -1.01033361e-16 44.2633647 -5.89430589 0.38890873 58.1556554 -5.74667993 -1.01033361e-16 58.22013 2.57032194 0.38890873 44.1862269 2.22889914 0.55 44 -6.25070649 0.55 58 2.57032194 0.38890873 44.1862269 -6.25070649 0.55 58 -5.89430589 0.38890873 58.1556554 -6.25070649 0.55 58 -6.60710709 0.38890873 57.8443446 -10.3755731 -0.38890873 71.8993954 -6.25070649 0.55 58 -10.3755731 -0.38890873 71.8993954 -10.5311811 0 71.8577236 -6.60710709 0.38890873 57.8443446 -6.75473305 3.3677787e-17 57.77987 -9.99990207 -0.55 72 -6.60710709 0.38890873 57.8443446 -9.99990207 -0.55 72 -10.3755731 -0.38890873 71.8993954 -6.75473305 3.3677787e-17 57.77987 -6.60710709 -0.38890873 57.8443446 -9.62423104 -0.38890873 72.1006046 -6.75473305 3.3677787e-17 57.77987 -9.62423104 -0.38890873 72.1006046 -9.99990207 -0.55 72 -6.60710709 -0.38890873 57.8443446 -6.25070649 -0.55 58 -9.46862301 -6.7355574e-17 72.1422764 -6.60710709 -0.38890873 57.8443446 -9.46862301 -6.7355574e-17 72.1422764 -9.62423104 -0.38890873 72.1006046 -6.25070649 -0.55 58 -5.89430589 -0.38890873 58.1556554 -9.62423104 0.38890873 72.1006046 -6.25070649 -0.55 58 -9.62423104 0.38890873 72.1006046 -9.46862301 -6.7355574e-17 72.1422764 -5.89430589 -0.38890873 58.1556554 -5.74667993 -1.01033361e-16 58.22013 -9.99990207 0.55 72 -5.89430589 -0.38890873 58.1556554 -9.99990207 0.55 72 -9.62423104 0.38890873 72.1006046 -5.74667993 -1.01033361e-16 58.22013 -5.89430589 0.38890873 58.1556554 -10.3755731 0.38890873 71.8993954 -5.74667993 -1.01033361e-16 58.22013 -10.3755731 0.38890873 71.8993954 -9.99990207 0.55 72 -5.89430589 0.38890873 58.1556554 -6.25070649 0.55 58 -10.5311811 0 71.8577236 -5.89430589 0.38890873 58.1556554 -10.5311811 0 71.8577236 -10.3755731 0.38890873 71.8993954 9.09297427 0 -68 8.7421735 0.38890873 -68.1678953 9.09297427 0.55 -68 9.09297427 0 -68 8.59686707 3.3677787e-17 -68.2374398 8.7421735 0.38890873 -68.1678953 9.09297427 0 -68 8.7421735 -0.38890873 -68.1678953 8.59686707 3.3677787e-17 -68.2374398 9.09297427 0 -68 9.09297427 -0.55 -68 8.7421735 -0.38890873 -68.1678953 9.09297427 0 -68 9.44377503 -0.38890873 -67.8321047 9.09297427 -0.55 -68 9.09297427 0 -68 9.58908147 -1.01033361e-16 -67.7625602 9.44377503 -0.38890873 -67.8321047 9.09297427 0 -68 9.44377503 0.38890873 -67.8321047 9.58908147 -1.01033361e-16 -67.7625602 9.09297427 0 -68 9.09297427 0.55 -68 9.44377503 0.38890873 -67.8321047 -9.99990207 0 72 -10.5311811 0 71.8577236 -10.3755731 -0.38890873 71.8993954 -9.99990207 0 72 -10.3755731 -0.38890873 71.8993954 -9.99990207 -0.55 72 -9.99990207 0 72 -9.99990207 -0.55 72 -9.62423104 -0.38890873 72.1006046 -9.99990207 0 72 -9.62423104 -0.38890873 72.1006046 -9.46862301 -6.7355574e-17 72.1422764 -9.99990207 0 72 -9.46862301 -6.7355574e-17 72.1422764 -9.62423104 0.38890873 72.1006046 -9.99990207 0 72 -9.62423104 0.38890873 72.1006046 -9.99990207 0.55 72 -9.99990207 0 72 -9.99990207 0.55 72 -10.3755731 0.38890873 71.8993954 -9.99990207 0 72 -10.3755731 0.38890873 71.8993954 -10.5311811 0 71.8577236 9.00653978 0.0832410961 -68 6.31453172 -0.0343830057 -67.3388274 7.73884696 -1.40607584 -67.2482408 9.00653978 0.0832410961 -68 7.73884696 -1.40607584 -67.2482408 9.09297427 0 -68 9.09297427 0 -68.1 7.73884696 -1.40607584 -67.3482408 6.31453172 -0.0343830057 -67.4388274 9.09297427 0 -68.1 6.31453172 -0.0343830057 -67.4388274 9.00653978 0.0832410961 -68.1 9.09297427 0 -68 7.73884696 -1.40607584 -67.2482408 9.1631622 -2.77776868 -67.3388274 9.09297427 0 -68 9.1631622 -2.77776868 -67.3388274 9.17940875 -0.0832410961 -68 9.17940875 -0.0832410961 -68.1 9.1631622 -2.77776868 -67.4388274 7.73884696 -1.40607584 -67.3482408 9.17940875 -0.0832410961 -68.1 7.73884696 -1.40607584 -67.3482408 9.09297427 0 -68.1 9.00653978 0.0832410961 -68 9.00653978 0.0832410961 -68.1 6.31453172 -0.0343830057 -67.4388274 9.00653978 0.0832410961 -68 6.31453172 -0.0343830057 -67.4388274 6.31453172 -0.0343830057 -67.3388274 9.1631622 -2.77776868 -67.3388274 9.1631622 -2.77776868 -67.4388274 9.17940875 -0.0832410961 -68.1 9.1631622 -2.77776868 -67.3388274 9.17940875 -0.0832410961 -68.1 9.17940875 -0.0832410961 -68 6.31453172 -0.0343830057 -67.3388274 4.05079704 -0.564457609 -66.7458533 6.38471965 -2.81215168 -66.5708533 6.31453172 -0.0343830057 -67.3388274 6.38471965 -2.81215168 -66.5708533 7.73884696 -1.40607584 -67.2482408 7.73884696 -1.40607584 -67.3482408 6.38471965 -2.81215168 -66.6708533 4.05079704 -0.564457609 -66.8458533 7.73884696 -1.40607584 -67.3482408 4.05079704 -0.564457609 -66.8458533 6.31453172 -0.0343830057 -67.4388274 7.73884696 -1.40607584 -67.2482408 6.38471965 -2.81215168 -66.5708533 8.71864226 -5.05984576 -66.7458533 7.73884696 -1.40607584 -67.2482408 8.71864226 -5.05984576 -66.7458533 9.1631622 -2.77776868 -67.3388274 9.1631622 -2.77776868 -67.4388274 8.71864226 -5.05984576 -66.8458533 6.38471965 -2.81215168 -66.6708533 9.1631622 -2.77776868 -67.4388274 6.38471965 -2.81215168 -66.6708533 7.73884696 -1.40607584 -67.3482408 6.31453172 -0.0343830057 -67.3388274 6.31453172 -0.0343830057 -67.4388274 4.05079704 -0.564457609 -66.8458533 6.31453172 -0.0343830057 -67.3388274 4.05079704 -0.564457609 -66.8458533 4.05079704 -0.564457609 -66.7458533 8.71864226 -5.05984576 -66.7458533 8.71864226 -5.05984576 -66.8458533 9.1631622 -2.77776868 -67.4388274 8.71864226 -5.05984576 -66.7458533 9.1631622 -2.77776868 -67.4388274 9.1631622 -2.77776868 -67.3388274 4.05079704 -0.564457609 -66.7458533 2.00386919 -1.30332894 -66.2846285 5.03059234 -4.21822753 -66.0371411 4.05079704 -0.564457609 -66.7458533 5.03059234 -4.21822753 -66.0371411 6.38471965 -2.81215168 -66.5708533 6.38471965 -2.81215168 -66.6708533 5.03059234 -4.21822753 -66.1371411 2.00386919 -1.30332894 -66.3846285 6.38471965 -2.81215168 -66.6708533 2.00386919 -1.30332894 -66.3846285 4.05079704 -0.564457609 -66.8458533 6.38471965 -2.81215168 -66.5708533 5.03059234 -4.21822753 -66.0371411 8.0573155 -7.13312611 -66.2846285 6.38471965 -2.81215168 -66.5708533 8.0573155 -7.13312611 -66.2846285 8.71864226 -5.05984576 -66.7458533 8.71864226 -5.05984576 -66.8458533 8.0573155 -7.13312611 -66.3846285 5.03059234 -4.21822753 -66.1371411 8.71864226 -5.05984576 -66.8458533 5.03059234 -4.21822753 -66.1371411 6.38471965 -2.81215168 -66.6708533 4.05079704 -0.564457609 -66.7458533 4.05079704 -0.564457609 -66.8458533 2.00386919 -1.30332894 -66.3846285 4.05079704 -0.564457609 -66.7458533 2.00386919 -1.30332894 -66.3846285 2.00386919 -1.30332894 -66.2846285 8.0573155 -7.13312611 -66.2846285 8.0573155 -7.13312611 -66.3846285 8.71864226 -5.05984576 -66.8458533 8.0573155 -7.13312611 -66.2846285 8.71864226 -5.05984576 -66.8458533 8.71864226 -5.05984576 -66.7458533 2.00386919 -1.30332894 -66.2846285 0.152700163 -2.23072665 -66.0097254 3.67646503 -5.62430337 -65.7066165 2.00386919 -1.30332894 -66.2846285 3.67646503 -5.62430337 -65.7066165 5.03059234 -4.21822753 -66.0371411 5.03059234 -4.21822753 -66.1371411 3.67646503 -5.62430337 -65.8066165 0.152700163 -2.23072665 -66.1097254 5.03059234 -4.21822753 -66.1371411 0.152700163 -2.23072665 -66.1097254 2.00386919 -1.30332894 -66.3846285 5.03059234 -4.21822753 -66.0371411 3.67646503 -5.62430337 -65.7066165 7.2002299 -9.01788009 -66.0097254 5.03059234 -4.21822753 -66.0371411 7.2002299 -9.01788009 -66.0097254 8.0573155 -7.13312611 -66.2846285 8.0573155 -7.13312611 -66.3846285 7.2002299 -9.01788009 -66.1097254 3.67646503 -5.62430337 -65.8066165 8.0573155 -7.13312611 -66.3846285 3.67646503 -5.62430337 -65.8066165 5.03059234 -4.21822753 -66.1371411 2.00386919 -1.30332894 -66.2846285 2.00386919 -1.30332894 -66.3846285 0.152700163 -2.23072665 -66.1097254 2.00386919 -1.30332894 -66.2846285 0.152700163 -2.23072665 -66.1097254 0.152700163 -2.23072665 -66.0097254 7.2002299 -9.01788009 -66.0097254 7.2002299 -9.01788009 -66.1097254 8.0573155 -7.13312611 -66.3846285 7.2002299 -9.01788009 -66.0097254 8.0573155 -7.13312611 -66.3846285 8.0573155 -7.13312611 -66.2846285 0.152700163 -2.23072665 -66.0097254 -1.50209285 -3.34724511 -65.9630187 2.32233772 -7.03037921 -65.6249447 0.152700163 -2.23072665 -66.0097254 2.32233772 -7.03037921 -65.6249447 3.67646503 -5.62430337 -65.7066165 3.67646503 -5.62430337 -65.8066165 2.32233772 -7.03037921 -65.7249447 -1.50209285 -3.34724511 -66.0630187 3.67646503 -5.62430337 -65.8066165 -1.50209285 -3.34724511 -66.0630187 0.152700163 -2.23072665 -66.1097254 3.67646503 -5.62430337 -65.7066165 2.32233772 -7.03037921 -65.6249447 6.14676829 -10.7135133 -65.9630187 3.67646503 -5.62430337 -65.7066165 6.14676829 -10.7135133 -65.9630187 7.2002299 -9.01788009 -66.0097254 7.2002299 -9.01788009 -66.1097254 6.14676829 -10.7135133 -66.0630187 2.32233772 -7.03037921 -65.7249447 7.2002299 -9.01788009 -66.1097254 2.32233772 -7.03037921 -65.7249447 3.67646503 -5.62430337 -65.8066165 0.152700163 -2.23072665 -66.0097254 0.152700163 -2.23072665 -66.1097254 -1.50209285 -3.34724511 -66.0630187 0.152700163 -2.23072665 -66.0097254 -1.50209285 -3.34724511 -66.0630187 -1.50209285 -3.34724511 -65.9630187 6.14676829 -10.7135133 -65.9630187 6.14676829 -10.7135133 -66.0630187 7.2002299 -9.01788009 -66.1097254 6.14676829 -10.7135133 -65.9630187 7.2002299 -9.01788009 -66.1097254 7.2002299 -9.01788009 -66.0097254 -1.50209285 -3.34724511 -65.9630187 -2.9569639 -4.65629927 -66.1708322 0.968210412 -8.43645505 -65.8208322 -1.50209285 -3.34724511 -65.9630187 0.968210412 -8.43645505 -65.8208322 2.32233772 -7.03037921 -65.6249447 2.32233772 -7.03037921 -65.7249447 0.968210412 -8.43645505 -65.9208322 -2.9569639 -4.65629927 -66.2708322 2.32233772 -7.03037921 -65.7249447 -2.9569639 -4.65629927 -66.2708322 -1.50209285 -3.34724511 -66.0630187 2.32233772 -7.03037921 -65.6249447 0.968210412 -8.43645505 -65.8208322 4.89338472 -12.2166108 -66.1708322 2.32233772 -7.03037921 -65.6249447 4.89338472 -12.2166108 -66.1708322 6.14676829 -10.7135133 -65.9630187 6.14676829 -10.7135133 -66.0630187 4.89338472 -12.2166108 -66.2708322 0.968210412 -8.43645505 -65.9208322 6.14676829 -10.7135133 -66.0630187 0.968210412 -8.43645505 -65.9208322 2.32233772 -7.03037921 -65.7249447 -1.50209285 -3.34724511 -65.9630187 -1.50209285 -3.34724511 -66.0630187 -2.9569639 -4.65629927 -66.2708322 -1.50209285 -3.34724511 -65.9630187 -2.9569639 -4.65629927 -66.2708322 -2.9569639 -4.65629927 -66.1708322 4.89338472 -12.2166108 -66.1708322 4.89338472 -12.2166108 -66.2708322 6.14676829 -10.7135133 -66.0630187 4.89338472 -12.2166108 -66.1708322 6.14676829 -10.7135133 -66.0630187 6.14676829 -10.7135133 -65.9630187 -2.9569639 -4.65629927 -66.1708322 -4.21034747 -6.1593968 -66.6421444 -0.385916897 -9.8425309 -66.3040703 -2.9569639 -4.65629927 -66.1708322 -0.385916897 -9.8425309 -66.3040703 0.968210412 -8.43645505 -65.8208322 0.968210412 -8.43645505 -65.9208322 -0.385916897 -9.8425309 -66.4040703 -4.21034747 -6.1593968 -66.7421444 0.968210412 -8.43645505 -65.9208322 -4.21034747 -6.1593968 -66.7421444 -2.9569639 -4.65629927 -66.2708322 0.968210412 -8.43645505 -65.8208322 -0.385916897 -9.8425309 -66.3040703 3.43851367 -13.525665 -66.6421444 0.968210412 -8.43645505 -65.8208322 3.43851367 -13.525665 -66.6421444 4.89338472 -12.2166108 -66.1708322 4.89338472 -12.2166108 -66.2708322 3.43851367 -13.525665 -66.7421444 -0.385916897 -9.8425309 -66.4040703 4.89338472 -12.2166108 -66.2708322 -0.385916897 -9.8425309 -66.4040703 0.968210412 -8.43645505 -65.9208322 -2.9569639 -4.65629927 -66.1708322 -2.9569639 -4.65629927 -66.2708322 -4.21034747 -6.1593968 -66.7421444 -2.9569639 -4.65629927 -66.1708322 -4.21034747 -6.1593968 -66.7421444 -4.21034747 -6.1593968 -66.6421444 3.43851367 -13.525665 -66.6421444 3.43851367 -13.525665 -66.7421444 4.89338472 -12.2166108 -66.2708322 3.43851367 -13.525665 -66.6421444 4.89338472 -12.2166108 -66.2708322 4.89338472 -12.2166108 -66.1708322 -4.21034747 -6.1593968 -66.6421444 -5.26380907 -7.85503002 -67.3679766 -1.74004421 -11.2486067 -67.0648677 -4.21034747 -6.1593968 -66.6421444 -1.74004421 -11.2486067 -67.0648677 -0.385916897 -9.8425309 -66.3040703 -0.385916897 -9.8425309 -66.4040703 -1.74004421 -11.2486067 -67.1648677 -5.26380907 -7.85503002 -67.4679766 -0.385916897 -9.8425309 -66.4040703 -5.26380907 -7.85503002 -67.4679766 -4.21034747 -6.1593968 -66.7421444 -0.385916897 -9.8425309 -66.3040703 -1.74004421 -11.2486067 -67.0648677 1.78372066 -14.6421835 -67.3679766 -0.385916897 -9.8425309 -66.3040703 1.78372066 -14.6421835 -67.3679766 3.43851367 -13.525665 -66.6421444 3.43851367 -13.525665 -66.7421444 1.78372066 -14.6421835 -67.4679766 -1.74004421 -11.2486067 -67.1648677 3.43851367 -13.525665 -66.7421444 -1.74004421 -11.2486067 -67.1648677 -0.385916897 -9.8425309 -66.4040703 -4.21034747 -6.1593968 -66.6421444 -4.21034747 -6.1593968 -66.7421444 -5.26380907 -7.85503002 -67.4679766 -4.21034747 -6.1593968 -66.6421444 -5.26380907 -7.85503002 -67.4679766 -5.26380907 -7.85503002 -67.3679766 1.78372066 -14.6421835 -67.3679766 1.78372066 -14.6421835 -67.4679766 3.43851367 -13.525665 -66.7421444 1.78372066 -14.6421835 -67.3679766 3.43851367 -13.525665 -66.7421444 3.43851367 -13.525665 -66.6421444 -5.26380907 -7.85503002 -67.3679766 -6.12089467 -9.739784 -68.3220054 -3.09417152 -12.6546826 -68.074518 -5.26380907 -7.85503002 -67.3679766 -3.09417152 -12.6546826 -68.074518 -1.74004421 -11.2486067 -67.0648677 -1.74004421 -11.2486067 -67.1648677 -3.09417152 -12.6546826 -68.174518 -6.12089467 -9.739784 -68.4220054 -1.74004421 -11.2486067 -67.1648677 -6.12089467 -9.739784 -68.4220054 -5.26380907 -7.85503002 -67.4679766 -1.74004421 -11.2486067 -67.0648677 -3.09417152 -12.6546826 -68.074518 -0.0674483607 -15.5695812 -68.3220054 -1.74004421 -11.2486067 -67.0648677 -0.0674483607 -15.5695812 -68.3220054 1.78372066 -14.6421835 -67.3679766 1.78372066 -14.6421835 -67.4679766 -0.0674483607 -15.5695812 -68.4220054 -3.09417152 -12.6546826 -68.174518 1.78372066 -14.6421835 -67.4679766 -3.09417152 -12.6546826 -68.174518 -1.74004421 -11.2486067 -67.1648677 -5.26380907 -7.85503002 -67.3679766 -5.26380907 -7.85503002 -67.4679766 -6.12089467 -9.739784 -68.4220054 -5.26380907 -7.85503002 -67.3679766 -6.12089467 -9.739784 -68.4220054 -6.12089467 -9.739784 -68.3220054 -0.0674483607 -15.5695812 -68.3220054 -0.0674483607 -15.5695812 -68.4220054 1.78372066 -14.6421835 -67.4679766 -0.0674483607 -15.5695812 -68.3220054 1.78372066 -14.6421835 -67.4679766 1.78372066 -14.6421835 -67.3679766 -6.12089467 -9.739784 -68.3220054 -6.78222143 -11.8130643 -69.4623558 -4.44829883 -14.0607584 -69.2873558 -6.12089467 -9.739784 -68.3220054 -4.44829883 -14.0607584 -69.2873558 -3.09417152 -12.6546826 -68.074518 -3.09417152 -12.6546826 -68.174518 -4.44829883 -14.0607584 -69.3873558 -6.78222143 -11.8130643 -69.5623558 -3.09417152 -12.6546826 -68.174518 -6.78222143 -11.8130643 -69.5623558 -6.12089467 -9.739784 -68.4220054 -3.09417152 -12.6546826 -68.074518 -4.44829883 -14.0607584 -69.2873558 -2.11437622 -16.3084525 -69.4623558 -3.09417152 -12.6546826 -68.074518 -2.11437622 -16.3084525 -69.4623558 -0.0674483607 -15.5695812 -68.3220054 -0.0674483607 -15.5695812 -68.4220054 -2.11437622 -16.3084525 -69.5623558 -4.44829883 -14.0607584 -69.3873558 -0.0674483607 -15.5695812 -68.4220054 -4.44829883 -14.0607584 -69.3873558 -3.09417152 -12.6546826 -68.174518 -6.12089467 -9.739784 -68.3220054 -6.12089467 -9.739784 -68.4220054 -6.78222143 -11.8130643 -69.5623558 -6.12089467 -9.739784 -68.3220054 -6.78222143 -11.8130643 -69.5623558 -6.78222143 -11.8130643 -69.4623558 -2.11437622 -16.3084525 -69.4623558 -2.11437622 -16.3084525 -69.5623558 -0.0674483607 -15.5695812 -68.4220054 -2.11437622 -16.3084525 -69.4623558 -0.0674483607 -15.5695812 -68.4220054 -0.0674483607 -15.5695812 -68.3220054 -6.78222143 -11.8130643 -69.4623558 -7.22674137 -14.0951414 -70.7344556 -5.80242613 -15.4668343 -70.6438689 -6.78222143 -11.8130643 -69.4623558 -5.80242613 -15.4668343 -70.6438689 -4.44829883 -14.0607584 -69.2873558 -4.44829883 -14.0607584 -69.3873558 -5.80242613 -15.4668343 -70.7438689 -7.22674137 -14.0951414 -70.8344556 -4.44829883 -14.0607584 -69.3873558 -7.22674137 -14.0951414 -70.8344556 -6.78222143 -11.8130643 -69.5623558 -4.44829883 -14.0607584 -69.2873558 -5.80242613 -15.4668343 -70.6438689 -4.3781109 -16.8385271 -70.7344556 -4.44829883 -14.0607584 -69.2873558 -4.3781109 -16.8385271 -70.7344556 -2.11437622 -16.3084525 -69.4623558 -2.11437622 -16.3084525 -69.5623558 -4.3781109 -16.8385271 -70.8344556 -5.80242613 -15.4668343 -70.7438689 -2.11437622 -16.3084525 -69.5623558 -5.80242613 -15.4668343 -70.7438689 -4.44829883 -14.0607584 -69.3873558 -6.78222143 -11.8130643 -69.4623558 -6.78222143 -11.8130643 -69.5623558 -7.22674137 -14.0951414 -70.8344556 -6.78222143 -11.8130643 -69.4623558 -7.22674137 -14.0951414 -70.8344556 -7.22674137 -14.0951414 -70.7344556 -4.3781109 -16.8385271 -70.7344556 -4.3781109 -16.8385271 -70.8344556 -2.11437622 -16.3084525 -69.5623558 -4.3781109 -16.8385271 -70.7344556 -2.11437622 -16.3084525 -69.5623558 -2.11437622 -16.3084525 -69.4623558 -7.22674137 -14.0951414 -70.7344556 -7.24298793 -16.789669 -72.0747538 -7.15655344 -16.8729101 -72.0747538 -7.22674137 -14.0951414 -70.7344556 -7.15655344 -16.8729101 -72.0747538 -5.80242613 -15.4668343 -70.6438689 -5.80242613 -15.4668343 -70.7438689 -7.15655344 -16.8729101 -72.1747538 -7.24298793 -16.789669 -72.1747538 -5.80242613 -15.4668343 -70.7438689 -7.24298793 -16.789669 -72.1747538 -7.22674137 -14.0951414 -70.8344556 -5.80242613 -15.4668343 -70.6438689 -7.15655344 -16.8729101 -72.0747538 -7.07011896 -16.9561512 -72.0747538 -5.80242613 -15.4668343 -70.6438689 -7.07011896 -16.9561512 -72.0747538 -4.3781109 -16.8385271 -70.7344556 -4.3781109 -16.8385271 -70.8344556 -7.07011896 -16.9561512 -72.1747538 -7.15655344 -16.8729101 -72.1747538 -4.3781109 -16.8385271 -70.8344556 -7.15655344 -16.8729101 -72.1747538 -5.80242613 -15.4668343 -70.7438689 -7.22674137 -14.0951414 -70.7344556 -7.22674137 -14.0951414 -70.8344556 -7.24298793 -16.789669 -72.1747538 -7.22674137 -14.0951414 -70.7344556 -7.24298793 -16.789669 -72.1747538 -7.24298793 -16.789669 -72.0747538 -7.07011896 -16.9561512 -72.0747538 -7.07011896 -16.9561512 -72.1747538 -4.3781109 -16.8385271 -70.8344556 -7.07011896 -16.9561512 -72.0747538 -4.3781109 -16.8385271 -70.8344556 -4.3781109 -16.8385271 -70.7344556 9.00653978 0.0832410961 -68 9.09297427 0 -68 9.09297427 0 -68.1 9.00653978 0.0832410961 -68 9.09297427 0 -68.1 9.00653978 0.0832410961 -68.1 9.09297427 0 -68 9.17940875 -0.0832410961 -68 9.17940875 -0.0832410961 -68.1 9.09297427 0 -68 9.17940875 -0.0832410961 -68.1 9.09297427 0 -68.1 -7.24298793 -16.789669 -72.1747538 -7.15655344 -16.8729101 -72.1747538 -7.15655344 -16.8729101 -72.0747538 -7.24298793 -16.789669 -72.1747538 -7.15655344 -16.8729101 -72.0747538 -7.24298793 -16.789669 -72.0747538 -7.15655344 -16.8729101 -72.1747538 -7.07011896 -16.9561512 -72.1747538 -7.07011896 -16.9561512 -72.0747538 -7.15655344 -16.8729101 -72.1747538 -7.07011896 -16.9561512 -72.0747538 -7.15655344 -16.8729101 -72.0747538 2.2798148 -0.0412741845 -54 1.33714484 -2.19419404 -53.8889818 2.97629319 -1.59377321 -53.7983951 2.2798148 -0.0412741845 -54 2.97629319 -1.59377321 -53.7983951 2.39249329 0 -54 2.39249329 0 -54.1 2.97629319 -1.59377321 -53.8983951 1.33714484 -2.19419404 -53.9889818 2.39249329 0 -54.1 1.33714484 -2.19419404 -53.9889818 2.2798148 -0.0412741845 -54.1 2.39249329 0 -54 2.97629319 -1.59377321 -53.7983951 4.61544154 -0.993352379 -53.8889818 2.39249329 0 -54 4.61544154 -0.993352379 -53.8889818 2.50517178 0.0412741845 -54 2.50517178 0.0412741845 -54.1 4.61544154 -0.993352379 -53.9889818 2.97629319 -1.59377321 -53.8983951 2.50517178 0.0412741845 -54.1 2.97629319 -1.59377321 -53.8983951 2.39249329 0 -54.1 2.2798148 -0.0412741845 -54 2.2798148 -0.0412741845 -54.1 1.33714484 -2.19419404 -53.9889818 2.2798148 -0.0412741845 -54 1.33714484 -2.19419404 -53.9889818 1.33714484 -2.19419404 -53.8889818 4.61544154 -0.993352379 -53.8889818 4.61544154 -0.993352379 -53.9889818 2.50517178 0.0412741845 -54.1 4.61544154 -0.993352379 -53.8889818 2.50517178 0.0412741845 -54.1 2.50517178 0.0412741845 -54 1.33714484 -2.19419404 -53.8889818 0.874138952 -4.17141271 -53.8364557 3.56009308 -3.18754642 -53.6614557 1.33714484 -2.19419404 -53.8889818 3.56009308 -3.18754642 -53.6614557 2.97629319 -1.59377321 -53.7983951 2.97629319 -1.59377321 -53.8983951 3.56009308 -3.18754642 -53.7614557 0.874138952 -4.17141271 -53.9364557 2.97629319 -1.59377321 -53.8983951 0.874138952 -4.17141271 -53.9364557 1.33714484 -2.19419404 -53.9889818 2.97629319 -1.59377321 -53.7983951 3.56009308 -3.18754642 -53.6614557 6.24604721 -2.20368013 -53.8364557 2.97629319 -1.59377321 -53.7983951 6.24604721 -2.20368013 -53.8364557 4.61544154 -0.993352379 -53.8889818 4.61544154 -0.993352379 -53.9889818 6.24604721 -2.20368013 -53.9364557 3.56009308 -3.18754642 -53.7614557 4.61544154 -0.993352379 -53.9889818 3.56009308 -3.18754642 -53.7614557 2.97629319 -1.59377321 -53.8983951 1.33714484 -2.19419404 -53.8889818 1.33714484 -2.19419404 -53.9889818 0.874138952 -4.17141271 -53.9364557 1.33714484 -2.19419404 -53.8889818 0.874138952 -4.17141271 -53.9364557 0.874138952 -4.17141271 -53.8364557 6.24604721 -2.20368013 -53.8364557 6.24604721 -2.20368013 -53.9364557 4.61544154 -0.993352379 -53.9889818 6.24604721 -2.20368013 -53.8364557 4.61544154 -0.993352379 -53.9889818 4.61544154 -0.993352379 -53.8889818 0.874138952 -4.17141271 -53.8364557 0.660641419 -6.05723635 -53.8969276 4.14389298 -4.78131963 -53.6494403 0.874138952 -4.17141271 -53.8364557 4.14389298 -4.78131963 -53.6494403 3.56009308 -3.18754642 -53.6614557 3.56009308 -3.18754642 -53.7614557 4.14389298 -4.78131963 -53.7494403 0.660641419 -6.05723635 -53.9969276 3.56009308 -3.18754642 -53.7614557 0.660641419 -6.05723635 -53.9969276 0.874138952 -4.17141271 -53.9364557 3.56009308 -3.18754642 -53.6614557 4.14389298 -4.78131963 -53.6494403 7.62714453 -3.50540291 -53.8969276 3.56009308 -3.18754642 -53.6614557 7.62714453 -3.50540291 -53.8969276 6.24604721 -2.20368013 -53.8364557 6.24604721 -2.20368013 -53.9364557 7.62714453 -3.50540291 -53.9969276 4.14389298 -4.78131963 -53.7494403 6.24604721 -2.20368013 -53.9364557 4.14389298 -4.78131963 -53.7494403 3.56009308 -3.18754642 -53.7614557 0.874138952 -4.17141271 -53.8364557 0.874138952 -4.17141271 -53.9364557 0.660641419 -6.05723635 -53.9969276 0.874138952 -4.17141271 -53.8364557 0.660641419 -6.05723635 -53.9969276 0.660641419 -6.05723635 -53.8969276 7.62714453 -3.50540291 -53.8969276 7.62714453 -3.50540291 -53.9969276 6.24604721 -2.20368013 -53.9364557 7.62714453 -3.50540291 -53.8969276 6.24604721 -2.20368013 -53.9364557 6.24604721 -2.20368013 -53.8364557 0.660641419 -6.05723635 -53.8969276 0.672429526 -7.86053775 -54.1172029 4.72769287 -6.37509284 -53.814094 0.660641419 -6.05723635 -53.8969276 4.72769287 -6.37509284 -53.814094 4.14389298 -4.78131963 -53.6494403 4.14389298 -4.78131963 -53.7494403 4.72769287 -6.37509284 -53.914094 0.672429526 -7.86053775 -54.2172029 4.14389298 -4.78131963 -53.7494403 0.672429526 -7.86053775 -54.2172029 0.660641419 -6.05723635 -53.9969276 4.14389298 -4.78131963 -53.6494403 4.72769287 -6.37509284 -53.814094 8.78295621 -4.88964792 -54.1172029 4.14389298 -4.78131963 -53.6494403 8.78295621 -4.88964792 -54.1172029 7.62714453 -3.50540291 -53.8969276 7.62714453 -3.50540291 -53.9969276 8.78295621 -4.88964792 -54.2172029 4.72769287 -6.37509284 -53.914094 7.62714453 -3.50540291 -53.9969276 4.72769287 -6.37509284 -53.914094 4.14389298 -4.78131963 -53.7494403 0.660641419 -6.05723635 -53.8969276 0.660641419 -6.05723635 -53.9969276 0.672429526 -7.86053775 -54.2172029 0.660641419 -6.05723635 -53.8969276 0.672429526 -7.86053775 -54.2172029 0.672429526 -7.86053775 -54.1172029 8.78295621 -4.88964792 -54.1172029 8.78295621 -4.88964792 -54.2172029 7.62714453 -3.50540291 -53.9969276 8.78295621 -4.88964792 -54.1172029 7.62714453 -3.50540291 -53.9969276 7.62714453 -3.50540291 -53.8969276 0.672429526 -7.86053775 -54.1172029 0.91021354 -9.58105675 -54.5331965 5.31149276 -7.96886605 -54.1951225 0.672429526 -7.86053775 -54.1172029 5.31149276 -7.96886605 -54.1951225 4.72769287 -6.37509284 -53.814094 4.72769287 -6.37509284 -53.914094 5.31149276 -7.96886605 -54.2951225 0.91021354 -9.58105675 -54.6331965 4.72769287 -6.37509284 -53.914094 0.91021354 -9.58105675 -54.6331965 0.672429526 -7.86053775 -54.2172029 4.72769287 -6.37509284 -53.814094 5.31149276 -7.96886605 -54.1951225 9.71277199 -6.35667535 -54.5331965 4.72769287 -6.37509284 -53.814094 9.71277199 -6.35667535 -54.5331965 8.78295621 -4.88964792 -54.1172029 8.78295621 -4.88964792 -54.2172029 9.71277199 -6.35667535 -54.6331965 5.31149276 -7.96886605 -54.2951225 8.78295621 -4.88964792 -54.2172029 5.31149276 -7.96886605 -54.2951225 4.72769287 -6.37509284 -53.914094 0.672429526 -7.86053775 -54.1172029 0.672429526 -7.86053775 -54.2172029 0.91021354 -9.58105675 -54.6331965 0.672429526 -7.86053775 -54.1172029 0.91021354 -9.58105675 -54.6331965 0.91021354 -9.58105675 -54.5331965 9.71277199 -6.35667535 -54.5331965 9.71277199 -6.35667535 -54.6331965 8.78295621 -4.88964792 -54.2172029 9.71277199 -6.35667535 -54.5331965 8.78295621 -4.88964792 -54.2172029 8.78295621 -4.88964792 -54.1172029 0.91021354 -9.58105675 -54.5331965 1.37807426 -11.2172985 -55.1674855 5.89529266 -9.56263926 -54.8174855 0.91021354 -9.58105675 -54.5331965 5.89529266 -9.56263926 -54.8174855 5.31149276 -7.96886605 -54.1951225 5.31149276 -7.96886605 -54.2951225 5.89529266 -9.56263926 -54.9174855 1.37807426 -11.2172985 -55.2674855 5.31149276 -7.96886605 -54.2951225 1.37807426 -11.2172985 -55.2674855 0.91021354 -9.58105675 -54.6331965 5.31149276 -7.96886605 -54.1951225 5.89529266 -9.56263926 -54.8174855 10.4125111 -7.90797998 -55.1674855 5.31149276 -7.96886605 -54.1951225 10.4125111 -7.90797998 -55.1674855 9.71277199 -6.35667535 -54.5331965 9.71277199 -6.35667535 -54.6331965 10.4125111 -7.90797998 -55.2674855 5.89529266 -9.56263926 -54.9174855 9.71277199 -6.35667535 -54.6331965 5.89529266 -9.56263926 -54.9174855 5.31149276 -7.96886605 -54.2951225 0.91021354 -9.58105675 -54.5331965 0.91021354 -9.58105675 -54.6331965 1.37807426 -11.2172985 -55.2674855 0.91021354 -9.58105675 -54.5331965 1.37807426 -11.2172985 -55.2674855 1.37807426 -11.2172985 -55.1674855 10.4125111 -7.90797998 -55.1674855 10.4125111 -7.90797998 -55.2674855 9.71277199 -6.35667535 -54.6331965 10.4125111 -7.90797998 -55.1674855 9.71277199 -6.35667535 -54.6331965 9.71277199 -6.35667535 -54.5331965 1.37807426 -11.2172985 -55.1674855 2.07781333 -12.7686032 -56.0277706 6.47909255 -11.1564125 -55.6896966 1.37807426 -11.2172985 -55.1674855 6.47909255 -11.1564125 -55.6896966 5.89529266 -9.56263926 -54.8174855 5.89529266 -9.56263926 -54.9174855 6.47909255 -11.1564125 -55.7896966 2.07781333 -12.7686032 -56.1277706 5.89529266 -9.56263926 -54.9174855 2.07781333 -12.7686032 -56.1277706 1.37807426 -11.2172985 -55.2674855 5.89529266 -9.56263926 -54.8174855 6.47909255 -11.1564125 -55.6896966 10.8803718 -9.54422177 -56.0277706 5.89529266 -9.56263926 -54.8174855 10.8803718 -9.54422177 -56.0277706 10.4125111 -7.90797998 -55.1674855 10.4125111 -7.90797998 -55.2674855 10.8803718 -9.54422177 -56.1277706 6.47909255 -11.1564125 -55.7896966 10.4125111 -7.90797998 -55.2674855 6.47909255 -11.1564125 -55.7896966 5.89529266 -9.56263926 -54.9174855 1.37807426 -11.2172985 -55.1674855 1.37807426 -11.2172985 -55.2674855 2.07781333 -12.7686032 -56.1277706 1.37807426 -11.2172985 -55.1674855 2.07781333 -12.7686032 -56.1277706 2.07781333 -12.7686032 -56.0277706 10.8803718 -9.54422177 -56.0277706 10.8803718 -9.54422177 -56.1277706 10.4125111 -7.90797998 -55.2674855 10.8803718 -9.54422177 -56.0277706 10.4125111 -7.90797998 -55.2674855 10.4125111 -7.90797998 -55.1674855 2.07781333 -12.7686032 -56.0277706 3.0076291 -14.2356306 -57.1063511 7.06289245 -12.7501857 -56.8032422 2.07781333 -12.7686032 -56.0277706 7.06289245 -12.7501857 -56.8032422 6.47909255 -11.1564125 -55.6896966 6.47909255 -11.1564125 -55.7896966 7.06289245 -12.7501857 -56.9032422 3.0076291 -14.2356306 -57.2063511 6.47909255 -11.1564125 -55.7896966 3.0076291 -14.2356306 -57.2063511 2.07781333 -12.7686032 -56.1277706 6.47909255 -11.1564125 -55.6896966 7.06289245 -12.7501857 -56.8032422 11.1181558 -11.2647408 -57.1063511 6.47909255 -11.1564125 -55.6896966 11.1181558 -11.2647408 -57.1063511 10.8803718 -9.54422177 -56.0277706 10.8803718 -9.54422177 -56.1277706 11.1181558 -11.2647408 -57.2063511 7.06289245 -12.7501857 -56.9032422 10.8803718 -9.54422177 -56.1277706 7.06289245 -12.7501857 -56.9032422 6.47909255 -11.1564125 -55.7896966 2.07781333 -12.7686032 -56.0277706 2.07781333 -12.7686032 -56.1277706 3.0076291 -14.2356306 -57.2063511 2.07781333 -12.7686032 -56.0277706 3.0076291 -14.2356306 -57.2063511 3.0076291 -14.2356306 -57.1063511 11.1181558 -11.2647408 -57.1063511 11.1181558 -11.2647408 -57.2063511 10.8803718 -9.54422177 -56.1277706 11.1181558 -11.2647408 -57.1063511 10.8803718 -9.54422177 -56.1277706 10.8803718 -9.54422177 -56.0277706 3.0076291 -14.2356306 -57.1063511 4.16344079 -15.6198756 -58.3806499 7.64669234 -14.3439589 -58.1331625 3.0076291 -14.2356306 -57.1063511 7.64669234 -14.3439589 -58.1331625 7.06289245 -12.7501857 -56.8032422 7.06289245 -12.7501857 -56.9032422 7.64669234 -14.3439589 -58.2331625 4.16344079 -15.6198756 -58.4806499 7.06289245 -12.7501857 -56.9032422 4.16344079 -15.6198756 -58.4806499 3.0076291 -14.2356306 -57.2063511 7.06289245 -12.7501857 -56.8032422 7.64669234 -14.3439589 -58.1331625 11.1299439 -13.0680422 -58.3806499 7.06289245 -12.7501857 -56.8032422 11.1299439 -13.0680422 -58.3806499 11.1181558 -11.2647408 -57.1063511 11.1181558 -11.2647408 -57.2063511 11.1299439 -13.0680422 -58.4806499 7.64669234 -14.3439589 -58.2331625 11.1181558 -11.2647408 -57.2063511 7.64669234 -14.3439589 -58.2331625 7.06289245 -12.7501857 -56.9032422 3.0076291 -14.2356306 -57.1063511 3.0076291 -14.2356306 -57.2063511 4.16344079 -15.6198756 -58.4806499 3.0076291 -14.2356306 -57.1063511 4.16344079 -15.6198756 -58.4806499 4.16344079 -15.6198756 -58.3806499 11.1299439 -13.0680422 -58.3806499 11.1299439 -13.0680422 -58.4806499 11.1181558 -11.2647408 -57.2063511 11.1299439 -13.0680422 -58.3806499 11.1181558 -11.2647408 -57.2063511 11.1181558 -11.2647408 -57.1063511 4.16344079 -15.6198756 -58.3806499 5.54453811 -16.9215984 -59.8147521 8.23049224 -15.9377321 -59.6397521 4.16344079 -15.6198756 -58.3806499 8.23049224 -15.9377321 -59.6397521 7.64669234 -14.3439589 -58.1331625 7.64669234 -14.3439589 -58.2331625 8.23049224 -15.9377321 -59.7397521 5.54453811 -16.9215984 -59.9147521 7.64669234 -14.3439589 -58.2331625 5.54453811 -16.9215984 -59.9147521 4.16344079 -15.6198756 -58.4806499 7.64669234 -14.3439589 -58.1331625 8.23049224 -15.9377321 -59.6397521 10.9164464 -14.9538658 -59.8147521 7.64669234 -14.3439589 -58.1331625 10.9164464 -14.9538658 -59.8147521 11.1299439 -13.0680422 -58.3806499 11.1299439 -13.0680422 -58.4806499 10.9164464 -14.9538658 -59.9147521 8.23049224 -15.9377321 -59.7397521 11.1299439 -13.0680422 -58.4806499 8.23049224 -15.9377321 -59.7397521 7.64669234 -14.3439589 -58.2331625 4.16344079 -15.6198756 -58.3806499 4.16344079 -15.6198756 -58.4806499 5.54453811 -16.9215984 -59.9147521 4.16344079 -15.6198756 -58.3806499 5.54453811 -16.9215984 -59.9147521 5.54453811 -16.9215984 -59.8147521 10.9164464 -14.9538658 -59.8147521 10.9164464 -14.9538658 -59.9147521 11.1299439 -13.0680422 -58.4806499 10.9164464 -14.9538658 -59.8147521 11.1299439 -13.0680422 -58.4806499 11.1299439 -13.0680422 -58.3806499 5.54453811 -16.9215984 -59.8147521 7.17514378 -18.1319261 -61.3618523 8.81429213 -17.5315053 -61.2712656 5.54453811 -16.9215984 -59.8147521 8.81429213 -17.5315053 -61.2712656 8.23049224 -15.9377321 -59.6397521 8.23049224 -15.9377321 -59.7397521 8.81429213 -17.5315053 -61.3712656 7.17514378 -18.1319261 -61.4618523 8.23049224 -15.9377321 -59.7397521 7.17514378 -18.1319261 -61.4618523 5.54453811 -16.9215984 -59.9147521 8.23049224 -15.9377321 -59.6397521 8.81429213 -17.5315053 -61.2712656 10.4534405 -16.9310845 -61.3618523 8.23049224 -15.9377321 -59.6397521 10.4534405 -16.9310845 -61.3618523 10.9164464 -14.9538658 -59.8147521 10.9164464 -14.9538658 -59.9147521 10.4534405 -16.9310845 -61.4618523 8.81429213 -17.5315053 -61.3712656 10.9164464 -14.9538658 -59.9147521 8.81429213 -17.5315053 -61.3712656 8.23049224 -15.9377321 -59.7397521 5.54453811 -16.9215984 -59.8147521 5.54453811 -16.9215984 -59.9147521 7.17514378 -18.1319261 -61.4618523 5.54453811 -16.9215984 -59.8147521 7.17514378 -18.1319261 -61.4618523 7.17514378 -18.1319261 -61.3618523 10.4534405 -16.9310845 -61.3618523 10.4534405 -16.9310845 -61.4618523 10.9164464 -14.9538658 -59.9147521 10.4534405 -16.9310845 -61.3618523 10.9164464 -14.9538658 -59.9147521 10.9164464 -14.9538658 -59.8147521 7.17514378 -18.1319261 -61.3618523 9.28541354 -19.1665527 -62.9674446 9.39809202 -19.1252785 -62.9674446 7.17514378 -18.1319261 -61.3618523 9.39809202 -19.1252785 -62.9674446 8.81429213 -17.5315053 -61.2712656 8.81429213 -17.5315053 -61.3712656 9.39809202 -19.1252785 -63.0674446 9.28541354 -19.1665527 -63.0674446 8.81429213 -17.5315053 -61.3712656 9.28541354 -19.1665527 -63.0674446 7.17514378 -18.1319261 -61.4618523 8.81429213 -17.5315053 -61.2712656 9.39809202 -19.1252785 -62.9674446 9.51077051 -19.0840043 -62.9674446 8.81429213 -17.5315053 -61.2712656 9.51077051 -19.0840043 -62.9674446 10.4534405 -16.9310845 -61.3618523 10.4534405 -16.9310845 -61.4618523 9.51077051 -19.0840043 -63.0674446 9.39809202 -19.1252785 -63.0674446 10.4534405 -16.9310845 -61.4618523 9.39809202 -19.1252785 -63.0674446 8.81429213 -17.5315053 -61.3712656 7.17514378 -18.1319261 -61.3618523 7.17514378 -18.1319261 -61.4618523 9.28541354 -19.1665527 -63.0674446 7.17514378 -18.1319261 -61.3618523 9.28541354 -19.1665527 -63.0674446 9.28541354 -19.1665527 -62.9674446 9.51077051 -19.0840043 -62.9674446 9.51077051 -19.0840043 -63.0674446 10.4534405 -16.9310845 -61.4618523 9.51077051 -19.0840043 -62.9674446 10.4534405 -16.9310845 -61.4618523 10.4534405 -16.9310845 -61.3618523 2.2798148 -0.0412741845 -54 2.39249329 0 -54 2.39249329 0 -54.1 2.2798148 -0.0412741845 -54 2.39249329 0 -54.1 2.2798148 -0.0412741845 -54.1 2.39249329 0 -54 2.50517178 0.0412741845 -54 2.50517178 0.0412741845 -54.1 2.39249329 0 -54 2.50517178 0.0412741845 -54.1 2.39249329 0 -54.1 9.28541354 -19.1665527 -63.0674446 9.39809202 -19.1252785 -63.0674446 9.39809202 -19.1252785 -62.9674446 9.28541354 -19.1665527 -63.0674446 9.39809202 -19.1252785 -62.9674446 9.28541354 -19.1665527 -62.9674446 9.39809202 -19.1252785 -63.0674446 9.51077051 -19.0840043 -63.0674446 9.51077051 -19.0840043 -62.9674446 9.39809202 -19.1252785 -63.0674446 9.51077051 -19.0840043 -62.9674446 9.39809202 -19.1252785 -62.9674446 -6.21454784 0.0720414034 -40 -8.97844213 -0.293086544 -39.2153231 -7.29003098 -1.56053325 -39.1247365 -6.21454784 0.0720414034 -40 -7.29003098 -1.56053325 -39.1247365 -6.11857891 0 -40 -6.11857891 0 -40.1 -7.29003098 -1.56053325 -39.2247365 -8.97844213 -0.293086544 -39.3153231 -6.11857891 0 -40.1 -8.97844213 -0.293086544 -39.3153231 -6.21454784 0.0720414034 -40.1 -6.11857891 0 -40 -7.29003098 -1.56053325 -39.1247365 -5.60161983 -2.82797996 -39.2153231 -6.11857891 0 -40 -5.60161983 -2.82797996 -39.2153231 -6.02260998 -0.0720414034 -40 -6.02260998 -0.0720414034 -40.1 -5.60161983 -2.82797996 -39.3153231 -7.29003098 -1.56053325 -39.2247365 -6.02260998 -0.0720414034 -40.1 -7.29003098 -1.56053325 -39.2247365 -6.11857891 0 -40.1 -6.21454784 0.0720414034 -40 -6.21454784 0.0720414034 -40.1 -8.97844213 -0.293086544 -39.3153231 -6.21454784 0.0720414034 -40 -8.97844213 -0.293086544 -39.3153231 -8.97844213 -0.293086544 -39.2153231 -5.60161983 -2.82797996 -39.2153231 -5.60161983 -2.82797996 -39.3153231 -6.02260998 -0.0720414034 -40.1 -5.60161983 -2.82797996 -39.2153231 -6.02260998 -0.0720414034 -40.1 -6.02260998 -0.0720414034 -40 -8.97844213 -0.293086544 -39.2153231 -11.2281606 -1.04419304 -38.498814 -8.46148305 -3.12106651 -38.323814 -8.97844213 -0.293086544 -39.2153231 -8.46148305 -3.12106651 -38.323814 -7.29003098 -1.56053325 -39.1247365 -7.29003098 -1.56053325 -39.2247365 -8.46148305 -3.12106651 -38.423814 -11.2281606 -1.04419304 -38.598814 -7.29003098 -1.56053325 -39.2247365 -11.2281606 -1.04419304 -38.598814 -8.97844213 -0.293086544 -39.3153231 -7.29003098 -1.56053325 -39.1247365 -8.46148305 -3.12106651 -38.323814 -5.69480552 -5.19793998 -38.498814 -7.29003098 -1.56053325 -39.1247365 -5.69480552 -5.19793998 -38.498814 -5.60161983 -2.82797996 -39.2153231 -5.60161983 -2.82797996 -39.3153231 -5.69480552 -5.19793998 -38.598814 -8.46148305 -3.12106651 -38.423814 -5.60161983 -2.82797996 -39.3153231 -8.46148305 -3.12106651 -38.423814 -7.29003098 -1.56053325 -39.2247365 -8.97844213 -0.293086544 -39.2153231 -8.97844213 -0.293086544 -39.3153231 -11.2281606 -1.04419304 -38.598814 -8.97844213 -0.293086544 -39.2153231 -11.2281606 -1.04419304 -38.598814 -11.2281606 -1.04419304 -38.498814 -5.69480552 -5.19793998 -38.498814 -5.69480552 -5.19793998 -38.598814 -5.60161983 -2.82797996 -39.3153231 -5.69480552 -5.19793998 -38.498814 -5.60161983 -2.82797996 -39.3153231 -5.60161983 -2.82797996 -39.2153231 -11.2281606 -1.04419304 -38.498814 -13.220872 -1.9882281 -37.9139949 -9.63293512 -4.68159976 -37.6665075 -11.2281606 -1.04419304 -38.498814 -9.63293512 -4.68159976 -37.6665075 -8.46148305 -3.12106651 -38.323814 -8.46148305 -3.12106651 -38.423814 -9.63293512 -4.68159976 -37.7665075 -13.220872 -1.9882281 -38.0139949 -8.46148305 -3.12106651 -38.423814 -13.220872 -1.9882281 -38.0139949 -11.2281606 -1.04419304 -38.598814 -8.46148305 -3.12106651 -38.323814 -9.63293512 -4.68159976 -37.6665075 -6.04499826 -7.37497143 -37.9139949 -8.46148305 -3.12106651 -38.323814 -6.04499826 -7.37497143 -37.9139949 -5.69480552 -5.19793998 -38.498814 -5.69480552 -5.19793998 -38.598814 -6.04499826 -7.37497143 -38.0139949 -9.63293512 -4.68159976 -37.7665075 -5.69480552 -5.19793998 -38.598814 -9.63293512 -4.68159976 -37.7665075 -8.46148305 -3.12106651 -38.423814 -11.2281606 -1.04419304 -38.498814 -11.2281606 -1.04419304 -38.598814 -13.220872 -1.9882281 -38.0139949 -11.2281606 -1.04419304 -38.498814 -13.220872 -1.9882281 -38.0139949 -13.220872 -1.9882281 -37.9139949 -6.04499826 -7.37497143 -37.9139949 -6.04499826 -7.37497143 -38.0139949 -5.69480552 -5.19793998 -38.598814 -6.04499826 -7.37497143 -37.9139949 -5.69480552 -5.19793998 -38.598814 -5.69480552 -5.19793998 -38.498814 -13.220872 -1.9882281 -37.9139949 -14.981527 -3.10646187 -37.5154136 -10.8043872 -6.24213302 -37.2123047 -13.220872 -1.9882281 -37.9139949 -10.8043872 -6.24213302 -37.2123047 -9.63293512 -4.68159976 -37.6665075 -9.63293512 -4.68159976 -37.7665075 -10.8043872 -6.24213302 -37.3123047 -14.981527 -3.10646187 -37.6154136 -9.63293512 -4.68159976 -37.7665075 -14.981527 -3.10646187 -37.6154136 -13.220872 -1.9882281 -38.0139949 -9.63293512 -4.68159976 -37.6665075 -10.8043872 -6.24213302 -37.2123047 -6.62724736 -9.37780416 -37.5154136 -9.63293512 -4.68159976 -37.6665075 -6.62724736 -9.37780416 -37.5154136 -6.04499826 -7.37497143 -37.9139949 -6.04499826 -7.37497143 -38.0139949 -6.62724736 -9.37780416 -37.6154136 -10.8043872 -6.24213302 -37.3123047 -6.04499826 -7.37497143 -38.0139949 -10.8043872 -6.24213302 -37.3123047 -9.63293512 -4.68159976 -37.7665075 -13.220872 -1.9882281 -37.9139949 -13.220872 -1.9882281 -38.0139949 -14.981527 -3.10646187 -37.6154136 -13.220872 -1.9882281 -37.9139949 -14.981527 -3.10646187 -37.6154136 -14.981527 -3.10646187 -37.5154136 -6.62724736 -9.37780416 -37.5154136 -6.62724736 -9.37780416 -37.6154136 -6.04499826 -7.37497143 -38.0139949 -6.62724736 -9.37780416 -37.5154136 -6.04499826 -7.37497143 -38.0139949 -6.04499826 -7.37497143 -37.9139949 -14.981527 -3.10646187 -37.5154136 -16.5093941 -4.39944357 -37.344926 -11.9758393 -7.80266627 -37.0068519 -14.981527 -3.10646187 -37.5154136 -11.9758393 -7.80266627 -37.0068519 -10.8043872 -6.24213302 -37.2123047 -10.8043872 -6.24213302 -37.3123047 -11.9758393 -7.80266627 -37.1068519 -16.5093941 -4.39944357 -37.444926 -10.8043872 -6.24213302 -37.3123047 -16.5093941 -4.39944357 -37.444926 -14.981527 -3.10646187 -37.6154136 -10.8043872 -6.24213302 -37.2123047 -11.9758393 -7.80266627 -37.0068519 -7.44228442 -11.205889 -37.344926 -10.8043872 -6.24213302 -37.2123047 -7.44228442 -11.205889 -37.344926 -6.62724736 -9.37780416 -37.5154136 -6.62724736 -9.37780416 -37.6154136 -7.44228442 -11.205889 -37.444926 -11.9758393 -7.80266627 -37.1068519 -6.62724736 -9.37780416 -37.6154136 -11.9758393 -7.80266627 -37.1068519 -10.8043872 -6.24213302 -37.3123047 -14.981527 -3.10646187 -37.5154136 -14.981527 -3.10646187 -37.6154136 -16.5093941 -4.39944357 -37.444926 -14.981527 -3.10646187 -37.5154136 -16.5093941 -4.39944357 -37.444926 -16.5093941 -4.39944357 -37.344926 -7.44228442 -11.205889 -37.344926 -7.44228442 -11.205889 -37.444926 -6.62724736 -9.37780416 -37.6154136 -7.44228442 -11.205889 -37.344926 -6.62724736 -9.37780416 -37.6154136 -6.62724736 -9.37780416 -37.5154136 -16.5093941 -4.39944357 -37.344926 -17.8002698 -5.87032861 -37.4288439 -13.1472913 -9.36319952 -37.0788439 -16.5093941 -4.39944357 -37.344926 -13.1472913 -9.36319952 -37.0788439 -11.9758393 -7.80266627 -37.0068519 -11.9758393 -7.80266627 -37.1068519 -13.1472913 -9.36319952 -37.1788439 -17.8002698 -5.87032861 -37.5288439 -11.9758393 -7.80266627 -37.1068519 -17.8002698 -5.87032861 -37.5288439 -16.5093941 -4.39944357 -37.444926 -11.9758393 -7.80266627 -37.0068519 -13.1472913 -9.36319952 -37.0788439 -8.49431289 -12.8560704 -37.4288439 -11.9758393 -7.80266627 -37.0068519 -8.49431289 -12.8560704 -37.4288439 -7.44228442 -11.205889 -37.344926 -7.44228442 -11.205889 -37.444926 -8.49431289 -12.8560704 -37.5288439 -13.1472913 -9.36319952 -37.1788439 -7.44228442 -11.205889 -37.444926 -13.1472913 -9.36319952 -37.1788439 -11.9758393 -7.80266627 -37.1068519 -16.5093941 -4.39944357 -37.344926 -16.5093941 -4.39944357 -37.444926 -17.8002698 -5.87032861 -37.5288439 -16.5093941 -4.39944357 -37.344926 -17.8002698 -5.87032861 -37.5288439 -17.8002698 -5.87032861 -37.4288439 -8.49431289 -12.8560704 -37.4288439 -8.49431289 -12.8560704 -37.5288439 -7.44228442 -11.205889 -37.444926 -8.49431289 -12.8560704 -37.4288439 -7.44228442 -11.205889 -37.444926 -7.44228442 -11.205889 -37.344926 -17.8002698 -5.87032861 -37.4288439 -18.8522982 -7.52051008 -37.7761419 -14.3187434 -10.9237328 -37.4380678 -17.8002698 -5.87032861 -37.4288439 -14.3187434 -10.9237328 -37.4380678 -13.1472913 -9.36319952 -37.0788439 -13.1472913 -9.36319952 -37.1788439 -14.3187434 -10.9237328 -37.5380678 -18.8522982 -7.52051008 -37.8761419 -13.1472913 -9.36319952 -37.1788439 -18.8522982 -7.52051008 -37.8761419 -17.8002698 -5.87032861 -37.5288439 -13.1472913 -9.36319952 -37.0788439 -14.3187434 -10.9237328 -37.4380678 -9.78518856 -14.3269555 -37.7761419 -13.1472913 -9.36319952 -37.0788439 -9.78518856 -14.3269555 -37.7761419 -8.49431289 -12.8560704 -37.4288439 -8.49431289 -12.8560704 -37.5288439 -9.78518856 -14.3269555 -37.8761419 -14.3187434 -10.9237328 -37.5380678 -8.49431289 -12.8560704 -37.5288439 -14.3187434 -10.9237328 -37.5380678 -13.1472913 -9.36319952 -37.1788439 -17.8002698 -5.87032861 -37.4288439 -17.8002698 -5.87032861 -37.5288439 -18.8522982 -7.52051008 -37.8761419 -17.8002698 -5.87032861 -37.4288439 -18.8522982 -7.52051008 -37.8761419 -18.8522982 -7.52051008 -37.7761419 -9.78518856 -14.3269555 -37.7761419 -9.78518856 -14.3269555 -37.8761419 -8.49431289 -12.8560704 -37.5288439 -9.78518856 -14.3269555 -37.7761419 -8.49431289 -12.8560704 -37.5288439 -8.49431289 -12.8560704 -37.4288439 -18.8522982 -7.52051008 -37.7761419 -19.6673353 -9.34859489 -38.3778453 -15.4901955 -12.484266 -38.0747365 -18.8522982 -7.52051008 -37.7761419 -15.4901955 -12.484266 -38.0747365 -14.3187434 -10.9237328 -37.4380678 -14.3187434 -10.9237328 -37.5380678 -15.4901955 -12.484266 -38.1747365 -19.6673353 -9.34859489 -38.4778453 -14.3187434 -10.9237328 -37.5380678 -19.6673353 -9.34859489 -38.4778453 -18.8522982 -7.52051008 -37.8761419 -14.3187434 -10.9237328 -37.4380678 -15.4901955 -12.484266 -38.0747365 -11.3130556 -15.6199372 -38.3778453 -14.3187434 -10.9237328 -37.4380678 -11.3130556 -15.6199372 -38.3778453 -9.78518856 -14.3269555 -37.7761419 -9.78518856 -14.3269555 -37.8761419 -11.3130556 -15.6199372 -38.4778453 -15.4901955 -12.484266 -38.1747365 -9.78518856 -14.3269555 -37.8761419 -15.4901955 -12.484266 -38.1747365 -14.3187434 -10.9237328 -37.5380678 -18.8522982 -7.52051008 -37.7761419 -18.8522982 -7.52051008 -37.8761419 -19.6673353 -9.34859489 -38.4778453 -18.8522982 -7.52051008 -37.7761419 -19.6673353 -9.34859489 -38.4778453 -19.6673353 -9.34859489 -38.3778453 -11.3130556 -15.6199372 -38.3778453 -11.3130556 -15.6199372 -38.4778453 -9.78518856 -14.3269555 -37.8761419 -11.3130556 -15.6199372 -38.3778453 -9.78518856 -14.3269555 -37.8761419 -9.78518856 -14.3269555 -37.7761419 -19.6673353 -9.34859489 -38.3778453 -20.2495844 -11.3514276 -39.2076426 -16.6616475 -14.0447993 -38.9601552 -19.6673353 -9.34859489 -38.3778453 -16.6616475 -14.0447993 -38.9601552 -15.4901955 -12.484266 -38.0747365 -15.4901955 -12.484266 -38.1747365 -16.6616475 -14.0447993 -39.0601552 -20.2495844 -11.3514276 -39.3076426 -15.4901955 -12.484266 -38.1747365 -20.2495844 -11.3514276 -39.3076426 -19.6673353 -9.34859489 -38.4778453 -15.4901955 -12.484266 -38.0747365 -16.6616475 -14.0447993 -38.9601552 -13.0737107 -16.738171 -39.2076426 -15.4901955 -12.484266 -38.0747365 -13.0737107 -16.738171 -39.2076426 -11.3130556 -15.6199372 -38.3778453 -11.3130556 -15.6199372 -38.4778453 -13.0737107 -16.738171 -39.3076426 -16.6616475 -14.0447993 -39.0601552 -11.3130556 -15.6199372 -38.4778453 -16.6616475 -14.0447993 -39.0601552 -15.4901955 -12.484266 -38.1747365 -19.6673353 -9.34859489 -38.3778453 -19.6673353 -9.34859489 -38.4778453 -20.2495844 -11.3514276 -39.3076426 -19.6673353 -9.34859489 -38.3778453 -20.2495844 -11.3514276 -39.3076426 -20.2495844 -11.3514276 -39.2076426 -13.0737107 -16.738171 -39.2076426 -13.0737107 -16.738171 -39.3076426 -11.3130556 -15.6199372 -38.4778453 -13.0737107 -16.738171 -39.2076426 -11.3130556 -15.6199372 -38.4778453 -11.3130556 -15.6199372 -38.3778453 -20.2495844 -11.3514276 -39.2076426 -20.5997771 -13.5284591 -40.2236776 -17.8330996 -15.6053325 -40.0486776 -20.2495844 -11.3514276 -39.2076426 -17.8330996 -15.6053325 -40.0486776 -16.6616475 -14.0447993 -38.9601552 -16.6616475 -14.0447993 -39.0601552 -17.8330996 -15.6053325 -40.1486776 -20.5997771 -13.5284591 -40.3236776 -16.6616475 -14.0447993 -39.0601552 -20.5997771 -13.5284591 -40.3236776 -20.2495844 -11.3514276 -39.3076426 -16.6616475 -14.0447993 -38.9601552 -17.8330996 -15.6053325 -40.0486776 -15.0664221 -17.682206 -40.2236776 -16.6616475 -14.0447993 -38.9601552 -15.0664221 -17.682206 -40.2236776 -13.0737107 -16.738171 -39.2076426 -13.0737107 -16.738171 -39.3076426 -15.0664221 -17.682206 -40.3236776 -17.8330996 -15.6053325 -40.1486776 -13.0737107 -16.738171 -39.3076426 -17.8330996 -15.6053325 -40.1486776 -16.6616475 -14.0447993 -39.0601552 -20.2495844 -11.3514276 -39.2076426 -20.2495844 -11.3514276 -39.3076426 -20.5997771 -13.5284591 -40.3236776 -20.2495844 -11.3514276 -39.2076426 -20.5997771 -13.5284591 -40.3236776 -20.5997771 -13.5284591 -40.2236776 -15.0664221 -17.682206 -40.2236776 -15.0664221 -17.682206 -40.3236776 -13.0737107 -16.738171 -39.3076426 -15.0664221 -17.682206 -40.2236776 -13.0737107 -16.738171 -39.3076426 -13.0737107 -16.738171 -39.2076426 -20.5997771 -13.5284591 -40.2236776 -20.6929628 -15.8984191 -41.3714026 -19.0045517 -17.1658658 -41.2808159 -20.5997771 -13.5284591 -40.2236776 -19.0045517 -17.1658658 -41.2808159 -17.8330996 -15.6053325 -40.0486776 -17.8330996 -15.6053325 -40.1486776 -19.0045517 -17.1658658 -41.3808159 -20.6929628 -15.8984191 -41.4714026 -17.8330996 -15.6053325 -40.1486776 -20.6929628 -15.8984191 -41.4714026 -20.5997771 -13.5284591 -40.3236776 -17.8330996 -15.6053325 -40.0486776 -19.0045517 -17.1658658 -41.2808159 -17.3161405 -18.4333125 -41.3714026 -17.8330996 -15.6053325 -40.0486776 -17.3161405 -18.4333125 -41.3714026 -15.0664221 -17.682206 -40.2236776 -15.0664221 -17.682206 -40.3236776 -17.3161405 -18.4333125 -41.4714026 -19.0045517 -17.1658658 -41.3808159 -15.0664221 -17.682206 -40.3236776 -19.0045517 -17.1658658 -41.3808159 -17.8330996 -15.6053325 -40.1486776 -20.5997771 -13.5284591 -40.2236776 -20.5997771 -13.5284591 -40.3236776 -20.6929628 -15.8984191 -41.4714026 -20.5997771 -13.5284591 -40.2236776 -20.6929628 -15.8984191 -41.4714026 -20.6929628 -15.8984191 -41.3714026 -17.3161405 -18.4333125 -41.3714026 -17.3161405 -18.4333125 -41.4714026 -15.0664221 -17.682206 -40.3236776 -17.3161405 -18.4333125 -41.3714026 -15.0664221 -17.682206 -40.3236776 -15.0664221 -17.682206 -40.2236776 -20.6929628 -15.8984191 -41.3714026 -20.2719727 -18.6543576 -42.5872953 -20.1760037 -18.726399 -42.5872953 -20.6929628 -15.8984191 -41.3714026 -20.1760037 -18.726399 -42.5872953 -19.0045517 -17.1658658 -41.2808159 -19.0045517 -17.1658658 -41.3808159 -20.1760037 -18.726399 -42.6872953 -20.2719727 -18.6543576 -42.6872953 -19.0045517 -17.1658658 -41.3808159 -20.2719727 -18.6543576 -42.6872953 -20.6929628 -15.8984191 -41.4714026 -19.0045517 -17.1658658 -41.2808159 -20.1760037 -18.726399 -42.5872953 -20.0800348 -18.7984405 -42.5872953 -19.0045517 -17.1658658 -41.2808159 -20.0800348 -18.7984405 -42.5872953 -17.3161405 -18.4333125 -41.3714026 -17.3161405 -18.4333125 -41.4714026 -20.0800348 -18.7984405 -42.6872953 -20.1760037 -18.726399 -42.6872953 -17.3161405 -18.4333125 -41.4714026 -20.1760037 -18.726399 -42.6872953 -19.0045517 -17.1658658 -41.3808159 -20.6929628 -15.8984191 -41.3714026 -20.6929628 -15.8984191 -41.4714026 -20.2719727 -18.6543576 -42.6872953 -20.6929628 -15.8984191 -41.3714026 -20.2719727 -18.6543576 -42.6872953 -20.2719727 -18.6543576 -42.5872953 -20.0800348 -18.7984405 -42.5872953 -20.0800348 -18.7984405 -42.6872953 -17.3161405 -18.4333125 -41.4714026 -20.0800348 -18.7984405 -42.5872953 -17.3161405 -18.4333125 -41.4714026 -17.3161405 -18.4333125 -41.3714026 -6.21454784 0.0720414034 -40 -6.11857891 0 -40 -6.11857891 0 -40.1 -6.21454784 0.0720414034 -40 -6.11857891 0 -40.1 -6.21454784 0.0720414034 -40.1 -6.11857891 0 -40 -6.02260998 -0.0720414034 -40 -6.02260998 -0.0720414034 -40.1 -6.11857891 0 -40 -6.02260998 -0.0720414034 -40.1 -6.11857891 0 -40.1 -20.2719727 -18.6543576 -42.6872953 -20.1760037 -18.726399 -42.6872953 -20.1760037 -18.726399 -42.5872953 -20.2719727 -18.6543576 -42.6872953 -20.1760037 -18.726399 -42.5872953 -20.2719727 -18.6543576 -42.5872953 -20.1760037 -18.726399 -42.6872953 -20.0800348 -18.7984405 -42.6872953 -20.0800348 -18.7984405 -42.5872953 -20.1760037 -18.726399 -42.6872953 -20.0800348 -18.7984405 -42.5872953 -20.1760037 -18.726399 -42.5872953 -10.1173799 -0.0210047853 -26 -11.5787798 -1.83406853 -25.5040637 -9.73154948 -1.50565937 -25.4134771 -10.1173799 -0.0210047853 -26 -9.73154948 -1.50565937 -25.4134771 -9.99923258 0 -26 -9.99923258 0 -26.1 -9.73154948 -1.50565937 -25.5134771 -11.5787798 -1.83406853 -25.6040637 -9.99923258 0 -26.1 -11.5787798 -1.83406853 -25.6040637 -10.1173799 -0.0210047853 -26.1 -9.99923258 0 -26 -9.73154948 -1.50565937 -25.4134771 -7.88431915 -1.1772502 -25.5040637 -9.99923258 0 -26 -7.88431915 -1.1772502 -25.5040637 -9.88108521 0.0210047853 -26 -9.88108521 0.0210047853 -26.1 -7.88431915 -1.1772502 -25.6040637 -9.73154948 -1.50565937 -25.5134771 -9.88108521 0.0210047853 -26.1 -9.73154948 -1.50565937 -25.5134771 -9.99923258 0 -26.1 -10.1173799 -0.0210047853 -26 -10.1173799 -0.0210047853 -26.1 -11.5787798 -1.83406853 -25.6040637 -10.1173799 -0.0210047853 -26 -11.5787798 -1.83406853 -25.6040637 -11.5787798 -1.83406853 -25.5040637 -7.88431915 -1.1772502 -25.5040637 -7.88431915 -1.1772502 -25.6040637 -9.88108521 0.0210047853 -26.1 -7.88431915 -1.1772502 -25.5040637 -9.88108521 0.0210047853 -26.1 -9.88108521 0.0210047853 -26 -11.5787798 -1.83406853 -25.5040637 -12.4907894 -3.54945914 -25.0602167 -9.46386638 -3.01131874 -24.8852167 -11.5787798 -1.83406853 -25.5040637 -9.46386638 -3.01131874 -24.8852167 -9.73154948 -1.50565937 -25.4134771 -9.73154948 -1.50565937 -25.5134771 -9.46386638 -3.01131874 -24.9852167 -12.4907894 -3.54945914 -25.1602167 -9.73154948 -1.50565937 -25.5134771 -12.4907894 -3.54945914 -25.1602167 -11.5787798 -1.83406853 -25.6040637 -9.73154948 -1.50565937 -25.4134771 -9.46386638 -3.01131874 -24.8852167 -6.43694334 -2.47317834 -25.0602167 -9.73154948 -1.50565937 -25.4134771 -6.43694334 -2.47317834 -25.0602167 -7.88431915 -1.1772502 -25.5040637 -7.88431915 -1.1772502 -25.6040637 -6.43694334 -2.47317834 -25.1602167 -9.46386638 -3.01131874 -24.9852167 -7.88431915 -1.1772502 -25.6040637 -9.46386638 -3.01131874 -24.9852167 -9.73154948 -1.50565937 -25.5134771 -11.5787798 -1.83406853 -25.5040637 -11.5787798 -1.83406853 -25.6040637 -12.4907894 -3.54945914 -25.1602167 -11.5787798 -1.83406853 -25.5040637 -12.4907894 -3.54945914 -25.1602167 -12.4907894 -3.54945914 -25.0602167 -6.43694334 -2.47317834 -25.0602167 -6.43694334 -2.47317834 -25.1602167 -7.88431915 -1.1772502 -25.6040637 -6.43694334 -2.47317834 -25.0602167 -7.88431915 -1.1772502 -25.6040637 -7.88431915 -1.1772502 -25.5040637 -12.4907894 -3.54945914 -25.0602167 -13.1216168 -5.21485987 -24.7169982 -9.19618328 -4.51697811 -24.4695108 -12.4907894 -3.54945914 -25.0602167 -9.19618328 -4.51697811 -24.4695108 -9.46386638 -3.01131874 -24.8852167 -9.46386638 -3.01131874 -24.9852167 -9.19618328 -4.51697811 -24.5695108 -13.1216168 -5.21485987 -24.8169982 -9.46386638 -3.01131874 -24.9852167 -13.1216168 -5.21485987 -24.8169982 -12.4907894 -3.54945914 -25.1602167 -9.46386638 -3.01131874 -24.8852167 -9.19618328 -4.51697811 -24.4695108 -5.27074975 -3.81909635 -24.7169982 -9.46386638 -3.01131874 -24.8852167 -5.27074975 -3.81909635 -24.7169982 -6.43694334 -2.47317834 -25.0602167 -6.43694334 -2.47317834 -25.1602167 -5.27074975 -3.81909635 -24.8169982 -9.19618328 -4.51697811 -24.5695108 -6.43694334 -2.47317834 -25.1602167 -9.19618328 -4.51697811 -24.5695108 -9.46386638 -3.01131874 -24.9852167 -12.4907894 -3.54945914 -25.0602167 -12.4907894 -3.54945914 -25.1602167 -13.1216168 -5.21485987 -24.8169982 -12.4907894 -3.54945914 -25.0602167 -13.1216168 -5.21485987 -24.8169982 -13.1216168 -5.21485987 -24.7169982 -5.27074975 -3.81909635 -24.7169982 -5.27074975 -3.81909635 -24.8169982 -6.43694334 -2.47317834 -25.1602167 -5.27074975 -3.81909635 -24.7169982 -6.43694334 -2.47317834 -25.1602167 -6.43694334 -2.47317834 -25.0602167 -13.1216168 -5.21485987 -24.7169982 -13.4985596 -6.83512382 -24.51609 -8.92850018 -6.02263748 -24.2129811 -13.1216168 -5.21485987 -24.7169982 -8.92850018 -6.02263748 -24.2129811 -9.19618328 -4.51697811 -24.4695108 -9.19618328 -4.51697811 -24.5695108 -8.92850018 -6.02263748 -24.3129811 -13.4985596 -6.83512382 -24.61609 -9.19618328 -4.51697811 -24.5695108 -13.4985596 -6.83512382 -24.61609 -13.1216168 -5.21485987 -24.8169982 -9.19618328 -4.51697811 -24.4695108 -8.92850018 -6.02263748 -24.2129811 -4.35844073 -5.21015114 -24.51609 -9.19618328 -4.51697811 -24.4695108 -4.35844073 -5.21015114 -24.51609 -5.27074975 -3.81909635 -24.7169982 -5.27074975 -3.81909635 -24.8169982 -4.35844073 -5.21015114 -24.61609 -8.92850018 -6.02263748 -24.3129811 -5.27074975 -3.81909635 -24.8169982 -8.92850018 -6.02263748 -24.3129811 -9.19618328 -4.51697811 -24.5695108 -13.1216168 -5.21485987 -24.7169982 -13.1216168 -5.21485987 -24.8169982 -13.4985596 -6.83512382 -24.61609 -13.1216168 -5.21485987 -24.7169982 -13.4985596 -6.83512382 -24.61609 -13.4985596 -6.83512382 -24.51609 -4.35844073 -5.21015114 -24.51609 -4.35844073 -5.21015114 -24.61609 -5.27074975 -3.81909635 -24.8169982 -4.35844073 -5.21015114 -24.51609 -5.27074975 -3.81909635 -24.8169982 -5.27074975 -3.81909635 -24.7169982 -13.4985596 -6.83512382 -24.51609 -13.6208175 -8.4101087 -24.4894756 -8.66081708 -7.52829685 -24.1514016 -13.4985596 -6.83512382 -24.51609 -8.66081708 -7.52829685 -24.1514016 -8.92850018 -6.02263748 -24.2129811 -8.92850018 -6.02263748 -24.3129811 -8.66081708 -7.52829685 -24.2514016 -13.6208175 -8.4101087 -24.5894756 -8.92850018 -6.02263748 -24.3129811 -13.6208175 -8.4101087 -24.5894756 -13.4985596 -6.83512382 -24.61609 -8.92850018 -6.02263748 -24.2129811 -8.66081708 -7.52829685 -24.1514016 -3.7008167 -6.646485 -24.4894756 -8.92850018 -6.02263748 -24.2129811 -3.7008167 -6.646485 -24.4894756 -4.35844073 -5.21015114 -24.51609 -4.35844073 -5.21015114 -24.61609 -3.7008167 -6.646485 -24.5894756 -8.66081708 -7.52829685 -24.2514016 -4.35844073 -5.21015114 -24.61609 -8.66081708 -7.52829685 -24.2514016 -8.92850018 -6.02263748 -24.3129811 -13.4985596 -6.83512382 -24.51609 -13.4985596 -6.83512382 -24.61609 -13.6208175 -8.4101087 -24.5894756 -13.4985596 -6.83512382 -24.51609 -13.6208175 -8.4101087 -24.5894756 -13.6208175 -8.4101087 -24.4894756 -3.7008167 -6.646485 -24.4894756 -3.7008167 -6.646485 -24.5894756 -4.35844073 -5.21015114 -24.61609 -3.7008167 -6.646485 -24.4894756 -4.35844073 -5.21015114 -24.61609 -4.35844073 -5.21015114 -24.51609 -13.6208175 -8.4101087 -24.4894756 -13.4837915 -9.93899689 -24.6572607 -8.39313399 -9.03395622 -24.3072607 -13.6208175 -8.4101087 -24.4894756 -8.39313399 -9.03395622 -24.3072607 -8.66081708 -7.52829685 -24.1514016 -8.66081708 -7.52829685 -24.2514016 -8.39313399 -9.03395622 -24.4072607 -13.4837915 -9.93899689 -24.7572607 -8.66081708 -7.52829685 -24.2514016 -13.4837915 -9.93899689 -24.7572607 -13.6208175 -8.4101087 -24.5894756 -8.66081708 -7.52829685 -24.1514016 -8.39313399 -9.03395622 -24.3072607 -3.30247651 -8.12891555 -24.6572607 -8.66081708 -7.52829685 -24.1514016 -3.30247651 -8.12891555 -24.6572607 -3.7008167 -6.646485 -24.4894756 -3.7008167 -6.646485 -24.5894756 -3.30247651 -8.12891555 -24.7572607 -8.39313399 -9.03395622 -24.4072607 -3.7008167 -6.646485 -24.5894756 -8.39313399 -9.03395622 -24.4072607 -8.66081708 -7.52829685 -24.2514016 -13.6208175 -8.4101087 -24.4894756 -13.6208175 -8.4101087 -24.5894756 -13.4837915 -9.93899689 -24.7572607 -13.6208175 -8.4101087 -24.4894756 -13.4837915 -9.93899689 -24.7572607 -13.4837915 -9.93899689 -24.6572607 -3.30247651 -8.12891555 -24.6572607 -3.30247651 -8.12891555 -24.7572607 -3.7008167 -6.646485 -24.5894756 -3.30247651 -8.12891555 -24.6572607 -3.7008167 -6.646485 -24.5894756 -3.7008167 -6.646485 -24.4894756 -13.4837915 -9.93899689 -24.6572607 -13.0854513 -11.4214274 -25.026303 -8.12545089 -10.5396156 -24.688229 -13.4837915 -9.93899689 -24.6572607 -8.12545089 -10.5396156 -24.688229 -8.39313399 -9.03395622 -24.3072607 -8.39313399 -9.03395622 -24.4072607 -8.12545089 -10.5396156 -24.788229 -13.0854513 -11.4214274 -25.126303 -8.39313399 -9.03395622 -24.4072607 -13.0854513 -11.4214274 -25.126303 -13.4837915 -9.93899689 -24.7572607 -8.39313399 -9.03395622 -24.3072607 -8.12545089 -10.5396156 -24.688229 -3.16545051 -9.65780374 -25.026303 -8.39313399 -9.03395622 -24.3072607 -3.16545051 -9.65780374 -25.026303 -3.30247651 -8.12891555 -24.6572607 -3.30247651 -8.12891555 -24.7572607 -3.16545051 -9.65780374 -25.126303 -8.12545089 -10.5396156 -24.788229 -3.30247651 -8.12891555 -24.7572607 -8.12545089 -10.5396156 -24.788229 -8.39313399 -9.03395622 -24.4072607 -13.4837915 -9.93899689 -24.6572607 -13.4837915 -9.93899689 -24.7572607 -13.0854513 -11.4214274 -25.126303 -13.4837915 -9.93899689 -24.6572607 -13.0854513 -11.4214274 -25.126303 -13.0854513 -11.4214274 -25.026303 -3.16545051 -9.65780374 -25.026303 -3.16545051 -9.65780374 -25.126303 -3.30247651 -8.12891555 -24.7572607 -3.16545051 -9.65780374 -25.026303 -3.30247651 -8.12891555 -24.7572607 -3.30247651 -8.12891555 -24.6572607 -13.0854513 -11.4214274 -25.026303 -12.4278272 -12.8577613 -25.5897448 -7.85776779 -12.045275 -25.2866359 -13.0854513 -11.4214274 -25.026303 -7.85776779 -12.045275 -25.2866359 -8.12545089 -10.5396156 -24.688229 -8.12545089 -10.5396156 -24.788229 -7.85776779 -12.045275 -25.3866359 -12.4278272 -12.8577613 -25.6897448 -8.12545089 -10.5396156 -24.788229 -12.4278272 -12.8577613 -25.6897448 -13.0854513 -11.4214274 -25.126303 -8.12545089 -10.5396156 -24.688229 -7.85776779 -12.045275 -25.2866359 -3.28770833 -11.2327886 -25.5897448 -8.12545089 -10.5396156 -24.688229 -3.28770833 -11.2327886 -25.5897448 -3.16545051 -9.65780374 -25.026303 -3.16545051 -9.65780374 -25.126303 -3.28770833 -11.2327886 -25.6897448 -7.85776779 -12.045275 -25.3866359 -3.16545051 -9.65780374 -25.126303 -7.85776779 -12.045275 -25.3866359 -8.12545089 -10.5396156 -24.788229 -13.0854513 -11.4214274 -25.026303 -13.0854513 -11.4214274 -25.126303 -12.4278272 -12.8577613 -25.6897448 -13.0854513 -11.4214274 -25.026303 -12.4278272 -12.8577613 -25.6897448 -12.4278272 -12.8577613 -25.5897448 -3.28770833 -11.2327886 -25.5897448 -3.28770833 -11.2327886 -25.6897448 -3.16545051 -9.65780374 -25.126303 -3.28770833 -11.2327886 -25.5897448 -3.16545051 -9.65780374 -25.126303 -3.16545051 -9.65780374 -25.026303 -12.4278272 -12.8577613 -25.5897448 -11.5155182 -14.2488161 -26.3274804 -7.59008469 -13.5509343 -26.079993 -12.4278272 -12.8577613 -25.5897448 -7.59008469 -13.5509343 -26.079993 -7.85776779 -12.045275 -25.2866359 -7.85776779 -12.045275 -25.3866359 -7.59008469 -13.5509343 -26.179993 -11.5155182 -14.2488161 -26.4274804 -7.85776779 -12.045275 -25.3866359 -11.5155182 -14.2488161 -26.4274804 -12.4278272 -12.8577613 -25.6897448 -7.85776779 -12.045275 -25.2866359 -7.59008469 -13.5509343 -26.079993 -3.66465116 -12.8530526 -26.3274804 -7.85776779 -12.045275 -25.2866359 -3.66465116 -12.8530526 -26.3274804 -3.28770833 -11.2327886 -25.5897448 -3.28770833 -11.2327886 -25.6897448 -3.66465116 -12.8530526 -26.4274804 -7.59008469 -13.5509343 -26.179993 -3.28770833 -11.2327886 -25.6897448 -7.59008469 -13.5509343 -26.179993 -7.85776779 -12.045275 -25.3866359 -12.4278272 -12.8577613 -25.5897448 -12.4278272 -12.8577613 -25.6897448 -11.5155182 -14.2488161 -26.4274804 -12.4278272 -12.8577613 -25.5897448 -11.5155182 -14.2488161 -26.4274804 -11.5155182 -14.2488161 -26.3274804 -3.66465116 -12.8530526 -26.3274804 -3.66465116 -12.8530526 -26.4274804 -3.28770833 -11.2327886 -25.6897448 -3.66465116 -12.8530526 -26.3274804 -3.28770833 -11.2327886 -25.6897448 -3.28770833 -11.2327886 -25.5897448 -11.5155182 -14.2488161 -26.3274804 -10.3493246 -15.5947341 -27.2075263 -7.32240159 -15.0565937 -27.0325263 -11.5155182 -14.2488161 -26.3274804 -7.32240159 -15.0565937 -27.0325263 -7.59008469 -13.5509343 -26.079993 -7.59008469 -13.5509343 -26.179993 -7.32240159 -15.0565937 -27.1325263 -10.3493246 -15.5947341 -27.3075263 -7.59008469 -13.5509343 -26.179993 -10.3493246 -15.5947341 -27.3075263 -11.5155182 -14.2488161 -26.4274804 -7.59008469 -13.5509343 -26.079993 -7.32240159 -15.0565937 -27.0325263 -4.29547855 -14.5184533 -27.2075263 -7.59008469 -13.5509343 -26.079993 -4.29547855 -14.5184533 -27.2075263 -3.66465116 -12.8530526 -26.3274804 -3.66465116 -12.8530526 -26.4274804 -4.29547855 -14.5184533 -27.3075263 -7.32240159 -15.0565937 -27.1325263 -3.66465116 -12.8530526 -26.4274804 -7.32240159 -15.0565937 -27.1325263 -7.59008469 -13.5509343 -26.179993 -11.5155182 -14.2488161 -26.3274804 -11.5155182 -14.2488161 -26.4274804 -10.3493246 -15.5947341 -27.3075263 -11.5155182 -14.2488161 -26.3274804 -10.3493246 -15.5947341 -27.3075263 -10.3493246 -15.5947341 -27.2075263 -4.29547855 -14.5184533 -27.2075263 -4.29547855 -14.5184533 -27.3075263 -3.66465116 -12.8530526 -26.4274804 -4.29547855 -14.5184533 -27.2075263 -3.66465116 -12.8530526 -26.4274804 -3.66465116 -12.8530526 -26.3274804 -10.3493246 -15.5947341 -27.2075263 -8.90194882 -16.8906622 -28.1882008 -7.05471849 -16.5622531 -28.0976142 -10.3493246 -15.5947341 -27.2075263 -7.05471849 -16.5622531 -28.0976142 -7.32240159 -15.0565937 -27.0325263 -7.32240159 -15.0565937 -27.1325263 -7.05471849 -16.5622531 -28.1976142 -8.90194882 -16.8906622 -28.2882008 -7.32240159 -15.0565937 -27.1325263 -8.90194882 -16.8906622 -28.2882008 -10.3493246 -15.5947341 -27.3075263 -7.32240159 -15.0565937 -27.0325263 -7.05471849 -16.5622531 -28.0976142 -5.20748817 -16.2338439 -28.1882008 -7.32240159 -15.0565937 -27.0325263 -5.20748817 -16.2338439 -28.1882008 -4.29547855 -14.5184533 -27.2075263 -4.29547855 -14.5184533 -27.3075263 -5.20748817 -16.2338439 -28.2882008 -7.05471849 -16.5622531 -28.1976142 -4.29547855 -14.5184533 -27.3075263 -7.05471849 -16.5622531 -28.1976142 -7.32240159 -15.0565937 -27.1325263 -10.3493246 -15.5947341 -27.2075263 -10.3493246 -15.5947341 -27.3075263 -8.90194882 -16.8906622 -28.2882008 -10.3493246 -15.5947341 -27.2075263 -8.90194882 -16.8906622 -28.2882008 -8.90194882 -16.8906622 -28.1882008 -5.20748817 -16.2338439 -28.1882008 -5.20748817 -16.2338439 -28.2882008 -4.29547855 -14.5184533 -27.3075263 -5.20748817 -16.2338439 -28.1882008 -4.29547855 -14.5184533 -27.3075263 -4.29547855 -14.5184533 -27.2075263 -8.90194882 -16.8906622 -28.1882008 -6.90518276 -18.0889172 -29.2209645 -6.7870354 -18.0679124 -29.2209645 -8.90194882 -16.8906622 -28.1882008 -6.7870354 -18.0679124 -29.2209645 -7.05471849 -16.5622531 -28.0976142 -7.05471849 -16.5622531 -28.1976142 -6.7870354 -18.0679124 -29.3209645 -6.90518276 -18.0889172 -29.3209645 -7.05471849 -16.5622531 -28.1976142 -6.90518276 -18.0889172 -29.3209645 -8.90194882 -16.8906622 -28.2882008 -7.05471849 -16.5622531 -28.0976142 -6.7870354 -18.0679124 -29.2209645 -6.66888803 -18.0469077 -29.2209645 -7.05471849 -16.5622531 -28.0976142 -6.66888803 -18.0469077 -29.2209645 -5.20748817 -16.2338439 -28.1882008 -5.20748817 -16.2338439 -28.2882008 -6.66888803 -18.0469077 -29.3209645 -6.7870354 -18.0679124 -29.3209645 -5.20748817 -16.2338439 -28.2882008 -6.7870354 -18.0679124 -29.3209645 -7.05471849 -16.5622531 -28.1976142 -8.90194882 -16.8906622 -28.1882008 -8.90194882 -16.8906622 -28.2882008 -6.90518276 -18.0889172 -29.3209645 -8.90194882 -16.8906622 -28.1882008 -6.90518276 -18.0889172 -29.3209645 -6.90518276 -18.0889172 -29.2209645 -6.66888803 -18.0469077 -29.2209645 -6.66888803 -18.0469077 -29.3209645 -5.20748817 -16.2338439 -28.2882008 -6.66888803 -18.0469077 -29.2209645 -5.20748817 -16.2338439 -28.2882008 -5.20748817 -16.2338439 -28.1882008 -10.1173799 -0.0210047853 -26 -9.99923258 0 -26 -9.99923258 0 -26.1 -10.1173799 -0.0210047853 -26 -9.99923258 0 -26.1 -10.1173799 -0.0210047853 -26.1 -9.99923258 0 -26 -9.88108521 0.0210047853 -26 -9.88108521 0.0210047853 -26.1 -9.99923258 0 -26 -9.88108521 0.0210047853 -26.1 -9.99923258 0 -26.1 -6.90518276 -18.0889172 -29.3209645 -6.7870354 -18.0679124 -29.3209645 -6.7870354 -18.0679124 -29.2209645 -6.90518276 -18.0889172 -29.3209645 -6.7870354 -18.0679124 -29.2209645 -6.90518276 -18.0889172 -29.2209645 -6.7870354 -18.0679124 -29.3209645 -6.66888803 -18.0469077 -29.3209645 -6.66888803 -18.0469077 -29.2209645 -6.7870354 -18.0679124 -29.3209645 -6.66888803 -18.0469077 -29.2209645 -6.7870354 -18.0679124 -29.2209645 -6.39823828 0.0841275757 -12 -8.8009163 -0.0516682685 -11.4380091 -7.56144552 -1.27021859 -11.3474224 -6.39823828 0.0841275757 -12 -7.56144552 -1.27021859 -11.3474224 -6.31266638 0 -12 -6.31266638 0 -12.1 -7.56144552 -1.27021859 -11.4474224 -8.8009163 -0.0516682685 -11.5380091 -6.31266638 0 -12.1 -8.8009163 -0.0516682685 -11.5380091 -6.39823828 0.0841275757 -12.1 -6.31266638 0 -12 -7.56144552 -1.27021859 -11.3474224 -6.32197473 -2.4887689 -11.4380091 -6.31266638 0 -12 -6.32197473 -2.4887689 -11.4380091 -6.22709447 -0.0841275757 -12 -6.22709447 -0.0841275757 -12.1 -6.32197473 -2.4887689 -11.5380091 -7.56144552 -1.27021859 -11.4474224 -6.22709447 -0.0841275757 -12.1 -7.56144552 -1.27021859 -11.4474224 -6.31266638 0 -12.1 -6.39823828 0.0841275757 -12 -6.39823828 0.0841275757 -12.1 -8.8009163 -0.0516682685 -11.5380091 -6.39823828 0.0841275757 -12 -8.8009163 -0.0516682685 -11.5380091 -8.8009163 -0.0516682685 -11.4380091 -6.32197473 -2.4887689 -11.4380091 -6.32197473 -2.4887689 -11.5380091 -6.22709447 -0.0841275757 -12.1 -6.32197473 -2.4887689 -11.4380091 -6.22709447 -0.0841275757 -12.1 -6.22709447 -0.0841275757 -12 -8.8009163 -0.0516682685 -11.4380091 -10.841256 -0.543686692 -10.937708 -8.81022465 -2.54043717 -10.762708 -8.8009163 -0.0516682685 -11.4380091 -8.81022465 -2.54043717 -10.762708 -7.56144552 -1.27021859 -11.3474224 -7.56144552 -1.27021859 -11.4474224 -8.81022465 -2.54043717 -10.862708 -10.841256 -0.543686692 -11.037708 -7.56144552 -1.27021859 -11.4474224 -10.841256 -0.543686692 -11.037708 -8.8009163 -0.0516682685 -11.5380091 -7.56144552 -1.27021859 -11.3474224 -8.81022465 -2.54043717 -10.762708 -6.77919331 -4.53718765 -10.937708 -7.56144552 -1.27021859 -11.3474224 -6.77919331 -4.53718765 -10.937708 -6.32197473 -2.4887689 -11.4380091 -6.32197473 -2.4887689 -11.5380091 -6.77919331 -4.53718765 -11.037708 -8.81022465 -2.54043717 -10.862708 -6.32197473 -2.4887689 -11.5380091 -8.81022465 -2.54043717 -10.862708 -7.56144552 -1.27021859 -11.4474224 -8.8009163 -0.0516682685 -11.4380091 -8.8009163 -0.0516682685 -11.5380091 -10.841256 -0.543686692 -11.037708 -8.8009163 -0.0516682685 -11.4380091 -10.841256 -0.543686692 -11.037708 -10.841256 -0.543686692 -10.937708 -6.77919331 -4.53718765 -10.937708 -6.77919331 -4.53718765 -11.037708 -6.32197473 -2.4887689 -11.5380091 -6.77919331 -4.53718765 -10.937708 -6.32197473 -2.4887689 -11.5380091 -6.32197473 -2.4887689 -11.4380091 -10.841256 -0.543686692 -10.937708 -12.6929256 -1.22119075 -10.5565824 -10.0590038 -3.81065576 -10.309095 -10.841256 -0.543686692 -10.937708 -10.0590038 -3.81065576 -10.309095 -8.81022465 -2.54043717 -10.762708 -8.81022465 -2.54043717 -10.862708 -10.0590038 -3.81065576 -10.409095 -12.6929256 -1.22119075 -10.6565824 -8.81022465 -2.54043717 -10.862708 -12.6929256 -1.22119075 -10.6565824 -10.841256 -0.543686692 -11.037708 -8.81022465 -2.54043717 -10.762708 -10.0590038 -3.81065576 -10.309095 -7.42508201 -6.40012076 -10.5565824 -8.81022465 -2.54043717 -10.762708 -7.42508201 -6.40012076 -10.5565824 -6.77919331 -4.53718765 -10.937708 -6.77919331 -4.53718765 -11.037708 -7.42508201 -6.40012076 -10.6565824 -10.0590038 -3.81065576 -10.409095 -6.77919331 -4.53718765 -11.037708 -10.0590038 -3.81065576 -10.409095 -8.81022465 -2.54043717 -10.862708 -10.841256 -0.543686692 -10.937708 -10.841256 -0.543686692 -11.037708 -12.6929256 -1.22119075 -10.6565824 -10.841256 -0.543686692 -10.937708 -12.6929256 -1.22119075 -10.6565824 -12.6929256 -1.22119075 -10.5565824 -7.42508201 -6.40012076 -10.5565824 -7.42508201 -6.40012076 -10.6565824 -6.77919331 -4.53718765 -11.037708 -7.42508201 -6.40012076 -10.5565824 -6.77919331 -4.53718765 -11.037708 -6.77919331 -4.53718765 -10.937708 -12.6929256 -1.22119075 -10.5565824 -14.3742415 -2.06617318 -10.3439964 -11.3077829 -5.08087434 -10.0408875 -12.6929256 -1.22119075 -10.5565824 -11.3077829 -5.08087434 -10.0408875 -10.0590038 -3.81065576 -10.309095 -10.0590038 -3.81065576 -10.409095 -11.3077829 -5.08087434 -10.1408875 -14.3742415 -2.06617318 -10.4439964 -10.0590038 -3.81065576 -10.409095 -14.3742415 -2.06617318 -10.4439964 -12.6929256 -1.22119075 -10.6565824 -10.0590038 -3.81065576 -10.309095 -11.3077829 -5.08087434 -10.0408875 -8.2413244 -8.0955755 -10.3439964 -10.0590038 -3.81065576 -10.309095 -8.2413244 -8.0955755 -10.3439964 -7.42508201 -6.40012076 -10.5565824 -7.42508201 -6.40012076 -10.6565824 -8.2413244 -8.0955755 -10.4439964 -11.3077829 -5.08087434 -10.1408875 -7.42508201 -6.40012076 -10.6565824 -11.3077829 -5.08087434 -10.1408875 -10.0590038 -3.81065576 -10.409095 -12.6929256 -1.22119075 -10.5565824 -12.6929256 -1.22119075 -10.6565824 -14.3742415 -2.06617318 -10.4439964 -12.6929256 -1.22119075 -10.5565824 -14.3742415 -2.06617318 -10.4439964 -14.3742415 -2.06617318 -10.3439964 -8.2413244 -8.0955755 -10.3439964 -8.2413244 -8.0955755 -10.4439964 -7.42508201 -6.40012076 -10.6565824 -8.2413244 -8.0955755 -10.3439964 -7.42508201 -6.40012076 -10.6565824 -7.42508201 -6.40012076 -10.5565824 -14.3742415 -2.06617318 -10.3439964 -15.8846666 -3.07916199 -10.3378285 -12.5565621 -6.35109293 -9.99975449 -14.3742415 -2.06617318 -10.3439964 -12.5565621 -6.35109293 -9.99975449 -11.3077829 -5.08087434 -10.0408875 -11.3077829 -5.08087434 -10.1408875 -12.5565621 -6.35109293 -10.0997545 -15.8846666 -3.07916199 -10.4378285 -11.3077829 -5.08087434 -10.1408875 -15.8846666 -3.07916199 -10.4378285 -14.3742415 -2.06617318 -10.4439964 -11.3077829 -5.08087434 -10.0408875 -12.5565621 -6.35109293 -9.99975449 -9.22845755 -9.62302386 -10.3378285 -11.3077829 -5.08087434 -10.0408875 -9.22845755 -9.62302386 -10.3378285 -8.2413244 -8.0955755 -10.3439964 -8.2413244 -8.0955755 -10.4439964 -9.22845755 -9.62302386 -10.4378285 -12.5565621 -6.35109293 -10.0997545 -8.2413244 -8.0955755 -10.4439964 -12.5565621 -6.35109293 -10.0997545 -11.3077829 -5.08087434 -10.1408875 -14.3742415 -2.06617318 -10.3439964 -14.3742415 -2.06617318 -10.4439964 -15.8846666 -3.07916199 -10.4378285 -14.3742415 -2.06617318 -10.3439964 -15.8846666 -3.07916199 -10.4378285 -15.8846666 -3.07916199 -10.3378285 -9.22845755 -9.62302386 -10.3378285 -9.22845755 -9.62302386 -10.4378285 -8.2413244 -8.0955755 -10.4439964 -9.22845755 -9.62302386 -10.3378285 -8.2413244 -8.0955755 -10.4439964 -8.2413244 -8.0955755 -10.3439964 -15.8846666 -3.07916199 -10.3378285 -17.2211152 -4.26319087 -10.56189 -13.8053412 -7.62131151 -10.21189 -15.8846666 -3.07916199 -10.3378285 -13.8053412 -7.62131151 -10.21189 -12.5565621 -6.35109293 -9.99975449 -12.5565621 -6.35109293 -10.0997545 -13.8053412 -7.62131151 -10.31189 -17.2211152 -4.26319087 -10.66189 -12.5565621 -6.35109293 -10.0997545 -17.2211152 -4.26319087 -10.66189 -15.8846666 -3.07916199 -10.4378285 -12.5565621 -6.35109293 -9.99975449 -13.8053412 -7.62131151 -10.21189 -10.3895673 -10.9794322 -10.56189 -12.5565621 -6.35109293 -9.99975449 -10.3895673 -10.9794322 -10.56189 -9.22845755 -9.62302386 -10.3378285 -9.22845755 -9.62302386 -10.4378285 -10.3895673 -10.9794322 -10.66189 -13.8053412 -7.62131151 -10.31189 -9.22845755 -9.62302386 -10.4378285 -13.8053412 -7.62131151 -10.31189 -12.5565621 -6.35109293 -10.0997545 -15.8846666 -3.07916199 -10.3378285 -15.8846666 -3.07916199 -10.4378285 -17.2211152 -4.26319087 -10.66189 -15.8846666 -3.07916199 -10.3378285 -17.2211152 -4.26319087 -10.66189 -17.2211152 -4.26319087 -10.56189 -10.3895673 -10.9794322 -10.56189 -10.3895673 -10.9794322 -10.66189 -9.22845755 -9.62302386 -10.4378285 -10.3895673 -10.9794322 -10.56189 -9.22845755 -9.62302386 -10.4378285 -9.22845755 -9.62302386 -10.3378285 -17.2211152 -4.26319087 -10.56189 -18.3822249 -5.61959917 -11.0243026 -15.0541203 -8.8915301 -10.6862285 -17.2211152 -4.26319087 -10.56189 -15.0541203 -8.8915301 -10.6862285 -13.8053412 -7.62131151 -10.21189 -13.8053412 -7.62131151 -10.31189 -15.0541203 -8.8915301 -10.7862285 -18.3822249 -5.61959917 -11.1243026 -13.8053412 -7.62131151 -10.31189 -18.3822249 -5.61959917 -11.1243026 -17.2211152 -4.26319087 -10.66189 -13.8053412 -7.62131151 -10.21189 -15.0541203 -8.8915301 -10.6862285 -11.7260158 -12.163461 -11.0243026 -13.8053412 -7.62131151 -10.21189 -11.7260158 -12.163461 -11.0243026 -10.3895673 -10.9794322 -10.56189 -10.3895673 -10.9794322 -10.66189 -11.7260158 -12.163461 -11.1243026 -15.0541203 -8.8915301 -10.7862285 -10.3895673 -10.9794322 -10.66189 -15.0541203 -8.8915301 -10.7862285 -13.8053412 -7.62131151 -10.31189 -17.2211152 -4.26319087 -10.56189 -17.2211152 -4.26319087 -10.66189 -18.3822249 -5.61959917 -11.1243026 -17.2211152 -4.26319087 -10.56189 -18.3822249 -5.61959917 -11.1243026 -18.3822249 -5.61959917 -11.0243026 -11.7260158 -12.163461 -11.0243026 -11.7260158 -12.163461 -11.1243026 -10.3895673 -10.9794322 -10.66189 -11.7260158 -12.163461 -11.0243026 -10.3895673 -10.9794322 -10.66189 -10.3895673 -10.9794322 -10.56189 -18.3822249 -5.61959917 -11.0243026 -19.369358 -7.14704753 -11.7169446 -16.3028995 -10.1617487 -11.4138357 -18.3822249 -5.61959917 -11.0243026 -16.3028995 -10.1617487 -11.4138357 -15.0541203 -8.8915301 -10.6862285 -15.0541203 -8.8915301 -10.7862285 -16.3028995 -10.1617487 -11.5138357 -19.369358 -7.14704753 -11.8169446 -15.0541203 -8.8915301 -10.7862285 -19.369358 -7.14704753 -11.8169446 -18.3822249 -5.61959917 -11.1243026 -15.0541203 -8.8915301 -10.6862285 -16.3028995 -10.1617487 -11.4138357 -13.2364409 -13.1764498 -11.7169446 -15.0541203 -8.8915301 -10.6862285 -13.2364409 -13.1764498 -11.7169446 -11.7260158 -12.163461 -11.0243026 -11.7260158 -12.163461 -11.1243026 -13.2364409 -13.1764498 -11.8169446 -16.3028995 -10.1617487 -11.5138357 -11.7260158 -12.163461 -11.1243026 -16.3028995 -10.1617487 -11.5138357 -15.0541203 -8.8915301 -10.7862285 -18.3822249 -5.61959917 -11.0243026 -18.3822249 -5.61959917 -11.1243026 -19.369358 -7.14704753 -11.8169446 -18.3822249 -5.61959917 -11.0243026 -19.369358 -7.14704753 -11.8169446 -19.369358 -7.14704753 -11.7169446 -13.2364409 -13.1764498 -11.7169446 -13.2364409 -13.1764498 -11.8169446 -11.7260158 -12.163461 -11.1243026 -13.2364409 -13.1764498 -11.7169446 -11.7260158 -12.163461 -11.1243026 -11.7260158 -12.163461 -11.0243026 -19.369358 -7.14704753 -11.7169446 -20.1856004 -8.84250227 -12.6160046 -17.5516786 -11.4319673 -12.3685172 -19.369358 -7.14704753 -11.7169446 -17.5516786 -11.4319673 -12.3685172 -16.3028995 -10.1617487 -11.4138357 -16.3028995 -10.1617487 -11.5138357 -17.5516786 -11.4319673 -12.4685172 -20.1856004 -8.84250227 -12.7160046 -16.3028995 -10.1617487 -11.5138357 -20.1856004 -8.84250227 -12.7160046 -19.369358 -7.14704753 -11.8169446 -16.3028995 -10.1617487 -11.4138357 -17.5516786 -11.4319673 -12.3685172 -14.9177568 -14.0214323 -12.6160046 -16.3028995 -10.1617487 -11.4138357 -14.9177568 -14.0214323 -12.6160046 -13.2364409 -13.1764498 -11.7169446 -13.2364409 -13.1764498 -11.8169446 -14.9177568 -14.0214323 -12.7160046 -17.5516786 -11.4319673 -12.4685172 -13.2364409 -13.1764498 -11.8169446 -17.5516786 -11.4319673 -12.4685172 -16.3028995 -10.1617487 -11.5138357 -19.369358 -7.14704753 -11.7169446 -19.369358 -7.14704753 -11.8169446 -20.1856004 -8.84250227 -12.7160046 -19.369358 -7.14704753 -11.7169446 -20.1856004 -8.84250227 -12.7160046 -20.1856004 -8.84250227 -12.6160046 -14.9177568 -14.0214323 -12.6160046 -14.9177568 -14.0214323 -12.7160046 -13.2364409 -13.1764498 -11.8169446 -14.9177568 -14.0214323 -12.6160046 -13.2364409 -13.1764498 -11.8169446 -13.2364409 -13.1764498 -11.7169446 -20.1856004 -8.84250227 -12.6160046 -20.8314891 -10.7054354 -13.6836042 -18.8004578 -12.7021859 -13.5086042 -20.1856004 -8.84250227 -12.6160046 -18.8004578 -12.7021859 -13.5086042 -17.5516786 -11.4319673 -12.3685172 -17.5516786 -11.4319673 -12.4685172 -18.8004578 -12.7021859 -13.6086042 -20.8314891 -10.7054354 -13.7836042 -17.5516786 -11.4319673 -12.4685172 -20.8314891 -10.7054354 -13.7836042 -20.1856004 -8.84250227 -12.7160046 -17.5516786 -11.4319673 -12.3685172 -18.8004578 -12.7021859 -13.5086042 -16.7694264 -14.6989363 -13.6836042 -17.5516786 -11.4319673 -12.3685172 -16.7694264 -14.6989363 -13.6836042 -14.9177568 -14.0214323 -12.6160046 -14.9177568 -14.0214323 -12.7160046 -16.7694264 -14.6989363 -13.7836042 -18.8004578 -12.7021859 -13.6086042 -14.9177568 -14.0214323 -12.7160046 -18.8004578 -12.7021859 -13.6086042 -17.5516786 -11.4319673 -12.4685172 -20.1856004 -8.84250227 -12.6160046 -20.1856004 -8.84250227 -12.7160046 -20.8314891 -10.7054354 -13.7836042 -20.1856004 -8.84250227 -12.6160046 -20.8314891 -10.7054354 -13.7836042 -20.8314891 -10.7054354 -13.6836042 -16.7694264 -14.6989363 -13.6836042 -16.7694264 -14.6989363 -13.7836042 -14.9177568 -14.0214323 -12.7160046 -16.7694264 -14.6989363 -13.6836042 -14.9177568 -14.0214323 -12.7160046 -14.9177568 -14.0214323 -12.6160046 -20.8314891 -10.7054354 -13.6836042 -21.2887077 -12.7538541 -14.8703794 -20.0492369 -13.9724044 -14.7797928 -20.8314891 -10.7054354 -13.6836042 -20.0492369 -13.9724044 -14.7797928 -18.8004578 -12.7021859 -13.5086042 -18.8004578 -12.7021859 -13.6086042 -20.0492369 -13.9724044 -14.8797928 -21.2887077 -12.7538541 -14.9703794 -18.8004578 -12.7021859 -13.6086042 -21.2887077 -12.7538541 -14.9703794 -20.8314891 -10.7054354 -13.7836042 -18.8004578 -12.7021859 -13.5086042 -20.0492369 -13.9724044 -14.7797928 -18.8097661 -15.1909548 -14.8703794 -18.8004578 -12.7021859 -13.5086042 -18.8097661 -15.1909548 -14.8703794 -16.7694264 -14.6989363 -13.6836042 -16.7694264 -14.6989363 -13.7836042 -18.8097661 -15.1909548 -14.9703794 -20.0492369 -13.9724044 -14.8797928 -16.7694264 -14.6989363 -13.7836042 -20.0492369 -13.9724044 -14.8797928 -18.8004578 -12.7021859 -13.6086042 -20.8314891 -10.7054354 -13.6836042 -20.8314891 -10.7054354 -13.7836042 -21.2887077 -12.7538541 -14.9703794 -20.8314891 -10.7054354 -13.6836042 -21.2887077 -12.7538541 -14.9703794 -21.2887077 -12.7538541 -14.8703794 -18.8097661 -15.1909548 -14.8703794 -18.8097661 -15.1909548 -14.9703794 -16.7694264 -14.6989363 -13.7836042 -18.8097661 -15.1909548 -14.8703794 -16.7694264 -14.6989363 -13.7836042 -16.7694264 -14.6989363 -13.6836042 -21.2887077 -12.7538541 -14.8703794 -21.3835879 -15.1584955 -16.1188444 -21.298016 -15.242623 -16.1188444 -21.2887077 -12.7538541 -14.8703794 -21.298016 -15.242623 -16.1188444 -20.0492369 -13.9724044 -14.7797928 -20.0492369 -13.9724044 -14.8797928 -21.298016 -15.242623 -16.2188444 -21.3835879 -15.1584955 -16.2188444 -20.0492369 -13.9724044 -14.8797928 -21.3835879 -15.1584955 -16.2188444 -21.2887077 -12.7538541 -14.9703794 -20.0492369 -13.9724044 -14.7797928 -21.298016 -15.242623 -16.1188444 -21.2124441 -15.3267506 -16.1188444 -20.0492369 -13.9724044 -14.7797928 -21.2124441 -15.3267506 -16.1188444 -18.8097661 -15.1909548 -14.8703794 -18.8097661 -15.1909548 -14.9703794 -21.2124441 -15.3267506 -16.2188444 -21.298016 -15.242623 -16.2188444 -18.8097661 -15.1909548 -14.9703794 -21.298016 -15.242623 -16.2188444 -20.0492369 -13.9724044 -14.8797928 -21.2887077 -12.7538541 -14.8703794 -21.2887077 -12.7538541 -14.9703794 -21.3835879 -15.1584955 -16.2188444 -21.2887077 -12.7538541 -14.8703794 -21.3835879 -15.1584955 -16.2188444 -21.3835879 -15.1584955 -16.1188444 -21.2124441 -15.3267506 -16.1188444 -21.2124441 -15.3267506 -16.2188444 -18.8097661 -15.1909548 -14.9703794 -21.2124441 -15.3267506 -16.1188444 -18.8097661 -15.1909548 -14.9703794 -18.8097661 -15.1909548 -14.8703794 -6.39823828 0.0841275757 -12 -6.31266638 0 -12 -6.31266638 0 -12.1 -6.39823828 0.0841275757 -12 -6.31266638 0 -12.1 -6.39823828 0.0841275757 -12.1 -6.31266638 0 -12 -6.22709447 -0.0841275757 -12 -6.22709447 -0.0841275757 -12.1 -6.31266638 0 -12 -6.22709447 -0.0841275757 -12.1 -6.31266638 0 -12.1 -21.3835879 -15.1584955 -16.2188444 -21.298016 -15.242623 -16.2188444 -21.298016 -15.242623 -16.1188444 -21.3835879 -15.1584955 -16.2188444 -21.298016 -15.242623 -16.1188444 -21.3835879 -15.1584955 -16.1188444 -21.298016 -15.242623 -16.2188444 -21.2124441 -15.3267506 -16.2188444 -21.2124441 -15.3267506 -16.1188444 -21.298016 -15.242623 -16.2188444 -21.2124441 -15.3267506 -16.1188444 -21.298016 -15.242623 -16.1188444 2.03376196 -0.0246644463 2 0.454649982 -2.12157046 2.61414315 2.50627945 -1.69068489 2.70472982 2.03376196 -0.0246644463 2 2.50627945 -1.69068489 2.70472982 2.15119988 0 2 2.15119988 0 1.9 2.50627945 -1.69068489 2.60472982 0.454649982 -2.12157046 2.51414315 2.15119988 0 1.9 0.454649982 -2.12157046 2.51414315 2.03376196 -0.0246644463 1.9 2.15119988 0 2 2.50627945 -1.69068489 2.70472982 4.55790893 -1.25979932 2.61414315 2.15119988 0 2 4.55790893 -1.25979932 2.61414315 2.2686378 0.0246644463 2 2.2686378 0.0246644463 1.9 4.55790893 -1.25979932 2.51414315 2.50627945 -1.69068489 2.60472982 2.2686378 0.0246644463 1.9 2.50627945 -1.69068489 2.60472982 2.15119988 0 1.9 2.03376196 -0.0246644463 2 2.03376196 -0.0246644463 1.9 0.454649982 -2.12157046 2.51414315 2.03376196 -0.0246644463 2 0.454649982 -2.12157046 2.51414315 0.454649982 -2.12157046 2.61414315 4.55790893 -1.25979932 2.61414315 4.55790893 -1.25979932 2.51414315 2.2686378 0.0246644463 1.9 4.55790893 -1.25979932 2.61414315 2.2686378 0.0246644463 1.9 2.2686378 0.0246644463 2 0.454649982 -2.12157046 2.61414315 -0.500498152 -4.08743086 3.16864221 2.86135903 -3.38136978 3.34364221 0.454649982 -2.12157046 2.61414315 2.86135903 -3.38136978 3.34364221 2.50627945 -1.69068489 2.70472982 2.50627945 -1.69068489 2.60472982 2.86135903 -3.38136978 3.24364221 -0.500498152 -4.08743086 3.06864221 2.50627945 -1.69068489 2.60472982 -0.500498152 -4.08743086 3.06864221 0.454649982 -2.12157046 2.51414315 2.50627945 -1.69068489 2.70472982 2.86135903 -3.38136978 3.34364221 6.22321621 -2.67530869 3.16864221 2.50627945 -1.69068489 2.70472982 6.22321621 -2.67530869 3.16864221 4.55790893 -1.25979932 2.61414315 4.55790893 -1.25979932 2.51414315 6.22321621 -2.67530869 3.06864221 2.86135903 -3.38136978 3.24364221 4.55790893 -1.25979932 2.51414315 2.86135903 -3.38136978 3.24364221 2.50627945 -1.69068489 2.60472982 0.454649982 -2.12157046 2.61414315 0.454649982 -2.12157046 2.51414315 -0.500498152 -4.08743086 3.06864221 0.454649982 -2.12157046 2.61414315 -0.500498152 -4.08743086 3.06864221 -0.500498152 -4.08743086 3.16864221 6.22321621 -2.67530869 3.16864221 6.22321621 -2.67530869 3.06864221 4.55790893 -1.25979932 2.51414315 6.22321621 -2.67530869 3.16864221 4.55790893 -1.25979932 2.51414315 4.55790893 -1.25979932 2.61414315 -0.500498152 -4.08743086 3.16864221 -1.14335077 -5.98770261 3.60791773 3.2164386 -5.07205466 3.85540511 -0.500498152 -4.08743086 3.16864221 3.2164386 -5.07205466 3.85540511 2.86135903 -3.38136978 3.34364221 2.86135903 -3.38136978 3.24364221 3.2164386 -5.07205466 3.75540511 -1.14335077 -5.98770261 3.50791773 2.86135903 -3.38136978 3.24364221 -1.14335077 -5.98770261 3.50791773 -0.500498152 -4.08743086 3.06864221 2.86135903 -3.38136978 3.34364221 3.2164386 -5.07205466 3.85540511 7.57622797 -4.15640672 3.60791773 2.86135903 -3.38136978 3.34364221 7.57622797 -4.15640672 3.60791773 6.22321621 -2.67530869 3.16864221 6.22321621 -2.67530869 3.06864221 7.57622797 -4.15640672 3.50791773 3.2164386 -5.07205466 3.75540511 6.22321621 -2.67530869 3.06864221 3.2164386 -5.07205466 3.75540511 2.86135903 -3.38136978 3.24364221 -0.500498152 -4.08743086 3.16864221 -0.500498152 -4.08743086 3.06864221 -1.14335077 -5.98770261 3.50791773 -0.500498152 -4.08743086 3.16864221 -1.14335077 -5.98770261 3.50791773 -1.14335077 -5.98770261 3.60791773 7.57622797 -4.15640672 3.60791773 7.57622797 -4.15640672 3.50791773 6.22321621 -2.67530869 3.06864221 7.57622797 -4.15640672 3.60791773 6.22321621 -2.67530869 3.06864221 6.22321621 -2.67530869 3.16864221 -1.14335077 -5.98770261 3.60791773 -1.50422606 -7.82875316 3.88424256 3.57151817 -6.76273955 4.18735146 -1.14335077 -5.98770261 3.60791773 3.57151817 -6.76273955 4.18735146 3.2164386 -5.07205466 3.85540511 3.2164386 -5.07205466 3.75540511 3.57151817 -6.76273955 4.08735146 -1.50422606 -7.82875316 3.78424256 3.2164386 -5.07205466 3.75540511 -1.50422606 -7.82875316 3.78424256 -1.14335077 -5.98770261 3.50791773 3.2164386 -5.07205466 3.85540511 3.57151817 -6.76273955 4.18735146 8.64726241 -5.69672595 3.88424256 3.2164386 -5.07205466 3.85540511 8.64726241 -5.69672595 3.88424256 7.57622797 -4.15640672 3.60791773 7.57622797 -4.15640672 3.50791773 8.64726241 -5.69672595 3.78424256 3.57151817 -6.76273955 4.08735146 7.57622797 -4.15640672 3.50791773 3.57151817 -6.76273955 4.08735146 3.2164386 -5.07205466 3.75540511 -1.14335077 -5.98770261 3.60791773 -1.14335077 -5.98770261 3.50791773 -1.50422606 -7.82875316 3.78424256 -1.14335077 -5.98770261 3.60791773 -1.50422606 -7.82875316 3.78424256 -1.50422606 -7.82875316 3.88424256 8.64726241 -5.69672595 3.88424256 8.64726241 -5.69672595 3.78424256 7.57622797 -4.15640672 3.50791773 8.64726241 -5.69672595 3.88424256 7.57622797 -4.15640672 3.50791773 7.57622797 -4.15640672 3.60791773 -1.50422606 -7.82875316 3.88424256 -1.58223503 -9.6103958 3.96099438 3.92659775 -8.45342444 4.29906842 -1.50422606 -7.82875316 3.88424256 3.92659775 -8.45342444 4.29906842 3.57151817 -6.76273955 4.18735146 3.57151817 -6.76273955 4.08735146 3.92659775 -8.45342444 4.19906842 -1.58223503 -9.6103958 3.86099438 3.57151817 -6.76273955 4.08735146 -1.58223503 -9.6103958 3.86099438 -1.50422606 -7.82875316 3.78424256 3.57151817 -6.76273955 4.18735146 3.92659775 -8.45342444 4.29906842 9.43543053 -7.29645308 3.96099438 3.57151817 -6.76273955 4.18735146 9.43543053 -7.29645308 3.96099438 8.64726241 -5.69672595 3.88424256 8.64726241 -5.69672595 3.78424256 9.43543053 -7.29645308 3.86099438 3.92659775 -8.45342444 4.19906842 8.64726241 -5.69672595 3.78424256 3.92659775 -8.45342444 4.19906842 3.57151817 -6.76273955 4.08735146 -1.50422606 -7.82875316 3.88424256 -1.50422606 -7.82875316 3.78424256 -1.58223503 -9.6103958 3.86099438 -1.50422606 -7.82875316 3.88424256 -1.58223503 -9.6103958 3.86099438 -1.58223503 -9.6103958 3.96099438 9.43543053 -7.29645308 3.96099438 9.43543053 -7.29645308 3.86099438 8.64726241 -5.69672595 3.78424256 9.43543053 -7.29645308 3.96099438 8.64726241 -5.69672595 3.78424256 8.64726241 -5.69672595 3.88424256 -1.58223503 -9.6103958 3.96099438 -1.37226998 -11.3315578 3.81515141 4.28167732 -10.1441093 4.16515141 -1.58223503 -9.6103958 3.96099438 4.28167732 -10.1441093 4.16515141 3.92659775 -8.45342444 4.29906842 3.92659775 -8.45342444 4.19906842 4.28167732 -10.1441093 4.06515141 -1.37226998 -11.3315578 3.71515141 3.92659775 -8.45342444 4.19906842 -1.37226998 -11.3315578 3.71515141 -1.58223503 -9.6103958 3.86099438 3.92659775 -8.45342444 4.29906842 4.28167732 -10.1441093 4.16515141 9.93562462 -8.95666085 3.81515141 3.92659775 -8.45342444 4.29906842 9.93562462 -8.95666085 3.81515141 9.43543053 -7.29645308 3.96099438 9.43543053 -7.29645308 3.86099438 9.93562462 -8.95666085 3.71515141 4.28167732 -10.1441093 4.06515141 9.43543053 -7.29645308 3.86099438 4.28167732 -10.1441093 4.06515141 3.92659775 -8.45342444 4.19906842 -1.58223503 -9.6103958 3.96099438 -1.58223503 -9.6103958 3.86099438 -1.37226998 -11.3315578 3.71515141 -1.58223503 -9.6103958 3.96099438 -1.37226998 -11.3315578 3.71515141 -1.37226998 -11.3315578 3.81515141 9.93562462 -8.95666085 3.81515141 9.93562462 -8.95666085 3.71515141 9.43543053 -7.29645308 3.86099438 9.93562462 -8.95666085 3.81515141 9.43543053 -7.29645308 3.86099438 9.43543053 -7.29645308 3.96099438 -1.37226998 -11.3315578 3.81515141 -0.872075888 -12.9917656 3.43886136 4.63675689 -11.8347942 3.7769354 -1.37226998 -11.3315578 3.81515141 4.63675689 -11.8347942 3.7769354 4.28167732 -10.1441093 4.16515141 4.28167732 -10.1441093 4.06515141 4.63675689 -11.8347942 3.6769354 -0.872075888 -12.9917656 3.33886136 4.28167732 -10.1441093 4.06515141 -0.872075888 -12.9917656 3.33886136 -1.37226998 -11.3315578 3.71515141 4.28167732 -10.1441093 4.16515141 4.63675689 -11.8347942 3.7769354 10.1455897 -10.6778229 3.43886136 4.28167732 -10.1441093 4.16515141 10.1455897 -10.6778229 3.43886136 9.93562462 -8.95666085 3.81515141 9.93562462 -8.95666085 3.71515141 10.1455897 -10.6778229 3.33886136 4.63675689 -11.8347942 3.6769354 9.93562462 -8.95666085 3.71515141 4.63675689 -11.8347942 3.6769354 4.28167732 -10.1441093 4.06515141 -1.37226998 -11.3315578 3.81515141 -1.37226998 -11.3315578 3.71515141 -0.872075888 -12.9917656 3.33886136 -1.37226998 -11.3315578 3.81515141 -0.872075888 -12.9917656 3.33886136 -0.872075888 -12.9917656 3.43886136 10.1455897 -10.6778229 3.43886136 10.1455897 -10.6778229 3.33886136 9.93562462 -8.95666085 3.71515141 10.1455897 -10.6778229 3.43886136 9.93562462 -8.95666085 3.71515141 9.93562462 -8.95666085 3.81515141 -0.872075888 -12.9917656 3.43886136 -0.0839077675 -14.5914927 2.83997654 4.99183647 -13.5254791 3.14308543 -0.872075888 -12.9917656 3.43886136 4.99183647 -13.5254791 3.14308543 4.63675689 -11.8347942 3.7769354 4.63675689 -11.8347942 3.6769354 4.99183647 -13.5254791 3.04308543 -0.0839077675 -14.5914927 2.73997654 4.63675689 -11.8347942 3.6769354 -0.0839077675 -14.5914927 2.73997654 -0.872075888 -12.9917656 3.33886136 4.63675689 -11.8347942 3.7769354 4.99183647 -13.5254791 3.14308543 10.0675807 -12.4594655 2.83997654 4.63675689 -11.8347942 3.7769354 10.0675807 -12.4594655 2.83997654 10.1455897 -10.6778229 3.43886136 10.1455897 -10.6778229 3.33886136 10.0675807 -12.4594655 2.73997654 4.99183647 -13.5254791 3.04308543 10.1455897 -10.6778229 3.33886136 4.99183647 -13.5254791 3.04308543 4.63675689 -11.8347942 3.6769354 -0.872075888 -12.9917656 3.43886136 -0.872075888 -12.9917656 3.33886136 -0.0839077675 -14.5914927 2.73997654 -0.872075888 -12.9917656 3.43886136 -0.0839077675 -14.5914927 2.73997654 -0.0839077675 -14.5914927 2.83997654 10.0675807 -12.4594655 2.83997654 10.0675807 -12.4594655 2.73997654 10.1455897 -10.6778229 3.33886136 10.0675807 -12.4594655 2.83997654 10.1455897 -10.6778229 3.33886136 10.1455897 -10.6778229 3.43886136 -0.0839077675 -14.5914927 2.83997654 0.987126673 -16.1318119 2.0415187 5.34691604 -15.216164 2.28900607 -0.0839077675 -14.5914927 2.83997654 5.34691604 -15.216164 2.28900607 4.99183647 -13.5254791 3.14308543 4.99183647 -13.5254791 3.04308543 5.34691604 -15.216164 2.18900607 0.987126673 -16.1318119 1.9415187 4.99183647 -13.5254791 3.04308543 0.987126673 -16.1318119 1.9415187 -0.0839077675 -14.5914927 2.73997654 4.99183647 -13.5254791 3.14308543 5.34691604 -15.216164 2.28900607 9.70670541 -14.300516 2.0415187 4.99183647 -13.5254791 3.14308543 9.70670541 -14.300516 2.0415187 10.0675807 -12.4594655 2.83997654 10.0675807 -12.4594655 2.73997654 9.70670541 -14.300516 1.9415187 5.34691604 -15.216164 2.18900607 10.0675807 -12.4594655 2.73997654 5.34691604 -15.216164 2.18900607 4.99183647 -13.5254791 3.04308543 -0.0839077675 -14.5914927 2.83997654 -0.0839077675 -14.5914927 2.73997654 0.987126673 -16.1318119 1.9415187 -0.0839077675 -14.5914927 2.83997654 0.987126673 -16.1318119 1.9415187 0.987126673 -16.1318119 2.0415187 9.70670541 -14.300516 2.0415187 9.70670541 -14.300516 1.9415187 10.0675807 -12.4594655 2.73997654 9.70670541 -14.300516 2.0415187 10.0675807 -12.4594655 2.73997654 10.0675807 -12.4594655 2.83997654 0.987126673 -16.1318119 2.0415187 2.34013843 -17.61291 1.08011016 5.70199561 -16.9068489 1.25511016 0.987126673 -16.1318119 2.0415187 5.70199561 -16.9068489 1.25511016 5.34691604 -15.216164 2.28900607 5.34691604 -15.216164 2.18900607 5.70199561 -16.9068489 1.15511016 2.34013843 -17.61291 0.980110163 5.34691604 -15.216164 2.18900607 2.34013843 -17.61291 0.980110163 0.987126673 -16.1318119 1.9415187 5.34691604 -15.216164 2.28900607 5.70199561 -16.9068489 1.25511016 9.06385279 -16.2007878 1.08011016 5.34691604 -15.216164 2.28900607 9.06385279 -16.2007878 1.08011016 9.70670541 -14.300516 2.0415187 9.70670541 -14.300516 1.9415187 9.06385279 -16.2007878 0.980110163 5.70199561 -16.9068489 1.15511016 9.70670541 -14.300516 1.9415187 5.70199561 -16.9068489 1.15511016 5.34691604 -15.216164 2.18900607 0.987126673 -16.1318119 2.0415187 0.987126673 -16.1318119 1.9415187 2.34013843 -17.61291 0.980110163 0.987126673 -16.1318119 2.0415187 2.34013843 -17.61291 0.980110163 2.34013843 -17.61291 1.08011016 9.06385279 -16.2007878 1.08011016 9.06385279 -16.2007878 0.980110163 9.70670541 -14.300516 1.9415187 9.06385279 -16.2007878 1.08011016 9.70670541 -14.300516 1.9415187 9.70670541 -14.300516 2.0415187 2.34013843 -17.61291 1.08011016 4.00544571 -19.0284193 0.00347809223 6.05707519 -18.5975338 0.094064758 2.34013843 -17.61291 1.08011016 6.05707519 -18.5975338 0.094064758 5.70199561 -16.9068489 1.25511016 5.70199561 -16.9068489 1.15511016 6.05707519 -18.5975338 -0.00593524199 4.00544571 -19.0284193 -0.0965219078 5.70199561 -16.9068489 1.15511016 4.00544571 -19.0284193 -0.0965219078 2.34013843 -17.61291 0.980110163 5.70199561 -16.9068489 1.25511016 6.05707519 -18.5975338 0.094064758 8.10870466 -18.1666482 0.00347809223 5.70199561 -16.9068489 1.25511016 8.10870466 -18.1666482 0.00347809223 9.06385279 -16.2007878 1.08011016 9.06385279 -16.2007878 0.980110163 8.10870466 -18.1666482 -0.0965219078 6.05707519 -18.5975338 -0.00593524199 9.06385279 -16.2007878 0.980110163 6.05707519 -18.5975338 -0.00593524199 5.70199561 -16.9068489 1.15511016 2.34013843 -17.61291 1.08011016 2.34013843 -17.61291 0.980110163 4.00544571 -19.0284193 -0.0965219078 2.34013843 -17.61291 1.08011016 4.00544571 -19.0284193 -0.0965219078 4.00544571 -19.0284193 0.00347809223 8.10870466 -18.1666482 0.00347809223 8.10870466 -18.1666482 -0.0965219078 9.06385279 -16.2007878 0.980110163 8.10870466 -18.1666482 0.00347809223 9.06385279 -16.2007878 0.980110163 9.06385279 -16.2007878 1.08011016 4.00544571 -19.0284193 0.00347809223 6.29471684 -20.3128831 -1.13279807 6.41215476 -20.2882187 -1.13279807 4.00544571 -19.0284193 0.00347809223 6.41215476 -20.2882187 -1.13279807 6.05707519 -18.5975338 0.094064758 6.05707519 -18.5975338 -0.00593524199 6.41215476 -20.2882187 -1.23279807 6.29471684 -20.3128831 -1.23279807 6.05707519 -18.5975338 -0.00593524199 6.29471684 -20.3128831 -1.23279807 4.00544571 -19.0284193 -0.0965219078 6.05707519 -18.5975338 0.094064758 6.41215476 -20.2882187 -1.13279807 6.52959268 -20.2635542 -1.13279807 6.05707519 -18.5975338 0.094064758 6.52959268 -20.2635542 -1.13279807 8.10870466 -18.1666482 0.00347809223 8.10870466 -18.1666482 -0.0965219078 6.52959268 -20.2635542 -1.23279807 6.41215476 -20.2882187 -1.23279807 8.10870466 -18.1666482 -0.0965219078 6.41215476 -20.2882187 -1.23279807 6.05707519 -18.5975338 -0.00593524199 4.00544571 -19.0284193 0.00347809223 4.00544571 -19.0284193 -0.0965219078 6.29471684 -20.3128831 -1.23279807 4.00544571 -19.0284193 0.00347809223 6.29471684 -20.3128831 -1.23279807 6.29471684 -20.3128831 -1.13279807 6.52959268 -20.2635542 -1.13279807 6.52959268 -20.2635542 -1.23279807 8.10870466 -18.1666482 -0.0965219078 6.52959268 -20.2635542 -1.13279807 8.10870466 -18.1666482 -0.0965219078 8.10870466 -18.1666482 0.00347809223 2.03376196 -0.0246644463 2 2.15119988 0 2 2.15119988 0 1.9 2.03376196 -0.0246644463 2 2.15119988 0 1.9 2.03376196 -0.0246644463 1.9 2.15119988 0 2 2.2686378 0.0246644463 2 2.2686378 0.0246644463 1.9 2.15119988 0 2 2.2686378 0.0246644463 1.9 2.15119988 0 1.9 6.29471684 -20.3128831 -1.23279807 6.41215476 -20.2882187 -1.23279807 6.41215476 -20.2882187 -1.13279807 6.29471684 -20.3128831 -1.23279807 6.41215476 -20.2882187 -1.13279807 6.29471684 -20.3128831 -1.13279807 6.41215476 -20.2882187 -1.23279807 6.52959268 -20.2635542 -1.23279807 6.52959268 -20.2635542 -1.13279807 6.41215476 -20.2882187 -1.23279807 6.52959268 -20.2635542 -1.13279807 6.41215476 -20.2882187 -1.13279807 8.89326197 0.0748197664 16 6.65361439 -0.0631967198 16.2779951 8.04913997 -1.17611533 16.3685817 8.89326197 0.0748197664 16 8.04913997 -1.17611533 16.3685817 8.98708096 0 16 8.98708096 0 15.9 8.04913997 -1.17611533 16.2685817 6.65361439 -0.0631967198 16.1779951 8.98708096 0 15.9 6.65361439 -0.0631967198 16.1779951 8.89326197 0.0748197664 15.9 8.98708096 0 16 8.04913997 -1.17611533 16.3685817 9.44466555 -2.28903394 16.2779951 8.98708096 0 16 9.44466555 -2.28903394 16.2779951 9.08089995 -0.0748197664 16 9.08089995 -0.0748197664 15.9 9.44466555 -2.28903394 16.1779951 8.04913997 -1.17611533 16.2685817 9.08089995 -0.0748197664 15.9 8.04913997 -1.17611533 16.2685817 8.98708096 0 15.9 8.89326197 0.0748197664 16 8.89326197 0.0748197664 15.9 6.65361439 -0.0631967198 16.1779951 8.89326197 0.0748197664 16 6.65361439 -0.0631967198 16.1779951 6.65361439 -0.0631967198 16.2779951 9.44466555 -2.28903394 16.2779951 9.44466555 -2.28903394 16.1779951 9.08089995 -0.0748197664 15.9 9.44466555 -2.28903394 16.2779951 9.08089995 -0.0748197664 15.9 9.08089995 -0.0748197664 16 6.65361439 -0.0631967198 16.2779951 4.82445192 -0.528571237 16.5048515 7.11119899 -2.35223066 16.6798515 6.65361439 -0.0631967198 16.2779951 7.11119899 -2.35223066 16.6798515 8.04913997 -1.17611533 16.3685817 8.04913997 -1.17611533 16.2685817 7.11119899 -2.35223066 16.5798515 4.82445192 -0.528571237 16.4048515 8.04913997 -1.17611533 16.2685817 4.82445192 -0.528571237 16.4048515 6.65361439 -0.0631967198 16.1779951 8.04913997 -1.17611533 16.3685817 7.11119899 -2.35223066 16.6798515 9.39794606 -4.17589008 16.5048515 8.04913997 -1.17611533 16.3685817 9.39794606 -4.17589008 16.5048515 9.44466555 -2.28903394 16.2779951 9.44466555 -2.28903394 16.1779951 9.39794606 -4.17589008 16.4048515 7.11119899 -2.35223066 16.5798515 9.44466555 -2.28903394 16.1779951 7.11119899 -2.35223066 16.5798515 8.04913997 -1.17611533 16.2685817 6.65361439 -0.0631967198 16.2779951 6.65361439 -0.0631967198 16.1779951 4.82445192 -0.528571237 16.4048515 6.65361439 -0.0631967198 16.2779951 4.82445192 -0.528571237 16.4048515 4.82445192 -0.528571237 16.5048515 9.39794606 -4.17589008 16.5048515 9.39794606 -4.17589008 16.4048515 9.44466555 -2.28903394 16.1779951 9.39794606 -4.17589008 16.5048515 9.44466555 -2.28903394 16.1779951 9.44466555 -2.28903394 16.2779951 4.82445192 -0.528571237 16.5048515 3.20771395 -1.16335232 16.6329155 6.173258 -3.52834599 16.8804028 4.82445192 -0.528571237 16.5048515 6.173258 -3.52834599 16.8804028 7.11119899 -2.35223066 16.6798515 7.11119899 -2.35223066 16.5798515 6.173258 -3.52834599 16.7804028 3.20771395 -1.16335232 16.5329155 7.11119899 -2.35223066 16.5798515 3.20771395 -1.16335232 16.5329155 4.82445192 -0.528571237 16.4048515 7.11119899 -2.35223066 16.6798515 6.173258 -3.52834599 16.8804028 9.13880206 -5.89333966 16.6329155 7.11119899 -2.35223066 16.6798515 9.13880206 -5.89333966 16.6329155 9.39794606 -4.17589008 16.5048515 9.39794606 -4.17589008 16.4048515 9.13880206 -5.89333966 16.5329155 6.173258 -3.52834599 16.7804028 9.39794606 -4.17589008 16.4048515 6.173258 -3.52834599 16.7804028 7.11119899 -2.35223066 16.5798515 4.82445192 -0.528571237 16.5048515 4.82445192 -0.528571237 16.4048515 3.20771395 -1.16335232 16.5329155 4.82445192 -0.528571237 16.5048515 3.20771395 -1.16335232 16.5329155 3.20771395 -1.16335232 16.6329155 9.13880206 -5.89333966 16.6329155 9.13880206 -5.89333966 16.5329155 9.39794606 -4.17589008 16.4048515 9.13880206 -5.89333966 16.6329155 9.39794606 -4.17589008 16.4048515 9.39794606 -4.17589008 16.5048515 3.20771395 -1.16335232 16.6329155 1.78277795 -1.95109367 16.621266 5.23531702 -4.70446132 16.9243749 3.20771395 -1.16335232 16.6329155 5.23531702 -4.70446132 16.9243749 6.173258 -3.52834599 16.8804028 6.173258 -3.52834599 16.7804028 5.23531702 -4.70446132 16.8243749 1.78277795 -1.95109367 16.521266 6.173258 -3.52834599 16.7804028 1.78277795 -1.95109367 16.521266 3.20771395 -1.16335232 16.5329155 6.173258 -3.52834599 16.8804028 5.23531702 -4.70446132 16.9243749 8.68785609 -7.45782897 16.621266 6.173258 -3.52834599 16.8804028 8.68785609 -7.45782897 16.621266 9.13880206 -5.89333966 16.6329155 9.13880206 -5.89333966 16.5329155 8.68785609 -7.45782897 16.521266 5.23531702 -4.70446132 16.8243749 9.13880206 -5.89333966 16.5329155 5.23531702 -4.70446132 16.8243749 6.173258 -3.52834599 16.7804028 3.20771395 -1.16335232 16.6329155 3.20771395 -1.16335232 16.5329155 1.78277795 -1.95109367 16.521266 3.20771395 -1.16335232 16.6329155 1.78277795 -1.95109367 16.521266 1.78277795 -1.95109367 16.621266 8.68785609 -7.45782897 16.621266 8.68785609 -7.45782897 16.521266 9.13880206 -5.89333966 16.5329155 8.68785609 -7.45782897 16.621266 9.13880206 -5.89333966 16.5329155 9.13880206 -5.89333966 16.6329155 1.78277795 -1.95109367 16.621266 0.550248608 -2.89227754 16.4385031 4.29737604 -5.88057665 16.7765772 1.78277795 -1.95109367 16.621266 4.29737604 -5.88057665 16.7765772 5.23531702 -4.70446132 16.9243749 5.23531702 -4.70446132 16.8243749 4.29737604 -5.88057665 16.6765772 0.550248608 -2.89227754 16.3385031 5.23531702 -4.70446132 16.8243749 0.550248608 -2.89227754 16.3385031 1.78277795 -1.95109367 16.521266 5.23531702 -4.70446132 16.9243749 4.29737604 -5.88057665 16.7765772 8.04450346 -8.86887575 16.4385031 5.23531702 -4.70446132 16.9243749 8.04450346 -8.86887575 16.4385031 8.68785609 -7.45782897 16.621266 8.68785609 -7.45782897 16.521266 8.04450346 -8.86887575 16.3385031 4.29737604 -5.88057665 16.6765772 8.68785609 -7.45782897 16.521266 4.29737604 -5.88057665 16.6765772 5.23531702 -4.70446132 16.8243749 1.78277795 -1.95109367 16.621266 1.78277795 -1.95109367 16.521266 0.550248608 -2.89227754 16.3385031 1.78277795 -1.95109367 16.621266 0.550248608 -2.89227754 16.3385031 0.550248608 -2.89227754 16.4385031 8.04450346 -8.86887575 16.4385031 8.04450346 -8.86887575 16.3385031 8.68785609 -7.45782897 16.521266 8.04450346 -8.86887575 16.4385031 8.68785609 -7.45782897 16.521266 8.68785609 -7.45782897 16.621266 0.550248608 -2.89227754 16.4385031 -0.486399783 -3.98967463 16.0648881 3.35943505 -7.05669198 16.4148881 0.550248608 -2.89227754 16.4385031 3.35943505 -7.05669198 16.4148881 4.29737604 -5.88057665 16.7765772 4.29737604 -5.88057665 16.6765772 3.35943505 -7.05669198 16.3148881 -0.486399783 -3.98967463 15.9648881 4.29737604 -5.88057665 16.6765772 -0.486399783 -3.98967463 15.9648881 0.550248608 -2.89227754 16.3385031 4.29737604 -5.88057665 16.7765772 3.35943505 -7.05669198 16.4148881 7.20526988 -10.1237093 16.0648881 4.29737604 -5.88057665 16.7765772 7.20526988 -10.1237093 16.0648881 8.04450346 -8.86887575 16.4385031 8.04450346 -8.86887575 16.3385031 7.20526988 -10.1237093 15.9648881 3.35943505 -7.05669198 16.3148881 8.04450346 -8.86887575 16.3385031 3.35943505 -7.05669198 16.3148881 4.29737604 -5.88057665 16.6765772 0.550248608 -2.89227754 16.4385031 0.550248608 -2.89227754 16.3385031 -0.486399783 -3.98967463 15.9648881 0.550248608 -2.89227754 16.4385031 -0.486399783 -3.98967463 15.9648881 -0.486399783 -3.98967463 16.0648881 7.20526988 -10.1237093 16.0648881 7.20526988 -10.1237093 15.9648881 8.04450346 -8.86887575 16.3385031 7.20526988 -10.1237093 16.0648881 8.04450346 -8.86887575 16.3385031 8.04450346 -8.86887575 16.4385031 -0.486399783 -3.98967463 16.0648881 -1.32563336 -5.2445082 15.4936883 2.42149407 -8.2328073 15.8317623 -0.486399783 -3.98967463 16.0648881 2.42149407 -8.2328073 15.8317623 3.35943505 -7.05669198 16.4148881 3.35943505 -7.05669198 16.3148881 2.42149407 -8.2328073 15.7317623 -1.32563336 -5.2445082 15.3936883 3.35943505 -7.05669198 16.3148881 -1.32563336 -5.2445082 15.3936883 -0.486399783 -3.98967463 15.9648881 3.35943505 -7.05669198 16.4148881 2.42149407 -8.2328073 15.8317623 6.16862149 -11.2211064 15.4936883 3.35943505 -7.05669198 16.4148881 6.16862149 -11.2211064 15.4936883 7.20526988 -10.1237093 16.0648881 7.20526988 -10.1237093 15.9648881 6.16862149 -11.2211064 15.3936883 2.42149407 -8.2328073 15.7317623 7.20526988 -10.1237093 15.9648881 2.42149407 -8.2328073 15.7317623 3.35943505 -7.05669198 16.3148881 -0.486399783 -3.98967463 16.0648881 -0.486399783 -3.98967463 15.9648881 -1.32563336 -5.2445082 15.3936883 -0.486399783 -3.98967463 16.0648881 -1.32563336 -5.2445082 15.3936883 -1.32563336 -5.2445082 15.4936883 6.16862149 -11.2211064 15.4936883 6.16862149 -11.2211064 15.3936883 7.20526988 -10.1237093 15.9648881 6.16862149 -11.2211064 15.4936883 7.20526988 -10.1237093 15.9648881 7.20526988 -10.1237093 16.0648881 -1.32563336 -5.2445082 15.4936883 -1.96898599 -6.65555499 14.7316363 1.48355308 -9.40892263 15.0347452 -1.32563336 -5.2445082 15.4936883 1.48355308 -9.40892263 15.0347452 2.42149407 -8.2328073 15.8317623 2.42149407 -8.2328073 15.7317623 1.48355308 -9.40892263 14.9347452 -1.96898599 -6.65555499 14.6316363 2.42149407 -8.2328073 15.7317623 -1.96898599 -6.65555499 14.6316363 -1.32563336 -5.2445082 15.3936883 2.42149407 -8.2328073 15.8317623 1.48355308 -9.40892263 15.0347452 4.93609216 -12.1622903 14.7316363 2.42149407 -8.2328073 15.8317623 4.93609216 -12.1622903 14.7316363 6.16862149 -11.2211064 15.4936883 6.16862149 -11.2211064 15.3936883 4.93609216 -12.1622903 14.6316363 1.48355308 -9.40892263 14.9347452 6.16862149 -11.2211064 15.3936883 1.48355308 -9.40892263 14.9347452 2.42149407 -8.2328073 15.7317623 -1.32563336 -5.2445082 15.4936883 -1.32563336 -5.2445082 15.3936883 -1.96898599 -6.65555499 14.6316363 -1.32563336 -5.2445082 15.4936883 -1.96898599 -6.65555499 14.6316363 -1.96898599 -6.65555499 14.7316363 4.93609216 -12.1622903 14.7316363 4.93609216 -12.1622903 14.6316363 6.16862149 -11.2211064 15.3936883 4.93609216 -12.1622903 14.7316363 6.16862149 -11.2211064 15.3936883 6.16862149 -11.2211064 15.4936883 -1.96898599 -6.65555499 14.7316363 -2.41993196 -8.22004429 13.798471 0.545612097 -10.585038 14.0459584 -1.96898599 -6.65555499 14.7316363 0.545612097 -10.585038 14.0459584 1.48355308 -9.40892263 15.0347452 1.48355308 -9.40892263 14.9347452 0.545612097 -10.585038 13.9459584 -2.41993196 -8.22004429 13.698471 1.48355308 -9.40892263 14.9347452 -2.41993196 -8.22004429 13.698471 -1.96898599 -6.65555499 14.6316363 1.48355308 -9.40892263 15.0347452 0.545612097 -10.585038 14.0459584 3.51115615 -12.9500316 13.798471 1.48355308 -9.40892263 15.0347452 3.51115615 -12.9500316 13.798471 4.93609216 -12.1622903 14.7316363 4.93609216 -12.1622903 14.6316363 3.51115615 -12.9500316 13.698471 0.545612097 -10.585038 13.9459584 4.93609216 -12.1622903 14.6316363 0.545612097 -10.585038 13.9459584 1.48355308 -9.40892263 14.9347452 -1.96898599 -6.65555499 14.7316363 -1.96898599 -6.65555499 14.6316363 -2.41993196 -8.22004429 13.698471 -1.96898599 -6.65555499 14.7316363 -2.41993196 -8.22004429 13.698471 -2.41993196 -8.22004429 13.798471 3.51115615 -12.9500316 13.798471 3.51115615 -12.9500316 13.698471 4.93609216 -12.1622903 14.6316363 3.51115615 -12.9500316 13.798471 4.93609216 -12.1622903 14.6316363 4.93609216 -12.1622903 14.7316363 -2.41993196 -8.22004429 13.798471 -2.67907596 -9.93749387 12.7255921 -0.392328887 -11.7611533 12.9005921 -2.41993196 -8.22004429 13.798471 -0.392328887 -11.7611533 12.9005921 0.545612097 -10.585038 14.0459584 0.545612097 -10.585038 13.9459584 -0.392328887 -11.7611533 12.8005921 -2.67907596 -9.93749387 12.6255921 0.545612097 -10.585038 13.9459584 -2.67907596 -9.93749387 12.6255921 -2.41993196 -8.22004429 13.698471 0.545612097 -10.585038 14.0459584 -0.392328887 -11.7611533 12.9005921 1.89441819 -13.5848127 12.7255921 0.545612097 -10.585038 14.0459584 1.89441819 -13.5848127 12.7255921 3.51115615 -12.9500316 13.798471 3.51115615 -12.9500316 13.698471 1.89441819 -13.5848127 12.6255921 -0.392328887 -11.7611533 12.8005921 3.51115615 -12.9500316 13.698471 -0.392328887 -11.7611533 12.8005921 0.545612097 -10.585038 13.9459584 -2.41993196 -8.22004429 13.798471 -2.41993196 -8.22004429 13.698471 -2.67907596 -9.93749387 12.6255921 -2.41993196 -8.22004429 13.798471 -2.67907596 -9.93749387 12.6255921 -2.67907596 -9.93749387 12.7255921 1.89441819 -13.5848127 12.7255921 1.89441819 -13.5848127 12.6255921 3.51115615 -12.9500316 13.698471 1.89441819 -13.5848127 12.7255921 3.51115615 -12.9500316 13.698471 3.51115615 -12.9500316 13.798471 -2.67907596 -9.93749387 12.7255921 -2.72579545 -11.82435 11.5539209 -1.33026987 -12.9372686 11.6445076 -2.67907596 -9.93749387 12.7255921 -1.33026987 -12.9372686 11.6445076 -0.392328887 -11.7611533 12.9005921 -0.392328887 -11.7611533 12.8005921 -1.33026987 -12.9372686 11.5445076 -2.72579545 -11.82435 11.4539209 -0.392328887 -11.7611533 12.8005921 -2.72579545 -11.82435 11.4539209 -2.67907596 -9.93749387 12.6255921 -0.392328887 -11.7611533 12.9005921 -1.33026987 -12.9372686 11.6445076 0.0652557087 -14.0501872 11.5539209 -0.392328887 -11.7611533 12.9005921 0.0652557087 -14.0501872 11.5539209 1.89441819 -13.5848127 12.7255921 1.89441819 -13.5848127 12.6255921 0.0652557087 -14.0501872 11.4539209 -1.33026987 -12.9372686 11.5445076 1.89441819 -13.5848127 12.6255921 -1.33026987 -12.9372686 11.5445076 -0.392328887 -11.7611533 12.8005921 -2.67907596 -9.93749387 12.7255921 -2.67907596 -9.93749387 12.6255921 -2.72579545 -11.82435 11.4539209 -2.67907596 -9.93749387 12.7255921 -2.72579545 -11.82435 11.4539209 -2.72579545 -11.82435 11.5539209 0.0652557087 -14.0501872 11.5539209 0.0652557087 -14.0501872 11.4539209 1.89441819 -13.5848127 12.6255921 0.0652557087 -14.0501872 11.5539209 1.89441819 -13.5848127 12.6255921 1.89441819 -13.5848127 12.7255921 -2.72579545 -11.82435 11.5539209 -2.36202984 -14.0385642 10.331111 -2.26821086 -14.113384 10.331111 -2.72579545 -11.82435 11.5539209 -2.26821086 -14.113384 10.331111 -1.33026987 -12.9372686 11.6445076 -1.33026987 -12.9372686 11.5445076 -2.26821086 -14.113384 10.231111 -2.36202984 -14.0385642 10.231111 -1.33026987 -12.9372686 11.5445076 -2.36202984 -14.0385642 10.231111 -2.72579545 -11.82435 11.4539209 -1.33026987 -12.9372686 11.6445076 -2.26821086 -14.113384 10.331111 -2.17439187 -14.1882037 10.331111 -1.33026987 -12.9372686 11.6445076 -2.17439187 -14.1882037 10.331111 0.0652557087 -14.0501872 11.5539209 0.0652557087 -14.0501872 11.4539209 -2.17439187 -14.1882037 10.231111 -2.26821086 -14.113384 10.231111 0.0652557087 -14.0501872 11.4539209 -2.26821086 -14.113384 10.231111 -1.33026987 -12.9372686 11.5445076 -2.72579545 -11.82435 11.5539209 -2.72579545 -11.82435 11.4539209 -2.36202984 -14.0385642 10.231111 -2.72579545 -11.82435 11.5539209 -2.36202984 -14.0385642 10.231111 -2.36202984 -14.0385642 10.331111 -2.17439187 -14.1882037 10.331111 -2.17439187 -14.1882037 10.231111 0.0652557087 -14.0501872 11.4539209 -2.17439187 -14.1882037 10.331111 0.0652557087 -14.0501872 11.4539209 0.0652557087 -14.0501872 11.5539209 8.89326197 0.0748197664 16 8.98708096 0 16 8.98708096 0 15.9 8.89326197 0.0748197664 16 8.98708096 0 15.9 8.89326197 0.0748197664 15.9 8.98708096 0 16 9.08089995 -0.0748197664 16 9.08089995 -0.0748197664 15.9 8.98708096 0 16 9.08089995 -0.0748197664 15.9 8.98708096 0 15.9 -2.36202984 -14.0385642 10.231111 -2.26821086 -14.113384 10.231111 -2.26821086 -14.113384 10.331111 -2.36202984 -14.0385642 10.231111 -2.26821086 -14.113384 10.331111 -2.36202984 -14.0385642 10.331111 -2.26821086 -14.113384 10.231111 -2.17439187 -14.1882037 10.231111 -2.17439187 -14.1882037 10.331111 -2.26821086 -14.113384 10.231111 -2.17439187 -14.1882037 10.331111 -2.26821086 -14.113384 10.331111 8.90328432 -0.0193231118 30 7.46580224 -1.97312599 30.6253539 9.29495265 -1.67469082 30.7159406 8.90328432 -0.0193231118 30 9.29495265 -1.67469082 30.7159406 9.02171834 0 30 9.02171834 0 29.9 9.29495265 -1.67469082 30.6159406 7.46580224 -1.97312599 30.5253539 9.02171834 0 29.9 7.46580224 -1.97312599 30.5253539 8.90328432 -0.0193231118 29.9 9.02171834 0 30 9.29495265 -1.67469082 30.7159406 11.1241031 -1.37625564 30.6253539 9.02171834 0 30 11.1241031 -1.37625564 30.6253539 9.14015236 0.0193231118 30 9.14015236 0.0193231118 29.9 11.1241031 -1.37625564 30.5253539 9.29495265 -1.67469082 30.6159406 9.14015236 0.0193231118 29.9 9.29495265 -1.67469082 30.6159406 9.02171834 0 29.9 8.90328432 -0.0193231118 30 8.90328432 -0.0193231118 29.9 7.46580224 -1.97312599 30.5253539 8.90328432 -0.0193231118 30 7.46580224 -1.97312599 30.5253539 7.46580224 -1.97312599 30.6253539 11.1241031 -1.37625564 30.6253539 11.1241031 -1.37625564 30.5253539 9.14015236 0.0193231118 29.9 11.1241031 -1.37625564 30.6253539 9.14015236 0.0193231118 29.9 9.14015236 0.0193231118 30 7.46580224 -1.97312599 30.6253539 6.57089017 -3.83840583 31.1922347 9.56818696 -3.34938164 31.3672347 7.46580224 -1.97312599 30.6253539 9.56818696 -3.34938164 31.3672347 9.29495265 -1.67469082 30.7159406 9.29495265 -1.67469082 30.6159406 9.56818696 -3.34938164 31.2672347 6.57089017 -3.83840583 31.0922347 9.29495265 -1.67469082 30.6159406 6.57089017 -3.83840583 31.0922347 7.46580224 -1.97312599 30.5253539 9.29495265 -1.67469082 30.7159406 9.56818696 -3.34938164 31.3672347 12.5654837 -2.86035745 31.1922347 9.29495265 -1.67469082 30.7159406 12.5654837 -2.86035745 31.1922347 11.1241031 -1.37625564 30.6253539 11.1241031 -1.37625564 30.5253539 12.5654837 -2.86035745 31.0922347 9.56818696 -3.34938164 31.2672347 11.1241031 -1.37625564 30.5253539 9.56818696 -3.34938164 31.2672347 9.29495265 -1.67469082 30.6159406 7.46580224 -1.97312599 30.6253539 7.46580224 -1.97312599 30.5253539 6.57089017 -3.83840583 31.0922347 7.46580224 -1.97312599 30.6253539 6.57089017 -3.83840583 31.0922347 6.57089017 -3.83840583 31.1922347 12.5654837 -2.86035745 31.1922347 12.5654837 -2.86035745 31.0922347 11.1241031 -1.37625564 30.5253539 12.5654837 -2.86035745 31.1922347 11.1241031 -1.37625564 30.5253539 11.1241031 -1.37625564 30.6253539 6.57089017 -3.83840583 31.1922347 5.95440823 -5.65825837 31.6461541 9.84142127 -5.02407246 31.8936414 6.57089017 -3.83840583 31.1922347 9.84142127 -5.02407246 31.8936414 9.56818696 -3.34938164 31.3672347 9.56818696 -3.34938164 31.2672347 9.84142127 -5.02407246 31.7936414 5.95440823 -5.65825837 31.5461541 9.56818696 -3.34938164 31.2672347 5.95440823 -5.65825837 31.5461541 6.57089017 -3.83840583 31.0922347 9.56818696 -3.34938164 31.3672347 9.84142127 -5.02407246 31.8936414 13.7284343 -4.38988655 31.6461541 9.56818696 -3.34938164 31.3672347 13.7284343 -4.38988655 31.6461541 12.5654837 -2.86035745 31.1922347 12.5654837 -2.86035745 31.0922347 13.7284343 -4.38988655 31.5461541 9.84142127 -5.02407246 31.7936414 12.5654837 -2.86035745 31.0922347 9.84142127 -5.02407246 31.7936414 9.56818696 -3.34938164 31.2672347 6.57089017 -3.83840583 31.1922347 6.57089017 -3.83840583 31.0922347 5.95440823 -5.65825837 31.5461541 6.57089017 -3.83840583 31.1922347 5.95440823 -5.65825837 31.5461541 5.95440823 -5.65825837 31.6461541 13.7284343 -4.38988655 31.6461541 13.7284343 -4.38988655 31.5461541 12.5654837 -2.86035745 31.0922347 13.7284343 -4.38988655 31.6461541 12.5654837 -2.86035745 31.0922347 12.5654837 -2.86035745 31.1922347 5.95440823 -5.65825837 31.6461541 5.58932594 -7.43709378 31.9403219 10.1146556 -6.69876328 32.2434308 5.95440823 -5.65825837 31.6461541 10.1146556 -6.69876328 32.2434308 9.84142127 -5.02407246 31.8936414 9.84142127 -5.02407246 31.7936414 10.1146556 -6.69876328 32.1434308 5.58932594 -7.43709378 31.8403219 9.84142127 -5.02407246 31.7936414 5.58932594 -7.43709378 31.8403219 5.95440823 -5.65825837 31.5461541 9.84142127 -5.02407246 31.8936414 10.1146556 -6.69876328 32.2434308 14.6399852 -5.96043277 31.9403219 9.84142127 -5.02407246 31.8936414 14.6399852 -5.96043277 31.9403219 13.7284343 -4.38988655 31.6461541 13.7284343 -4.38988655 31.5461541 14.6399852 -5.96043277 31.8403219 10.1146556 -6.69876328 32.1434308 13.7284343 -4.38988655 31.5461541 10.1146556 -6.69876328 32.1434308 9.84142127 -5.02407246 31.7936414 5.95440823 -5.65825837 31.6461541 5.95440823 -5.65825837 31.5461541 5.58932594 -7.43709378 31.8403219 5.95440823 -5.65825837 31.6461541 5.58932594 -7.43709378 31.8403219 5.58932594 -7.43709378 31.9403219 14.6399852 -5.96043277 31.9403219 14.6399852 -5.96043277 31.8403219 13.7284343 -4.38988655 31.5461541 14.6399852 -5.96043277 31.9403219 13.7284343 -4.38988655 31.5461541 13.7284343 -4.38988655 31.6461541 5.58932594 -7.43709378 31.9403219 5.47643591 -9.17478275 32.0388348 10.3878899 -8.37345409 32.3769089 5.58932594 -7.43709378 31.9403219 10.3878899 -8.37345409 32.3769089 10.1146556 -6.69876328 32.2434308 10.1146556 -6.69876328 32.1434308 10.3878899 -8.37345409 32.2769089 5.47643591 -9.17478275 31.9388348 10.1146556 -6.69876328 32.1434308 5.47643591 -9.17478275 31.9388348 5.58932594 -7.43709378 31.8403219 10.1146556 -6.69876328 32.2434308 10.3878899 -8.37345409 32.3769089 15.2993439 -7.57212544 32.0388348 10.1146556 -6.69876328 32.2434308 15.2993439 -7.57212544 32.0388348 14.6399852 -5.96043277 31.9403219 14.6399852 -5.96043277 31.8403219 15.2993439 -7.57212544 31.9388348 10.3878899 -8.37345409 32.2769089 14.6399852 -5.96043277 31.8403219 10.3878899 -8.37345409 32.2769089 10.1146556 -6.69876328 32.1434308 5.58932594 -7.43709378 31.9403219 5.58932594 -7.43709378 31.8403219 5.47643591 -9.17478275 31.9388348 5.58932594 -7.43709378 31.9403219 5.47643591 -9.17478275 31.9388348 5.47643591 -9.17478275 32.0388348 15.2993439 -7.57212544 32.0388348 15.2993439 -7.57212544 31.9388348 14.6399852 -5.96043277 31.8403219 15.2993439 -7.57212544 32.0388348 14.6399852 -5.96043277 31.8403219 14.6399852 -5.96043277 31.9403219 5.47643591 -9.17478275 32.0388348 5.62029194 -10.8705823 31.9191231 10.6611242 -10.0481449 32.2691231 5.47643591 -9.17478275 32.0388348 10.6611242 -10.0481449 32.2691231 10.3878899 -8.37345409 32.3769089 10.3878899 -8.37345409 32.2769089 10.6611242 -10.0481449 32.1691231 5.62029194 -10.8705823 31.8191231 10.3878899 -8.37345409 32.2769089 5.62029194 -10.8705823 31.8191231 5.47643591 -9.17478275 31.9388348 10.3878899 -8.37345409 32.3769089 10.6611242 -10.0481449 32.2691231 15.7019564 -9.22570754 31.9191231 10.3878899 -8.37345409 32.3769089 15.7019564 -9.22570754 31.9191231 15.2993439 -7.57212544 32.0388348 15.2993439 -7.57212544 31.9388348 15.7019564 -9.22570754 31.8191231 10.6611242 -10.0481449 32.1691231 15.2993439 -7.57212544 31.9388348 10.6611242 -10.0481449 32.1691231 10.3878899 -8.37345409 32.2769089 5.47643591 -9.17478275 32.0388348 5.47643591 -9.17478275 31.9388348 5.62029194 -10.8705823 31.8191231 5.47643591 -9.17478275 32.0388348 5.62029194 -10.8705823 31.8191231 5.62029194 -10.8705823 31.9191231 15.7019564 -9.22570754 31.9191231 15.7019564 -9.22570754 31.8191231 15.2993439 -7.57212544 31.9388348 15.7019564 -9.22570754 31.9191231 15.2993439 -7.57212544 31.9388348 15.2993439 -7.57212544 32.0388348 5.62029194 -10.8705823 31.9191231 6.02290452 -12.5241644 31.5734886 10.9343585 -11.7228357 31.9115626 5.62029194 -10.8705823 31.9191231 10.9343585 -11.7228357 31.9115626 10.6611242 -10.0481449 32.2691231 10.6611242 -10.0481449 32.1691231 10.9343585 -11.7228357 31.8115626 6.02290452 -12.5241644 31.4734886 10.6611242 -10.0481449 32.1691231 6.02290452 -12.5241644 31.4734886 5.62029194 -10.8705823 31.8191231 10.6611242 -10.0481449 32.2691231 10.9343585 -11.7228357 31.9115626 15.8458125 -10.9215071 31.5734886 10.6611242 -10.0481449 32.2691231 15.8458125 -10.9215071 31.5734886 15.7019564 -9.22570754 31.9191231 15.7019564 -9.22570754 31.8191231 15.8458125 -10.9215071 31.4734886 10.9343585 -11.7228357 31.8115626 15.7019564 -9.22570754 31.8191231 10.9343585 -11.7228357 31.8115626 10.6611242 -10.0481449 32.1691231 5.62029194 -10.8705823 31.9191231 5.62029194 -10.8705823 31.8191231 6.02290452 -12.5241644 31.4734886 5.62029194 -10.8705823 31.9191231 6.02290452 -12.5241644 31.4734886 6.02290452 -12.5241644 31.5734886 15.8458125 -10.9215071 31.5734886 15.8458125 -10.9215071 31.4734886 15.7019564 -9.22570754 31.8191231 15.8458125 -10.9215071 31.5734886 15.7019564 -9.22570754 31.8191231 15.7019564 -9.22570754 31.9191231 6.02290452 -12.5241644 31.5734886 6.68226318 -14.1358571 31.0096294 11.2075928 -13.3975266 31.3127383 6.02290452 -12.5241644 31.5734886 11.2075928 -13.3975266 31.3127383 10.9343585 -11.7228357 31.9115626 10.9343585 -11.7228357 31.8115626 11.2075928 -13.3975266 31.2127383 6.68226318 -14.1358571 30.9096294 10.9343585 -11.7228357 31.8115626 6.68226318 -14.1358571 30.9096294 6.02290452 -12.5241644 31.4734886 10.9343585 -11.7228357 31.9115626 11.2075928 -13.3975266 31.3127383 15.7329224 -12.659196 31.0096294 10.9343585 -11.7228357 31.9115626 15.7329224 -12.659196 31.0096294 15.8458125 -10.9215071 31.5734886 15.8458125 -10.9215071 31.4734886 15.7329224 -12.659196 30.9096294 11.2075928 -13.3975266 31.2127383 15.8458125 -10.9215071 31.4734886 11.2075928 -13.3975266 31.2127383 10.9343585 -11.7228357 31.8115626 6.02290452 -12.5241644 31.5734886 6.02290452 -12.5241644 31.4734886 6.68226318 -14.1358571 30.9096294 6.02290452 -12.5241644 31.5734886 6.68226318 -14.1358571 30.9096294 6.68226318 -14.1358571 31.0096294 15.7329224 -12.659196 31.0096294 15.7329224 -12.659196 30.9096294 15.8458125 -10.9215071 31.4734886 15.7329224 -12.659196 31.0096294 15.8458125 -10.9215071 31.4734886 15.8458125 -10.9215071 31.5734886 6.68226318 -14.1358571 31.0096294 7.59381409 -15.7064033 30.2501153 11.4808271 -15.0722174 30.4976027 6.68226318 -14.1358571 31.0096294 11.4808271 -15.0722174 30.4976027 11.2075928 -13.3975266 31.3127383 11.2075928 -13.3975266 31.2127383 11.4808271 -15.0722174 30.3976027 7.59381409 -15.7064033 30.1501153 11.2075928 -13.3975266 31.2127383 7.59381409 -15.7064033 30.1501153 6.68226318 -14.1358571 30.9096294 11.2075928 -13.3975266 31.3127383 11.4808271 -15.0722174 30.4976027 15.3678402 -14.4380315 30.2501153 11.2075928 -13.3975266 31.3127383 15.3678402 -14.4380315 30.2501153 15.7329224 -12.659196 31.0096294 15.7329224 -12.659196 30.9096294 15.3678402 -14.4380315 30.1501153 11.4808271 -15.0722174 30.3976027 15.7329224 -12.659196 30.9096294 11.4808271 -15.0722174 30.3976027 11.2075928 -13.3975266 31.2127383 6.68226318 -14.1358571 31.0096294 6.68226318 -14.1358571 30.9096294 7.59381409 -15.7064033 30.1501153 6.68226318 -14.1358571 31.0096294 7.59381409 -15.7064033 30.1501153 7.59381409 -15.7064033 30.2501153 15.3678402 -14.4380315 30.2501153 15.3678402 -14.4380315 30.1501153 15.7329224 -12.659196 30.9096294 15.3678402 -14.4380315 30.2501153 15.7329224 -12.659196 30.9096294 15.7329224 -12.659196 31.0096294 7.59381409 -15.7064033 30.2501153 8.75676464 -17.2359324 29.3308496 11.7540614 -16.7469082 29.5058496 7.59381409 -15.7064033 30.2501153 11.7540614 -16.7469082 29.5058496 11.4808271 -15.0722174 30.4976027 11.4808271 -15.0722174 30.3976027 11.7540614 -16.7469082 29.4058496 8.75676464 -17.2359324 29.2308496 11.4808271 -15.0722174 30.3976027 8.75676464 -17.2359324 29.2308496 7.59381409 -15.7064033 30.1501153 11.4808271 -15.0722174 30.4976027 11.7540614 -16.7469082 29.5058496 14.7513582 -16.257884 29.3308496 11.4808271 -15.0722174 30.4976027 14.7513582 -16.257884 29.3308496 15.3678402 -14.4380315 30.2501153 15.3678402 -14.4380315 30.1501153 14.7513582 -16.257884 29.2308496 11.7540614 -16.7469082 29.4058496 15.3678402 -14.4380315 30.1501153 11.7540614 -16.7469082 29.4058496 11.4808271 -15.0722174 30.3976027 7.59381409 -15.7064033 30.2501153 7.59381409 -15.7064033 30.1501153 8.75676464 -17.2359324 29.2308496 7.59381409 -15.7064033 30.2501153 8.75676464 -17.2359324 29.2308496 8.75676464 -17.2359324 29.3308496 14.7513582 -16.257884 29.3308496 14.7513582 -16.257884 29.2308496 15.3678402 -14.4380315 30.1501153 14.7513582 -16.257884 29.3308496 15.3678402 -14.4380315 30.1501153 15.3678402 -14.4380315 30.2501153 8.75676464 -17.2359324 29.3308496 10.1981453 -18.7200342 28.2986226 12.0272957 -18.421599 28.3892093 8.75676464 -17.2359324 29.3308496 12.0272957 -18.421599 28.3892093 11.7540614 -16.7469082 29.5058496 11.7540614 -16.7469082 29.4058496 12.0272957 -18.421599 28.2892093 10.1981453 -18.7200342 28.1986226 11.7540614 -16.7469082 29.4058496 10.1981453 -18.7200342 28.1986226 8.75676464 -17.2359324 29.2308496 11.7540614 -16.7469082 29.5058496 12.0272957 -18.421599 28.3892093 13.8564462 -18.1231638 28.2986226 11.7540614 -16.7469082 29.5058496 13.8564462 -18.1231638 28.2986226 14.7513582 -16.257884 29.3308496 14.7513582 -16.257884 29.2308496 13.8564462 -18.1231638 28.1986226 12.0272957 -18.421599 28.2892093 14.7513582 -16.257884 29.2308496 12.0272957 -18.421599 28.2892093 11.7540614 -16.7469082 29.4058496 8.75676464 -17.2359324 29.3308496 8.75676464 -17.2359324 29.2308496 10.1981453 -18.7200342 28.1986226 8.75676464 -17.2359324 29.3308496 10.1981453 -18.7200342 28.1986226 10.1981453 -18.7200342 28.2986226 13.8564462 -18.1231638 28.2986226 13.8564462 -18.1231638 28.1986226 14.7513582 -16.257884 29.2308496 13.8564462 -18.1231638 28.2986226 14.7513582 -16.257884 29.2308496 14.7513582 -16.257884 29.3308496 10.1981453 -18.7200342 28.2986226 12.182096 -20.1156129 27.2079224 12.3005301 -20.0962898 27.2079224 10.1981453 -18.7200342 28.2986226 12.3005301 -20.0962898 27.2079224 12.0272957 -18.421599 28.3892093 12.0272957 -18.421599 28.2892093 12.3005301 -20.0962898 27.1079224 12.182096 -20.1156129 27.1079224 12.0272957 -18.421599 28.2892093 12.182096 -20.1156129 27.1079224 10.1981453 -18.7200342 28.1986226 12.0272957 -18.421599 28.3892093 12.3005301 -20.0962898 27.2079224 12.4189641 -20.0769667 27.2079224 12.0272957 -18.421599 28.3892093 12.4189641 -20.0769667 27.2079224 13.8564462 -18.1231638 28.2986226 13.8564462 -18.1231638 28.1986226 12.4189641 -20.0769667 27.1079224 12.3005301 -20.0962898 27.1079224 13.8564462 -18.1231638 28.1986226 12.3005301 -20.0962898 27.1079224 12.0272957 -18.421599 28.2892093 10.1981453 -18.7200342 28.2986226 10.1981453 -18.7200342 28.1986226 12.182096 -20.1156129 27.1079224 10.1981453 -18.7200342 28.2986226 12.182096 -20.1156129 27.1079224 12.182096 -20.1156129 27.2079224 12.4189641 -20.0769667 27.2079224 12.4189641 -20.0769667 27.1079224 13.8564462 -18.1231638 28.1986226 12.4189641 -20.0769667 27.2079224 13.8564462 -18.1231638 28.1986226 13.8564462 -18.1231638 28.2986226 8.90328432 -0.0193231118 30 9.02171834 0 30 9.02171834 0 29.9 8.90328432 -0.0193231118 30 9.02171834 0 29.9 8.90328432 -0.0193231118 29.9 9.02171834 0 30 9.14015236 0.0193231118 30 9.14015236 0.0193231118 29.9 9.02171834 0 30 9.14015236 0.0193231118 29.9 9.02171834 0 29.9 12.182096 -20.1156129 27.1079224 12.3005301 -20.0962898 27.1079224 12.3005301 -20.0962898 27.2079224 12.182096 -20.1156129 27.1079224 12.3005301 -20.0962898 27.2079224 12.182096 -20.1156129 27.2079224 12.3005301 -20.0962898 27.1079224 12.4189641 -20.0769667 27.1079224 12.4189641 -20.0769667 27.2079224 12.3005301 -20.0962898 27.1079224 12.4189641 -20.0769667 27.2079224 12.3005301 -20.0962898 27.2079224 2.14439929 0.0852043148 44 -0.566870655 0.0619900906 44.7981113 0.850402811 -1.367099 44.888698 2.14439929 0.0852043148 44 0.850402811 -1.367099 44.888698 2.22889914 0 44 2.22889914 0 43.9 0.850402811 -1.367099 44.788698 -0.566870655 0.0619900906 44.6981113 2.22889914 0 43.9 -0.566870655 0.0619900906 44.6981113 2.14439929 0.0852043148 43.9 2.22889914 0 44 0.850402811 -1.367099 44.888698 2.26767628 -2.79618809 44.7981113 2.22889914 0 44 2.26767628 -2.79618809 44.7981113 2.31339899 -0.0852043148 44 2.31339899 -0.0852043148 43.9 2.26767628 -2.79618809 44.6981113 0.850402811 -1.367099 44.788698 2.31339899 -0.0852043148 43.9 0.850402811 -1.367099 44.788698 2.22889914 0 43.9 2.14439929 0.0852043148 44 2.14439929 0.0852043148 43.9 -0.566870655 0.0619900906 44.6981113 2.14439929 0.0852043148 44 -0.566870655 0.0619900906 44.6981113 -0.566870655 0.0619900906 44.7981113 2.26767628 -2.79618809 44.7981113 2.26767628 -2.79618809 44.6981113 2.31339899 -0.0852043148 43.9 2.26767628 -2.79618809 44.7981113 2.31339899 -0.0852043148 43.9 2.31339899 -0.0852043148 44 -0.566870655 0.0619900906 44.7981113 -2.85047728 -0.392452825 45.5284303 -0.528093519 -2.734198 45.7034303 -0.566870655 0.0619900906 44.7981113 -0.528093519 -2.734198 45.7034303 0.850402811 -1.367099 44.888698 0.850402811 -1.367099 44.788698 -0.528093519 -2.734198 45.6034303 -2.85047728 -0.392452825 45.4284303 0.850402811 -1.367099 44.788698 -2.85047728 -0.392452825 45.4284303 -0.566870655 0.0619900906 44.6981113 0.850402811 -1.367099 44.888698 -0.528093519 -2.734198 45.7034303 1.79429025 -5.07594318 45.5284303 0.850402811 -1.367099 44.888698 1.79429025 -5.07594318 45.5284303 2.26767628 -2.79618809 44.7981113 2.26767628 -2.79618809 44.6981113 1.79429025 -5.07594318 45.4284303 -0.528093519 -2.734198 45.6034303 2.26767628 -2.79618809 44.6981113 -0.528093519 -2.734198 45.6034303 0.850402811 -1.367099 44.788698 -0.566870655 0.0619900906 44.7981113 -0.566870655 0.0619900906 44.6981113 -2.85047728 -0.392452825 45.4284303 -0.566870655 0.0619900906 44.7981113 -2.85047728 -0.392452825 45.4284303 -2.85047728 -0.392452825 45.5284303 1.79429025 -5.07594318 45.5284303 1.79429025 -5.07594318 45.4284303 2.26767628 -2.79618809 44.6981113 1.79429025 -5.07594318 45.5284303 2.26767628 -2.79618809 44.6981113 2.26767628 -2.79618809 44.7981113 -2.85047728 -0.392452825 45.5284303 -4.91834898 -1.06442923 46.1277843 -1.90658985 -4.10129701 46.3752717 -2.85047728 -0.392452825 45.5284303 -1.90658985 -4.10129701 46.3752717 -0.528093519 -2.734198 45.7034303 -0.528093519 -2.734198 45.6034303 -1.90658985 -4.10129701 46.2752717 -4.91834898 -1.06442923 46.0277843 -0.528093519 -2.734198 45.6034303 -4.91834898 -1.06442923 46.0277843 -2.85047728 -0.392452825 45.4284303 -0.528093519 -2.734198 45.7034303 -1.90658985 -4.10129701 46.3752717 1.10516928 -7.13816478 46.1277843 -0.528093519 -2.734198 45.7034303 1.10516928 -7.13816478 46.1277843 1.79429025 -5.07594318 45.5284303 1.79429025 -5.07594318 45.4284303 1.10516928 -7.13816478 46.0277843 -1.90658985 -4.10129701 46.2752717 1.79429025 -5.07594318 45.4284303 -1.90658985 -4.10129701 46.2752717 -0.528093519 -2.734198 45.6034303 -2.85047728 -0.392452825 45.5284303 -2.85047728 -0.392452825 45.4284303 -4.91834898 -1.06442923 46.0277843 -2.85047728 -0.392452825 45.5284303 -4.91834898 -1.06442923 46.0277843 -4.91834898 -1.06442923 46.1277843 1.10516928 -7.13816478 46.1277843 1.10516928 -7.13816478 46.0277843 1.79429025 -5.07594318 45.4284303 1.10516928 -7.13816478 46.1277843 1.79429025 -5.07594318 45.4284303 1.79429025 -5.07594318 45.5284303 -4.91834898 -1.06442923 46.1277843 -6.79142966 -1.93282059 46.5419261 -3.28508618 -5.46839601 46.845035 -4.91834898 -1.06442923 46.1277843 -3.28508618 -5.46839601 46.845035 -1.90658985 -4.10129701 46.3752717 -1.90658985 -4.10129701 46.2752717 -3.28508618 -5.46839601 46.745035 -6.79142966 -1.93282059 46.4419261 -1.90658985 -4.10129701 46.2752717 -6.79142966 -1.93282059 46.4419261 -4.91834898 -1.06442923 46.0277843 -1.90658985 -4.10129701 46.3752717 -3.28508618 -5.46839601 46.845035 0.221257302 -9.00397142 46.5419261 -1.90658985 -4.10129701 46.3752717 0.221257302 -9.00397142 46.5419261 1.10516928 -7.13816478 46.1277843 1.10516928 -7.13816478 46.0277843 0.221257302 -9.00397142 46.4419261 -3.28508618 -5.46839601 46.745035 1.10516928 -7.13816478 46.0277843 -3.28508618 -5.46839601 46.745035 -1.90658985 -4.10129701 46.2752717 -4.91834898 -1.06442923 46.1277843 -4.91834898 -1.06442923 46.0277843 -6.79142966 -1.93282059 46.4419261 -4.91834898 -1.06442923 46.1277843 -6.79142966 -1.93282059 46.4419261 -6.79142966 -1.93282059 46.5419261 0.221257302 -9.00397142 46.5419261 0.221257302 -9.00397142 46.4419261 1.10516928 -7.13816478 46.0277843 0.221257302 -9.00397142 46.5419261 1.10516928 -7.13816478 46.0277843 1.10516928 -7.13816478 46.1277843 -6.79142966 -1.93282059 46.5419261 -8.46910521 -2.99824615 46.72923 -4.66358251 -6.83549501 47.0673041 -6.79142966 -1.93282059 46.5419261 -4.66358251 -6.83549501 47.0673041 -3.28508618 -5.46839601 46.845035 -3.28508618 -5.46839601 46.745035 -4.66358251 -6.83549501 46.9673041 -8.46910521 -2.99824615 46.62923 -3.28508618 -5.46839601 46.745035 -8.46910521 -2.99824615 46.62923 -6.79142966 -1.93282059 46.4419261 -3.28508618 -5.46839601 46.845035 -4.66358251 -6.83549501 47.0673041 -0.858059807 -10.6727439 46.72923 -3.28508618 -5.46839601 46.845035 -0.858059807 -10.6727439 46.72923 0.221257302 -9.00397142 46.5419261 0.221257302 -9.00397142 46.4419261 -0.858059807 -10.6727439 46.62923 -4.66358251 -6.83549501 46.9673041 0.221257302 -9.00397142 46.4419261 -4.66358251 -6.83549501 46.9673041 -3.28508618 -5.46839601 46.745035 -6.79142966 -1.93282059 46.5419261 -6.79142966 -1.93282059 46.4419261 -8.46910521 -2.99824615 46.62923 -6.79142966 -1.93282059 46.5419261 -8.46910521 -2.99824615 46.62923 -8.46910521 -2.99824615 46.72923 -0.858059807 -10.6727439 46.72923 -0.858059807 -10.6727439 46.62923 0.221257302 -9.00397142 46.4419261 -0.858059807 -10.6727439 46.72923 0.221257302 -9.00397142 46.4419261 0.221257302 -9.00397142 46.5419261 -8.46910521 -2.99824615 46.72923 -9.9478472 -4.26426376 46.6635293 -6.04207884 -8.20259401 47.0135293 -8.46910521 -2.99824615 46.72923 -6.04207884 -8.20259401 47.0135293 -4.66358251 -6.83549501 47.0673041 -4.66358251 -6.83549501 46.9673041 -6.04207884 -8.20259401 46.9135293 -9.9478472 -4.26426376 46.5635293 -4.66358251 -6.83549501 46.9673041 -9.9478472 -4.26426376 46.5635293 -8.46910521 -2.99824615 46.62923 -4.66358251 -6.83549501 47.0673041 -6.04207884 -8.20259401 47.0135293 -2.13631047 -12.1409243 46.6635293 -4.66358251 -6.83549501 47.0673041 -2.13631047 -12.1409243 46.6635293 -0.858059807 -10.6727439 46.72923 -0.858059807 -10.6727439 46.62923 -2.13631047 -12.1409243 46.5635293 -6.04207884 -8.20259401 46.9135293 -0.858059807 -10.6727439 46.62923 -6.04207884 -8.20259401 46.9135293 -4.66358251 -6.83549501 46.9673041 -8.46910521 -2.99824615 46.72923 -8.46910521 -2.99824615 46.62923 -9.9478472 -4.26426376 46.5635293 -8.46910521 -2.99824615 46.72923 -9.9478472 -4.26426376 46.5635293 -9.9478472 -4.26426376 46.6635293 -2.13631047 -12.1409243 46.6635293 -2.13631047 -12.1409243 46.5635293 -0.858059807 -10.6727439 46.62923 -2.13631047 -12.1409243 46.6635293 -0.858059807 -10.6727439 46.62923 -0.858059807 -10.6727439 46.72923 -9.9478472 -4.26426376 46.6635293 -11.2260979 -5.73244416 46.3358988 -7.42057517 -9.56969301 46.6739729 -9.9478472 -4.26426376 46.6635293 -7.42057517 -9.56969301 46.6739729 -6.04207884 -8.20259401 47.0135293 -6.04207884 -8.20259401 46.9135293 -7.42057517 -9.56969301 46.5739729 -11.2260979 -5.73244416 46.2358988 -6.04207884 -8.20259401 46.9135293 -11.2260979 -5.73244416 46.2358988 -9.9478472 -4.26426376 46.5635293 -6.04207884 -8.20259401 47.0135293 -7.42057517 -9.56969301 46.6739729 -3.61505247 -13.4069419 46.3358988 -6.04207884 -8.20259401 47.0135293 -3.61505247 -13.4069419 46.3358988 -2.13631047 -12.1409243 46.6635293 -2.13631047 -12.1409243 46.5635293 -3.61505247 -13.4069419 46.2358988 -7.42057517 -9.56969301 46.5739729 -2.13631047 -12.1409243 46.5635293 -7.42057517 -9.56969301 46.5739729 -6.04207884 -8.20259401 46.9135293 -9.9478472 -4.26426376 46.6635293 -9.9478472 -4.26426376 46.5635293 -11.2260979 -5.73244416 46.2358988 -9.9478472 -4.26426376 46.6635293 -11.2260979 -5.73244416 46.2358988 -11.2260979 -5.73244416 46.3358988 -3.61505247 -13.4069419 46.3358988 -3.61505247 -13.4069419 46.2358988 -2.13631047 -12.1409243 46.5635293 -3.61505247 -13.4069419 46.3358988 -2.13631047 -12.1409243 46.5635293 -2.13631047 -12.1409243 46.6635293 -11.2260979 -5.73244416 46.3358988 -12.305415 -7.4012166 45.7552636 -8.7990715 -10.936792 46.0583725 -11.2260979 -5.73244416 46.3358988 -8.7990715 -10.936792 46.0583725 -7.42057517 -9.56969301 46.6739729 -7.42057517 -9.56969301 46.5739729 -8.7990715 -10.936792 45.9583725 -12.305415 -7.4012166 45.6552636 -7.42057517 -9.56969301 46.5739729 -12.305415 -7.4012166 45.6552636 -11.2260979 -5.73244416 46.2358988 -7.42057517 -9.56969301 46.6739729 -8.7990715 -10.936792 46.0583725 -5.29272802 -14.4723674 45.7552636 -7.42057517 -9.56969301 46.6739729 -5.29272802 -14.4723674 45.7552636 -3.61505247 -13.4069419 46.3358988 -3.61505247 -13.4069419 46.2358988 -5.29272802 -14.4723674 45.6552636 -8.7990715 -10.936792 45.9583725 -3.61505247 -13.4069419 46.2358988 -8.7990715 -10.936792 45.9583725 -7.42057517 -9.56969301 46.5739729 -11.2260979 -5.73244416 46.3358988 -11.2260979 -5.73244416 46.2358988 -12.305415 -7.4012166 45.6552636 -11.2260979 -5.73244416 46.3358988 -12.305415 -7.4012166 45.6552636 -12.305415 -7.4012166 45.7552636 -5.29272802 -14.4723674 45.7552636 -5.29272802 -14.4723674 45.6552636 -3.61505247 -13.4069419 46.2358988 -5.29272802 -14.4723674 45.7552636 -3.61505247 -13.4069419 46.2358988 -3.61505247 -13.4069419 46.3358988 -12.305415 -7.4012166 45.7552636 -13.189327 -9.26702324 44.9477907 -10.1775678 -12.303891 45.195278 -12.305415 -7.4012166 45.7552636 -10.1775678 -12.303891 45.195278 -8.7990715 -10.936792 46.0583725 -8.7990715 -10.936792 45.9583725 -10.1775678 -12.303891 45.095278 -13.189327 -9.26702324 44.8477907 -8.7990715 -10.936792 45.9583725 -13.189327 -9.26702324 44.8477907 -12.305415 -7.4012166 45.6552636 -8.7990715 -10.936792 46.0583725 -10.1775678 -12.303891 45.195278 -7.1658087 -15.3407588 44.9477907 -8.7990715 -10.936792 46.0583725 -7.1658087 -15.3407588 44.9477907 -5.29272802 -14.4723674 45.7552636 -5.29272802 -14.4723674 45.6552636 -7.1658087 -15.3407588 44.8477907 -10.1775678 -12.303891 45.095278 -5.29272802 -14.4723674 45.6552636 -10.1775678 -12.303891 45.095278 -8.7990715 -10.936792 45.9583725 -12.305415 -7.4012166 45.7552636 -12.305415 -7.4012166 45.6552636 -13.189327 -9.26702324 44.8477907 -12.305415 -7.4012166 45.7552636 -13.189327 -9.26702324 44.8477907 -13.189327 -9.26702324 44.9477907 -7.1658087 -15.3407588 44.9477907 -7.1658087 -15.3407588 44.8477907 -5.29272802 -14.4723674 45.6552636 -7.1658087 -15.3407588 44.9477907 -5.29272802 -14.4723674 45.6552636 -5.29272802 -14.4723674 45.7552636 -13.189327 -9.26702324 44.9477907 -13.8784479 -11.3292448 43.9551054 -11.5560642 -13.67099 44.1301054 -13.189327 -9.26702324 44.9477907 -11.5560642 -13.67099 44.1301054 -10.1775678 -12.303891 45.195278 -10.1775678 -12.303891 45.095278 -11.5560642 -13.67099 44.0301054 -13.8784479 -11.3292448 43.8551054 -10.1775678 -12.303891 45.095278 -13.8784479 -11.3292448 43.8551054 -13.189327 -9.26702324 44.8477907 -10.1775678 -12.303891 45.195278 -11.5560642 -13.67099 44.1301054 -9.23368039 -16.0127352 43.9551054 -10.1775678 -12.303891 45.195278 -9.23368039 -16.0127352 43.9551054 -7.1658087 -15.3407588 44.9477907 -7.1658087 -15.3407588 44.8477907 -9.23368039 -16.0127352 43.8551054 -11.5560642 -13.67099 44.0301054 -7.1658087 -15.3407588 44.8477907 -11.5560642 -13.67099 44.0301054 -10.1775678 -12.303891 45.095278 -13.189327 -9.26702324 44.9477907 -13.189327 -9.26702324 44.8477907 -13.8784479 -11.3292448 43.8551054 -13.189327 -9.26702324 44.9477907 -13.8784479 -11.3292448 43.8551054 -13.8784479 -11.3292448 43.9551054 -9.23368039 -16.0127352 43.9551054 -9.23368039 -16.0127352 43.8551054 -7.1658087 -15.3407588 44.8477907 -9.23368039 -16.0127352 43.9551054 -7.1658087 -15.3407588 44.8477907 -7.1658087 -15.3407588 44.9477907 -13.8784479 -11.3292448 43.9551054 -14.351834 -13.6089999 42.8314553 -12.9345605 -15.038089 42.9220419 -13.8784479 -11.3292448 43.9551054 -12.9345605 -15.038089 42.9220419 -11.5560642 -13.67099 44.1301054 -11.5560642 -13.67099 44.0301054 -12.9345605 -15.038089 42.8220419 -14.351834 -13.6089999 42.7314553 -11.5560642 -13.67099 44.0301054 -14.351834 -13.6089999 42.7314553 -13.8784479 -11.3292448 43.8551054 -11.5560642 -13.67099 44.1301054 -12.9345605 -15.038089 42.9220419 -11.517287 -16.4671781 42.8314553 -11.5560642 -13.67099 44.1301054 -11.517287 -16.4671781 42.8314553 -9.23368039 -16.0127352 43.9551054 -9.23368039 -16.0127352 43.8551054 -11.517287 -16.4671781 42.7314553 -12.9345605 -15.038089 42.8220419 -9.23368039 -16.0127352 43.8551054 -12.9345605 -15.038089 42.8220419 -11.5560642 -13.67099 44.0301054 -13.8784479 -11.3292448 43.9551054 -13.8784479 -11.3292448 43.8551054 -14.351834 -13.6089999 42.7314553 -13.8784479 -11.3292448 43.9551054 -14.351834 -13.6089999 42.7314553 -14.351834 -13.6089999 42.8314553 -11.517287 -16.4671781 42.8314553 -11.517287 -16.4671781 42.7314553 -9.23368039 -16.0127352 43.8551054 -11.517287 -16.4671781 42.8314553 -9.23368039 -16.0127352 43.8551054 -9.23368039 -16.0127352 43.9551054 -14.351834 -13.6089999 42.8314553 -14.3975567 -16.3199837 41.6400127 -14.3130568 -16.405188 41.6400127 -14.351834 -13.6089999 42.8314553 -14.3130568 -16.405188 41.6400127 -12.9345605 -15.038089 42.9220419 -12.9345605 -15.038089 42.8220419 -14.3130568 -16.405188 41.5400127 -14.3975567 -16.3199837 41.5400127 -12.9345605 -15.038089 42.8220419 -14.3975567 -16.3199837 41.5400127 -14.351834 -13.6089999 42.7314553 -12.9345605 -15.038089 42.9220419 -14.3130568 -16.405188 41.6400127 -14.228557 -16.4903923 41.6400127 -12.9345605 -15.038089 42.9220419 -14.228557 -16.4903923 41.6400127 -11.517287 -16.4671781 42.8314553 -11.517287 -16.4671781 42.7314553 -14.228557 -16.4903923 41.5400127 -14.3130568 -16.405188 41.5400127 -11.517287 -16.4671781 42.7314553 -14.3130568 -16.405188 41.5400127 -12.9345605 -15.038089 42.8220419 -14.351834 -13.6089999 42.8314553 -14.351834 -13.6089999 42.7314553 -14.3975567 -16.3199837 41.5400127 -14.351834 -13.6089999 42.8314553 -14.3975567 -16.3199837 41.5400127 -14.3975567 -16.3199837 41.6400127 -14.228557 -16.4903923 41.6400127 -14.228557 -16.4903923 41.5400127 -11.517287 -16.4671781 42.7314553 -14.228557 -16.4903923 41.6400127 -11.517287 -16.4671781 42.7314553 -11.517287 -16.4671781 42.8314553 2.14439929 0.0852043148 44 2.22889914 0 44 2.22889914 0 43.9 2.14439929 0.0852043148 44 2.22889914 0 43.9 2.14439929 0.0852043148 43.9 2.22889914 0 44 2.31339899 -0.0852043148 44 2.31339899 -0.0852043148 43.9 2.22889914 0 44 2.31339899 -0.0852043148 43.9 2.22889914 0 43.9 -14.3975567 -16.3199837 41.5400127 -14.3130568 -16.405188 41.5400127 -14.3130568 -16.405188 41.6400127 -14.3975567 -16.3199837 41.5400127 -14.3130568 -16.405188 41.6400127 -14.3975567 -16.3199837 41.6400127 -14.3130568 -16.405188 41.5400127 -14.228557 -16.4903923 41.5400127 -14.228557 -16.4903923 41.6400127 -14.3130568 -16.405188 41.5400127 -14.228557 -16.4903923 41.6400127 -14.3130568 -16.405188 41.6400127 -6.36565657 -0.0344452865 58 -7.68352143 -2.04947912 58.1171286 -5.80522828 -1.48664051 58.2077153 -6.36565657 -0.0344452865 58 -5.80522828 -1.48664051 58.2077153 -6.25070649 0 58 -6.25070649 0 57.9 -5.80522828 -1.48664051 58.1077153 -7.68352143 -2.04947912 58.0171286 -6.25070649 0 57.9 -7.68352143 -2.04947912 58.0171286 -6.36565657 -0.0344452865 57.9 -6.25070649 0 58 -5.80522828 -1.48664051 58.2077153 -3.92693513 -0.923801913 58.1171286 -6.25070649 0 58 -3.92693513 -0.923801913 58.1171286 -6.1357564 0.0344452865 58 -6.1357564 0.0344452865 57.9 -3.92693513 -0.923801913 58.0171286 -5.80522828 -1.48664051 58.1077153 -6.1357564 0.0344452865 57.9 -5.80522828 -1.48664051 58.1077153 -6.25070649 0 57.9 -6.36565657 -0.0344452865 58 -6.36565657 -0.0344452865 57.9 -7.68352143 -2.04947912 58.0171286 -6.36565657 -0.0344452865 58 -7.68352143 -2.04947912 58.0171286 -7.68352143 -2.04947912 58.1171286 -3.92693513 -0.923801913 58.1171286 -3.92693513 -0.923801913 58.0171286 -6.1357564 0.0344452865 57.9 -3.92693513 -0.923801913 58.1171286 -6.1357564 0.0344452865 57.9 -6.1357564 0.0344452865 58 -7.68352143 -2.04947912 58.1171286 -8.43757352 -3.89556403 58.181304 -5.35975007 -2.97328103 58.356304 -7.68352143 -2.04947912 58.1171286 -5.35975007 -2.97328103 58.356304 -5.80522828 -1.48664051 58.2077153 -5.80522828 -1.48664051 58.1077153 -5.35975007 -2.97328103 58.256304 -8.43757352 -3.89556403 58.081304 -5.80522828 -1.48664051 58.1077153 -8.43757352 -3.89556403 58.081304 -7.68352143 -2.04947912 58.0171286 -5.80522828 -1.48664051 58.2077153 -5.35975007 -2.97328103 58.356304 -2.28192662 -2.05099802 58.181304 -5.80522828 -1.48664051 58.2077153 -2.28192662 -2.05099802 58.181304 -3.92693513 -0.923801913 58.1171286 -3.92693513 -0.923801913 58.0171286 -2.28192662 -2.05099802 58.081304 -5.35975007 -2.97328103 58.256304 -3.92693513 -0.923801913 58.0171286 -5.35975007 -2.97328103 58.256304 -5.80522828 -1.48664051 58.1077153 -7.68352143 -2.04947912 58.1171286 -7.68352143 -2.04947912 58.0171286 -8.43757352 -3.89556403 58.081304 -7.68352143 -2.04947912 58.1171286 -8.43757352 -3.89556403 58.081304 -8.43757352 -3.89556403 58.181304 -2.28192662 -2.05099802 58.181304 -2.28192662 -2.05099802 58.081304 -3.92693513 -0.923801913 58.0171286 -2.28192662 -2.05099802 58.181304 -3.92693513 -0.923801913 58.0171286 -3.92693513 -0.923801913 58.1171286 -8.43757352 -3.89556403 58.181304 -8.90571505 -5.65597462 58.1431813 -4.91427186 -4.45992154 58.3906687 -8.43757352 -3.89556403 58.181304 -4.91427186 -4.45992154 58.3906687 -5.35975007 -2.97328103 58.356304 -5.35975007 -2.97328103 58.256304 -4.91427186 -4.45992154 58.2906687 -8.90571505 -5.65597462 58.0431813 -5.35975007 -2.97328103 58.256304 -8.90571505 -5.65597462 58.0431813 -8.43757352 -3.89556403 58.081304 -5.35975007 -2.97328103 58.356304 -4.91427186 -4.45992154 58.3906687 -0.922828669 -3.26386846 58.1431813 -5.35975007 -2.97328103 58.356304 -0.922828669 -3.26386846 58.1431813 -2.28192662 -2.05099802 58.181304 -2.28192662 -2.05099802 58.081304 -0.922828669 -3.26386846 58.0431813 -4.91427186 -4.45992154 58.2906687 -2.28192662 -2.05099802 58.081304 -4.91427186 -4.45992154 58.2906687 -5.35975007 -2.97328103 58.256304 -8.43757352 -3.89556403 58.181304 -8.43757352 -3.89556403 58.081304 -8.90571505 -5.65597462 58.0431813 -8.43757352 -3.89556403 58.181304 -8.90571505 -5.65597462 58.0431813 -8.90571505 -5.65597462 58.1431813 -0.922828669 -3.26386846 58.1431813 -0.922828669 -3.26386846 58.0431813 -2.28192662 -2.05099802 58.081304 -0.922828669 -3.26386846 58.1431813 -2.28192662 -2.05099802 58.081304 -2.28192662 -2.05099802 58.181304 -8.90571505 -5.65597462 58.1431813 -9.11570272 -7.3390283 57.9603876 -4.46879365 -5.94656206 58.2634965 -8.90571505 -5.65597462 58.1431813 -4.46879365 -5.94656206 58.2634965 -4.91427186 -4.45992154 58.3906687 -4.91427186 -4.45992154 58.2906687 -4.46879365 -5.94656206 58.1634965 -9.11570272 -7.3390283 57.8603876 -4.91427186 -4.45992154 58.2906687 -9.11570272 -7.3390283 57.8603876 -8.90571505 -5.65597462 58.0431813 -4.91427186 -4.45992154 58.3906687 -4.46879365 -5.94656206 58.2634965 0.178115422 -4.55409581 57.9603876 -4.91427186 -4.45992154 58.3906687 0.178115422 -4.55409581 57.9603876 -0.922828669 -3.26386846 58.1431813 -0.922828669 -3.26386846 58.0431813 0.178115422 -4.55409581 57.8603876 -4.46879365 -5.94656206 58.1634965 -0.922828669 -3.26386846 58.0431813 -4.46879365 -5.94656206 58.1634965 -4.91427186 -4.45992154 58.2906687 -8.90571505 -5.65597462 58.1431813 -8.90571505 -5.65597462 58.0431813 -9.11570272 -7.3390283 57.8603876 -8.90571505 -5.65597462 58.1431813 -9.11570272 -7.3390283 57.8603876 -9.11570272 -7.3390283 57.9603876 0.178115422 -4.55409581 57.9603876 0.178115422 -4.55409581 57.8603876 -0.922828669 -3.26386846 58.0431813 0.178115422 -4.55409581 57.9603876 -0.922828669 -3.26386846 58.0431813 -0.922828669 -3.26386846 58.1431813 -9.11570272 -7.3390283 57.9603876 -9.06672264 -8.94448118 57.6004086 -4.02331544 -7.43320257 57.9384826 -9.11570272 -7.3390283 57.9603876 -4.02331544 -7.43320257 57.9384826 -4.46879365 -5.94656206 58.2634965 -4.46879365 -5.94656206 58.1634965 -4.02331544 -7.43320257 57.8384826 -9.06672264 -8.94448118 57.5004086 -4.46879365 -5.94656206 58.1634965 -9.06672264 -8.94448118 57.5004086 -9.11570272 -7.3390283 57.8603876 -4.46879365 -5.94656206 58.2634965 -4.02331544 -7.43320257 57.9384826 1.02009176 -5.92192396 57.6004086 -4.46879365 -5.94656206 58.2634965 1.02009176 -5.92192396 57.6004086 0.178115422 -4.55409581 57.9603876 0.178115422 -4.55409581 57.8603876 1.02009176 -5.92192396 57.5004086 -4.02331544 -7.43320257 57.8384826 0.178115422 -4.55409581 57.8603876 -4.02331544 -7.43320257 57.8384826 -4.46879365 -5.94656206 58.1634965 -9.11570272 -7.3390283 57.9603876 -9.11570272 -7.3390283 57.8603876 -9.06672264 -8.94448118 57.5004086 -9.11570272 -7.3390283 57.9603876 -9.06672264 -8.94448118 57.5004086 -9.06672264 -8.94448118 57.6004086 1.02009176 -5.92192396 57.6004086 1.02009176 -5.92192396 57.5004086 0.178115422 -4.55409581 57.8603876 1.02009176 -5.92192396 57.6004086 0.178115422 -4.55409581 57.8603876 0.178115422 -4.55409581 57.9603876 -9.06672264 -8.94448118 57.6004086 -8.75409864 -10.470932 57.0428052 -3.57783723 -8.91984308 57.3928052 -9.06672264 -8.94448118 57.6004086 -3.57783723 -8.91984308 57.3928052 -4.02331544 -7.43320257 57.9384826 -4.02331544 -7.43320257 57.8384826 -3.57783723 -8.91984308 57.2928052 -8.75409864 -10.470932 56.9428052 -4.02331544 -7.43320257 57.8384826 -8.75409864 -10.470932 56.9428052 -9.06672264 -8.94448118 57.5004086 -4.02331544 -7.43320257 57.9384826 -3.57783723 -8.91984308 57.3928052 1.59842418 -7.36875414 57.0428052 -4.02331544 -7.43320257 57.9384826 1.59842418 -7.36875414 57.0428052 1.02009176 -5.92192396 57.6004086 1.02009176 -5.92192396 57.5004086 1.59842418 -7.36875414 56.9428052 -3.57783723 -8.91984308 57.2928052 1.02009176 -5.92192396 57.5004086 -3.57783723 -8.91984308 57.2928052 -4.02331544 -7.43320257 57.8384826 -9.06672264 -8.94448118 57.6004086 -9.06672264 -8.94448118 57.5004086 -8.75409864 -10.470932 56.9428052 -9.06672264 -8.94448118 57.6004086 -8.75409864 -10.470932 56.9428052 -8.75409864 -10.470932 57.0428052 1.59842418 -7.36875414 57.0428052 1.59842418 -7.36875414 56.9428052 1.02009176 -5.92192396 57.5004086 1.59842418 -7.36875414 57.0428052 1.02009176 -5.92192396 57.5004086 1.02009176 -5.92192396 57.6004086 -8.75409864 -10.470932 57.0428052 -8.17576623 -11.9177622 56.2806058 -3.13235902 -10.4064836 56.6186799 -8.75409864 -10.470932 57.0428052 -3.13235902 -10.4064836 56.6186799 -3.57783723 -8.91984308 57.3928052 -3.57783723 -8.91984308 57.2928052 -3.13235902 -10.4064836 56.5186799 -8.17576623 -11.9177622 56.1806058 -3.57783723 -8.91984308 57.2928052 -8.17576623 -11.9177622 56.1806058 -8.75409864 -10.470932 56.9428052 -3.57783723 -8.91984308 57.3928052 -3.13235902 -10.4064836 56.6186799 1.91104818 -8.89520499 56.2806058 -3.57783723 -8.91984308 57.3928052 1.91104818 -8.89520499 56.2806058 1.59842418 -7.36875414 57.0428052 1.59842418 -7.36875414 56.9428052 1.91104818 -8.89520499 56.1806058 -3.13235902 -10.4064836 56.5186799 1.59842418 -7.36875414 56.9428052 -3.13235902 -10.4064836 56.5186799 -3.57783723 -8.91984308 57.2928052 -8.75409864 -10.470932 57.0428052 -8.75409864 -10.470932 56.9428052 -8.17576623 -11.9177622 56.1806058 -8.75409864 -10.470932 57.0428052 -8.17576623 -11.9177622 56.1806058 -8.17576623 -11.9177622 56.2806058 1.91104818 -8.89520499 56.2806058 1.91104818 -8.89520499 56.1806058 1.59842418 -7.36875414 56.9428052 1.91104818 -8.89520499 56.2806058 1.59842418 -7.36875414 56.9428052 1.59842418 -7.36875414 57.0428052 -8.17576623 -11.9177622 56.2806058 -7.33378989 -13.2855904 55.3207821 -2.68688081 -11.8931241 55.623891 -8.17576623 -11.9177622 56.2806058 -2.68688081 -11.8931241 55.623891 -3.13235902 -10.4064836 56.6186799 -3.13235902 -10.4064836 56.5186799 -2.68688081 -11.8931241 55.523891 -7.33378989 -13.2855904 55.2207821 -3.13235902 -10.4064836 56.5186799 -7.33378989 -13.2855904 55.2207821 -8.17576623 -11.9177622 56.1806058 -3.13235902 -10.4064836 56.6186799 -2.68688081 -11.8931241 55.623891 1.96002826 -10.5006579 55.3207821 -3.13235902 -10.4064836 56.6186799 1.96002826 -10.5006579 55.3207821 1.91104818 -8.89520499 56.2806058 1.91104818 -8.89520499 56.1806058 1.96002826 -10.5006579 55.2207821 -2.68688081 -11.8931241 55.523891 1.91104818 -8.89520499 56.1806058 -2.68688081 -11.8931241 55.523891 -3.13235902 -10.4064836 56.5186799 -8.17576623 -11.9177622 56.2806058 -8.17576623 -11.9177622 56.1806058 -7.33378989 -13.2855904 55.2207821 -8.17576623 -11.9177622 56.2806058 -7.33378989 -13.2855904 55.2207821 -7.33378989 -13.2855904 55.3207821 1.96002826 -10.5006579 55.3207821 1.96002826 -10.5006579 55.2207821 1.91104818 -8.89520499 56.1806058 1.96002826 -10.5006579 55.3207821 1.91104818 -8.89520499 56.1806058 1.91104818 -8.89520499 56.2806058 -7.33378989 -13.2855904 55.3207821 -6.23284579 -14.5758177 54.1837731 -2.2414026 -13.3797646 54.4312604 -7.33378989 -13.2855904 55.3207821 -2.2414026 -13.3797646 54.4312604 -2.68688081 -11.8931241 55.623891 -2.68688081 -11.8931241 55.523891 -2.2414026 -13.3797646 54.3312604 -6.23284579 -14.5758177 54.0837731 -2.68688081 -11.8931241 55.523891 -6.23284579 -14.5758177 54.0837731 -7.33378989 -13.2855904 55.2207821 -2.68688081 -11.8931241 55.623891 -2.2414026 -13.3797646 54.4312604 1.75004059 -12.1837115 54.1837731 -2.68688081 -11.8931241 55.623891 1.75004059 -12.1837115 54.1837731 1.96002826 -10.5006579 55.3207821 1.96002826 -10.5006579 55.2207821 1.75004059 -12.1837115 54.0837731 -2.2414026 -13.3797646 54.3312604 1.96002826 -10.5006579 55.2207821 -2.2414026 -13.3797646 54.3312604 -2.68688081 -11.8931241 55.523891 -7.33378989 -13.2855904 55.3207821 -7.33378989 -13.2855904 55.2207821 -6.23284579 -14.5758177 54.0837731 -7.33378989 -13.2855904 55.3207821 -6.23284579 -14.5758177 54.0837731 -6.23284579 -14.5758177 54.1837731 1.75004059 -12.1837115 54.1837731 1.75004059 -12.1837115 54.0837731 1.96002826 -10.5006579 55.2207821 1.75004059 -12.1837115 54.1837731 1.96002826 -10.5006579 55.2207821 1.96002826 -10.5006579 55.3207821 -6.23284579 -14.5758177 54.1837731 -4.87374784 -15.7886881 52.9020929 -1.79592439 -14.8664051 53.0770929 -6.23284579 -14.5758177 54.1837731 -1.79592439 -14.8664051 53.0770929 -2.2414026 -13.3797646 54.4312604 -2.2414026 -13.3797646 54.3312604 -1.79592439 -14.8664051 52.9770929 -4.87374784 -15.7886881 52.8020929 -2.2414026 -13.3797646 54.3312604 -4.87374784 -15.7886881 52.8020929 -6.23284579 -14.5758177 54.0837731 -2.2414026 -13.3797646 54.4312604 -1.79592439 -14.8664051 53.0770929 1.28189906 -13.9441221 52.9020929 -2.2414026 -13.3797646 54.4312604 1.28189906 -13.9441221 52.9020929 1.75004059 -12.1837115 54.1837731 1.75004059 -12.1837115 54.0837731 1.28189906 -13.9441221 52.8020929 -1.79592439 -14.8664051 52.9770929 1.75004059 -12.1837115 54.0837731 -1.79592439 -14.8664051 52.9770929 -2.2414026 -13.3797646 54.3312604 -6.23284579 -14.5758177 54.1837731 -6.23284579 -14.5758177 54.0837731 -4.87374784 -15.7886881 52.8020929 -6.23284579 -14.5758177 54.1837731 -4.87374784 -15.7886881 52.8020929 -4.87374784 -15.7886881 52.9020929 1.28189906 -13.9441221 52.9020929 1.28189906 -13.9441221 52.8020929 1.75004059 -12.1837115 54.0837731 1.28189906 -13.9441221 52.9020929 1.75004059 -12.1837115 54.0837731 1.75004059 -12.1837115 54.1837731 -4.87374784 -15.7886881 52.9020929 -3.22873933 -16.9158843 51.5181149 -1.35044618 -16.3530457 51.6087015 -4.87374784 -15.7886881 52.9020929 -1.35044618 -16.3530457 51.6087015 -1.79592439 -14.8664051 53.0770929 -1.79592439 -14.8664051 52.9770929 -1.35044618 -16.3530457 51.5087015 -3.22873933 -16.9158843 51.4181149 -1.79592439 -14.8664051 52.9770929 -3.22873933 -16.9158843 51.4181149 -4.87374784 -15.7886881 52.8020929 -1.79592439 -14.8664051 53.0770929 -1.35044618 -16.3530457 51.6087015 0.527846962 -15.7902071 51.5181149 -1.79592439 -14.8664051 53.0770929 0.527846962 -15.7902071 51.5181149 1.28189906 -13.9441221 52.9020929 1.28189906 -13.9441221 52.8020929 0.527846962 -15.7902071 51.4181149 -1.35044618 -16.3530457 51.5087015 1.28189906 -13.9441221 52.8020929 -1.35044618 -16.3530457 51.5087015 -1.79592439 -14.8664051 52.9770929 -4.87374784 -15.7886881 52.9020929 -4.87374784 -15.7886881 52.8020929 -3.22873933 -16.9158843 51.4181149 -4.87374784 -15.7886881 52.9020929 -3.22873933 -16.9158843 51.4181149 -3.22873933 -16.9158843 51.5181149 0.527846962 -15.7902071 51.5181149 0.527846962 -15.7902071 51.4181149 1.28189906 -13.9441221 52.8020929 0.527846962 -15.7902071 51.5181149 1.28189906 -13.9441221 52.8020929 1.28189906 -13.9441221 52.9020929 -3.22873933 -16.9158843 51.5181149 -1.01991806 -17.8741315 50.0811835 -0.904967974 -17.8396862 50.0811835 -3.22873933 -16.9158843 51.5181149 -0.904967974 -17.8396862 50.0811835 -1.35044618 -16.3530457 51.6087015 -1.35044618 -16.3530457 51.5087015 -0.904967974 -17.8396862 49.9811835 -1.01991806 -17.8741315 49.9811835 -1.35044618 -16.3530457 51.5087015 -1.01991806 -17.8741315 49.9811835 -3.22873933 -16.9158843 51.4181149 -1.35044618 -16.3530457 51.6087015 -0.904967974 -17.8396862 50.0811835 -0.790017888 -17.8052409 50.0811835 -1.35044618 -16.3530457 51.6087015 -0.790017888 -17.8052409 50.0811835 0.527846962 -15.7902071 51.5181149 0.527846962 -15.7902071 51.4181149 -0.790017888 -17.8052409 49.9811835 -0.904967974 -17.8396862 49.9811835 0.527846962 -15.7902071 51.4181149 -0.904967974 -17.8396862 49.9811835 -1.35044618 -16.3530457 51.5087015 -3.22873933 -16.9158843 51.5181149 -3.22873933 -16.9158843 51.4181149 -1.01991806 -17.8741315 49.9811835 -3.22873933 -16.9158843 51.5181149 -1.01991806 -17.8741315 49.9811835 -1.01991806 -17.8741315 50.0811835 -0.790017888 -17.8052409 50.0811835 -0.790017888 -17.8052409 49.9811835 0.527846962 -15.7902071 51.4181149 -0.790017888 -17.8052409 50.0811835 0.527846962 -15.7902071 51.4181149 0.527846962 -15.7902071 51.5181149 -6.36565657 -0.0344452865 58 -6.25070649 0 58 -6.25070649 0 57.9 -6.36565657 -0.0344452865 58 -6.25070649 0 57.9 -6.36565657 -0.0344452865 57.9 -6.25070649 0 58 -6.1357564 0.0344452865 58 -6.1357564 0.0344452865 57.9 -6.25070649 0 58 -6.1357564 0.0344452865 57.9 -6.25070649 0 57.9 -1.01991806 -17.8741315 49.9811835 -0.904967974 -17.8396862 49.9811835 -0.904967974 -17.8396862 50.0811835 -1.01991806 -17.8741315 49.9811835 -0.904967974 -17.8396862 50.0811835 -1.01991806 -17.8741315 50.0811835 -0.904967974 -17.8396862 49.9811835 -0.790017888 -17.8052409 49.9811835 -0.790017888 -17.8052409 50.0811835 -0.904967974 -17.8396862 49.9811835 -0.790017888 -17.8052409 50.0811835 -0.904967974 -17.8396862 50.0811835</float_array><technique_common><accessor source="#rezero-leaf-p-array" count="5088" stride="3"><param name="X" type="float" /><param name="Y" type="float" /><param name="Z" type="float" /></accessor></technique_common></source><source id="rezero-leaf-n"><float_array id="rezero-leaf-n-array" count="15264">-0.345190913 0.923879532 -0.165196378 -0.345190913 0.923879532 -0.165196378 -0.345190913 0.923879532 -0.165196378 -0.345573095 0.923701412 -0.165393282 -0.345573095 0.923701412 -0.165393282 -0.345573095 0.923701412 -0.165393282 -0.83337004 0.382683432 -0.398807932 -0.83337004 0.382683432 -0.398807932 -0.83337004 0.382683432 -0.398807932 -0.833525129 0.382253458 -0.398896168 -0.833525129 0.382253458 -0.398896168 -0.833525129 0.382253458 -0.398896168 -0.833364583 -0.382683432 -0.398819336 -0.833364583 -0.382683432 -0.398819336 -0.833364583 -0.382683432 -0.398819336 -0.833530673 -0.382253228 -0.398884803 -0.833530673 -0.382253228 -0.398884803 -0.833530673 -0.382253228 -0.398884803 -0.345185465 -0.923879533 -0.16520776 -0.345185465 -0.923879533 -0.16520776 -0.345185465 -0.923879533 -0.16520776 -0.345579048 -0.923701182 -0.165382126 -0.345579048 -0.923701182 -0.165382126 -0.345579048 -0.923701182 -0.165382126 0.345180031 -0.923879532 0.165219113 0.345180031 -0.923879532 0.165219113 0.345180031 -0.923879532 0.165219113 0.345573095 -0.923701412 0.165393282 0.345573095 -0.923701412 0.165393282 0.345573095 -0.923701412 0.165393282 0.833332889 -0.382683432 0.398885556 0.833332889 -0.382683432 0.398885556 0.833332889 -0.382683432 0.398885556 0.833498443 -0.382254561 0.398950869 0.833498443 -0.382254561 0.398950869 0.833498443 -0.382254561 0.398950869 0.833338313 0.382683432 0.398874224 0.833338313 0.382683432 0.398874224 0.833338313 0.382683432 0.398874224 0.833492933 0.382254789 0.398962163 0.833492933 0.382254789 0.398962163 0.833492933 0.382254789 0.398962163 0.345185465 0.923879533 0.16520776 0.345185465 0.923879533 0.16520776 0.345185465 0.923879533 0.16520776 0.345567158 0.923701641 0.16540441 0.345567158 0.923701641 0.16540441 0.345567158 0.923701641 0.16540441 -0.327359362 0.923720848 -0.198936278 -0.327359362 0.923720848 -0.198936278 -0.327359362 0.923720848 -0.198936278 -0.329353693 0.922732901 -0.200225219 -0.329353693 0.922732901 -0.200225219 -0.329353693 0.922732901 -0.200225219 -0.789694295 0.382301924 -0.479820966 -0.789694295 0.382301924 -0.479820966 -0.789694295 0.382301924 -0.479820966 -0.790490051 0.379947073 -0.480380788 -0.790490051 0.379947073 -0.480380788 -0.790490051 0.379947073 -0.480380788 -0.789660854 -0.38230081 -0.479876886 -0.789660854 -0.38230081 -0.479876886 -0.789660854 -0.38230081 -0.479876886 -0.790522874 -0.379950055 -0.480324413 -0.790522874 -0.379950055 -0.480324413 -0.790522874 -0.379950055 -0.480324413 -0.327327714 -0.923719725 -0.198993558 -0.327327714 -0.923719725 -0.198993558 -0.327327714 -0.923719725 -0.198993558 -0.32938163 -0.922735948 -0.20016521 -0.32938163 -0.922735948 -0.20016521 -0.32938163 -0.922735948 -0.20016521 0.327295943 -0.923718595 0.199051058 0.327295943 -0.923718595 0.199051058 0.327295943 -0.923718595 0.199051058 0.329353693 -0.922732901 0.200225219 0.329353693 -0.922732901 0.200225219 0.329353693 -0.922732901 0.200225219 0.789464822 -0.382294249 0.480204542 0.789464822 -0.382294249 0.480204542 0.789464822 -0.382294249 0.480204542 0.790330783 -0.379932583 0.480654226 0.790330783 -0.379932583 0.480654226 0.790330783 -0.379932583 0.480654226 0.789498593 0.382295383 0.480148114 0.789498593 0.382295383 0.480148114 0.789498593 0.382295383 0.480148114 0.790297635 0.379929563 0.480711114 0.790297635 0.379929563 0.480711114 0.790297635 0.379929563 0.480711114 0.327327714 0.923719725 0.198993558 0.327327714 0.923719725 0.198993558 0.327327714 0.923719725 0.198993558 0.329325646 0.922729838 0.200285458 0.329325646 0.922729838 0.200285458 0.329325646 0.922729838 0.200285458 -0.390683784 0.918724653 -0.0575429761 -0.390683784 0.918724653 -0.0575429761 -0.390683784 0.918724653 -0.0575429761 -0.882793449 -0.366499945 -0.293859688 -0.882793449 -0.366499945 -0.293859688 -0.882793449 -0.366499945 -0.293859688 -0.904621123 0.376224825 -0.200288552 -0.904621123 0.376224825 -0.200288552 -0.904621123 0.376224825 -0.200288552 -0.377183604 -0.913164902 -0.154474563 -0.377183604 -0.913164902 -0.154474563 -0.377183604 -0.913164902 -0.154474563 -0.904606076 -0.376229154 -0.200348373 -0.904606076 -0.376229154 -0.200348373 -0.904606076 -0.376229154 -0.200348373 0.381786807 -0.922612989 0.0549918756 0.381786807 -0.922612989 0.0549918756 0.381786807 -0.922612989 0.0549918756 -0.390937456 -0.91865677 -0.0569003064 -0.390937456 -0.91865677 -0.0569003064 -0.390937456 -0.91865677 -0.0569003064 0.904933521 -0.375402168 0.200420894 0.904933521 -0.375402168 0.200420894 0.904933521 -0.375402168 0.200420894 0.352195444 -0.923865175 0.14977152 0.352195444 -0.923865175 0.14977152 0.352195444 -0.923865175 0.14977152 0.904921746 0.375397468 0.200482855 0.904921746 0.375397468 0.200482855 0.904921746 0.375397468 0.200482855 0.87644034 -0.381273093 0.294080192 0.87644034 -0.381273093 0.294080192 0.87644034 -0.381273093 0.294080192 0.381806343 0.922647979 0.0542643781 0.381806343 0.922647979 0.0542643781 0.381806343 0.922647979 0.0542643781 0.876810402 0.381236073 0.293023166 0.876810402 0.381236073 0.293023166 0.876810402 0.381236073 0.293023166 -0.377055484 0.912888019 -0.156411719 -0.377055484 0.912888019 -0.156411719 -0.377055484 0.912888019 -0.156411719 0.352958029 0.923853755 0.148036718 0.352958029 0.923853755 0.148036718 0.352958029 0.923853755 0.148036718 -0.882490235 0.366377401 -0.294921321 -0.882490235 0.366377401 -0.294921321 -0.882490235 0.366377401 -0.294921321 -0.886224583 -0.366263026 0.283650108 -0.886224583 -0.366263026 0.283650108 -0.886224583 -0.366263026 0.283650108 0.354816922 -0.923837932 -0.143626 0.354816922 -0.923837932 -0.143626 0.354816922 -0.923837932 -0.143626 -0.37915749 -0.912805923 0.151739726 -0.37915749 -0.912805923 0.151739726 -0.37915749 -0.912805923 0.151739726 0.880546883 -0.381060915 -0.281832871 0.880546883 -0.381060915 -0.281832871 0.880546883 -0.381060915 -0.281832871 0.382519644 -0.922639577 -0.0491419693 0.382519644 -0.922639577 -0.0491419693 0.382519644 -0.922639577 -0.0491419693 0.880189628 0.381100109 -0.282893841 0.880189628 0.381100109 -0.282893841 0.880189628 0.381100109 -0.282893841 0.907490378 -0.375344236 -0.188621099 0.907490378 -0.375344236 -0.188621099 0.907490378 -0.375344236 -0.188621099 0.354060739 0.923853021 -0.145384281 0.354060739 0.923853021 -0.145384281 0.354060739 0.923853021 -0.145384281 0.907496982 0.375347079 -0.188583662 0.907496982 0.375347079 -0.188583662 0.907496982 0.375347079 -0.188583662 -0.392213017 0.918414471 0.0518054867 -0.392213017 0.918414471 0.0518054867 -0.392213017 0.918414471 0.0518054867 0.382509562 0.922602318 -0.0499139039 0.382509562 0.922602318 -0.0499139039 0.382509562 0.922602318 -0.0499139039 -0.90729985 0.375843896 0.188542696 -0.90729985 0.375843896 0.188542696 -0.90729985 0.375843896 0.188542696 -0.379260065 0.913086282 0.149783997 -0.379260065 0.913086282 0.149783997 -0.379260065 0.913086282 0.149783997 -0.907308475 -0.375841211 0.18850654 -0.907308475 -0.375841211 0.18850654 -0.907308475 -0.375841211 0.18850654 -0.886513837 0.366385892 0.282585555 -0.886513837 0.366385892 0.282585555 -0.886513837 0.366385892 0.282585555 -0.391949324 -0.918488183 0.0524898508 -0.391949324 -0.918488183 0.0524898508 -0.391949324 -0.918488183 0.0524898508 0.329992968 -0.922642619 -0.19958767 0.329992968 -0.922642619 -0.19958767 0.329992968 -0.922642619 -0.19958767 0.327754179 -0.923750342 -0.198147681 0.327754179 -0.923750342 -0.198147681 0.327754179 -0.923750342 -0.198147681 0.791539303 -0.379722386 -0.478828197 0.791539303 -0.379722386 -0.478828197 0.791539303 -0.379722386 -0.478828197 0.790644109 -0.38236911 -0.478200541 0.790644109 -0.38236911 -0.478200541 0.790644109 -0.38236911 -0.478200541 0.791576254 0.379725895 -0.478764325 0.791576254 0.379725895 -0.478764325 0.791576254 0.379725895 -0.478764325 0.790606375 0.382367966 -0.478263838 0.790606375 0.382367966 -0.478263838 0.790606375 0.382367966 -0.478263838 0.330023978 0.922646182 -0.199519915 0.330023978 0.922646182 -0.199519915 0.330023978 0.922646182 -0.199519915 0.32771849 0.923749203 -0.198212012 0.32771849 0.923749203 -0.198212012 0.32771849 0.923749203 -0.198212012 -0.330054853 0.922649724 0.199452452 -0.330054853 0.922649724 0.199452452 -0.330054853 0.922649724 0.199452452 -0.327754179 0.923750342 0.198147681 -0.327754179 0.923750342 0.198147681 -0.327754179 0.923750342 0.198147681 -0.791790232 0.379746182 0.478394257 -0.791790232 0.379746182 0.478394257 -0.791790232 0.379746182 0.478394257 -0.790825301 0.382374576 0.47789646 -0.790825301 0.382374576 0.47789646 -0.790825301 0.382374576 0.47789646 -0.791753687 -0.379742721 0.478457485 -0.791753687 -0.379742721 0.478457485 -0.791753687 -0.379742721 0.478457485 -0.790862621 -0.382375696 0.477833801 -0.790862621 -0.382375696 0.477833801 -0.790862621 -0.382375696 0.477833801 -0.330023978 -0.922646182 0.199519915 -0.330023978 -0.922646182 0.199519915 -0.330023978 -0.922646182 0.199519915 -0.327789713 -0.923751471 0.198083626 -0.327789713 -0.923751471 0.198083626 -0.327789713 -0.923751471 0.198083626 0.353135089 -0.92326122 -0.151275669 0.353135089 -0.92326122 -0.151275669 0.353135089 -0.92326122 -0.151275669 -0.840529322 -0.376574604 0.389489442 -0.840529322 -0.376574604 0.389489442 -0.840529322 -0.376574604 0.389489442 0.838657937 -0.381961105 -0.388276422 0.838657937 -0.381961105 -0.388276422 0.838657937 -0.381961105 -0.388276422 -0.355842776 -0.922029995 0.152435586 -0.355842776 -0.922029995 0.152435586 -0.355842776 -0.922029995 0.152435586 0.838818456 0.381952278 -0.387938211 0.838818456 0.381952278 -0.387938211 0.838818456 0.381952278 -0.387938211 0.345537635 -0.919103693 -0.189346622 0.345537635 -0.919103693 -0.189346622 0.345537635 -0.919103693 -0.189346622 0.353230374 0.923254304 -0.151095314 0.353230374 0.923254304 -0.151095314 0.353230374 0.923254304 -0.151095314 0.825386018 -0.37380018 -0.423097325 0.825386018 -0.37380018 -0.423097325 0.825386018 -0.37380018 -0.423097325 -0.335228021 0.92387883 0.184580829 -0.335228021 0.92387883 0.184580829 -0.335228021 0.92387883 0.184580829 0.825123441 0.37374949 -0.4236539 0.825123441 0.37374949 -0.4236539 0.825123441 0.37374949 -0.4236539 -0.821679791 0.382579796 0.422463041 -0.821679791 0.382579796 0.422463041 -0.821679791 0.382579796 0.422463041 0.345311658 0.919026277 -0.190133008 0.345311658 0.919026277 -0.190133008 0.345311658 0.919026277 -0.190133008 -0.821390779 -0.382585307 0.423019704 -0.821390779 -0.382585307 0.423019704 -0.821390779 -0.382585307 0.423019704 -0.355786888 0.92201748 0.152641599 -0.355786888 0.92201748 0.152641599 -0.355786888 0.92201748 0.152641599 -0.334844399 -0.923877624 0.185281851 -0.334844399 -0.923877624 0.185281851 -0.334844399 -0.923877624 0.185281851 -0.840377398 0.376548339 0.389842503 -0.840377398 0.376548339 0.389842503 -0.840377398 0.376548339 0.389842503 -0.927664307 -0.373408131 0.00230229884 -0.927664307 -0.373408131 0.00230229884 -0.927664307 -0.373408131 0.00230229884 -0.927701413 -0.373315918 0.00230541547 -0.927701413 -0.373315918 0.00230541547 -0.927701413 -0.373315918 0.00230541547 -0.392108201 -0.919918593 0.000970114324 -0.392108201 -0.919918593 0.000970114324 -0.392108201 -0.919918593 0.000970114324 -0.392202543 -0.919878371 0.000973377388 -0.392202543 -0.919878371 0.000973377388 -0.392202543 -0.919878371 0.000973377388 0.392108814 -0.919918335 -0.000967165467 0.392108814 -0.919918335 -0.000967165467 0.392108814 -0.919918335 -0.000967165467 0.392201925 -0.919878638 -0.000970346206 0.392201925 -0.919878638 -0.000970346206 0.392201925 -0.919878638 -0.000970346206 0.927664924 -0.373406703 -0.00228531581 0.927664924 -0.373406703 -0.00228531581 0.927664924 -0.373406703 -0.00228531581 0.927700871 -0.373317368 -0.00228824299 0.927700871 -0.373317368 -0.00228824299 0.927700871 -0.373317368 -0.00228824299 0.927664821 0.373406941 -0.00228815407 0.927664821 0.373406941 -0.00228815407 0.927664821 0.373406941 -0.00228815407 0.927700782 0.373317608 -0.00228540415 0.927700782 0.373317608 -0.00228540415 0.927700782 0.373317608 -0.00228540415 0.392108201 0.919918593 -0.000970114324 0.392108201 0.919918593 -0.000970114324 0.392108201 0.919918593 -0.000970114324 0.392201323 0.919878898 -0.000967393647 0.392201323 0.919878898 -0.000967393647 0.392201323 0.919878898 -0.000967393647 -0.392107571 0.919918858 0.000973141685 -0.392107571 0.919918858 0.000973141685 -0.392107571 0.919918858 0.000973141685 -0.392201925 0.919878638 0.000970346206 -0.392201925 0.919878638 0.000970346206 -0.392201925 0.919878638 0.000970346206 -0.927664198 0.373408385 0.00230532299 -0.927664198 0.373408385 0.00230532299 -0.927664198 0.373408385 0.00230532299 -0.927701317 0.373316173 0.00230239069 -0.927701317 0.373316173 0.00230239069 -0.927701317 0.373316173 0.00230239069 -0.841380468 -0.37646658 -0.387752268 -0.841380468 -0.37646658 -0.387752268 -0.841380468 -0.37646658 -0.387752268 -0.335288059 0.92387863 -0.184472746 -0.335288059 0.92387863 -0.184472746 -0.335288059 0.92387863 -0.184472746 -0.356235906 -0.921988587 -0.151766351 -0.356235906 -0.921988587 -0.151766351 -0.356235906 -0.921988587 -0.151766351 -0.822432035 0.382571195 -0.421004546 -0.822432035 0.382571195 -0.421004546 -0.822432035 0.382571195 -0.421004546 0.345880234 -0.918974212 0.189349572 0.345880234 -0.918974212 0.189349572 0.345880234 -0.918974212 0.189349572 -0.822723018 -0.382565241 -0.420441045 -0.822723018 -0.382565241 -0.420441045 -0.822723018 -0.382565241 -0.420441045 0.826203129 -0.373648234 0.421634186 0.826203129 -0.373648234 0.421634186 0.826203129 -0.373648234 0.421634186 -0.3356755 -0.923879372 -0.183763066 -0.3356755 -0.923879372 -0.183763066 -0.3356755 -0.923879372 -0.183763066 0.826467068 0.373699762 0.421070864 0.826467068 0.373699762 0.421070864 0.826467068 0.373699762 0.421070864 0.353665314 -0.923230644 0.150219919 0.353665314 -0.923230644 0.150219919 0.353665314 -0.923230644 0.150219919 0.346106069 0.919052975 0.188552957 0.346106069 0.919052975 0.188552957 0.346106069 0.919052975 0.188552957 0.839805288 -0.381913275 0.385835883 0.839805288 -0.381913275 0.385835883 0.839805288 -0.381913275 0.385835883 -0.356291356 0.922001268 -0.151559003 -0.356291356 0.922001268 -0.151559003 -0.356291356 0.922001268 -0.151559003 0.839644106 0.381922416 0.386177477 0.839644106 0.381922416 0.386177477 0.839644106 0.381922416 0.386177477 -0.841532843 0.376493264 -0.38739553 -0.841532843 0.376493264 -0.38739553 -0.841532843 0.376493264 -0.38739553 0.353569733 0.923237726 0.150401281 0.353569733 0.923237726 0.150401281 0.353569733 0.923237726 0.150401281 -0.327644879 0.923741978 -0.198367312 -0.327644879 0.923741978 -0.198367312 -0.327644879 0.923741978 -0.198367312 -0.329801948 0.922674391 -0.199756461 -0.329801948 0.922674391 -0.199756461 -0.329801948 0.922674391 -0.199756461 -0.790472795 0.382352826 -0.478496684 -0.790472795 0.382352826 -0.478496684 -0.790472795 0.382352826 -0.478496684 -0.791333209 0.379809161 -0.47909994 -0.791333209 0.379809161 -0.47909994 -0.791333209 0.379809161 -0.47909994 -0.790436718 -0.382351705 -0.478557174 -0.790436718 -0.382351705 -0.478557174 -0.790436718 -0.382351705 -0.478557174 -0.791368564 -0.379812466 -0.47903892 -0.791368564 -0.379812466 -0.47903892 -0.791368564 -0.379812466 -0.47903892 -0.327610596 -0.923740848 -0.198429189 -0.327610596 -0.923740848 -0.198429189 -0.327610596 -0.923740848 -0.198429189 -0.329831889 -0.922677771 -0.199691403 -0.329831889 -0.922677771 -0.199691403 -0.329831889 -0.922677771 -0.199691403 0.327576168 -0.923739709 0.198491323 0.327576168 -0.923739709 0.198491323 0.327576168 -0.923739709 0.198491323 0.329801948 -0.922674391 0.199756461 0.329801948 -0.922674391 0.199756461 0.329801948 -0.922674391 0.199756461 0.79022513 -0.382345093 0.47891176 0.79022513 -0.382345093 0.47891176 0.79022513 -0.382345093 0.47891176 0.791161588 -0.379793101 0.479396018 0.791161588 -0.379793101 0.479396018 0.791161588 -0.379793101 0.479396018 0.790261593 0.382346237 0.478850676 0.790261593 0.382346237 0.478850676 0.790261593 0.382346237 0.478850676 0.791125854 0.379789752 0.479457639 0.791125854 0.379789752 0.479457639 0.791125854 0.379789752 0.479457639 0.327610596 0.923740848 0.198429189 0.327610596 0.923740848 0.198429189 0.327610596 0.923740848 0.198429189 0.329771879 0.922670992 0.199821791 0.329771879 0.922670992 0.199821791 0.329771879 0.922670992 0.199821791 -0.391539612 0.91856678 -0.0541461177 -0.391539612 0.91856678 -0.0541461177 -0.391539612 0.91856678 -0.0541461177 -0.878527119 -0.382213906 -0.286535567 -0.878527119 -0.382213906 -0.286535567 -0.878527119 -0.382213906 -0.286535567 -0.906456175 0.375965461 -0.192320498 -0.906456175 0.375965461 -0.192320498 -0.906456175 0.375965461 -0.192320498 -0.356416652 -0.922749788 -0.146628778 -0.356416652 -0.922749788 -0.146628778 -0.356416652 -0.922749788 -0.146628778 -0.90656749 -0.37593161 -0.191861434 -0.90656749 -0.37593161 -0.191861434 -0.90656749 -0.37593161 -0.191861434 0.381908522 -0.922766088 0.0514648144 0.381908522 -0.922766088 0.0514648144 0.381908522 -0.922766088 0.0514648144 -0.391816584 -0.918490439 -0.0534329339 -0.391816584 -0.918490439 -0.0534329339 -0.391816584 -0.918490439 -0.0534329339 0.9040461 -0.382222859 0.19132782 0.9040461 -0.382222859 0.19132782 0.9040461 -0.382222859 0.19132782 0.353747166 -0.923852499 0.146148905 0.353747166 -0.923852499 0.146148905 0.353747166 -0.923852499 0.146148905 0.904147872 0.382213906 0.190864233 0.904147872 0.382213906 0.190864233 0.904147872 0.382213906 0.190864233 0.878991947 -0.381156726 0.286518248 0.878991947 -0.381156726 0.286518248 0.878991947 -0.381156726 0.286518248 0.382090043 0.922731541 0.05073167 0.382090043 0.922731541 0.05073167 0.382090043 0.922731541 0.05073167 0.878965878 0.38115948 0.286594549 0.878965878 0.38115948 0.286594549 0.878965878 0.38115948 0.286594549 -0.356360927 0.92274057 -0.146822104 -0.356360927 0.92274057 -0.146822104 -0.356360927 0.92274057 -0.146822104 0.353828981 0.923851025 0.14596005 0.353828981 0.923851025 0.14596005 0.353828981 0.923851025 0.14596005 -0.878551307 0.38221542 -0.286459374 -0.878551307 0.38221542 -0.286459374 -0.878551307 0.38221542 -0.286459374 0.431708682 0 -0.90201309 0.431708682 0 -0.90201309 0.431708682 0 -0.90201309 0.431708682 -2.20591502e-15 -0.90201309 0.431708682 -2.20591502e-15 -0.90201309 0.431708682 -2.20591502e-15 -0.90201309 0.431708682 2.20591502e-15 -0.90201309 0.431708682 2.20591502e-15 -0.90201309 0.431708682 2.20591502e-15 -0.90201309 0.431708682 0 -0.90201309 0.431708682 0 -0.90201309 0.431708682 0 -0.90201309 0.431708682 0 -0.90201309 0.431708682 0 -0.90201309 0.431708682 0 -0.90201309 0.431708682 -2.20591502e-15 -0.90201309 0.431708682 -2.20591502e-15 -0.90201309 0.431708682 -2.20591502e-15 -0.90201309 0.431708682 2.20591502e-15 -0.90201309 0.431708682 2.20591502e-15 -0.90201309 0.431708682 2.20591502e-15 -0.90201309 0.431708682 0 -0.90201309 0.431708682 0 -0.90201309 0.431708682 0 -0.90201309 -0.258684297 2.0404714e-14 0.965961922 -0.258684297 2.0404714e-14 0.965961922 -0.258684297 2.0404714e-14 0.965961922 -0.258684297 0 0.965961922 -0.258684297 0 0.965961922 -0.258684297 0 0.965961922 -0.258684297 0 0.965961922 -0.258684297 0 0.965961922 -0.258684297 0 0.965961922 -0.258684297 -2.0404714e-14 0.965961922 -0.258684297 -2.0404714e-14 0.965961922 -0.258684297 -2.0404714e-14 0.965961922 -0.258684297 2.0404714e-14 0.965961922 -0.258684297 2.0404714e-14 0.965961922 -0.258684297 2.0404714e-14 0.965961922 -0.258684297 0 0.965961922 -0.258684297 0 0.965961922 -0.258684297 0 0.965961922 -0.258684297 0 0.965961922 -0.258684297 0 0.965961922 -0.258684297 0 0.965961922 -0.258684297 -2.0404714e-14 0.965961922 -0.258684297 -2.0404714e-14 0.965961922 -0.258684297 -2.0404714e-14 0.965961922 0.216680224 0.286622564 0.933218724 0.216680224 0.286622564 0.933218724 0.216680224 0.286622564 0.933218724 0.249289513 0.258853034 0.933193359 0.249289513 0.258853034 0.933193359 0.249289513 0.258853034 0.933193359 -0.218297881 -0.288244367 -0.932341793 -0.218297881 -0.288244367 -0.932341793 -0.218297881 -0.288244367 -0.932341793 -0.222528849 -0.231065747 -0.947148105 -0.222528849 -0.231065747 -0.947148105 -0.222528849 -0.231065747 -0.947148105 0.279826178 0.22898928 0.932341793 0.279826178 0.22898928 0.932341793 0.279826178 0.22898928 0.932341793 0.222528849 0.231065747 0.947148105 0.222528849 0.231065747 0.947148105 0.222528849 0.231065747 0.947148105 -0.278266392 -0.227311743 -0.933218724 -0.278266392 -0.227311743 -0.933218724 -0.278266392 -0.227311743 -0.933218724 -0.249289513 -0.258853034 -0.933193359 -0.249289513 -0.258853034 -0.933193359 -0.249289513 -0.258853034 -0.933193359 -0.0436521654 0.99904679 0 -0.0436521654 0.99904679 0 -0.0436521654 0.99904679 0 -0.0436521654 0.99904679 0 -0.0436521654 0.99904679 0 -0.0436521654 0.99904679 0 0.999981823 -0.00602935364 0 0.999981823 -0.00602935364 0 0.999981823 -0.00602935364 0 0.999981823 -0.00602935364 0 0.999981823 -0.00602935364 0 0.999981823 -0.00602935364 0 0.185442669 0.266203129 0.945910625 0.185442669 0.266203129 0.945910625 0.185442669 0.266203129 0.945910625 0.196049322 0.265902555 0.943854064 0.196049322 0.265902555 0.943854064 0.196049322 0.265902555 0.943854064 -0.190406878 -0.271170893 -0.943510237 -0.190406878 -0.271170893 -0.943510237 -0.190406878 -0.271170893 -0.943510237 -0.187917016 -0.257716918 -0.94777064 -0.187917016 -0.257716918 -0.94777064 -0.187917016 -0.257716918 -0.94777064 0.263814271 0.200475592 0.943510237 0.263814271 0.200475592 0.943510237 0.263814271 0.200475592 0.943510237 0.250463512 0.197481249 0.94777064 0.250463512 0.197481249 0.94777064 0.250463512 0.197481249 0.94777064 -0.259036817 -0.195327972 -0.945910625 -0.259036817 -0.195327972 -0.945910625 -0.259036817 -0.195327972 -0.945910625 -0.258337351 -0.205915804 -0.943854064 -0.258337351 -0.205915804 -0.943854064 -0.258337351 -0.205915804 -0.943854064 -0.227992265 0.973662943 0 -0.227992265 0.973662943 0 -0.227992265 0.973662943 0 -0.227992265 0.973662943 0 -0.227992265 0.973662943 0 -0.227992265 0.973662943 0 0.981552259 -0.191194046 0 0.981552259 -0.191194046 0 0.981552259 -0.191194046 0 0.981552259 -0.191194046 0 0.981552259 -0.191194046 0 0.981552259 -0.191194046 0 0.136647384 0.223822498 0.965003099 0.136647384 0.223822498 0.965003099 0.136647384 0.223822498 0.965003099 0.145218363 0.225788945 0.963291742 0.145218363 0.225788945 0.963291742 0.145218363 0.225788945 0.963291742 -0.141790445 -0.228996627 -0.963045178 -0.141790445 -0.228996627 -0.963045178 -0.141790445 -0.228996627 -0.963045178 -0.13855051 -0.219062424 -0.965823695 -0.13855051 -0.219062424 -0.965823695 -0.13855051 -0.219062424 -0.965823695 0.223499199 0.150306663 0.963045178 0.223499199 0.150306663 0.963045178 0.223499199 0.150306663 0.963045178 0.213693944 0.146695221 0.965823695 0.213693944 0.146695221 0.965823695 0.213693944 0.146695221 0.965823695 -0.218522257 -0.144972554 -0.965003099 -0.218522257 -0.144972554 -0.965003099 -0.218522257 -0.144972554 -0.965003099 -0.220164805 -0.153611456 -0.963291742 -0.220164805 -0.153611456 -0.963291742 -0.220164805 -0.153611456 -0.963291742 -0.339523704 0.940597499 0 -0.339523704 0.940597499 0 -0.339523704 0.940597499 0 -0.339523704 0.940597499 0 -0.339523704 0.940597499 0 -0.339523704 0.940597499 0 0.952706909 -0.30389068 0 0.952706909 -0.30389068 0 0.952706909 -0.30389068 0 0.952706909 -0.30389068 0 0.952706909 -0.30389068 0 0.952706909 -0.30389068 0 0.0672397541 0.157813724 0.985176961 0.0672397541 0.157813724 0.985176961 0.0672397541 0.157813724 0.985176961 0.0738518152 0.160257024 0.984308689 0.0738518152 0.160257024 0.984308689 0.0738518152 0.160257024 0.984308689 -0.0716680731 -0.162318618 -0.984132285 -0.0716680731 -0.162318618 -0.984132285 -0.0716680731 -0.162318618 -0.984132285 -0.0686969085 -0.155007367 -0.985521918 -0.0686969085 -0.155007367 -0.985521918 -0.0686969085 -0.155007367 -0.985521918 0.159506959 0.0777250065 0.984132285 0.159506959 0.0777250065 0.984132285 0.159506959 0.0777250065 0.984132285 0.152312683 0.0744808399 0.985521918 0.152312683 0.0744808399 0.985521918 0.152312683 0.0744808399 0.985521918 -0.155171883 -0.0731303144 -0.985176961 -0.155171883 -0.0731303144 -0.985176961 -0.155171883 -0.0731303144 -0.985176961 -0.157364655 -0.0798296289 -0.984308689 -0.157364655 -0.0798296289 -0.984308689 -0.157364655 -0.0798296289 -0.984308689 -0.447914049 0.894076621 0 -0.447914049 0.894076621 0 -0.447914049 0.894076621 0 -0.447914049 0.894076621 0 -0.447914049 0.894076621 0 -0.447914049 0.894076621 0 0.910297463 -0.413954741 0 0.910297463 -0.413954741 0 0.910297463 -0.413954741 0 0.910297463 -0.413954741 0 0.910297463 -0.413954741 0 0.910297463 -0.413954741 0 -0.0197667855 0.0710149457 0.997279375 -0.0197667855 0.0710149457 0.997279375 -0.0197667855 0.0710149457 0.997279375 -0.0155622667 0.0729105629 0.99721706 -0.0155622667 0.0729105629 0.99721706 -0.0155622667 0.0729105629 0.99721706 0.016791836 -0.074088503 -0.997110289 0.016791836 -0.074088503 -0.997110289 0.016791836 -0.074088503 -0.997110289 0.0187912048 -0.0695740738 -0.997399789 0.0187912048 -0.0695740738 -0.997399789 0.0187912048 -0.0695740738 -0.997399789 0.0746678747 -0.0139921596 0.997110289 0.0746678747 -0.0139921596 0.997110289 0.0746678747 -0.0139921596 0.997110289 0.0702318742 -0.0161599804 0.997399789 0.0702318742 -0.0161599804 0.997399789 0.0702318742 -0.0161599804 0.997399789 -0.0717084346 0.0170806534 -0.997279375 -0.0717084346 0.0170806534 -0.997279375 -0.0717084346 0.0170806534 -0.997279375 -0.0734445028 0.0128077844 -0.99721706 -0.0734445028 0.0128077844 -0.99721706 -0.0734445028 0.0128077844 -0.99721706 -0.559312191 0.8289571 0 -0.559312191 0.8289571 0 -0.559312191 0.8289571 0 -0.559312191 0.8289571 0 -0.559312191 0.8289571 0 -0.559312191 0.8289571 0 0.849415721 -0.527724296 0 0.849415721 -0.527724296 0 0.849415721 -0.527724296 0 0.849415721 -0.527724296 0 0.849415721 -0.527724296 0 0.849415721 -0.527724296 0 -0.116077042 -0.0286053688 0.992828209 -0.116077042 -0.0286053688 0.992828209 -0.116077042 -0.0286053688 0.992828209 -0.114663688 -0.0279141885 0.993012103 -0.114663688 -0.0279141885 0.993012103 -0.114663688 -0.0279141885 0.993012103 0.115056096 0.0275314429 -0.992977399 0.115056096 0.0275314429 -0.992977399 0.115056096 0.0275314429 -0.992977399 0.115711616 0.029016378 -0.992858938 0.115711616 0.029016378 -0.992858938 0.115711616 0.029016378 -0.992858938 -0.023182642 -0.116010563 0.992977399 -0.023182642 -0.116010563 0.992977399 -0.023182642 -0.116010563 0.992977399 -0.0246418597 -0.116721494 0.992858938 -0.0246418597 -0.116721494 0.992858938 -0.0246418597 -0.116721494 0.992858938 0.0242173914 0.117071195 -0.992828209 0.0242173914 0.117071195 -0.992828209 0.0242173914 0.117071195 -0.992828209 0.023579882 0.115632834 -0.993012103 0.023579882 0.115632834 -0.993012103 0.023579882 0.115632834 -0.993012103 -0.66887163 0.743377928 0 -0.66887163 0.743377928 0 -0.66887163 0.743377928 0 -0.66887163 0.743377928 0 -0.66887163 0.743377928 0 -0.66887163 0.743377928 0 0.768019631 -0.640426301 0 0.768019631 -0.640426301 0 0.768019631 -0.640426301 0 0.768019631 -0.640426301 0 0.768019631 -0.640426301 0 0.768019631 -0.640426301 0 -0.209838006 -0.128925511 0.969198754 -0.209838006 -0.128925511 0.969198754 -0.209838006 -0.128925511 0.969198754 -0.211182392 -0.12958223 0.968819097 -0.211182392 -0.12958223 0.968819097 -0.211182392 -0.12958223 0.968819097 0.210802634 0.129959036 -0.968851329 0.210802634 0.129959036 -0.968851329 0.210802634 0.129959036 -0.968851329 0.210242698 0.128575146 -0.969157593 0.210242698 0.128575146 -0.969157593 0.210242698 0.128575146 -0.969157593 -0.12193497 -0.215543417 0.968851329 -0.12193497 -0.215543417 0.968851329 -0.12193497 -0.215543417 0.968851329 -0.120573129 -0.214931805 0.969157593 -0.120573129 -0.214931805 0.969157593 -0.120573129 -0.214931805 0.969157593 0.120938474 0.214540583 -0.969198754 0.120938474 0.214540583 -0.969198754 0.120938474 0.214540583 -0.969198754 0.121544142 0.215908728 -0.968819097 0.121544142 0.215908728 -0.968819097 0.121544142 0.215908728 -0.968819097 -0.768019631 0.640426301 0 -0.768019631 0.640426301 0 -0.768019631 0.640426301 0 -0.768019631 0.640426301 0 -0.768019631 0.640426301 0 -0.768019631 0.640426301 0 0.66887163 -0.743377928 0 0.66887163 -0.743377928 0 0.66887163 -0.743377928 0 0.66887163 -0.743377928 0 0.66887163 -0.743377928 0 0.66887163 -0.743377928 0 -0.290432534 -0.218361137 0.931647657 -0.290432534 -0.218361137 0.931647657 -0.290432534 -0.218361137 0.931647657 -0.294108135 -0.22001703 0.93010371 -0.294108135 -0.22001703 0.93010371 -0.294108135 -0.22001703 0.93010371 0.292986935 0.221143696 -0.930190368 0.292986935 0.221143696 -0.930190368 0.292986935 0.221143696 -0.930190368 0.291756815 0.217452257 -0.931446443 0.291756815 0.217452257 -0.931446443 0.291756815 0.217452257 -0.931446443 -0.209962644 -0.301100592 0.930190368 -0.209962644 -0.301100592 0.930190368 -0.209962644 -0.301100592 0.930190368 -0.206320106 -0.299732443 0.931446443 -0.206320106 -0.299732443 0.931446443 -0.206320106 -0.299732443 0.931446443 0.207278172 0.298443298 -0.931647657 0.207278172 0.298443298 -0.931647657 0.207278172 0.298443298 -0.931647657 0.208794588 0.302178605 -0.93010371 0.208794588 0.302178605 -0.93010371 0.208794588 0.302178605 -0.93010371 -0.849415721 0.527724296 0 -0.849415721 0.527724296 0 -0.849415721 0.527724296 0 -0.849415721 0.527724296 0 -0.849415721 0.527724296 0 -0.849415721 0.527724296 0 0.559312191 -0.8289571 0 0.559312191 -0.8289571 0 0.559312191 -0.8289571 0 0.559312191 -0.8289571 0 0.559312191 -0.8289571 0 0.559312191 -0.8289571 0 -0.352241731 -0.290208871 0.889777823 -0.352241731 -0.290208871 0.889777823 -0.352241731 -0.290208871 0.889777823 -0.357774068 -0.292284094 0.886886534 -0.357774068 -0.292284094 0.886886534 -0.357774068 -0.292284094 0.886886534 0.355869832 0.294210679 -0.887015636 0.355869832 0.294210679 -0.887015636 0.355869832 0.294210679 -0.887015636 0.354665292 0.28884415 -0.88925901 0.354665292 0.28884415 -0.88925901 0.354665292 0.28884415 -0.88925901 -0.28061174 -0.366688305 0.887015636 -0.28061174 -0.366688305 0.887015636 -0.28061174 -0.366688305 0.887015636 -0.275294336 -0.365282687 0.88925901 -0.275294336 -0.365282687 0.88925901 -0.275294336 -0.365282687 0.88925901 0.276749283 0.362912193 -0.889777823 0.276749283 0.362912193 -0.889777823 0.276749283 0.362912193 -0.889777823 0.278614867 0.368518698 -0.886886534 0.278614867 0.368518698 -0.886886534 0.278614867 0.368518698 -0.886886534 -0.910297463 0.413954741 0 -0.910297463 0.413954741 0 -0.910297463 0.413954741 0 -0.910297463 0.413954741 0 -0.910297463 0.413954741 0 -0.910297463 0.413954741 0 0.447914049 -0.894076621 0 0.447914049 -0.894076621 0 0.447914049 -0.894076621 0 0.447914049 -0.894076621 0 0.447914049 -0.894076621 0 0.447914049 -0.894076621 0 -0.394352604 -0.343107289 0.852504201 -0.394352604 -0.343107289 0.852504201 -0.394352604 -0.343107289 0.852504201 -0.401608911 -0.344987521 0.848347743 -0.401608911 -0.344987521 0.848347743 -0.401608911 -0.344987521 0.848347743 0.398701185 0.347933186 -0.848516271 0.398701185 0.347933186 -0.848516271 0.398701185 0.347933186 -0.848516271 0.398272251 0.341261831 -0.851422091 0.398272251 0.341261831 -0.851422091 0.398272251 0.341261831 -0.851422091 -0.332684554 -0.411510783 0.848516271 -0.332684554 -0.411510783 0.848516271 -0.332684554 -0.411510783 0.848516271 -0.326034063 -0.410831125 0.851422091 -0.326034063 -0.410831125 0.851422091 -0.326034063 -0.410831125 0.851422091 0.328025702 0.406983694 -0.852504201 0.328025702 0.406983694 -0.852504201 0.328025702 0.406983694 -0.852504201 0.329631563 0.414305611 -0.848347743 0.329631563 0.414305611 -0.848347743 0.329631563 0.414305611 -0.848347743 -0.952706909 0.30389068 0 -0.952706909 0.30389068 0 -0.952706909 0.30389068 0 -0.952706909 0.30389068 0 -0.952706909 0.30389068 0 -0.952706909 0.30389068 0 0.339523704 -0.940597499 0 0.339523704 -0.940597499 0 0.339523704 -0.940597499 0 0.339523704 -0.940597499 0 0.339523704 -0.940597499 0 0.339523704 -0.940597499 0 -0.417537086 -0.379016693 0.82583844 -0.417537086 -0.379016693 0.82583844 -0.417537086 -0.379016693 0.82583844 -0.427369427 -0.379891153 0.820388984 -0.427369427 -0.379891153 0.820388984 -0.427369427 -0.379891153 0.820388984 0.422641774 0.38466217 -0.82061498 0.422641774 0.38466217 -0.82061498 0.422641774 0.38466217 -0.82061498 0.424284937 0.376440315 -0.823574515 0.424284937 0.376440315 -0.823574515 0.424284937 0.376440315 -0.823574515 -0.368486697 -0.436816447 0.82061498 -0.368486697 -0.436816447 0.82061498 -0.368486697 -0.436816447 0.82061498 -0.360208835 -0.438149077 0.823574515 -0.360208835 -0.438149077 0.823574515 -0.360208835 -0.438149077 0.823574515 0.363037295 0.431502947 -0.82583844 0.363037295 0.431502947 -0.82583844 0.363037295 0.431502947 -0.82583844 0.363541167 0.44136123 -0.820388984 0.363541167 0.44136123 -0.820388984 0.363541167 0.44136123 -0.820388984 -0.981552259 0.191194046 0 -0.981552259 0.191194046 0 -0.981552259 0.191194046 0 -0.981552259 0.191194046 0 -0.981552259 0.191194046 0 -0.981552259 0.191194046 0 0.227992265 -0.973662943 0 0.227992265 -0.973662943 0 0.227992265 -0.973662943 0 0.227992265 -0.973662943 0 0.227992265 -0.973662943 0 0.227992265 -0.973662943 0 -0.392634511 -0.407697191 0.824391377 -0.392634511 -0.407697191 0.824391377 -0.392634511 -0.407697191 0.824391377 -0.436407168 -0.399921833 0.805984684 -0.436407168 -0.399921833 0.805984684 -0.436407168 -0.399921833 0.805984684 0.410092008 0.425824412 -0.806534633 0.410092008 0.425824412 -0.806534633 0.410092008 0.425824412 -0.806534633 0.43541585 0.398821106 -0.807065526 0.43541585 0.398821106 -0.807065526 0.43541585 0.398821106 -0.807065526 -0.410092008 -0.425824412 0.806534633 -0.410092008 -0.425824412 0.806534633 -0.410092008 -0.425824412 0.806534633 -0.382154945 -0.450114246 0.807065526 -0.382154945 -0.450114246 0.807065526 -0.382154945 -0.450114246 0.807065526 0.392634511 0.407697191 -0.824391377 0.392634511 0.407697191 -0.824391377 0.392634511 0.407697191 -0.824391377 0.383217592 0.45114628 -0.805984684 0.383217592 0.45114628 -0.805984684 0.383217592 0.45114628 -0.805984684 -0.999981823 0.00602935364 0 -0.999981823 0.00602935364 0 -0.999981823 0.00602935364 0 -0.999981823 0.00602935364 0 -0.999981823 0.00602935364 0 -0.999981823 0.00602935364 0 0.0436521654 -0.99904679 0 0.0436521654 -0.99904679 0 0.0436521654 -0.99904679 0 0.0436521654 -0.99904679 0 0.0436521654 -0.99904679 0 0.0436521654 -0.99904679 0 0.693675801 0.720287361 0 0.693675801 0.720287361 0 0.693675801 0.720287361 0 0.693675801 0.720287361 0 0.693675801 0.720287361 0 0.693675801 0.720287361 0 0.693675801 0.720287361 0 0.693675801 0.720287361 0 0.693675801 0.720287361 0 0.693675801 0.720287361 0 0.693675801 0.720287361 0 0.693675801 0.720287361 0 -0.693675801 -0.720287361 0 -0.693675801 -0.720287361 0 -0.693675801 -0.720287361 0 -0.693675801 -0.720287361 0 -0.693675801 -0.720287361 0 -0.693675801 -0.720287361 0 -0.693675801 -0.720287361 0 -0.693675801 -0.720287361 0 -0.693675801 -0.720287361 0 -0.693675801 -0.720287361 0 -0.693675801 -0.720287361 0 -0.693675801 -0.720287361 0 -0.0876226497 0.089526275 0.992122632 -0.0876226497 0.089526275 0.992122632 -0.0876226497 0.089526275 0.992122632 -0.0405685375 0.110752073 0.993019724 -0.0405685375 0.110752073 0.993019724 -0.0405685375 0.110752073 0.993019724 0.0888370795 -0.0929048393 -0.99170392 0.0888370795 -0.0929048393 -0.99170392 0.0888370795 -0.0929048393 -0.99170392 0.022449032 -0.0612858381 -0.99786777 0.022449032 -0.0612858381 -0.99786777 0.022449032 -0.0612858381 -0.99786777 0.00780751539 0.128305801 0.99170392 0.00780751539 0.128305801 0.99170392 0.00780751539 0.128305801 0.99170392 -0.022449032 0.0612858381 0.99786777 -0.022449032 0.0612858381 0.99786777 -0.022449032 0.0612858381 0.99786777 -0.00906275001 -0.124942183 -0.992122632 -0.00906275001 -0.124942183 -0.992122632 -0.00906275001 -0.124942183 -0.992122632 0.0405685375 -0.110752073 -0.993019724 0.0405685375 -0.110752073 -0.993019724 0.0405685375 -0.110752073 -0.993019724 -0.916037372 0.401092924 0 -0.916037372 0.401092924 0 -0.916037372 0.401092924 0 -0.916037372 0.401092924 0 -0.916037372 0.401092924 0 -0.916037372 0.401092924 0 0.440219173 0.89789035 0 0.440219173 0.89789035 0 0.440219173 0.89789035 0 0.440219173 0.89789035 0 0.440219173 0.89789035 0 0.440219173 0.89789035 0 -0.0815526722 0.0455467141 0.995627771 -0.0815526722 0.0455467141 0.995627771 -0.0815526722 0.0455467141 0.995627771 -0.0761268273 0.0576436223 0.995430519 -0.0761268273 0.0576436223 0.995430519 -0.0761268273 0.0576436223 0.995430519 0.0847622593 -0.0544360021 -0.994913102 0.0847622593 -0.0544360021 -0.994913102 0.0847622593 -0.0544360021 -0.994913102 0.0708488851 -0.0430648906 -0.996556998 0.0708488851 -0.0430648906 -0.996556998 0.0708488851 -0.0430648906 -0.996556998 0.0295450846 0.0963068373 0.994913102 0.0295450846 0.0963068373 0.994913102 0.0295450846 0.0963068373 0.994913102 0.0262686572 0.0786390931 0.996556998 0.0262686572 0.0786390931 0.996556998 0.0262686572 0.0786390931 0.996556998 -0.0328367814 -0.087447626 -0.995627771 -0.0328367814 -0.087447626 -0.995627771 -0.0328367814 -0.087447626 -0.995627771 -0.0208809362 -0.0931776128 -0.995430519 -0.0208809362 -0.0931776128 -0.995430519 -0.0208809362 -0.0931776128 -0.995430519 -0.973660573 0.228002386 0 -0.973660573 0.228002386 0 -0.973660573 0.228002386 0 -0.973660573 0.228002386 0 -0.973660573 0.228002386 0 -0.973660573 0.228002386 0 0.596013192 0.802974642 0 0.596013192 0.802974642 0 0.596013192 0.802974642 0 0.596013192 0.802974642 0 0.596013192 0.802974642 0 0.596013192 0.802974642 0 -0.0617330166 -0.0250064707 0.99777939 -0.0617330166 -0.0250064707 0.99777939 -0.0617330166 -0.0250064707 0.99777939 -0.059767494 -0.0143681237 0.998108914 -0.059767494 -0.0143681237 0.998108914 -0.059767494 -0.0143681237 0.998108914 0.0649340581 0.0162632915 -0.997757021 0.0649340581 0.0162632915 -0.997757021 0.0649340581 0.0162632915 -0.997757021 0.0556136868 0.0257102147 -0.998121287 0.0556136868 0.0257102147 -0.998121287 0.0556136868 0.0257102147 -0.998121287 0.0600753001 0.0295276966 0.997757021 0.0600753001 0.0295276966 0.997757021 0.0600753001 0.0295276966 0.997757021 0.0590622512 0.0162956366 0.998121287 0.0590622512 0.0162956366 0.998121287 0.0590622512 0.0162956366 0.998121287 -0.0632791441 -0.020785544 -0.99777939 -0.0632791441 -0.020785544 -0.99777939 -0.0632791441 -0.020785544 -0.99777939 -0.0549070224 -0.027637207 -0.998108914 -0.0549070224 -0.027637207 -0.998108914 -0.0549070224 -0.027637207 -0.998108914 -0.993652493 0.112493211 0 -0.993652493 0.112493211 0 -0.993652493 0.112493211 0 -0.993652493 0.112493211 0 -0.993652493 0.112493211 0 -0.993652493 0.112493211 0 0.685886026 0.727708979 0 0.685886026 0.727708979 0 0.685886026 0.727708979 0 0.685886026 0.727708979 0 0.685886026 0.727708979 0 0.685886026 0.727708979 0 -0.0296942742 -0.121387668 0.992160917 -0.0296942742 -0.121387668 0.992160917 -0.0296942742 -0.121387668 0.992160917 -0.0290785051 -0.113253466 0.99314052 -0.0290785051 -0.113253466 0.99314052 -0.0290785051 -0.113253466 0.99314052 0.0323054928 0.114411495 -0.992908035 0.0323054928 0.114411495 -0.992908035 0.0323054928 0.114411495 -0.992908035 0.026040825 0.121376486 -0.992264896 0.026040825 0.121376486 -0.992264896 0.026040825 0.121376486 -0.992264896 0.0985639235 -0.0664739643 0.992908035 0.0985639235 -0.0664739643 0.992908035 0.0985639235 -0.0664739643 0.992908035 0.0982804228 -0.0758375534 0.992264896 0.0982804228 -0.0758375534 0.992264896 0.0982804228 -0.0758375534 0.992264896 -0.101076669 0.0734862082 -0.992160917 -0.101076669 0.0734862082 -0.992160917 -0.101076669 0.0734862082 -0.992160917 -0.0953524499 0.0676743469 -0.99314052 -0.0953524499 0.0676743469 -0.99314052 -0.0953524499 0.0676743469 -0.99314052 -0.999978635 -0.0065368193 -0 -0.999978635 -0.0065368193 -0 -0.999978635 -0.0065368193 -0 -0.999978635 -0.0065368193 0 -0.999978635 -0.0065368193 0 -0.999978635 -0.0065368193 0 0.767600713 0.640928347 0 0.767600713 0.640928347 0 0.767600713 0.640928347 0 0.767600713 0.640928347 0 0.767600713 0.640928347 0 0.767600713 0.640928347 0 0.0108764067 -0.233577714 0.972277304 0.0108764067 -0.233577714 0.972277304 0.0108764067 -0.233577714 0.972277304 0.0110100279 -0.228689734 0.973437099 0.0110100279 -0.228689734 0.973437099 0.0110100279 -0.228689734 0.973437099 -0.00923380559 0.229309899 -0.973309667 -0.00923380559 0.229309899 -0.973309667 -0.00923380559 0.229309899 -0.973309667 -0.0127907963 0.233322329 -0.972315323 -0.0127907963 0.233322329 -0.972315323 -0.0127907963 0.233322329 -0.972315323 0.141069637 -0.181018371 0.973309667 0.141069637 -0.181018371 0.973309667 0.141069637 -0.181018371 0.973309667 0.140946007 -0.186379013 0.972315323 0.140946007 -0.186379013 0.972315323 0.140946007 -0.186379013 0.972315323 -0.142572404 0.185337407 -0.972277304 -0.142572404 0.185337407 -0.972277304 -0.142572404 0.185337407 -0.972277304 -0.139313094 0.181692259 -0.973437099 -0.139313094 0.181692259 -0.973437099 -0.139313094 0.181692259 -0.973437099 -0.990584384 -0.136903534 -0 -0.990584384 -0.136903534 -0 -0.990584384 -0.136903534 -0 -0.990584384 -0.136903534 0 -0.990584384 -0.136903534 0 -0.990584384 -0.136903534 0 0.844637266 0.53533904 0 0.844637266 0.53533904 0 0.844637266 0.53533904 0 0.844637266 0.53533904 0 0.844637266 0.53533904 0 0.844637266 0.53533904 0 0.0546708375 -0.34727345 0.936168922 0.0546708375 -0.34727345 0.936168922 0.0546708375 -0.34727345 0.936168922 0.0546971973 -0.345754128 0.936729577 0.0546971973 -0.345754128 0.936729577 0.0546971973 -0.345754128 0.936729577 -0.0541428044 0.345942606 -0.936692196 -0.0541428044 0.345942606 -0.936692196 -0.0541428044 0.345942606 -0.936692196 -0.0552388327 0.347120154 -0.936192432 -0.0552388327 0.347120154 -0.936192432 -0.0552388327 0.347120154 -0.936192432 0.182123181 -0.299063332 0.936692196 0.182123181 -0.299063332 0.936692196 0.182123181 -0.299063332 0.936692196 0.182047095 -0.300670226 0.936192432 0.182047095 -0.300670226 0.936192432 0.182047095 -0.300670226 0.936192432 -0.182579719 0.300420365 -0.936168922 -0.182579719 0.300420365 -0.936168922 -0.182579719 0.300420365 -0.936168922 -0.181578217 0.299277549 -0.936729577 -0.181578217 0.299277549 -0.936729577 -0.181578217 0.299277549 -0.936729577 -0.961467573 -0.274918363 -0 -0.961467573 -0.274918363 -0 -0.961467573 -0.274918363 -0 -0.961467573 -0.274918363 0 -0.961467573 -0.274918363 0 -0.961467573 -0.274918363 0 0.911557886 0.411171765 0 0.911557886 0.411171765 0 0.911557886 0.411171765 0 0.911557886 0.411171765 0 0.911557886 0.411171765 0 0.911557886 0.411171765 0 0.0962948801 -0.449150076 0.888251938 0.0962948801 -0.449150076 0.888251938 0.0962948801 -0.449150076 0.888251938 0.0962421431 -0.45048559 0.887581085 0.0962421431 -0.45048559 0.887581085 0.0962421431 -0.45048559 0.887581085 -0.096768868 0.450310055 -0.887612889 -0.096768868 0.450310055 -0.887612889 -0.096768868 0.450310055 -0.887612889 -0.0957799762 0.449355568 -0.888203676 -0.0957799762 0.449355568 -0.888203676 -0.0957799762 0.449355568 -0.888203676 0.21699698 -0.40627044 0.887612889 0.21699698 -0.40627044 0.887612889 0.21699698 -0.40627044 0.887612889 0.21713536 -0.404903032 0.888203676 0.21713536 -0.404903032 0.888203676 0.21713536 -0.404903032 0.888203676 -0.216609552 0.405078754 -0.888251938 -0.216609552 0.405078754 -0.888251938 -0.216609552 0.405078754 -0.888251938 -0.217512462 0.406064214 -0.887581085 -0.217512462 0.406064214 -0.887581085 -0.217512462 0.406064214 -0.887581085 -0.911557886 -0.411171765 -0 -0.911557886 -0.411171765 -0 -0.911557886 -0.411171765 -0 -0.911557886 -0.411171765 0 -0.911557886 -0.411171765 0 -0.911557886 -0.411171765 0 0.961467573 0.274918363 0 0.961467573 0.274918363 0 0.961467573 0.274918363 0 0.961467573 0.274918363 0 0.961467573 0.274918363 0 0.961467573 0.274918363 0 0.13212409 -0.531435834 0.836731246 0.13212409 -0.531435834 0.836731246 0.13212409 -0.531435834 0.836731246 0.13180606 -0.534846052 0.834605813 0.13180606 -0.534846052 0.834605813 0.13180606 -0.534846052 0.834605813 -0.133340756 0.534340026 -0.834686156 -0.133340756 0.534340026 -0.834686156 -0.133340756 0.534340026 -0.834686156 -0.130681943 0.532172251 -0.836489644 -0.130681943 0.532172251 -0.836489644 -0.130681943 0.532172251 -0.836489644 0.243355869 -0.494041437 0.834686156 0.243355869 -0.494041437 0.834686156 0.243355869 -0.494041437 0.834686156 0.243985357 -0.490669156 0.836489644 0.243985357 -0.490669156 0.836489644 0.243985357 -0.490669156 0.836489644 -0.242408755 0.491038509 -0.836731246 -0.242408755 0.491038509 -0.836731246 -0.242408755 0.491038509 -0.836731246 -0.244854307 0.493436424 -0.834605813 -0.244854307 0.493436424 -0.834605813 -0.244854307 0.493436424 -0.834605813 -0.844637266 -0.53533904 -0 -0.844637266 -0.53533904 -0 -0.844637266 -0.53533904 -0 -0.844637266 -0.53533904 0 -0.844637266 -0.53533904 0 -0.844637266 -0.53533904 0 0.990584384 0.136903534 0 0.990584384 0.136903534 0 0.990584384 0.136903534 0 0.990584384 0.136903534 0 0.990584384 0.136903534 0 0.990584384 0.136903534 0 0.160899505 -0.592379642 0.789428723 0.160899505 -0.592379642 0.789428723 0.160899505 -0.592379642 0.789428723 0.160016939 -0.597221688 0.785952184 0.160016939 -0.597221688 0.785952184 0.160016939 -0.597221688 0.785952184 -0.162600549 0.596371516 -0.786067476 -0.162600549 0.596371516 -0.786067476 -0.162600549 0.596371516 -0.786067476 -0.158547652 0.593799342 -0.788837742 -0.158547652 0.593799342 -0.788837742 -0.158547652 0.593799342 -0.788837742 0.261087243 -0.560295792 0.786067476 0.261087243 -0.560295792 0.786067476 0.261087243 -0.560295792 0.786067476 0.262519753 -0.555714312 0.788837742 0.262519753 -0.555714312 0.788837742 0.262519753 -0.555714312 0.788837742 -0.259807331 0.556149658 -0.789428723 -0.259807331 0.556149658 -0.789428723 -0.259807331 0.556149658 -0.789428723 -0.263608711 0.559275972 -0.785952184 -0.263608711 0.559275972 -0.785952184 -0.263608711 0.559275972 -0.785952184 -0.767600713 -0.640928347 -0 -0.767600713 -0.640928347 -0 -0.767600713 -0.640928347 -0 -0.767600713 -0.640928347 0 -0.767600713 -0.640928347 0 -0.767600713 -0.640928347 0 0.999978635 0.0065368193 0 0.999978635 0.0065368193 0 0.999978635 0.0065368193 0 0.999978635 0.0065368193 0 0.999978635 0.0065368193 0 0.999978635 0.0065368193 0 0.183154763 -0.633696852 0.751586743 0.183154763 -0.633696852 0.751586743 0.183154763 -0.633696852 0.751586743 0.181250369 -0.639698018 0.746950299 0.181250369 -0.639698018 0.746950299 0.181250369 -0.639698018 0.746950299 -0.185170571 0.638401579 -0.747097907 -0.185170571 0.638401579 -0.747097907 -0.185170571 0.638401579 -0.747097907 -0.179680849 0.636083901 -0.750407931 -0.179680849 0.636083901 -0.750407931 -0.179680849 0.636083901 -0.750407931 0.271005985 -0.606960026 0.747097907 0.271005985 -0.606960026 0.747097907 0.271005985 -0.606960026 0.747097907 0.273699746 -0.601644734 0.750407931 0.273699746 -0.601644734 0.750407931 0.273699746 -0.601644734 0.750407931 -0.269505907 0.602066386 -0.751586743 -0.269505907 0.602066386 -0.751586743 -0.269505907 0.602066386 -0.751586743 -0.274836058 0.605417535 -0.746950299 -0.274836058 0.605417535 -0.746950299 -0.274836058 0.605417535 -0.746950299 -0.685886026 -0.727708979 -0 -0.685886026 -0.727708979 -0 -0.685886026 -0.727708979 -0 -0.685886026 -0.727708979 0 -0.685886026 -0.727708979 0 -0.685886026 -0.727708979 0 0.993652493 -0.112493211 0 0.993652493 -0.112493211 0 0.993652493 -0.112493211 0 0.993652493 -0.112493211 0 0.993652493 -0.112493211 0 0.993652493 -0.112493211 0 0.200766725 -0.657639258 0.726087687 0.200766725 -0.657639258 0.726087687 0.200766725 -0.657639258 0.726087687 0.196748374 -0.665232943 0.72024663 0.196748374 -0.665232943 0.72024663 0.196748374 -0.665232943 0.72024663 -0.203083777 0.66311316 -0.720442861 -0.203083777 0.66311316 -0.720442861 -0.203083777 0.66311316 -0.720442861 -0.195310161 0.661918019 -0.723683963 -0.195310161 0.661918019 -0.723683963 -0.195310161 0.661918019 -0.723683963 0.273293148 -0.637395434 0.720442861 0.273293148 -0.637395434 0.720442861 0.273293148 -0.637395434 0.720442861 0.278455504 -0.631461839 0.723683963 0.278455504 -0.631461839 0.723683963 0.278455504 -0.631461839 0.723683963 -0.271526202 0.631720027 -0.726087687 -0.271526202 0.631720027 -0.726087687 -0.271526202 0.631720027 -0.726087687 -0.279498797 0.634921424 -0.72024663 -0.279498797 0.634921424 -0.72024663 -0.279498797 0.634921424 -0.72024663 -0.596013192 -0.802974642 -0 -0.596013192 -0.802974642 -0 -0.596013192 -0.802974642 -0 -0.596013192 -0.802974642 0 -0.596013192 -0.802974642 0 -0.596013192 -0.802974642 0 0.973660573 -0.228002386 0 0.973660573 -0.228002386 0 0.973660573 -0.228002386 0 0.973660573 -0.228002386 0 0.973660573 -0.228002386 0 0.973660573 -0.228002386 0 0.236364076 -0.645273725 0.726466684 0.236364076 -0.645273725 0.726466684 0.236364076 -0.645273725 0.726466684 0.208520829 -0.675908685 0.706870932 0.208520829 -0.675908685 0.706870932 0.208520829 -0.675908685 0.706870932 -0.243127824 0.66373875 -0.707346968 -0.243127824 0.66373875 -0.707346968 -0.243127824 0.66373875 -0.707346968 -0.208009549 0.674708436 -0.708167038 -0.208009549 0.674708436 -0.708167038 -0.208009549 0.674708436 -0.708167038 0.243127824 -0.66373875 0.707346968 0.243127824 -0.66373875 0.707346968 0.243127824 -0.66373875 0.707346968 0.277022603 -0.649428921 0.708167038 0.277022603 -0.649428921 0.708167038 0.277022603 -0.649428921 0.708167038 -0.236364076 0.645273725 -0.726466684 -0.236364076 0.645273725 -0.726466684 -0.236364076 0.645273725 -0.726466684 -0.277407574 0.650675437 -0.706870932 -0.277407574 0.650675437 -0.706870932 -0.277407574 0.650675437 -0.706870932 -0.440219173 -0.89789035 -0 -0.440219173 -0.89789035 -0 -0.440219173 -0.89789035 -0 -0.440219173 -0.89789035 0 -0.440219173 -0.89789035 0 -0.440219173 -0.89789035 0 0.916037372 -0.401092924 0 0.916037372 -0.401092924 0 0.916037372 -0.401092924 0 0.916037372 -0.401092924 0 0.916037372 -0.401092924 0 0.916037372 -0.401092924 0 -0.343951537 0.938987401 0 -0.343951537 0.938987401 0 -0.343951537 0.938987401 0 -0.343951537 0.938987401 0 -0.343951537 0.938987401 0 -0.343951537 0.938987401 0 -0.343951537 0.938987401 0 -0.343951537 0.938987401 0 -0.343951537 0.938987401 0 -0.343951537 0.938987401 0 -0.343951537 0.938987401 0 -0.343951537 0.938987401 0 0.343951537 -0.938987401 0 0.343951537 -0.938987401 0 0.343951537 -0.938987401 0 0.343951537 -0.938987401 0 0.343951537 -0.938987401 0 0.343951537 -0.938987401 0 0.343951537 -0.938987401 0 0.343951537 -0.938987401 0 0.343951537 -0.938987401 0 0.343951537 -0.938987401 0 0.343951537 -0.938987401 0 0.343951537 -0.938987401 0 0.212992842 0.348961366 0.912611645 0.212992842 0.348961366 0.912611645 0.212992842 0.348961366 0.912611645 0.245701766 0.327308122 0.912414399 0.245701766 0.327308122 0.912414399 0.245701766 0.327308122 0.912414399 -0.214228091 -0.350542871 -0.911715976 -0.214228091 -0.350542871 -0.911715976 -0.214228091 -0.350542871 -0.911715976 -0.223985273 -0.298378804 -0.92779345 -0.223985273 -0.298378804 -0.92779345 -0.223985273 -0.298378804 -0.92779345 0.276799288 0.303572286 0.911715976 0.276799288 0.303572286 0.911715976 0.276799288 0.303572286 0.911715976 0.223985273 0.298378804 0.92779345 0.223985273 0.298378804 0.92779345 0.223985273 0.298378804 0.92779345 -0.275625509 -0.301944638 -0.912611645 -0.275625509 -0.301944638 -0.912611645 -0.275625509 -0.301944638 -0.912611645 -0.245701766 -0.327308122 -0.912414399 -0.245701766 -0.327308122 -0.912414399 -0.245701766 -0.327308122 -0.912414399 -0.130968443 0.991386538 0 -0.130968443 0.991386538 0 -0.130968443 0.991386538 0 -0.130968443 0.991386538 0 -0.130968443 0.991386538 0 -0.130968443 0.991386538 0 0.988532882 0.151005764 0 0.988532882 0.151005764 0 0.988532882 0.151005764 0 0.988532882 0.151005764 0 0.988532882 0.151005764 0 0.988532882 0.151005764 0 0.186254817 0.326207317 0.926767463 0.186254817 0.326207317 0.926767463 0.186254817 0.326207317 0.926767463 0.196060363 0.327245806 0.924375744 0.196060363 0.327245806 0.924375744 0.196060363 0.327245806 0.924375744 -0.19032587 -0.331405107 -0.924092375 -0.19032587 -0.331405107 -0.924092375 -0.19032587 -0.331405107 -0.924092375 -0.189397479 -0.31868233 -0.928746557 -0.189397479 -0.31868233 -0.928746557 -0.189397479 -0.31868233 -0.928746557 0.265095242 0.275277667 0.924092375 0.265095242 0.275277667 0.924092375 0.265095242 0.275277667 0.924092375 0.253137488 0.270834349 0.928746557 0.253137488 0.270834349 0.928746557 0.253137488 0.270834349 0.928746557 -0.261240633 -0.269917398 -0.926767463 -0.261240633 -0.269917398 -0.926767463 -0.261240633 -0.269917398 -0.926767463 -0.259500403 -0.279623005 -0.924375744 -0.259500403 -0.279623005 -0.924375744 -0.259500403 -0.279623005 -0.924375744 -0.316683213 0.948531361 0 -0.316683213 0.948531361 0 -0.316683213 0.948531361 0 -0.316683213 0.948531361 0 -0.316683213 0.948531361 0 -0.316683213 0.948531361 0 0.999227883 -0.0392891625 0 0.999227883 -0.0392891625 0 0.999227883 -0.0392891625 0 0.999227883 -0.0392891625 0 0.999227883 -0.0392891625 0 0.999227883 -0.0392891625 0 0.145375834 0.280832506 0.948682756 0.145375834 0.280832506 0.948682756 0.145375834 0.280832506 0.948682756 0.153133894 0.283756017 0.94658995 0.153133894 0.283756017 0.94658995 0.153133894 0.283756017 0.94658995 -0.14963546 -0.286295743 -0.946384687 -0.14963546 -0.286295743 -0.946384687 -0.14963546 -0.286295743 -0.946384687 -0.147614262 -0.276653757 -0.949564494 -0.147614262 -0.276653757 -0.949564494 -0.147614262 -0.276653757 -0.949564494 0.233138984 0.223611802 0.946384687 0.233138984 0.223611802 0.946384687 0.233138984 0.223611802 0.946384687 0.224444613 0.218979195 0.949564494 0.224444613 0.218979195 0.949564494 0.224444613 0.218979195 0.949564494 -0.229082125 -0.217996351 -0.948682756 -0.229082125 -0.217996351 -0.948682756 -0.229082125 -0.217996351 -0.948682756 -0.22972357 -0.226262122 -0.94658995 -0.22972357 -0.226262122 -0.94658995 -0.22972357 -0.226262122 -0.94658995 -0.428130472 0.903716935 0 -0.428130472 0.903716935 0 -0.428130472 0.903716935 0 -0.428130472 0.903716935 0 -0.428130472 0.903716935 0 -0.428130472 0.903716935 0 0.987308145 -0.158816331 0 0.987308145 -0.158816331 0 0.987308145 -0.158816331 0 0.987308145 -0.158816331 0 0.987308145 -0.158816331 0 0.987308145 -0.158816331 0 0.0870315596 0.210070468 0.97380486 0.0870315596 0.210070468 0.97380486 0.0870315596 0.210070468 0.97380486 0.093000993 0.213256112 0.972559842 0.093000993 0.213256112 0.972559842 0.093000993 0.213256112 0.972559842 -0.0907563703 -0.214897642 -0.972410554 -0.0907563703 -0.214897642 -0.972410554 -0.0907563703 -0.214897642 -0.972410554 -0.0886662528 -0.207630577 -0.974180599 -0.0886662528 -0.207630577 -0.974180599 -0.0886662528 -0.207630577 -0.974180599 0.18101696 0.147141345 0.972410554 0.18101696 0.147141345 0.972410554 0.18101696 0.147141345 0.972410554 0.174622327 0.143105569 0.974180599 0.174622327 0.143105569 0.974180599 0.174622327 0.143105569 0.974180599 -0.177421571 -0.142217018 -0.97380486 -0.177421571 -0.142217018 -0.97380486 -0.177421571 -0.142217018 -0.97380486 -0.178814061 -0.148838455 -0.972559842 -0.178814061 -0.148838455 -0.972559842 -0.178814061 -0.148838455 -0.972559842 -0.536130308 0.844135233 0 -0.536130308 0.844135233 0 -0.536130308 0.844135233 0 -0.536130308 0.844135233 0 -0.536130308 0.844135233 0 -0.536130308 0.844135233 0 0.960245837 -0.279155749 0 0.960245837 -0.279155749 0 0.960245837 -0.279155749 0 0.960245837 -0.279155749 0 0.960245837 -0.279155749 0 0.960245837 -0.279155749 0 0.0128472519 0.115777374 0.9931921 0.0128472519 0.115777374 0.9931921 0.0128472519 0.115777374 0.9931921 0.0166796491 0.118193213 0.992850519 0.0166796491 0.118193213 0.992850519 0.0166796491 0.118193213 0.992850519 -0.0154032536 -0.119139199 -0.992758073 -0.0154032536 -0.119139199 -0.992758073 -0.0154032536 -0.119139199 -0.992758073 -0.0139057891 -0.114543524 -0.9933209 -0.0139057891 -0.114543524 -0.9933209 -0.0139057891 -0.114543524 -0.9933209 0.110102215 0.0480511307 0.992758073 0.110102215 0.0480511307 0.992758073 0.110102215 0.0480511307 0.992758073 0.106107308 0.0453302211 0.9933209 0.106107308 0.0453302211 0.9933209 0.106107308 0.0453302211 0.9933209 -0.107587615 -0.0446582261 -0.9931921 -0.107587615 -0.0446582261 -0.9931921 -0.107587615 -0.0446582261 -0.9931921 -0.108837507 -0.0490126857 -0.992850519 -0.108837507 -0.0490126857 -0.992850519 -0.108837507 -0.0490126857 -0.992850519 -0.645992055 0.763344132 0 -0.645992055 0.763344132 0 -0.645992055 0.763344132 0 -0.645992055 0.763344132 0 -0.645992055 0.763344132 0 -0.645992055 0.763344132 0 0.913337183 -0.407204113 0 0.913337183 -0.407204113 0 0.913337183 -0.407204113 0 0.913337183 -0.407204113 0 0.913337183 -0.407204113 0 0.913337183 -0.407204113 0 -0.0709842843 0.00538916642 0.997462876 -0.0709842843 0.00538916642 0.997462876 -0.0709842843 0.00538916642 0.997462876 -0.0696731478 0.00628191436 0.997550094 -0.0696731478 0.00628191436 0.997550094 -0.0696731478 0.00628191436 0.997550094 0.070085133 -0.00659260491 -0.997519229 0.070085133 -0.00659260491 -0.997519229 0.070085133 -0.00659260491 -0.997519229 0.0705960335 -0.00504675618 -0.997492221 0.0705960335 -0.00504675618 -0.997492221 0.0705960335 -0.00504675618 -0.997492221 0.0258962761 -0.0654581637 0.997519229 0.0258962761 -0.0654581637 0.997519229 0.0258962761 -0.0654581637 0.997519229 0.0245545174 -0.0663803086 0.997492221 0.0245545174 -0.0663803086 0.997492221 0.0245545174 -0.0663803086 0.997492221 -0.0249917025 0.0666575318 -0.997462876 -0.0249917025 0.0666575318 -0.997462876 -0.0249917025 0.0666575318 -0.997462876 -0.0254829237 0.0651492945 -0.997550094 -0.0254829237 0.0651492945 -0.997550094 -0.0254829237 0.0651492945 -0.997550094 -0.751600609 0.659618469 0 -0.751600609 0.659618469 0 -0.751600609 0.659618469 0 -0.751600609 0.659618469 0 -0.751600609 0.659618469 0 -0.751600609 0.659618469 0 0.843218446 -0.537571067 0 0.843218446 -0.537571067 0 0.843218446 -0.537571067 0 0.843218446 -0.537571067 0 0.843218446 -0.537571067 0 0.843218446 -0.537571067 0 -0.154463523 -0.108209671 0.982054829 -0.154463523 -0.108209671 0.982054829 -0.154463523 -0.108209671 0.982054829 -0.155736543 -0.10908617 0.98175676 -0.155736543 -0.10908617 0.98175676 -0.155736543 -0.10908617 0.98175676 0.155333602 0.109395421 -0.981786185 0.155333602 0.109395421 -0.981786185 0.155333602 0.109395421 -0.981786185 0.154888938 0.107930816 -0.982018511 0.154888938 0.107930816 -0.982018511 0.154888938 0.107930816 -0.982018511 -0.0616812461 -0.17969783 0.981786185 -0.0616812461 -0.17969783 0.981786185 -0.0616812461 -0.17969783 0.981786185 -0.0603990094 -0.178861968 0.982018511 -0.0603990094 -0.178861968 0.982018511 -0.0603990094 -0.178861968 0.982018511 0.0607855413 0.178531316 -0.982054829 0.0607855413 0.178531316 -0.982054829 0.0607855413 0.178531316 -0.982054829 0.0612718007 0.179998416 -0.98175676 0.0612718007 0.179998416 -0.98175676 0.0612718007 0.179998416 -0.98175676 -0.843218446 0.537571067 0 -0.843218446 0.537571067 0 -0.843218446 0.537571067 0 -0.843218446 0.537571067 0 -0.843218446 0.537571067 0 -0.843218446 0.537571067 0 0.751600609 -0.659618469 0 0.751600609 -0.659618469 0 0.751600609 -0.659618469 0 0.751600609 -0.659618469 0 0.751600609 -0.659618469 0 0.751600609 -0.659618469 0 -0.227642372 -0.211368048 0.950527484 -0.227642372 -0.211368048 0.950527484 -0.227642372 -0.211368048 0.950527484 -0.231189768 -0.213688039 0.949151575 -0.231189768 -0.213688039 0.949151575 -0.231189768 -0.213688039 0.949151575 0.229990498 0.214621262 -0.949232366 0.229990498 0.214621262 -0.949232366 0.229990498 0.214621262 -0.949232366 0.229028293 0.2106901 -0.950345055 0.229028293 0.2106901 -0.950345055 0.229028293 0.2106901 -0.950345055 -0.141881341 -0.280762533 0.949232366 -0.141881341 -0.280762533 0.949232366 -0.141881341 -0.280762533 0.949232366 -0.138375099 -0.278741115 0.950345055 -0.138375099 -0.278741115 0.950345055 -0.138375099 -0.278741115 0.950345055 0.139413001 0.277599561 -0.950527484 0.139413001 0.277599561 -0.950527484 0.139413001 0.277599561 -0.950527484 0.14065042 0.281653593 -0.949151575 0.14065042 0.281653593 -0.949151575 0.14065042 0.281653593 -0.949151575 -0.913337183 0.407204113 0 -0.913337183 0.407204113 0 -0.913337183 0.407204113 0 -0.913337183 0.407204113 0 -0.913337183 0.407204113 0 -0.913337183 0.407204113 0 0.645992055 -0.763344132 0 0.645992055 -0.763344132 0 0.645992055 -0.763344132 0 0.645992055 -0.763344132 0 0.645992055 -0.763344132 0 0.645992055 -0.763344132 0 -0.28450213 -0.295184926 0.912098897 -0.28450213 -0.295184926 0.912098897 -0.28450213 -0.295184926 0.912098897 -0.289926828 -0.29831815 0.909367206 -0.289926828 -0.29831815 0.909367206 -0.289926828 -0.29831815 0.909367206 0.287879724 0.29992413 -0.909489297 0.287879724 0.29992413 -0.909489297 0.287879724 0.29992413 -0.909489297 0.287032877 0.294246298 -0.911609151 0.287032877 0.294246298 -0.911609151 0.287032877 0.294246298 -0.911609151 -0.207631637 -0.360164299 0.909489297 -0.207631637 -0.360164299 0.909489297 -0.207631637 -0.360164299 0.909489297 -0.202415964 -0.357766032 0.911609151 -0.202415964 -0.357766032 0.911609151 -0.202415964 -0.357766032 0.911609151 0.204023787 0.355597943 -0.912098897 0.204023787 0.355597943 -0.912098897 0.204023787 0.355597943 -0.912098897 0.205518015 0.361681668 -0.909367206 0.205518015 0.361681668 -0.909367206 0.205518015 0.361681668 -0.909367206 -0.960245837 0.279155749 0 -0.960245837 0.279155749 0 -0.960245837 0.279155749 0 -0.960245837 0.279155749 0 -0.960245837 0.279155749 0 -0.960245837 0.279155749 0 0.536130308 -0.844135233 0 0.536130308 -0.844135233 0 0.536130308 -0.844135233 0 0.536130308 -0.844135233 0 0.536130308 -0.844135233 0 0.536130308 -0.844135233 0 -0.323402489 -0.356974105 0.876344863 -0.323402489 -0.356974105 0.876344863 -0.323402489 -0.356974105 0.876344863 -0.330614565 -0.3602704 0.872295391 -0.330614565 -0.3602704 0.872295391 -0.330614565 -0.3602704 0.872295391 0.327480947 0.362734835 -0.872456113 0.327480947 0.362734835 -0.872456113 0.327480947 0.362734835 -0.872456113 0.327485861 0.355826975 -0.875294336 0.327485861 0.355826975 -0.875294336 0.327485861 0.355826975 -0.875294336 -0.256889524 -0.415725996 0.872456113 -0.256889524 -0.415725996 0.872456113 -0.256889524 -0.415725996 0.872456113 -0.25025494 -0.413802236 0.875294336 -0.25025494 -0.413802236 0.875294336 -0.25025494 -0.413802236 0.875294336 0.252496423 0.41020146 -0.876344863 0.252496423 0.41020146 -0.876344863 0.252496423 0.41020146 -0.876344863 0.253648253 0.418047025 -0.872295391 0.253648253 0.418047025 -0.872295391 0.253648253 0.418047025 -0.872295391 -0.987308145 0.158816331 0 -0.987308145 0.158816331 0 -0.987308145 0.158816331 0 -0.987308145 0.158816331 0 -0.987308145 0.158816331 0 -0.987308145 0.158816331 0 0.428130472 -0.903716935 0 0.428130472 -0.903716935 0 0.428130472 -0.903716935 0 0.428130472 -0.903716935 0 0.428130472 -0.903716935 0 0.428130472 -0.903716935 0 -0.344509073 -0.398170352 0.850161084 -0.344509073 -0.398170352 0.850161084 -0.344509073 -0.398170352 0.850161084 -0.354414359 -0.400946879 0.84476746 -0.354414359 -0.400946879 0.84476746 -0.354414359 -0.400946879 0.84476746 0.349316549 0.404944585 -0.844983924 0.349316549 0.404944585 -0.844983924 0.349316549 0.404944585 -0.844983924 0.351510939 0.396812936 -0.84792662 0.351510939 0.396812936 -0.84792662 0.351510939 0.396812936 -0.84792662 -0.291325182 -0.448477209 0.844983924 -0.291325182 -0.448477209 0.844983924 -0.291325182 -0.448477209 0.844983924 -0.282904226 -0.448314226 0.84792662 -0.282904226 -0.448314226 0.84792662 -0.282904226 -0.448314226 0.84792662 0.286162396 0.441969698 -0.850161084 0.286162396 0.441969698 -0.850161084 0.286162396 0.441969698 -0.850161084 0.286063256 0.452256289 -0.84476746 0.286063256 0.452256289 -0.84476746 0.286063256 0.452256289 -0.84476746 -0.999227883 0.0392891625 0 -0.999227883 0.0392891625 0 -0.999227883 0.0392891625 0 -0.999227883 0.0392891625 0 -0.999227883 0.0392891625 0 -0.999227883 0.0392891625 0 0.316683213 -0.948531361 0 0.316683213 -0.948531361 0 0.316683213 -0.948531361 0 0.316683213 -0.948531361 0 0.316683213 -0.948531361 0 0.316683213 -0.948531361 0 -0.317493097 -0.422943925 0.848714657 -0.317493097 -0.422943925 0.848714657 -0.317493097 -0.422943925 0.848714657 -0.362288228 -0.423265704 0.830417596 -0.362288228 -0.423265704 0.830417596 -0.362288228 -0.423265704 0.830417596 0.334004481 0.444939331 -0.830945244 0.334004481 0.444939331 -0.830945244 0.334004481 0.444939331 -0.830945244 0.361412449 0.422026748 -0.831429171 0.361412449 0.422026748 -0.831429171 0.361412449 0.422026748 -0.831429171 -0.334004481 -0.444939331 0.830945244 -0.334004481 -0.444939331 0.830945244 -0.334004481 -0.444939331 0.830945244 -0.304351346 -0.464861046 0.831429171 -0.304351346 -0.464861046 0.831429171 -0.304351346 -0.464861046 0.831429171 0.317493097 0.422943925 -0.848714657 0.317493097 0.422943925 -0.848714657 0.317493097 0.422943925 -0.848714657 0.30529655 0.466047887 -0.830417596 0.30529655 0.466047887 -0.830417596 0.30529655 0.466047887 -0.830417596 -0.988532882 -0.151005764 -0 -0.988532882 -0.151005764 -0 -0.988532882 -0.151005764 -0 -0.988532882 -0.151005764 0 -0.988532882 -0.151005764 0 -0.988532882 -0.151005764 0 0.130968443 -0.991386538 0 0.130968443 -0.991386538 0 0.130968443 -0.991386538 0 0.130968443 -0.991386538 0 0.130968443 -0.991386538 0 0.130968443 -0.991386538 0 0.600345029 0.799741112 0 0.600345029 0.799741112 0 0.600345029 0.799741112 0 0.600345029 0.799741112 0 0.600345029 0.799741112 0 0.600345029 0.799741112 0 0.600345029 0.799741112 0 0.600345029 0.799741112 0 0.600345029 0.799741112 0 0.600345029 0.799741112 0 0.600345029 0.799741112 0 0.600345029 0.799741112 0 -0.600345029 -0.799741112 0 -0.600345029 -0.799741112 0 -0.600345029 -0.799741112 0 -0.600345029 -0.799741112 0 -0.600345029 -0.799741112 0 -0.600345029 -0.799741112 0 -0.600345029 -0.799741112 0 -0.600345029 -0.799741112 0 -0.600345029 -0.799741112 0 -0.600345029 -0.799741112 0 -0.600345029 -0.799741112 0 -0.600345029 -0.799741112 0 -0.106472393 0.34127858 0.933912501 -0.106472393 0.34127858 0.933912501 -0.106472393 0.34127858 0.933912501 -0.0626813132 0.352568792 0.933684261 -0.0626813132 0.352568792 0.933684261 -0.0626813132 0.352568792 0.933684261 0.106956932 -0.344328256 -0.932736976 0.106956932 -0.344328256 -0.932736976 0.106956932 -0.344328256 -0.932736976 0.0539963941 -0.303718005 -0.951230657 0.0539963941 -0.303718005 -0.951230657 0.0539963941 -0.303718005 -0.951230657 -0.0182785058 0.360093918 0.932736976 -0.0182785058 0.360093918 0.932736976 -0.0182785058 0.360093918 0.932736976 -0.0539963941 0.303718005 0.951230657 -0.0539963941 0.303718005 0.951230657 -0.0539963941 0.303718005 0.951230657 0.0176822059 -0.357064111 -0.933912501 0.0176822059 -0.357064111 -0.933912501 0.0176822059 -0.357064111 -0.933912501 0.0626813132 -0.352568792 -0.933684261 0.0626813132 -0.352568792 -0.933684261 0.0626813132 -0.352568792 -0.933684261 -0.778570041 0.62755772 0 -0.778570041 0.62755772 0 -0.778570041 0.62755772 0 -0.778570041 0.62755772 0 -0.778570041 0.62755772 0 -0.778570041 0.62755772 0 0.514557437 0.857455914 0 0.514557437 0.857455914 0 0.514557437 0.857455914 0 0.514557437 0.857455914 0 0.514557437 0.857455914 0 0.514557437 0.857455914 0 -0.108561673 0.302717084 0.946877358 -0.108561673 0.302717084 0.946877358 -0.108561673 0.302717084 0.946877358 -0.101976273 0.313147453 0.944213701 -0.101976273 0.313147453 0.944213701 -0.101976273 0.313147453 0.944213701 0.109963622 -0.31159328 -0.943831357 0.109963622 -0.31159328 -0.943831357 0.109963622 -0.31159328 -0.943831357 0.0996264594 -0.2985614 -0.949176305 0.0996264594 -0.2985614 -0.949176305 0.0996264594 -0.2985614 -0.949176305 -0.00417313182 0.330401203 0.943831357 -0.00417313182 0.330401203 0.943831357 -0.00417313182 0.330401203 0.943831357 -0.0093850913 0.314604929 0.949176305 -0.0093850913 0.314604929 0.949176305 -0.0093850913 0.314604929 0.949176305 0.00242976878 -0.321585705 -0.946877358 0.00242976878 -0.321585705 -0.946877358 0.00242976878 -0.321585705 -0.946877358 0.0122067166 -0.329107101 -0.944213701 0.0122067166 -0.329107101 -0.944213701 0.0122067166 -0.329107101 -0.944213701 -0.882964607 0.469439563 0 -0.882964607 0.469439563 0 -0.882964607 0.469439563 0 -0.882964607 0.469439563 0 -0.882964607 0.469439563 0 -0.882964607 0.469439563 0 0.667054296 0.745009105 0 0.667054296 0.745009105 0 0.667054296 0.745009105 0 0.667054296 0.745009105 0 0.667054296 0.745009105 0 0.667054296 0.745009105 0 -0.10322165 0.238124543 0.965733914 -0.10322165 0.238124543 0.965733914 -0.10322165 0.238124543 0.965733914 -0.0998455424 0.248275375 0.963530075 -0.0998455424 0.248275375 0.963530075 -0.0998455424 0.248275375 0.963530075 0.104703098 -0.247336104 -0.963255996 0.104703098 -0.247336104 -0.963255996 0.104703098 -0.247336104 -0.963255996 0.0979044316 -0.236316019 -0.966731328 0.0979044316 -0.236316019 -0.966731328 0.0979044316 -0.236316019 -0.966731328 0.0130365401 0.268268402 0.963255996 0.0130365401 0.268268402 0.963255996 0.0130365401 0.268268402 0.963255996 0.0104528294 0.255580275 0.966731328 0.0104528294 0.255580275 0.966731328 0.0104528294 0.255580275 0.966731328 -0.0148208667 -0.259110688 -0.965733914 -0.0148208667 -0.259110688 -0.965733914 -0.0148208667 -0.259110688 -0.965733914 -0.00815290227 -0.267475839 -0.963530075 -0.00815290227 -0.267475839 -0.963530075 -0.00815290227 -0.267475839 -0.963530075 -0.935160602 0.354224009 0 -0.935160602 0.354224009 0 -0.935160602 0.354224009 0 -0.935160602 0.354224009 0 -0.935160602 0.354224009 0 -0.935160602 0.354224009 0 0.75576375 0.654844374 0 0.75576375 0.654844374 0 0.75576375 0.654844374 0 0.75576375 0.654844374 0 0.75576375 0.654844374 0 0.75576375 0.654844374 0 -0.0908454256 0.1433333 0.985496156 -0.0908454256 0.1433333 0.985496156 -0.0908454256 0.1433333 0.985496156 -0.0890643283 0.151881058 0.984377819 -0.0890643283 0.151881058 0.984377819 -0.0890643283 0.151881058 0.984377819 0.0921736973 -0.151294868 -0.984181829 0.0921736973 -0.151294868 -0.984181829 0.0921736973 -0.151294868 -0.984181829 0.0875119132 -0.14260822 -0.985902917 0.0875119132 -0.14260822 -0.985902917 0.0875119132 -0.14260822 -0.985902917 0.0343779275 0.173793802 0.984181829 0.0343779275 0.173793802 0.984181829 0.0343779275 0.173793802 0.984181829 0.0329958782 0.164032653 0.985902917 0.0329958782 0.164032653 0.985902917 0.0329958782 0.164032653 0.985902917 -0.0358752028 -0.165862281 -0.985496156 -0.0358752028 -0.165862281 -0.985496156 -0.0358752028 -0.165862281 -0.985496156 -0.031257049 -0.17327235 -0.984377819 -0.031257049 -0.17327235 -0.984377819 -0.031257049 -0.17327235 -0.984377819 -0.973989821 0.226591768 0 -0.973989821 0.226591768 0 -0.973989821 0.226591768 0 -0.973989821 0.226591768 0 -0.973989821 0.226591768 0 -0.973989821 0.226591768 0 0.836205237 0.548416632 0 0.836205237 0.548416632 0 0.836205237 0.548416632 0 0.836205237 0.548416632 0 0.836205237 0.548416632 0 0.836205237 0.548416632 0 -0.0719549068 0.0224355909 0.997155522 -0.0719549068 0.0224355909 0.997155522 -0.0719549068 0.0224355909 0.997155522 -0.0711321642 0.0281326693 0.997070092 -0.0711321642 0.0281326693 0.997070092 -0.0711321642 0.0281326693 0.997070092 0.0728972061 -0.0278140234 -0.996951542 0.0728972061 -0.0278140234 -0.996951542 0.0728972061 -0.0278140234 -0.996951542 0.0701088365 -0.0222945656 -0.99729018 0.0701088365 -0.0222945656 -0.99729018 0.0701088365 -0.0222945656 -0.99729018 0.0588434188 0.051235482 0.996951542 0.0588434188 0.051235482 0.996951542 0.0588434188 0.051235482 0.996951542 0.0581283337 0.0450931638 0.99729018 0.0581283337 0.0450931638 0.99729018 0.0581283337 0.0450931638 0.99729018 -0.0598126728 -0.0458618417 -0.997155522 -0.0598126728 -0.0458618417 -0.997155522 -0.0598126728 -0.0458618417 -0.997155522 -0.0570767058 -0.0509262361 -0.997070092 -0.0570767058 -0.0509262361 -0.997070092 -0.0570767058 -0.0509262361 -0.997070092 -0.997000745 0.0773919473 0 -0.997000745 0.0773919473 0 -0.997000745 0.0773919473 0 -0.997000745 0.0773919473 0 -0.997000745 0.0773919473 0 -0.997000745 0.0773919473 0 0.909231547 0.416290756 0 0.909231547 0.416290756 0 0.909231547 0.416290756 0 0.909231547 0.416290756 0 0.909231547 0.416290756 0 0.909231547 0.416290756 0 -0.0481022725 -0.11322085 0.992404761 -0.0481022725 -0.11322085 0.992404761 -0.0481022725 -0.11322085 0.992404761 -0.0478769761 -0.111265142 0.992636823 -0.0478769761 -0.111265142 0.992636823 -0.0478769761 -0.111265142 0.992636823 0.0484459982 0.11136232 -0.992598317 0.0484459982 0.11136232 -0.992598317 0.0484459982 0.11136232 -0.992598317 0.0475242953 0.113172707 -0.992438099 0.0475242953 0.113172707 -0.992438099 0.0475242953 0.113172707 -0.992438099 0.0838611351 -0.0878401445 0.992598317 0.0838611351 -0.0878401445 0.992598317 0.0838611351 -0.0878401445 0.992598317 0.0836199076 -0.0898572833 0.992438099 0.0836199076 -0.0898572833 0.992438099 0.0836199076 -0.0898572833 0.992438099 -0.0841790611 0.0897032614 -0.992404761 -0.0841790611 0.0897032614 -0.992404761 -0.0841790611 0.0897032614 -0.992404761 -0.0832934869 0.0879450497 -0.992636823 -0.0832934869 0.0879450497 -0.992636823 -0.0832934869 0.0879450497 -0.992636823 -0.99600775 -0.0892668055 -0 -0.99600775 -0.0892668055 -0 -0.99600775 -0.0892668055 -0 -0.99600775 -0.0892668055 0 -0.99600775 -0.0892668055 0 -0.99600775 -0.0892668055 0 0.965742505 0.259502243 0 0.965742505 0.259502243 0 0.965742505 0.259502243 0 0.965742505 0.259502243 0 0.965742505 0.259502243 0 0.965742505 0.259502243 0 -0.0220987384 -0.247099687 0.96873804 -0.0220987384 -0.247099687 0.96873804 -0.0220987384 -0.247099687 0.96873804 -0.0223099103 -0.24895883 0.968257078 -0.0223099103 -0.24895883 0.968257078 -0.0223099103 -0.24895883 0.968257078 0.0217538335 0.248869011 -0.96829282 0.0217538335 0.248869011 -0.96829282 0.0217538335 0.248869011 -0.96829282 0.0226461962 0.247235047 -0.968690859 0.0226461962 0.247235047 -0.968690859 0.0226461962 0.247235047 -0.968690859 0.106199729 -0.226120834 0.96829282 0.106199729 -0.226120834 0.96829282 0.106199729 -0.226120834 0.96829282 0.106474223 -0.224279421 0.968690859 0.106474223 -0.224279421 0.968690859 0.106474223 -0.224279421 0.968690859 -0.105913657 0.22434105 -0.96873804 -0.105913657 0.22434105 -0.96873804 -0.105913657 0.22434105 -0.96873804 -0.106752688 0.226013483 -0.968257078 -0.106752688 0.226013483 -0.968257078 -0.106752688 0.226013483 -0.968257078 -0.965742505 -0.259502243 -0 -0.965742505 -0.259502243 -0 -0.965742505 -0.259502243 -0 -0.965742505 -0.259502243 0 -0.965742505 -0.259502243 0 -0.965742505 -0.259502243 0 0.99600775 0.0892668055 0 0.99600775 0.0892668055 0 0.99600775 0.0892668055 0 0.99600775 0.0892668055 0 0.99600775 0.0892668055 0 0.99600775 0.0892668055 0 0.00294215221 -0.364015764 0.93138814 0.00294215221 -0.364015764 0.93138814 0.00294215221 -0.364015764 0.93138814 0.0022509122 -0.368991124 0.929430193 0.0022509122 -0.368991124 0.929430193 0.0022509122 -0.368991124 0.929430193 -0.00390469982 0.368735282 -0.929526248 -0.00390469982 0.368735282 -0.929526248 -0.00390469982 0.368735282 -0.929526248 -0.0013612184 0.364644531 -0.931145806 -0.0013612184 0.364644531 -0.931145806 -0.0013612184 0.364644531 -0.931145806 0.123428403 -0.347485804 0.929526248 0.123428403 -0.347485804 0.929526248 0.123428403 -0.347485804 0.929526248 0.124406046 -0.342769052 0.931145806 0.124406046 -0.342769052 0.931145806 0.124406046 -0.342769052 0.931145806 -0.122705268 0.342723723 -0.93138814 -0.122705268 0.342723723 -0.93138814 -0.122705268 0.342723723 -0.93138814 -0.125069032 0.34715595 -0.929430193 -0.125069032 0.34715595 -0.929430193 -0.125069032 0.34715595 -0.929430193 -0.909231547 -0.416290756 -0 -0.909231547 -0.416290756 -0 -0.909231547 -0.416290756 -0 -0.909231547 -0.416290756 0 -0.909231547 -0.416290756 0 -0.909231547 -0.416290756 0 0.997000745 -0.0773919473 0 0.997000745 -0.0773919473 0 0.997000745 -0.0773919473 0 0.997000745 -0.0773919473 0 0.997000745 -0.0773919473 0 0.997000745 -0.0773919473 0 0.0248954976 -0.455592687 0.889840164 0.0248954976 -0.455592687 0.889840164 0.0248954976 -0.455592687 0.889840164 0.0234965758 -0.462761266 0.886171497 0.0234965758 -0.462761266 0.886171497 0.0234965758 -0.462761266 0.886171497 -0.0263165112 0.462335309 -0.886314562 -0.0263165112 0.462335309 -0.886314562 -0.0263165112 0.462335309 -0.886314562 -0.0222673249 0.456976769 -0.889199864 -0.0222673249 0.456976769 -0.889199864 -0.0222673249 0.456976769 -0.889199864 0.134651529 -0.443075007 0.886314562 0.134651529 -0.443075007 0.886314562 0.134651529 -0.443075007 0.886314562 0.136605635 -0.436649174 0.889199864 0.136605635 -0.436649174 0.889199864 0.136605635 -0.436649174 0.889199864 -0.133661453 0.436255772 -0.889840164 -0.133661453 0.436255772 -0.889840164 -0.133661453 0.436255772 -0.889840164 -0.137445482 0.442502902 -0.886171497 -0.137445482 0.442502902 -0.886171497 -0.137445482 0.442502902 -0.886171497 -0.836205237 -0.548416632 -0 -0.836205237 -0.548416632 -0 -0.836205237 -0.548416632 -0 -0.836205237 -0.548416632 0 -0.836205237 -0.548416632 0 -0.836205237 -0.548416632 0 0.973989821 -0.226591768 0 0.973989821 -0.226591768 0 0.973989821 -0.226591768 0 0.973989821 -0.226591768 0 0.973989821 -0.226591768 0 0.973989821 -0.226591768 0 0.0431850893 -0.520268065 0.852910422 0.0431850893 -0.520268065 0.852910422 0.0431850893 -0.520268065 0.852910422 0.0406113194 -0.529023628 0.847634781 0.0406113194 -0.529023628 0.847634781 0.0406113194 -0.529023628 0.847634781 -0.044920701 0.528375624 -0.84782152 -0.044920701 0.528375624 -0.84782152 -0.044920701 0.528375624 -0.84782152 -0.0392554865 0.522788643 -0.851558008 -0.0392554865 0.522788643 -0.851558008 -0.0392554865 0.522788643 -0.851558008 0.139949811 -0.511480909 0.84782152 0.139949811 -0.511480909 0.84782152 0.139949811 -0.511480909 0.84782152 0.14334218 -0.504283628 0.851558008 0.14334218 -0.504283628 0.851558008 0.14334218 -0.504283628 0.851558008 -0.138784595 0.503271942 -0.852910422 -0.138784595 0.503271942 -0.852910422 -0.138784595 0.503271942 -0.852910422 -0.144218473 0.510603868 -0.847634781 -0.144218473 0.510603868 -0.847634781 -0.144218473 0.510603868 -0.847634781 -0.75576375 -0.654844374 -0 -0.75576375 -0.654844374 -0 -0.75576375 -0.654844374 -0 -0.75576375 -0.654844374 0 -0.75576375 -0.654844374 0 -0.75576375 -0.654844374 0 0.935160602 -0.354224009 0 0.935160602 -0.354224009 0 0.935160602 -0.354224009 0 0.935160602 -0.354224009 0 0.935160602 -0.354224009 0 0.935160602 -0.354224009 0 0.0589646568 -0.559672202 0.826613692 0.0589646568 -0.559672202 0.826613692 0.0589646568 -0.559672202 0.826613692 0.0539907167 -0.570246682 0.819697337 0.0539907167 -0.570246682 0.819697337 0.0539907167 -0.570246682 0.819697337 -0.0609820448 0.569180875 -0.819947756 -0.0609820448 0.569180875 -0.819947756 -0.0609820448 0.569180875 -0.819947756 -0.0527300634 0.564477707 -0.82376238 -0.0527300634 0.564477707 -0.82376238 -0.0527300634 0.564477707 -0.82376238 0.138937222 -0.555321642 0.819947756 0.138937222 -0.555321642 0.819947756 0.138937222 -0.555321642 0.819947756 0.145062475 -0.548062423 0.82376238 0.145062475 -0.548062423 0.82376238 0.145062475 -0.548062423 0.82376238 -0.137553587 0.545700297 -0.826613692 -0.137553587 0.545700297 -0.826613692 -0.137553587 0.545700297 -0.826613692 -0.145867493 0.553912403 -0.819697337 -0.145867493 0.553912403 -0.819697337 -0.145867493 0.553912403 -0.819697337 -0.667054296 -0.745009105 -0 -0.667054296 -0.745009105 -0 -0.667054296 -0.745009105 -0 -0.667054296 -0.745009105 0 -0.667054296 -0.745009105 0 -0.667054296 -0.745009105 0 0.882964607 -0.469439563 0 0.882964607 -0.469439563 0 0.882964607 -0.469439563 0 0.882964607 -0.469439563 0 0.882964607 -0.469439563 0 0.882964607 -0.469439563 0 0.097963093 -0.551021151 0.828721258 0.097963093 -0.551021151 0.828721258 0.097963093 -0.551021151 0.828721258 0.065264685 -0.589235293 0.805321234 0.065264685 -0.589235293 0.805321234 0.065264685 -0.589235293 0.805321234 -0.10362534 0.582870064 -0.80593069 -0.10362534 0.582870064 -0.80593069 -0.10362534 0.582870064 -0.80593069 -0.0648474723 0.587289544 -0.806774936 -0.0648474723 0.587289544 -0.806774936 -0.0648474723 0.587289544 -0.806774936 0.10362534 -0.582870064 0.80593069 0.10362534 -0.582870064 0.80593069 0.10362534 -0.582870064 0.80593069 0.141550266 -0.573652966 0.806774936 0.141550266 -0.573652966 0.806774936 0.141550266 -0.573652966 0.806774936 -0.097963093 0.551021151 -0.828721258 -0.097963093 0.551021151 -0.828721258 -0.097963093 0.551021151 -0.828721258 -0.14182927 0.575623287 -0.805321234 -0.14182927 0.575623287 -0.805321234 -0.14182927 0.575623287 -0.805321234 -0.514557437 -0.857455914 -0 -0.514557437 -0.857455914 -0 -0.514557437 -0.857455914 -0 -0.514557437 -0.857455914 0 -0.514557437 -0.857455914 0 -0.514557437 -0.857455914 0 0.778570041 -0.62755772 0 0.778570041 -0.62755772 0 0.778570041 -0.62755772 0 0.778570041 -0.62755772 0 0.778570041 -0.62755772 0 0.778570041 -0.62755772 0 -0.175039877 0.984561345 0 -0.175039877 0.984561345 0 -0.175039877 0.984561345 0 -0.175039877 0.984561345 0 -0.175039877 0.984561345 0 -0.175039877 0.984561345 0 -0.175039877 0.984561345 0 -0.175039877 0.984561345 0 -0.175039877 0.984561345 0 -0.175039877 0.984561345 0 -0.175039877 0.984561345 0 -0.175039877 0.984561345 0 0.175039877 -0.984561345 0 0.175039877 -0.984561345 0 0.175039877 -0.984561345 0 0.175039877 -0.984561345 0 0.175039877 -0.984561345 0 0.175039877 -0.984561345 0 0.175039877 -0.984561345 0 0.175039877 -0.984561345 0 0.175039877 -0.984561345 0 0.175039877 -0.984561345 0 0.175039877 -0.984561345 0 0.175039877 -0.984561345 0 0.203942556 0.277241895 0.938905941 0.203942556 0.277241895 0.938905941 0.203942556 0.277241895 0.938905941 0.241164123 0.245304508 0.938970481 0.241164123 0.245304508 0.938970481 0.241164123 0.245304508 0.938970481 -0.20602125 -0.279277645 -0.937848198 -0.20602125 -0.279277645 -0.937848198 -0.20602125 -0.279277645 -0.937848198 -0.210936731 -0.214558162 -0.953661623 -0.210936731 -0.214558162 -0.953661623 -0.210936731 -0.214558162 -0.953661623 0.275730504 0.210744981 0.937848198 0.275730504 0.210744981 0.937848198 0.275730504 0.210744981 0.937848198 0.210936731 0.214558162 0.953661623 0.210936731 0.214558162 0.953661623 0.210936731 0.214558162 0.953661623 -0.273730431 -0.208631938 -0.938905941 -0.273730431 -0.208631938 -0.938905941 -0.273730431 -0.208631938 -0.938905941 -0.241164123 -0.245304508 -0.938970481 -0.241164123 -0.245304508 -0.938970481 -0.241164123 -0.245304508 -0.938970481 -0.0564284819 0.998406644 0 -0.0564284819 0.998406644 0 -0.0564284819 0.998406644 0 -0.0564284819 0.998406644 0 -0.0564284819 0.998406644 0 -0.0564284819 0.998406644 0 0.999222475 -0.0394264556 0 0.999222475 -0.0394264556 0 0.999222475 -0.0394264556 0 0.999222475 -0.0394264556 0 0.999222475 -0.0394264556 0 0.999222475 -0.0394264556 0 0.171123263 0.257411622 0.951028961 0.171123263 0.257411622 0.951028961 0.171123263 0.257411622 0.951028961 0.183115661 0.256804655 0.948957335 0.183115661 0.256804655 0.948957335 0.183115661 0.256804655 0.948957335 -0.17672048 -0.26288374 -0.948505146 -0.17672048 -0.26288374 -0.948505146 -0.17672048 -0.26288374 -0.948505146 -0.173946004 -0.24778345 -0.953071954 -0.173946004 -0.24778345 -0.953071954 -0.173946004 -0.24778345 -0.953071954 0.259837703 0.181169416 0.948505146 0.259837703 0.181169416 0.948505146 0.259837703 0.181169416 0.948505146 0.244786824 0.17813832 0.953071954 0.244786824 0.17813832 0.953071954 0.244786824 0.17813832 0.953071954 -0.254461647 -0.175479869 -0.951028961 -0.254461647 -0.175479869 -0.951028961 -0.254461647 -0.175479869 -0.951028961 -0.253650646 -0.187460199 -0.948957335 -0.253650646 -0.187460199 -0.948957335 -0.253650646 -0.187460199 -0.948957335 -0.234425606 0.972134062 0 -0.234425606 0.972134062 0 -0.234425606 0.972134062 0 -0.234425606 0.972134062 0 -0.234425606 0.972134062 0 -0.234425606 0.972134062 0 0.975983384 -0.217844978 0 0.975983384 -0.217844978 0 0.975983384 -0.217844978 0 0.975983384 -0.217844978 0 0.975983384 -0.217844978 0 0.975983384 -0.217844978 0 0.120663535 0.215352092 0.969053037 0.120663535 0.215352092 0.969053037 0.120663535 0.215352092 0.969053037 0.130318905 0.217337826 0.967357872 0.130318905 0.217337826 0.967357872 0.130318905 0.217337826 0.967357872 -0.126440516 -0.221035354 -0.96703473 -0.126440516 -0.221035354 -0.96703473 -0.126440516 -0.221035354 -0.96703473 -0.122828895 -0.209947849 -0.969966475 -0.122828895 -0.209947849 -0.969966475 -0.122828895 -0.209947849 -0.969966475 0.218851193 0.130184435 0.96703473 0.218851193 0.130184435 0.96703473 0.218851193 0.130184435 0.96703473 0.207826768 0.126384618 0.969966475 0.207826768 0.126384618 0.969966475 0.207826768 0.126384618 0.969966475 -0.213267084 -0.124311557 -0.969053037 -0.213267084 -0.124311557 -0.969053037 -0.213267084 -0.124311557 -0.969053037 -0.215088186 -0.133999327 -0.967357872 -0.215088186 -0.133999327 -0.967357872 -0.215088186 -0.133999327 -0.967357872 -0.343610146 0.939112383 0 -0.343610146 0.939112383 0 -0.343610146 0.939112383 0 -0.343610146 0.939112383 0 -0.343610146 0.939112383 0 -0.343610146 0.939112383 0 0.944824915 -0.327575763 0 0.944824915 -0.327575763 0 0.944824915 -0.327575763 0 0.944824915 -0.327575763 0 0.944824915 -0.327575763 0 0.944824915 -0.327575763 0 0.0496026014 0.149739037 0.987480533 0.0496026014 0.149739037 0.987480533 0.0496026014 0.149739037 0.987480533 0.0570105445 0.152291924 0.986689905 0.0570105445 0.152291924 0.986689905 0.0570105445 0.152291924 0.986689905 -0.054546811 -0.154665517 -0.986459945 -0.054546811 -0.154665517 -0.986459945 -0.054546811 -0.154665517 -0.986459945 -0.0512548249 -0.146550598 -0.987874418 -0.0512548249 -0.146550598 -0.987874418 -0.0512548249 -0.146550598 -0.987874418 0.153714672 0.0571714664 0.986459945 0.153714672 0.0571714664 0.986459945 0.153714672 0.0571714664 0.986459945 0.145656961 0.0537418334 0.987874418 0.145656961 0.0537418334 0.987874418 0.145656961 0.0537418334 0.987874418 -0.148873061 -0.0521441196 -0.987480533 -0.148873061 -0.0521441196 -0.987480533 -0.148873061 -0.0521441196 -0.987480533 -0.151299487 -0.0595944421 -0.986689905 -0.151299487 -0.0595944421 -0.986689905 -0.151299487 -0.0595944421 -0.986689905 -0.449051189 0.893506032 0 -0.449051189 0.893506032 0 -0.449051189 0.893506032 0 -0.449051189 0.893506032 0 -0.449051189 0.893506032 0 -0.449051189 0.893506032 0 0.90101988 -0.433777795 0 0.90101988 -0.433777795 0 0.90101988 -0.433777795 0 0.90101988 -0.433777795 0 0.90101988 -0.433777795 0 0.90101988 -0.433777795 0 -0.0386593139 0.0637151699 0.99721905 -0.0386593139 0.0637151699 0.99721905 -0.0386593139 0.0637151699 0.99721905 -0.0339821785 0.0657025538 0.99726044 -0.0339821785 0.0657025538 0.99726044 -0.0339821785 0.0657025538 0.99726044 0.0353642393 -0.067056812 -0.997122237 0.0353642393 -0.067056812 -0.997122237 0.0353642393 -0.067056812 -0.997122237 0.0375587477 -0.0620750476 -0.997364542 0.0375587477 -0.0620750476 -0.997364542 0.0375587477 -0.0620750476 -0.997364542 0.0676490314 -0.0342177441 0.997122237 0.0676490314 -0.0342177441 0.997122237 0.0676490314 -0.0342177441 0.997122237 0.0627053414 -0.036496729 0.997364542 0.0627053414 -0.036496729 0.997364542 0.0627053414 -0.036496729 0.997364542 -0.0643639587 0.0375692193 -0.99721905 -0.0643639587 0.0375692193 -0.99721905 -0.0643639587 0.0375692193 -0.99721905 -0.0662714454 0.0328589343 -0.99726044 -0.0662714454 0.0328589343 -0.99726044 -0.0662714454 0.0328589343 -0.99726044 -0.556996836 0.830514614 0 -0.556996836 0.830514614 0 -0.556996836 0.830514614 0 -0.556996836 0.830514614 0 -0.556996836 0.830514614 0 -0.556996836 0.830514614 0 0.839874928 -0.542779979 0 0.839874928 -0.542779979 0 0.839874928 -0.542779979 0 0.839874928 -0.542779979 0 0.839874928 -0.542779979 0 0.839874928 -0.542779979 0 -0.135412685 -0.0345352686 0.990187215 -0.135412685 -0.0345352686 0.990187215 -0.135412685 -0.0345352686 0.990187215 -0.133852611 -0.0338145206 0.99042418 -0.133852611 -0.0338145206 0.99042418 -0.133852611 -0.0338145206 0.99042418 0.134291908 0.0333751961 -0.990379614 0.134291908 0.0333751961 -0.990379614 0.134291908 0.0333751961 -0.990379614 0.13500304 0.0350051102 -0.990226652 0.13500304 0.0350051102 -0.990226652 0.13500304 0.0350051102 -0.990226652 -0.0310845823 -0.134840531 0.990379614 -0.0310845823 -0.134840531 0.990379614 -0.0310845823 -0.134840531 0.990379614 -0.0327021562 -0.135579304 0.990226652 -0.0327021562 -0.135579304 0.990226652 -0.0327021562 -0.135579304 0.990226652 0.03222541 0.135980892 -0.990187215 0.03222541 0.135980892 -0.990187215 0.03222541 0.135980892 -0.990187215 0.0315313205 0.134408776 -0.99042418 0.0315313205 0.134408776 -0.99042418 0.0315313205 0.134408776 -0.99042418 -0.663134819 0.748499974 0 -0.663134819 0.748499974 0 -0.663134819 0.748499974 0 -0.663134819 0.748499974 0 -0.663134819 0.748499974 0 -0.663134819 0.748499974 0 0.759678741 -0.650298555 0 0.759678741 -0.650298555 0 0.759678741 -0.650298555 0 0.759678741 -0.650298555 0 0.759678741 -0.650298555 0 0.759678741 -0.650298555 0 -0.228704851 -0.132987333 0.964369463 -0.228704851 -0.132987333 0.964369463 -0.228704851 -0.132987333 0.964369463 -0.230178715 -0.133665456 0.963924948 -0.230178715 -0.133665456 0.963924948 -0.230178715 -0.133665456 0.963924948 0.229755084 0.134097281 -0.963966037 0.229755084 0.134097281 -0.963966037 0.229755084 0.134097281 -0.963966037 0.229155668 0.13258388 -0.964317995 0.229155668 0.13258388 -0.964317995 0.229155668 0.13258388 -0.964317995 -0.1301672 -0.232004266 0.963966037 -0.1301672 -0.232004266 0.963966037 -0.1301672 -0.232004266 0.963966037 -0.128664221 -0.231379177 0.964317995 -0.128664221 -0.231379177 0.964317995 -0.128664221 -0.231379177 0.964317995 0.129075289 0.230935293 -0.964369463 0.129075289 0.230935293 -0.964369463 0.129075289 0.230935293 -0.964369463 0.129728227 0.232420486 -0.963924948 0.129728227 0.232420486 -0.963924948 0.129728227 0.232420486 -0.963924948 -0.759678741 0.650298555 0 -0.759678741 0.650298555 0 -0.759678741 0.650298555 0 -0.759678741 0.650298555 0 -0.759678741 0.650298555 0 -0.759678741 0.650298555 0 0.663134819 -0.748499974 0 0.663134819 -0.748499974 0 0.663134819 -0.748499974 0 0.663134819 -0.748499974 0 0.663134819 -0.748499974 0 0.663134819 -0.748499974 0 -0.308212057 -0.220458422 0.925420668 -0.308212057 -0.220458422 0.925420668 -0.308212057 -0.220458422 0.925420668 -0.312223045 -0.222144559 0.923671243 -0.312223045 -0.222144559 0.923671243 -0.312223045 -0.222144559 0.923671243 0.310975408 0.223434064 -0.923781097 0.310975408 0.223434064 -0.923781097 0.310975408 0.223434064 -0.923781097 0.309679793 0.219401564 -0.925181809 0.309679793 0.219401564 -0.925181809 0.309679793 0.219401564 -0.925181809 -0.218108592 -0.314733423 0.923781097 -0.218108592 -0.314733423 0.923781097 -0.218108592 -0.314733423 0.923781097 -0.214098729 -0.313369358 0.925181809 -0.214098729 -0.313369358 0.925181809 -0.214098729 -0.313369358 0.925181809 0.215180416 0.311919824 -0.925420668 0.215180416 0.311919824 -0.925420668 0.215180416 0.311919824 -0.925420668 0.216798038 0.31595893 -0.923671243 0.216798038 0.31595893 -0.923671243 0.216798038 0.31595893 -0.923671243 -0.839874928 0.542779979 0 -0.839874928 0.542779979 0 -0.839874928 0.542779979 0 -0.839874928 0.542779979 0 -0.839874928 0.542779979 0 -0.839874928 0.542779979 0 0.556996836 -0.830514614 0 0.556996836 -0.830514614 0 0.556996836 -0.830514614 0 0.556996836 -0.830514614 0 0.556996836 -0.830514614 0 0.556996836 -0.830514614 0 -0.368728944 -0.290674604 0.882919725 -0.368728944 -0.290674604 0.882919725 -0.368728944 -0.290674604 0.882919725 -0.374753742 -0.292739959 0.879694804 -0.374753742 -0.292739959 0.879694804 -0.374753742 -0.292739959 0.879694804 0.372637573 0.294942973 -0.879857876 0.372637573 0.294942973 -0.879857876 0.372637573 0.294942973 -0.879857876 0.371405794 0.289070152 -0.882324307 0.371405794 0.289070152 -0.882324307 0.371405794 0.289070152 -0.882324307 -0.288557592 -0.377603806 0.879857876 -0.288557592 -0.377603806 0.879857876 -0.288557592 -0.377603806 0.879857876 -0.282706588 -0.376272244 0.882324307 -0.282706588 -0.376272244 0.882324307 -0.282706588 -0.376272244 0.882324307 0.284356369 0.373623091 -0.882919725 0.284356369 0.373623091 -0.882919725 0.284356369 0.373623091 -0.882919725 0.286318878 0.379682171 -0.879694804 0.286318878 0.379682171 -0.879694804 0.286318878 0.379682171 -0.879694804 -0.90101988 0.433777795 0 -0.90101988 0.433777795 0 -0.90101988 0.433777795 0 -0.90101988 0.433777795 0 -0.90101988 0.433777795 0 -0.90101988 0.433777795 0 0.449051189 -0.893506032 0 0.449051189 -0.893506032 0 0.449051189 -0.893506032 0 0.449051189 -0.893506032 0 0.449051189 -0.893506032 0 0.449051189 -0.893506032 0 -0.409603004 -0.342532164 0.845515876 -0.409603004 -0.342532164 0.845515876 -0.409603004 -0.342532164 0.845515876 -0.417507877 -0.344305414 0.840916734 -0.417507877 -0.344305414 0.840916734 -0.417507877 -0.344305414 0.840916734 0.414277794 0.347671671 -0.841129193 0.414277794 0.347671671 -0.841129193 0.414277794 0.347671671 -0.841129193 0.413923354 0.340336209 -0.844297768 0.413923354 0.340336209 -0.844297768 0.413923354 0.340336209 -0.844297768 -0.340569894 -0.420135488 0.841129193 -0.340569894 -0.420135488 0.841129193 -0.340569894 -0.420135488 0.841129193 -0.333241528 -0.419656243 0.844297768 -0.333241528 -0.419656243 0.844297768 -0.333241528 -0.419656243 0.844297768 0.3355107 0.415373897 -0.845515876 0.3355107 0.415373897 -0.845515876 0.3355107 0.415373897 -0.845515876 0.337149145 0.423307807 -0.840916734 0.337149145 0.423307807 -0.840916734 0.337149145 0.423307807 -0.840916734 -0.944824915 0.327575763 0 -0.944824915 0.327575763 0 -0.944824915 0.327575763 0 -0.944824915 0.327575763 0 -0.944824915 0.327575763 0 -0.944824915 0.327575763 0 0.343610146 -0.939112383 0 0.343610146 -0.939112383 0 0.343610146 -0.939112383 0 0.343610146 -0.939112383 0 0.343610146 -0.939112383 0 0.343610146 -0.939112383 0 -0.431614781 -0.378142675 0.818973014 -0.431614781 -0.378142675 0.818973014 -0.431614781 -0.378142675 0.818973014 -0.442353593 -0.378697911 0.812964446 -0.442353593 -0.378697911 0.812964446 -0.442353593 -0.378697911 0.812964446 0.437100066 0.384147648 -0.813249111 0.437100066 0.384147648 -0.813249111 0.437100066 0.384147648 -0.813249111 0.43904344 0.3750251 -0.816453937 0.43904344 0.3750251 -0.816453937 0.43904344 0.3750251 -0.816453937 -0.376652129 -0.443575311 0.813249111 -0.376652129 -0.443575311 0.813249111 -0.376652129 -0.443575311 0.813249111 -0.367497825 -0.445363129 0.816453937 -0.367497825 -0.445363129 0.816453937 -0.367497825 -0.445363129 0.816453937 0.370741392 0.43798861 -0.818973014 0.370741392 0.43798861 -0.818973014 0.370741392 0.43798861 -0.818973014 0.371113762 0.448735317 -0.812964446 0.371113762 0.448735317 -0.812964446 0.371113762 0.448735317 -0.812964446 -0.975983384 0.217844978 0 -0.975983384 0.217844978 0 -0.975983384 0.217844978 0 -0.975983384 0.217844978 0 -0.975983384 0.217844978 0 -0.975983384 0.217844978 0 0.234425606 -0.972134062 0 0.234425606 -0.972134062 0 0.234425606 -0.972134062 0 0.234425606 -0.972134062 0 0.234425606 -0.972134062 0 0.234425606 -0.972134062 0 -0.4023749 -0.409283004 0.818890629 -0.4023749 -0.409283004 0.818890629 -0.4023749 -0.409283004 0.818890629 -0.450578285 -0.398943417 0.798638441 -0.450578285 -0.398943417 0.798638441 -0.450578285 -0.398943417 0.798638441 0.421262376 0.428494746 -0.799331135 0.421262376 0.428494746 -0.799331135 0.421262376 0.428494746 -0.799331135 0.449367847 0.397612232 -0.799983157 0.449367847 0.397612232 -0.799983157 0.449367847 0.397612232 -0.799983157 -0.421262376 -0.428494746 0.799331135 -0.421262376 -0.428494746 0.799331135 -0.421262376 -0.428494746 0.799331135 -0.389905954 -0.456070495 0.799983157 -0.389905954 -0.456070495 0.799983157 -0.389905954 -0.456070495 0.799983157 0.4023749 0.409283004 -0.818890629 0.4023749 0.409283004 -0.818890629 0.4023749 0.409283004 -0.818890629 0.391216343 0.457303416 -0.798638441 0.391216343 0.457303416 -0.798638441 0.391216343 0.457303416 -0.798638441 -0.999222475 0.0394264556 0 -0.999222475 0.0394264556 0 -0.999222475 0.0394264556 0 -0.999222475 0.0394264556 0 -0.999222475 0.0394264556 0 -0.999222475 0.0394264556 0 0.0564284819 -0.998406644 0 0.0564284819 -0.998406644 0 0.0564284819 -0.998406644 0 0.0564284819 -0.998406644 0 0.0564284819 -0.998406644 0 0.0564284819 -0.998406644 0 0.701063131 0.713099212 0 0.701063131 0.713099212 0 0.701063131 0.713099212 0 0.701063131 0.713099212 0 0.701063131 0.713099212 0 0.701063131 0.713099212 0 0.701063131 0.713099212 0 0.701063131 0.713099212 0 0.701063131 0.713099212 0 0.701063131 0.713099212 0 0.701063131 0.713099212 0 0.701063131 0.713099212 0 -0.701063131 -0.713099212 0 -0.701063131 -0.713099212 0 -0.701063131 -0.713099212 0 -0.701063131 -0.713099212 0 -0.701063131 -0.713099212 0 -0.701063131 -0.713099212 0 -0.701063131 -0.713099212 0 -0.701063131 -0.713099212 0 -0.701063131 -0.713099212 0 -0.701063131 -0.713099212 0 -0.701063131 -0.713099212 0 -0.701063131 -0.713099212 0 -0.116246957 0.358793248 0.926150123 -0.116246957 0.358793248 0.926150123 -0.116246957 0.358793248 0.926150123 -0.0776339999 0.369648496 0.925922757 -0.0776339999 0.369648496 0.925922757 -0.0776339999 0.369648496 0.925922757 0.116696273 -0.361136048 -0.925182541 0.116696273 -0.361136048 -0.925182541 0.116696273 -0.361136048 -0.925182541 0.0688465657 -0.327807784 -0.942232565 0.0688465657 -0.327807784 -0.942232565 0.0688465657 -0.327807784 -0.942232565 -0.0384476001 0.377569924 0.925182541 -0.0384476001 0.377569924 0.925182541 -0.0384476001 0.377569924 0.925182541 -0.0688465657 0.327807784 0.942232565 -0.0688465657 0.327807784 0.942232565 -0.0688465657 0.327807784 0.942232565 0.0379164499 -0.375244311 -0.926150123 0.0379164499 -0.375244311 -0.926150123 0.0379164499 -0.375244311 -0.926150123 0.0776339999 -0.369648496 -0.925922757 0.0776339999 -0.369648496 -0.925922757 0.0776339999 -0.369648496 -0.925922757 -0.798822238 0.601567147 0 -0.798822238 0.601567147 0 -0.798822238 0.601567147 0 -0.798822238 0.601567147 0 -0.798822238 0.601567147 0 -0.798822238 0.601567147 0 0.489320082 0.87210427 0 0.489320082 0.87210427 0 0.489320082 0.87210427 0 0.489320082 0.87210427 0 0.489320082 0.87210427 0 0.489320082 0.87210427 0 -0.116464419 0.321634783 0.939673936 -0.116464419 0.321634783 0.939673936 -0.116464419 0.321634783 0.939673936 -0.110866541 0.330863624 0.937143464 -0.110866541 0.330863624 0.937143464 -0.110866541 0.330863624 0.937143464 0.117920453 -0.329268989 -0.93684401 0.117920453 -0.329268989 -0.93684401 0.117920453 -0.329268989 -0.93684401 0.108436531 -0.318322734 -0.941760137 0.108436531 -0.318322734 -0.941760137 0.108436531 -0.318322734 -0.941760137 -0.0245068168 0.348887828 0.93684401 -0.0245068168 0.348887828 0.93684401 -0.0245068168 0.348887828 0.93684401 -0.0287857835 0.335051075 0.941760137 -0.0287857835 0.335051075 0.941760137 -0.0287857835 0.335051075 0.941760137 0.0227686079 -0.341312884 -0.939673936 0.0227686079 -0.341312884 -0.939673936 0.0227686079 -0.341312884 -0.939673936 0.0316062551 -0.34750996 -0.937143464 0.0316062551 -0.34750996 -0.937143464 0.0316062551 -0.34750996 -0.937143464 -0.899453912 0.43701563 0 -0.899453912 0.43701563 0 -0.899453912 0.43701563 0 -0.899453912 0.43701563 0 -0.899453912 0.43701563 0 -0.899453912 0.43701563 0 0.647647936 0.761939729 0 0.647647936 0.761939729 0 0.647647936 0.761939729 0 0.647647936 0.761939729 0 0.647647936 0.761939729 0 0.647647936 0.761939729 0 -0.108814196 0.258686077 0.959812994 -0.108814196 0.258686077 0.959812994 -0.108814196 0.258686077 0.959812994 -0.106054922 0.267609618 0.957672933 -0.106054922 0.267609618 0.957672933 -0.106054922 0.267609618 0.957672933 0.110351392 -0.266642017 -0.957457365 0.110351392 -0.266642017 -0.957457365 0.110351392 -0.266642017 -0.957457365 0.104044439 -0.257281902 -0.960718886 0.104044439 -0.257281902 -0.960718886 0.104044439 -0.257281902 -0.960718886 -0.00624169308 0.288507255 0.957457365 -0.00624169308 0.288507255 0.957457365 -0.00624169308 0.288507255 0.957457365 -0.00825021528 0.277400715 0.960718886 -0.00825021528 0.277400715 0.960718886 -0.00825021528 0.277400715 0.960718886 0.00444835625 -0.28060511 -0.959812994 0.00444835625 -0.28060511 -0.959812994 0.00444835625 -0.28060511 -0.959812994 0.0105644131 -0.287664643 -0.957672933 0.0105644131 -0.287664643 -0.957672933 0.0105644131 -0.287664643 -0.957672933 -0.947263838 0.320454712 0 -0.947263838 0.320454712 0 -0.947263838 0.320454712 0 -0.947263838 0.320454712 0 -0.947263838 0.320454712 0 -0.947263838 0.320454712 0 0.73831051 0.674460963 0 0.73831051 0.674460963 0 0.73831051 0.674460963 0 0.73831051 0.674460963 0 0.73831051 0.674460963 0 0.73831051 0.674460963 0 -0.0934199143 0.165663129 0.98174765 -0.0934199143 0.165663129 0.98174765 -0.0934199143 0.165663129 0.98174765 -0.0920380061 0.173195104 0.980577616 -0.0920380061 0.173195104 0.980577616 -0.0920380061 0.173195104 0.980577616 0.0947946588 -0.172585681 -0.980422437 0.0947946588 -0.172585681 -0.980422437 0.0947946588 -0.172585681 -0.980422437 0.0904321312 -0.165132863 -0.982116677 0.0904321312 -0.165132863 -0.982116677 0.0904321312 -0.165132863 -0.982116677 0.0173545964 0.196139396 0.980422437 0.0173545964 0.196139396 0.980422437 0.0173545964 0.196139396 0.980422437 0.0163589123 0.18756124 0.982116677 0.0163589123 0.18756124 0.982116677 0.0163589123 0.18756124 0.982116677 -0.0188809303 -0.189248681 -0.98174765 -0.0188809303 -0.189248681 -0.98174765 -0.0188809303 -0.189248681 -0.98174765 -0.0145856867 -0.195588334 -0.980577616 -0.0145856867 -0.195588334 -0.980577616 -0.0145856867 -0.195588334 -0.980577616 -0.981325323 0.192355427 0 -0.981325323 0.192355427 0 -0.981325323 0.192355427 0 -0.981325323 0.192355427 0 -0.981325323 0.192355427 0 -0.981325323 0.192355427 0 0.821028117 0.570887757 0 0.821028117 0.570887757 0 0.821028117 0.570887757 0 0.821028117 0.570887757 0 0.821028117 0.570887757 0 0.821028117 0.570887757 0 -0.0708166079 0.0460260106 0.996426924 -0.0708166079 0.0460260106 0.996426924 -0.0708166079 0.0460260106 0.996426924 -0.0702196079 0.0510807427 0.996222849 -0.0702196079 0.0510807427 0.996222849 -0.0702196079 0.0510807427 0.996222849 0.0717893192 -0.0507448115 -0.996128133 0.0717893192 -0.0507448115 -0.996128133 0.0717893192 -0.0507448115 -0.996128133 0.0691631888 -0.0459587524 -0.996546159 0.0691631888 -0.0459587524 -0.996546159 0.0691631888 -0.0459587524 -0.996546159 0.0453092651 0.0753379901 0.996128133 0.0453092651 0.0753379901 0.996128133 0.0453092651 0.0753379901 0.996128133 0.0448304381 0.0698998243 0.996546159 0.0448304381 0.0698998243 0.996546159 0.0448304381 0.0698998243 0.996546159 -0.0463171004 -0.0706265659 -0.996426924 -0.0463171004 -0.0706265659 -0.996426924 -0.0463171004 -0.0706265659 -0.996426924 -0.0437370359 -0.0750140473 -0.996222849 -0.0437370359 -0.0750140473 -0.996222849 -0.0437370359 -0.0750140473 -0.996222849 -0.999042819 0.0437429505 0 -0.999042819 0.0437429505 0 -0.999042819 0.0437429505 0 -0.999042819 0.0437429505 0 -0.999042819 0.0437429505 0 -0.999042819 0.0437429505 0 0.897035057 0.441959394 0 0.897035057 0.441959394 0 0.897035057 0.441959394 0 0.897035057 0.441959394 0 0.897035057 0.441959394 0 0.897035057 0.441959394 0 -0.0427933596 -0.0895372756 0.995063719 -0.0427933596 -0.0895372756 0.995063719 -0.0427933596 -0.0895372756 0.995063719 -0.0426396123 -0.0877858392 0.995226361 -0.0426396123 -0.0877858392 0.995226361 -0.0426396123 -0.0877858392 0.995226361 0.0431474588 0.0878900355 -0.995195277 0.0431474588 0.0878900355 -0.995195277 0.0431474588 0.0878900355 -0.995195277 0.0422762424 0.0894765284 -0.995091287 0.0422762424 0.0894765284 -0.995091287 0.0422762424 0.0894765284 -0.995091287 0.0748598212 -0.0631060117 0.995195277 0.0748598212 -0.0631060117 0.995195277 0.0748598212 -0.0631060117 0.995195277 0.0747004568 -0.0649089483 0.995091287 0.0747004568 -0.0649089483 0.995091287 0.0747004568 -0.0649089483 0.995091287 -0.0751983207 0.064756528 -0.995063719 -0.0751983207 0.064756528 -0.995063719 -0.0751983207 0.064756528 -0.995063719 -0.0743529653 0.0632149243 -0.995226361 -0.0743529653 0.0632149243 -0.995226361 -0.0743529653 0.0632149243 -0.995226361 -0.992641216 -0.121092591 -0 -0.992641216 -0.121092591 -0 -0.992641216 -0.121092591 -0 -0.992641216 -0.121092591 0 -0.992641216 -0.121092591 0 -0.992641216 -0.121092591 0 0.957487242 0.288475617 0 0.957487242 0.288475617 0 0.957487242 0.288475617 0 0.957487242 0.288475617 0 0.957487242 0.288475617 0 0.957487242 0.288475617 0 -0.0126163393 -0.224642042 0.974359677 -0.0126163393 -0.224642042 0.974359677 -0.0126163393 -0.224642042 0.974359677 -0.0127596026 -0.226323027 0.973968726 -0.0127596026 -0.226323027 0.973968726 -0.0127596026 -0.226323027 0.973968726 0.0122616515 0.226225137 -0.973997864 0.0122616515 0.226225137 -0.973997864 0.0122616515 0.226225137 -0.973997864 0.0131053539 0.224780665 -0.974321252 0.0131053539 0.224780665 -0.974321252 0.0131053539 0.224780665 -0.974321252 0.102235437 -0.202178328 0.973997864 0.102235437 -0.202178328 0.973997864 0.102235437 -0.202178328 0.973997864 0.102426747 -0.200516481 0.974321252 0.102426747 -0.200516481 0.974321252 0.102426747 -0.200516481 0.974321252 -0.101923282 0.2005863 -0.974359677 -0.101923282 0.2005863 -0.974359677 -0.101923282 0.2005863 -0.974359677 -0.102730697 0.202067622 -0.973968726 -0.102730697 0.202067622 -0.973968726 -0.102730697 0.202067622 -0.973968726 -0.957487242 -0.288475617 -0 -0.957487242 -0.288475617 -0 -0.957487242 -0.288475617 -0 -0.957487242 -0.288475617 0 -0.957487242 -0.288475617 0 -0.957487242 -0.288475617 0 0.992641216 0.121092591 0 0.992641216 0.121092591 0 0.992641216 0.121092591 0 0.992641216 0.121092591 0 0.992641216 0.121092591 0 0.992641216 0.121092591 0 0.0160892283 -0.343595915 0.938979757 0.0160892283 -0.343595915 0.938979757 0.0160892283 -0.343595915 0.938979757 0.0155924674 -0.348131762 0.937315929 0.0155924674 -0.348131762 0.937315929 0.0155924674 -0.348131762 0.937315929 -0.0170772212 0.347849516 -0.937394838 -0.0170772212 0.347849516 -0.937394838 -0.0170772212 0.347849516 -0.937394838 -0.0146800425 0.344214082 -0.938776417 -0.0146800425 0.344214082 -0.938776417 -0.0146800425 0.344214082 -0.938776417 0.124304605 -0.325329498 0.937394838 0.124304605 -0.325329498 0.937394838 0.124304605 -0.325329498 0.937394838 0.125036718 -0.321036847 0.938776417 0.125036718 -0.321036847 0.938776417 0.125036718 -0.321036847 0.938776417 -0.123497909 0.321037821 -0.938979757 -0.123497909 0.321037821 -0.938979757 -0.123497909 0.321037821 -0.938979757 -0.125777457 0.324990584 -0.937315929 -0.125777457 0.324990584 -0.937315929 -0.125777457 0.324990584 -0.937315929 -0.897035057 -0.441959394 -0 -0.897035057 -0.441959394 -0 -0.897035057 -0.441959394 -0 -0.897035057 -0.441959394 0 -0.897035057 -0.441959394 0 -0.897035057 -0.441959394 0 0.999042819 -0.0437429505 0 0.999042819 -0.0437429505 0 0.999042819 -0.0437429505 0 0.999042819 -0.0437429505 0 0.999042819 -0.0437429505 0 0.999042819 -0.0437429505 0 0.0408441631 -0.437298758 0.898388307 0.0408441631 -0.437298758 0.898388307 0.0408441631 -0.437298758 0.898388307 0.0397645257 -0.443877193 0.895204904 0.0397645257 -0.443877193 0.895204904 0.0397645257 -0.443877193 0.895204904 -0.0423004525 0.443404268 -0.895323029 -0.0423004525 0.443404268 -0.895323029 -0.0423004525 0.443404268 -0.895323029 -0.0385070674 0.438638635 -0.897838156 -0.0385070674 0.438638635 -0.897838156 -0.0385070674 0.438638635 -0.897838156 0.139653937 -0.422957978 0.895323029 0.139653937 -0.422957978 0.895323029 0.139653937 -0.422957978 0.895323029 0.141209613 -0.417068929 0.897838156 0.141209613 -0.417068929 0.897838156 0.141209613 -0.417068929 0.897838156 -0.138530952 0.416782467 -0.898388307 -0.138530952 0.416782467 -0.898388307 -0.138530952 0.416782467 -0.898388307 -0.142165857 0.422370748 -0.895204904 -0.142165857 0.422370748 -0.895204904 -0.142165857 0.422370748 -0.895204904 -0.821028117 -0.570887757 -0 -0.821028117 -0.570887757 -0 -0.821028117 -0.570887757 -0 -0.821028117 -0.570887757 0 -0.821028117 -0.570887757 0 -0.821028117 -0.570887757 0 0.981325323 -0.192355427 0 0.981325323 -0.192355427 0 0.981325323 -0.192355427 0 0.981325323 -0.192355427 0 0.981325323 -0.192355427 0 0.981325323 -0.192355427 0 0.0609310903 -0.503701123 0.861726512 0.0609310903 -0.503701123 0.861726512 0.0609310903 -0.503701123 0.861726512 0.05883096 -0.511781577 0.857098906 0.05883096 -0.511781577 0.857098906 0.05883096 -0.511781577 0.857098906 -0.0627097652 0.511061505 -0.857253535 -0.0627097652 0.511061505 -0.857253535 -0.0627097652 0.511061505 -0.857253535 -0.0574460649 0.506119732 -0.860547946 -0.0574460649 0.506119732 -0.860547946 -0.0574460649 0.506119732 -0.860547946 0.148187357 -0.493109404 0.857253535 0.148187357 -0.493109404 0.857253535 0.148187357 -0.493109404 0.857253535 0.15101826 -0.486467592 0.860547946 0.15101826 -0.486467592 0.860547946 0.15101826 -0.486467592 0.860547946 -0.146854687 0.485655351 -0.861726512 -0.146854687 0.485655351 -0.861726512 -0.146854687 0.485655351 -0.861726512 -0.152028122 0.492208203 -0.857098906 -0.152028122 0.492208203 -0.857098906 -0.152028122 0.492208203 -0.857098906 -0.73831051 -0.674460963 -0 -0.73831051 -0.674460963 -0 -0.73831051 -0.674460963 -0 -0.73831051 -0.674460963 0 -0.73831051 -0.674460963 0 -0.73831051 -0.674460963 0 0.947263838 -0.320454712 0 0.947263838 -0.320454712 0 0.947263838 -0.320454712 0 0.947263838 -0.320454712 0 0.947263838 -0.320454712 0 0.947263838 -0.320454712 0 0.0774241554 -0.544264533 0.835333238 0.0774241554 -0.544264533 0.835333238 0.0774241554 -0.544264533 0.835333238 0.0732044044 -0.55408627 0.829234298 0.0732044044 -0.55408627 0.829234298 0.0732044044 -0.55408627 0.829234298 -0.0794993348 0.552906795 -0.82944194 -0.0794993348 0.552906795 -0.82944194 -0.0794993348 0.552906795 -0.82944194 -0.0719154967 0.548839996 -0.832828206 -0.0719154967 0.548839996 -0.832828206 -0.0719154967 0.548839996 -0.832828206 0.149650606 -0.538173545 0.82944194 0.149650606 -0.538173545 0.82944194 0.149650606 -0.538173545 0.82944194 0.154957615 -0.531399395 0.832828206 0.154957615 -0.531399395 0.832828206 0.154957615 -0.531399395 0.832828206 -0.148073691 0.529426636 -0.835333238 -0.148073691 0.529426636 -0.835333238 -0.148073691 0.529426636 -0.835333238 -0.155888171 0.53672093 -0.829234298 -0.155888171 0.53672093 -0.829234298 -0.155888171 0.53672093 -0.829234298 -0.647647936 -0.761939729 -0 -0.647647936 -0.761939729 -0 -0.647647936 -0.761939729 -0 -0.647647936 -0.761939729 0 -0.647647936 -0.761939729 0 -0.647647936 -0.761939729 0 0.899453912 -0.43701563 0 0.899453912 -0.43701563 0 0.899453912 -0.43701563 0 0.899453912 -0.43701563 0 0.899453912 -0.43701563 0 0.899453912 -0.43701563 0 0.112946935 -0.5377884 0.835479878 0.112946935 -0.5377884 0.835479878 0.112946935 -0.5377884 0.835479878 0.0844777016 -0.573535467 0.814813221 0.0844777016 -0.573535467 0.814813221 0.0844777016 -0.573535467 0.814813221 -0.119008502 0.5666501 -0.815318735 -0.119008502 0.5666501 -0.815318735 -0.119008502 0.5666501 -0.815318735 -0.0840938689 0.571950302 -0.815966343 -0.0840938689 0.571950302 -0.815966343 -0.0840938689 0.571950302 -0.815966343 0.119008502 -0.5666501 0.815318735 0.119008502 -0.5666501 0.815318735 0.119008502 -0.5666501 0.815318735 0.153105421 -0.557456417 0.815966343 0.153105421 -0.557456417 0.815966343 0.153105421 -0.557456417 0.815966343 -0.112946935 0.5377884 -0.835479878 -0.112946935 0.5377884 -0.835479878 -0.112946935 0.5377884 -0.835479878 -0.153391727 0.559062065 -0.814813221 -0.153391727 0.559062065 -0.814813221 -0.153391727 0.559062065 -0.814813221 -0.489320082 -0.87210427 -0 -0.489320082 -0.87210427 -0 -0.489320082 -0.87210427 -0 -0.489320082 -0.87210427 0 -0.489320082 -0.87210427 0 -0.489320082 -0.87210427 0 0.798822238 -0.601567147 0 0.798822238 -0.601567147 0 0.798822238 -0.601567147 0 0.798822238 -0.601567147 0 0.798822238 -0.601567147 0 0.798822238 -0.601567147 0 -0.205537052 0.978649335 0 -0.205537052 0.978649335 0 -0.205537052 0.978649335 0 -0.205537052 0.978649335 0 -0.205537052 0.978649335 0 -0.205537052 0.978649335 0 -0.205537052 0.978649335 0 -0.205537052 0.978649335 0 -0.205537052 0.978649335 0 -0.205537052 0.978649335 0 -0.205537052 0.978649335 0 -0.205537052 0.978649335 0 0.205537052 -0.978649335 0 0.205537052 -0.978649335 0 0.205537052 -0.978649335 0 0.205537052 -0.978649335 0 0.205537052 -0.978649335 0 0.205537052 -0.978649335 0 0.205537052 -0.978649335 0 0.205537052 -0.978649335 0 0.205537052 -0.978649335 0 0.205537052 -0.978649335 0 0.205537052 -0.978649335 0 0.205537052 -0.978649335 0 0.107357678 0.213653859 0.97099246 0.107357678 0.213653859 0.97099246 0.107357678 0.213653859 0.97099246 0.148377791 0.186055837 0.971270949 0.148377791 0.186055837 0.971270949 0.148377791 0.186055837 0.971270949 -0.109706888 -0.21652641 -0.970093146 -0.109706888 -0.21652641 -0.970093146 -0.109706888 -0.21652641 -0.970093146 -0.113302626 -0.142073923 -0.983350149 -0.113302626 -0.142073923 -0.983350149 -0.113302626 -0.142073923 -0.983350149 0.186688837 0.155134025 0.970093146 0.186688837 0.155134025 0.970093146 0.186688837 0.155134025 0.970093146 0.113302626 0.142073923 0.983350149 0.113302626 0.142073923 0.983350149 0.113302626 0.142073923 0.983350149 -0.184410992 -0.15220456 -0.97099246 -0.184410992 -0.15220456 -0.97099246 -0.184410992 -0.15220456 -0.97099246 -0.148377791 -0.186055837 -0.971270949 -0.148377791 -0.186055837 -0.971270949 -0.148377791 -0.186055837 -0.971270949 -0.0615075202 0.99810662 0 -0.0615075202 0.99810662 0 -0.0615075202 0.99810662 0 -0.0615075202 0.99810662 0 -0.0615075202 0.99810662 0 -0.0615075202 0.99810662 0 0.986772136 0.16211339 0 0.986772136 0.16211339 0 0.986772136 0.16211339 0 0.986772136 0.16211339 0 0.986772136 0.16211339 0 0.986772136 0.16211339 0 0.073976748 0.186766642 0.979615058 0.073976748 0.186766642 0.979615058 0.073976748 0.186766642 0.979615058 0.0873738681 0.189169897 0.978049363 0.0873738681 0.189169897 0.978049363 0.0873738681 0.189169897 0.978049363 -0.0803910173 -0.194614415 -0.977579927 -0.0803910173 -0.194614415 -0.977579927 -0.0803910173 -0.194614415 -0.977579927 -0.0768638718 -0.176258766 -0.981338266 -0.0768638718 -0.176258766 -0.981338266 -0.0768638718 -0.176258766 -0.981338266 0.171848909 0.121677601 0.977579927 0.171848909 0.121677601 0.977579927 0.171848909 0.121677601 0.977579927 0.15473818 0.114154733 0.981338266 0.15473818 0.114154733 0.981338266 0.15473818 0.114154733 0.981338266 -0.165625037 -0.113677988 -0.979615058 -0.165625037 -0.113677988 -0.979615058 -0.165625037 -0.113677988 -0.979615058 -0.164987185 -0.127274002 -0.978049363 -0.164987185 -0.127274002 -0.978049363 -0.164987185 -0.127274002 -0.978049363 -0.246564598 0.969126359 0 -0.246564598 0.969126359 0 -0.246564598 0.969126359 0 -0.246564598 0.969126359 0 -0.246564598 0.969126359 0 -0.246564598 0.969126359 0 0.9996936 -0.024752908 0 0.9996936 -0.024752908 0 0.9996936 -0.024752908 0 0.9996936 -0.024752908 0 0.9996936 -0.024752908 0 0.9996936 -0.024752908 0 0.0253032021 0.13537745 0.990470946 0.0253032021 0.13537745 0.990470946 0.0253032021 0.13537745 0.990470946 0.0359631984 0.140047933 0.989491397 0.0359631984 0.140047933 0.989491397 0.0359631984 0.140047933 0.989491397 -0.0317634146 -0.143341302 -0.989163463 -0.0317634146 -0.143341302 -0.989163463 -0.0317634146 -0.143341302 -0.989163463 -0.0275859185 -0.129704359 -0.991168904 -0.0275859185 -0.129704359 -0.991168904 -0.0275859185 -0.129704359 -0.991168904 0.132680739 0.0628606793 0.989163463 0.132680739 0.0628606793 0.989163463 0.132680739 0.0628606793 0.989163463 0.120315133 0.0557536774 0.991168904 0.120315133 0.0557536774 0.991168904 0.120315133 0.0557536774 0.991168904 -0.126353919 -0.0547904476 -0.990470946 -0.126353919 -0.0547904476 -0.990470946 -0.126353919 -0.0547904476 -0.990470946 -0.128535473 -0.0662224097 -0.989491397 -0.128535473 -0.0662224097 -0.989491397 -0.128535473 -0.0662224097 -0.989491397 -0.365469828 0.930823187 0 -0.365469828 0.930823187 0 -0.365469828 0.930823187 0 -0.365469828 0.930823187 0 -0.365469828 0.930823187 0 -0.365469828 0.930823187 0 0.988807044 -0.149199963 0 0.988807044 -0.149199963 0 0.988807044 -0.149199963 0 0.988807044 -0.149199963 0 0.988807044 -0.149199963 0 0.988807044 -0.149199963 0 -0.0406668945 0.0588112615 0.997440444 -0.0406668945 0.0588112615 0.997440444 -0.0406668945 0.0588112615 0.997440444 -0.0327028165 0.0633725261 0.997453983 -0.0327028165 0.0633725261 0.997453983 -0.0327028165 0.0633725261 0.997453983 0.035340141 -0.0654673454 -0.997228711 0.035340141 -0.0654673454 -0.997228711 0.035340141 -0.0654673454 -0.997228711 0.0389050144 -0.055620472 -0.997693722 0.0389050144 -0.055620472 -0.997693722 0.0389050144 -0.055620472 -0.997693722 0.0716894438 -0.0198877483 0.997228711 0.0716894438 -0.0198877483 0.997228711 0.0716894438 -0.0198877483 0.997228711 0.0628825914 -0.0255541925 0.997693722 0.0628825914 -0.0255541925 0.997693722 0.0628825914 -0.0255541925 0.997693722 -0.0663854151 0.026561955 -0.997440444 -0.0663854151 0.026561955 -0.997440444 -0.0663854151 0.026561955 -0.997440444 -0.0690603305 0.0177826327 -0.997453983 -0.0690603305 0.0177826327 -0.997453983 -0.0690603305 0.0177826327 -0.997453983 -0.483816301 0.875169576 0 -0.483816301 0.875169576 0 -0.483816301 0.875169576 0 -0.483816301 0.875169576 0 -0.483816301 0.875169576 0 -0.483816301 0.875169576 0 0.960880657 -0.276962747 0 0.960880657 -0.276962747 0 0.960880657 -0.276962747 0 0.960880657 -0.276962747 0 0.960880657 -0.276962747 0 0.960880657 -0.276962747 0 -0.11894898 -0.0369022847 0.992214373 -0.11894898 -0.0369022847 0.992214373 -0.11894898 -0.0369022847 0.992214373 -0.114104868 -0.0337755095 0.992894402 -0.114104868 -0.0337755095 0.992894402 -0.114104868 -0.0337755095 0.992894402 0.115564082 0.0325955472 -0.992765065 0.115564082 0.0325955472 -0.992765065 0.115564082 0.0325955472 -0.992765065 0.117779592 0.0384493399 -0.992295125 0.117779592 0.0384493399 -0.992295125 0.117779592 0.0384493399 -0.992295125 -0.00606541269 -0.119919712 0.992765065 -0.00606541269 -0.119919712 0.992765065 -0.00606541269 -0.119919712 0.992765065 -0.0112795142 -0.123382157 0.992295125 -0.0112795142 -0.123382157 0.992295125 -0.0112795142 -0.123382157 0.992295125 0.00951105043 0.124178011 -0.992214373 0.00951105043 0.124178011 -0.992214373 0.00951105043 0.124178011 -0.992214373 0.00754047189 0.11875962 -0.992894402 0.00754047189 0.11875962 -0.992894402 0.00754047189 0.11875962 -0.992894402 -0.606905314 0.794774144 0 -0.606905314 0.794774144 0 -0.606905314 0.794774144 0 -0.606905314 0.794774144 0 -0.606905314 0.794774144 0 -0.606905314 0.794774144 0 0.909887877 -0.414854252 0 0.909887877 -0.414854252 0 0.909887877 -0.414854252 0 0.909887877 -0.414854252 0 0.909887877 -0.414854252 0 0.909887877 -0.414854252 0 -0.200460606 -0.140722549 0.969542526 -0.200460606 -0.140722549 0.969542526 -0.200460606 -0.140722549 0.969542526 -0.198909061 -0.139678592 0.970012926 -0.198909061 -0.139678592 0.970012926 -0.198909061 -0.139678592 0.970012926 0.199366557 0.139301534 -0.969973226 0.199366557 0.139301534 -0.969973226 0.199366557 0.139301534 -0.969973226 0.200032159 0.141136901 -0.969570787 0.200032159 0.141136901 -0.969570787 0.200032159 0.141136901 -0.969570787 -0.0914504786 -0.225363599 0.969973226 -0.0914504786 -0.225363599 0.969973226 -0.0914504786 -0.225363599 0.969973226 -0.0930917409 -0.226420885 0.969570787 -0.0930917409 -0.226420885 0.969570787 -0.0930917409 -0.226420885 0.969570787 0.092592446 0.226746399 -0.969542526 0.092592446 0.226746399 -0.969542526 0.092592446 0.226746399 -0.969542526 0.0919198774 0.225001466 -0.970012926 0.0919198774 0.225001466 -0.970012926 0.0919198774 0.225001466 -0.970012926 -0.726941128 0.686699786 0 -0.726941128 0.686699786 0 -0.726941128 0.686699786 0 -0.726941128 0.686699786 0 -0.726941128 0.686699786 0 -0.726941128 0.686699786 0 0.831230673 -0.555927665 0 0.831230673 -0.555927665 0 0.831230673 -0.555927665 0 0.831230673 -0.555927665 0 0.831230673 -0.555927665 0 0.831230673 -0.555927665 0 -0.275194551 -0.239747423 0.931015109 -0.275194551 -0.239747423 0.931015109 -0.275194551 -0.239747423 0.931015109 -0.276610499 -0.24068149 0.930354262 -0.276610499 -0.24068149 0.930354262 -0.276610499 -0.24068149 0.930354262 0.27617428 0.241046739 -0.930389293 0.27617428 0.241046739 -0.930389293 0.27617428 0.241046739 -0.930389293 0.275656257 0.239415355 -0.930963971 0.275656257 0.239415355 -0.930963971 0.275656257 0.239415355 -0.930963971 -0.173555451 -0.322884297 0.930389293 -0.173555451 -0.322884297 0.930389293 -0.173555451 -0.322884297 0.930389293 -0.172080222 -0.322016276 0.930963971 -0.172080222 -0.322016276 0.930963971 -0.172080222 -0.322016276 0.930963971 0.172506696 0.321640028 -0.931015109 0.172506696 0.321640028 -0.931015109 0.172506696 0.321640028 -0.931015109 0.173102298 0.323228313 -0.930354262 0.173102298 0.323228313 -0.930354262 0.173102298 0.323228313 -0.930354262 -0.831230673 0.555927665 0 -0.831230673 0.555927665 0 -0.831230673 0.555927665 0 -0.831230673 0.555927665 0 -0.831230673 0.555927665 0 -0.831230673 0.555927665 0 0.726941128 -0.686699786 0 0.726941128 -0.686699786 0 0.726941128 -0.686699786 0 0.726941128 -0.686699786 0 0.726941128 -0.686699786 0 0.726941128 -0.686699786 0 -0.336206122 -0.324239929 0.884213725 -0.336206122 -0.324239929 0.884213725 -0.336206122 -0.324239929 0.884213725 -0.33997362 -0.326529434 0.881927699 -0.33997362 -0.326529434 0.881927699 -0.33997362 -0.326529434 0.881927699 0.338698935 0.327607429 -0.882018369 0.338698935 0.327607429 -0.882018369 0.338698935 0.327607429 -0.882018369 0.337680588 0.323425319 -0.883950159 0.337680588 0.323425319 -0.883950159 0.337680588 0.323425319 -0.883950159 -0.244034532 -0.403101405 0.882018369 -0.244034532 -0.403101405 0.882018369 -0.244034532 -0.403101405 0.882018369 -0.24018384 -0.401178065 0.883950159 -0.24018384 -0.401178065 0.883950159 -0.24018384 -0.401178065 0.883950159 0.241306099 0.399921811 -0.884213725 0.241306099 0.399921811 -0.884213725 0.241306099 0.399921811 -0.884213725 0.242699942 0.404104284 -0.881927699 0.242699942 0.404104284 -0.881927699 0.242699942 0.404104284 -0.881927699 -0.909887877 0.414854252 0 -0.909887877 0.414854252 0 -0.909887877 0.414854252 0 -0.909887877 0.414854252 0 -0.909887877 0.414854252 0 -0.909887877 0.414854252 0 0.606905314 -0.794774144 0 0.606905314 -0.794774144 0 0.606905314 -0.794774144 0 0.606905314 -0.794774144 0 0.606905314 -0.794774144 0 0.606905314 -0.794774144 0 -0.381070927 -0.390122484 0.838206059 -0.381070927 -0.390122484 0.838206059 -0.381070927 -0.390122484 0.838206059 -0.386675933 -0.393023309 0.834274776 -0.386675933 -0.393023309 0.834274776 -0.386675933 -0.393023309 0.834274776 0.384524165 0.394850206 -0.834406665 0.384524165 0.394850206 -0.834406665 0.384524165 0.394850206 -0.834406665 0.383721469 0.388959473 -0.837537081 0.383721469 0.388959473 -0.837537081 0.383721469 0.388959473 -0.837537081 -0.299395578 -0.462739458 0.834406665 -0.299395578 -0.462739458 0.834406665 -0.299395578 -0.462739458 0.834406665 -0.293831111 -0.460646194 0.837537081 -0.293831111 -0.460646194 0.837537081 -0.293831111 -0.460646194 0.837537081 0.295554714 0.458320864 -0.838206059 0.295554714 0.458320864 -0.838206059 0.295554714 0.458320864 -0.838206059 0.297135708 0.464430802 -0.834274776 0.297135708 0.464430802 -0.834274776 0.297135708 0.464430802 -0.834274776 -0.960880657 0.276962747 0 -0.960880657 0.276962747 0 -0.960880657 0.276962747 0 -0.960880657 0.276962747 0 -0.960880657 0.276962747 0 -0.960880657 0.276962747 0 0.483816301 -0.875169576 0 0.483816301 -0.875169576 0 0.483816301 -0.875169576 0 0.483816301 -0.875169576 0 0.483816301 -0.875169576 0 0.483816301 -0.875169576 0 -0.410365115 -0.43780614 0.799953909 -0.410365115 -0.43780614 0.799953909 -0.410365115 -0.43780614 0.799953909 -0.417727229 -0.440654285 0.794561365 -0.417727229 -0.440654285 0.794561365 -0.417727229 -0.440654285 0.794561365 0.414451882 0.443431838 -0.794731302 0.414451882 0.443431838 -0.794731302 0.414451882 0.443431838 -0.794731302 0.414600204 0.436312121 -0.798585251 0.414600204 0.436312121 -0.798585251 0.414600204 0.436312121 -0.798585251 -0.340100468 -0.502726396 0.794731302 -0.340100468 -0.502726396 0.794731302 -0.340100468 -0.502726396 0.794731302 -0.333126222 -0.501286861 0.798585251 -0.333126222 -0.501286861 0.798585251 -0.333126222 -0.501286861 0.798585251 0.335525098 0.497490354 -0.799953909 0.335525098 0.497490354 -0.799953909 0.335525098 0.497490354 -0.799953909 0.336663775 0.505301632 -0.794561365 0.336663775 0.505301632 -0.794561365 0.336663775 0.505301632 -0.794561365 -0.988807044 0.149199963 0 -0.988807044 0.149199963 0 -0.988807044 0.149199963 0 -0.988807044 0.149199963 0 -0.988807044 0.149199963 0 -0.988807044 0.149199963 0 0.365469828 -0.930823187 0 0.365469828 -0.930823187 0 0.365469828 -0.930823187 0 0.365469828 -0.930823187 0 0.365469828 -0.930823187 0 0.365469828 -0.930823187 0 -0.424969048 -0.469908299 0.773684366 -0.424969048 -0.469908299 0.773684366 -0.424969048 -0.469908299 0.773684366 -0.435067798 -0.471964158 0.766789309 -0.435067798 -0.471964158 0.766789309 -0.435067798 -0.471964158 0.766789309 0.429750412 0.476446602 -0.767015788 0.429750412 0.476446602 -0.767015788 0.429750412 0.476446602 -0.767015788 0.432193704 0.467970409 -0.770851671 0.432193704 0.467970409 -0.770851671 0.432193704 0.467970409 -0.770851671 -0.36888371 -0.524987228 0.767015788 -0.36888371 -0.524987228 0.767015788 -0.36888371 -0.524987228 0.767015788 -0.360076359 -0.525483317 0.770851671 -0.360076359 -0.525483317 0.770851671 -0.360076359 -0.525483317 0.770851671 0.36357316 0.518870946 -0.773684366 0.36357316 0.518870946 -0.773684366 0.36357316 0.518870946 -0.773684366 0.363330509 0.529173976 -0.766789309 0.363330509 0.529173976 -0.766789309 0.363330509 0.529173976 -0.766789309 -0.9996936 0.024752908 0 -0.9996936 0.024752908 0 -0.9996936 0.024752908 0 -0.9996936 0.024752908 0 -0.9996936 0.024752908 0 -0.9996936 0.024752908 0 0.246564598 -0.969126359 0 0.246564598 -0.969126359 0 0.246564598 -0.969126359 0 0.246564598 -0.969126359 0 0.246564598 -0.969126359 0 0.246564598 -0.969126359 0 -0.393279697 -0.493146464 0.775975287 -0.393279697 -0.493146464 0.775975287 -0.393279697 -0.493146464 0.775975287 -0.439633796 -0.490001522 0.752742076 -0.439633796 -0.490001522 0.752742076 -0.439633796 -0.490001522 0.752742076 0.410066119 0.514195516 -0.753291942 0.410066119 0.514195516 -0.753291942 0.410066119 0.514195516 -0.753291942 0.438611041 0.488596265 -0.754250651 0.438611041 0.488596265 -0.754250651 0.438611041 0.488596265 -0.754250651 -0.410066119 -0.514195516 0.753291942 -0.410066119 -0.514195516 0.753291942 -0.410066119 -0.514195516 0.753291942 -0.378757319 -0.536329049 0.754250651 -0.378757319 -0.536329049 0.754250651 -0.378757319 -0.536329049 0.754250651 0.393279697 0.493146464 -0.775975287 0.393279697 0.493146464 -0.775975287 0.393279697 0.493146464 -0.775975287 0.379899787 0.537638836 -0.752742076 0.379899787 0.537638836 -0.752742076 0.379899787 0.537638836 -0.752742076 -0.986772136 -0.16211339 -0 -0.986772136 -0.16211339 -0 -0.986772136 -0.16211339 -0 -0.986772136 -0.16211339 0 -0.986772136 -0.16211339 0 -0.986772136 -0.16211339 0 0.0615075202 -0.99810662 0 0.0615075202 -0.99810662 0 0.0615075202 -0.99810662 0 0.0615075202 -0.99810662 0 0.0615075202 -0.99810662 0 0.0615075202 -0.99810662 0 0.623498053 0.781824902 0 0.623498053 0.781824902 0 0.623498053 0.781824902 0 0.623498053 0.781824902 0 0.623498053 0.781824902 0 0.623498053 0.781824902 0 0.623498053 0.781824902 0 0.623498053 0.781824902 0 0.623498053 0.781824902 0 0.623498053 0.781824902 0 0.623498053 0.781824902 0 0.623498053 0.781824902 0 -0.623498053 -0.781824902 0 -0.623498053 -0.781824902 0 -0.623498053 -0.781824902 0 -0.623498053 -0.781824902 0 -0.623498053 -0.781824902 0 -0.623498053 -0.781824902 0 -0.623498053 -0.781824902 0 -0.623498053 -0.781824902 0 -0.623498053 -0.781824902 0 -0.623498053 -0.781824902 0 -0.623498053 -0.781824902 0 -0.623498053 -0.781824902 0 -0.106553521 0.373355412 0.921548742 -0.106553521 0.373355412 0.921548742 -0.106553521 0.373355412 0.921548742 -0.0625974402 0.383668356 0.921346923 -0.0625974402 0.383668356 0.921346923 -0.0625974402 0.383668356 0.921346923 0.106934636 -0.376035729 -0.920414099 0.106934636 -0.376035729 -0.920414099 0.106934636 -0.376035729 -0.920414099 0.0556835572 -0.341292213 -0.938306436 0.0556835572 -0.341292213 -0.938306436 0.0556835572 -0.341292213 -0.938306436 -0.0181334898 0.390524087 0.920414099 -0.0181334898 0.390524087 0.920414099 -0.0181334898 0.390524087 0.920414099 -0.0556835572 0.341292213 0.938306436 -0.0556835572 0.341292213 0.938306436 -0.0556835572 0.341292213 0.938306436 0.0176429045 -0.38786163 -0.921548742 0.0176429045 -0.38786163 -0.921548742 0.0176429045 -0.38786163 -0.921548742 0.0625974402 -0.383668356 -0.921346923 0.0625974402 -0.383668356 -0.921346923 0.0625974402 -0.383668356 -0.921346923 -0.805481314 0.592621171 0 -0.805481314 0.592621171 0 -0.805481314 0.592621171 0 -0.805481314 0.592621171 0 -0.805481314 0.592621171 0 -0.805481314 0.592621171 0 0.575345967 0.817910153 0 0.575345967 0.817910153 0 0.575345967 0.817910153 0 0.575345967 0.817910153 0 0.575345967 0.817910153 0 0.575345967 0.817910153 0 -0.109548425 0.336774157 0.935191055 -0.109548425 0.336774157 0.935191055 -0.109548425 0.336774157 0.935191055 -0.102631383 0.345955258 0.932620908 -0.102631383 0.345955258 0.932620908 -0.102631383 0.345955258 0.932620908 0.110637193 -0.344502227 -0.93224333 0.110637193 -0.344502227 -0.93224333 0.110637193 -0.344502227 -0.93224333 0.100797891 -0.333257056 -0.937432408 0.100797891 -0.333257056 -0.937432408 0.100797891 -0.333257056 -0.937432408 -0.00460004561 0.361802726 0.93224333 -0.00460004561 0.361802726 0.93224333 -0.00460004561 0.361802726 0.93224333 -0.0103548261 0.348013301 0.937432408 -0.0103548261 0.348013301 0.937432408 -0.0103548261 0.348013301 0.937432408 0.00317599123 -0.35412936 -0.935191055 0.00317599123 -0.35412936 -0.935191055 0.00317599123 -0.35412936 -0.935191055 0.0126525293 -0.360635764 -0.932620908 0.0126525293 -0.360635764 -0.932620908 0.0126525293 -0.360635764 -0.932620908 -0.901602664 0.432565181 0 -0.901602664 0.432565181 0 -0.901602664 0.432565181 0 -0.901602664 0.432565181 0 -0.901602664 0.432565181 0 -0.901602664 0.432565181 0 0.717356248 0.696706548 0 0.717356248 0.696706548 0 0.717356248 0.696706548 0 0.717356248 0.696706548 0 0.717356248 0.696706548 0 0.717356248 0.696706548 0 -0.10559513 0.274187835 0.955861235 -0.10559513 0.274187835 0.955861235 -0.10559513 0.274187835 0.955861235 -0.101875725 0.28314066 0.953652297 -0.101875725 0.28314066 0.953652297 -0.101875725 0.28314066 0.953652297 0.106754021 -0.282259139 -0.953379965 0.106754021 -0.282259139 -0.953379965 0.106754021 -0.282259139 -0.953379965 0.100353441 -0.27266179 -0.956861921 0.100353441 -0.27266179 -0.956861921 0.100353441 -0.27266179 -0.956861921 0.0115020708 0.301553221 0.953379965 0.0115020708 0.301553221 0.953379965 0.0115020708 0.301553221 0.953379965 0.00848392543 0.290419159 0.956861921 0.00848392543 0.290419159 0.956861921 0.00848392543 0.290419159 0.956861921 -0.0129687356 -0.293532131 -0.955861235 -0.0129687356 -0.293532131 -0.955861235 -0.0129687356 -0.293532131 -0.955861235 -0.00659656579 -0.300838465 -0.953652297 -0.00659656579 -0.300838465 -0.953652297 -0.00659656579 -0.300838465 -0.953652297 -0.947131882 0.320844509 0 -0.947131882 0.320844509 0 -0.947131882 0.320844509 0 -0.947131882 0.320844509 0 -0.947131882 0.320844509 0 -0.947131882 0.320844509 0 0.7960347 0.605250987 0 0.7960347 0.605250987 0 0.7960347 0.605250987 0 0.7960347 0.605250987 0 0.7960347 0.605250987 0 0.7960347 0.605250987 0 -0.0951555968 0.181393919 0.978796025 -0.0951555968 0.181393919 0.978796025 -0.0951555968 0.181393919 0.978796025 -0.0930767783 0.188994455 0.977557062 -0.0930767783 0.188994455 0.977557062 -0.0930767783 0.188994455 0.977557062 0.0962094083 -0.188442265 -0.977360354 0.0962094083 -0.188442265 -0.977360354 0.0962094083 -0.188442265 -0.977360354 0.0918435757 -0.180785103 -0.979224951 0.0918435757 -0.180785103 -0.979224951 0.0918435757 -0.180785103 -0.979224951 0.0313239007 0.209249972 0.977360354 0.0313239007 0.209249972 0.977360354 0.0313239007 0.209249972 0.977360354 0.0296182971 0.200602224 0.979224951 0.0296182971 0.200602224 0.979224951 0.0296182971 0.200602224 0.979224951 -0.0325650493 -0.202232191 -0.978796025 -0.0325650493 -0.202232191 -0.978796025 -0.0325650493 -0.202232191 -0.978796025 -0.0281782116 -0.208777823 -0.977557062 -0.0281782116 -0.208777823 -0.977557062 -0.0281782116 -0.208777823 -0.977557062 -0.979581777 0.201046118 0 -0.979581777 0.201046118 0 -0.979581777 0.201046118 0 -0.979581777 0.201046118 0 -0.979581777 0.201046118 0 -0.979581777 0.201046118 0 0.864879602 0.501979356 0 0.864879602 0.501979356 0 0.864879602 0.501979356 0 0.864879602 0.501979356 0 0.864879602 0.501979356 0 0.864879602 0.501979356 0 -0.0785262794 0.061510694 0.995012592 -0.0785262794 0.061510694 0.995012592 -0.0785262794 0.061510694 0.995012592 -0.0775024763 0.0666407551 0.994762472 -0.0775024763 0.0666407551 0.994762472 -0.0775024763 0.0666407551 0.994762472 0.0792886376 -0.0663397176 -0.994641822 0.0792886376 -0.0663397176 -0.994641822 0.0792886376 -0.0663397176 -0.994641822 0.0766741386 -0.0613989481 -0.995163929 0.0766741386 -0.0613989481 -0.995163929 0.0766741386 -0.0613989481 -0.995163929 0.0540908094 0.0881012516 0.994641822 0.0540908094 0.0881012516 0.994641822 0.0540908094 0.0881012516 0.994641822 0.0531823143 0.0825856877 0.995163929 0.0531823143 0.0825856877 0.995163929 0.0531823143 0.0825856877 0.995163929 -0.0549028871 -0.0832803399 -0.995012592 -0.0549028871 -0.0832803399 -0.995012592 -0.0549028871 -0.0832803399 -0.995012592 -0.0523015916 -0.0878189478 -0.994762472 -0.0523015916 -0.0878189478 -0.994762472 -0.0523015916 -0.0878189478 -0.994762472 -0.997896391 0.0648289567 0 -0.997896391 0.0648289567 0 -0.997896391 0.0648289567 0 -0.997896391 0.0648289567 0 -0.997896391 0.0648289567 0 -0.997896391 0.0648289567 0 0.925540951 0.378647524 0 0.925540951 0.378647524 0 0.925540951 0.378647524 0 0.925540951 0.378647524 0 0.925540951 0.378647524 0 0.925540951 0.378647524 0 -0.0568706686 -0.0751035248 0.995552705 -0.0568706686 -0.0751035248 0.995552705 -0.0568706686 -0.0751035248 0.995552705 -0.0565761736 -0.0733157031 0.995702739 -0.0565761736 -0.0733157031 0.995702739 -0.0565761736 -0.0733157031 0.995702739 0.0571550223 0.0734075817 -0.99566291 0.0571550223 0.0734075817 -0.99566291 0.0571550223 0.0734075817 -0.99566291 0.056284382 0.0750563926 -0.995589577 0.056284382 0.0750563926 -0.995589577 0.056284382 0.0750563926 -0.995589577 0.077523574 -0.051434085 0.99566291 0.077523574 -0.051434085 0.99566291 0.077523574 -0.051434085 0.99566291 0.0772221571 -0.0532741229 0.995589577 0.0772221571 -0.0532741229 0.995589577 0.0772221571 -0.0532741229 0.995589577 -0.0777930207 0.0531324602 -0.995552705 -0.0777930207 0.0531324602 -0.995552705 -0.0777930207 0.0531324602 -0.995552705 -0.0769455402 0.0515309576 -0.995702739 -0.0769455402 0.0515309576 -0.995702739 -0.0769455402 0.0515309576 -0.995702739 -0.996421172 -0.0845272071 -0 -0.996421172 -0.0845272071 -0 -0.996421172 -0.0845272071 -0 -0.996421172 -0.0845272071 0 -0.996421172 -0.0845272071 0 -0.996421172 -0.0845272071 0 0.971614964 0.23656788 0 0.971614964 0.23656788 0 0.971614964 0.23656788 0 0.971614964 0.23656788 0 0.971614964 0.23656788 0 0.971614964 0.23656788 0 -0.0326257104 -0.212096017 0.976704071 -0.0326257104 -0.212096017 0.976704071 -0.0326257104 -0.212096017 0.976704071 -0.032902821 -0.213820469 0.976318704 -0.032902821 -0.213820469 0.976318704 -0.032902821 -0.213820469 0.976318704 0.032334243 0.21373572 -0.976356256 0.032334243 0.21373572 -0.976356256 0.032334243 0.21373572 -0.976356256 0.0331869922 0.21222296 -0.976657585 0.0331869922 0.21222296 -0.976657585 0.0331869922 0.21222296 -0.976657585 0.0985931468 -0.192374252 0.976356256 0.0985931468 -0.192374252 0.976356256 0.0985931468 -0.192374252 0.976356256 0.098920844 -0.190668896 0.976657585 0.098920844 -0.190668896 0.976657585 0.098920844 -0.190668896 0.976657585 -0.0983483207 0.190726938 -0.976704071 -0.0983483207 0.190726938 -0.976704071 -0.0983483207 0.190726938 -0.976704071 -0.0991591763 0.192273883 -0.976318704 -0.0991591763 0.192273883 -0.976318704 -0.0991591763 0.192273883 -0.976318704 -0.971614964 -0.23656788 -0 -0.971614964 -0.23656788 -0 -0.971614964 -0.23656788 -0 -0.971614964 -0.23656788 0 -0.971614964 -0.23656788 0 -0.971614964 -0.23656788 0 0.996421172 0.0845272071 0 0.996421172 0.0845272071 0 0.996421172 0.0845272071 0 0.996421172 0.0845272071 0 0.996421172 0.0845272071 0 0.996421172 0.0845272071 0 -0.00874903366 -0.333403195 0.942743742 -0.00874903366 -0.333403195 0.942743742 -0.00874903366 -0.333403195 0.942743742 -0.0096194767 -0.338071248 0.941071356 -0.0096194767 -0.338071248 0.941071356 -0.0096194767 -0.338071248 0.941071356 0.00792148271 0.33783075 -0.941173541 0.00792148271 0.33783075 -0.941173541 0.00792148271 0.33783075 -0.941173541 0.0103844014 0.333993342 -0.942518229 0.0103844014 0.333993342 -0.942518229 0.0103844014 0.333993342 -0.942518229 0.114889899 -0.31779345 0.941173541 0.114889899 -0.31779345 0.941173541 0.114889899 -0.31779345 0.941173541 0.116005378 -0.313372208 0.942518229 0.116005378 -0.313372208 0.942518229 0.116005378 -0.313372208 0.942518229 -0.11426724 0.313332465 -0.942743742 -0.11426724 0.313332465 -0.942743742 -0.11426724 0.313332465 -0.942743742 -0.11657628 0.317481769 -0.941071356 -0.11657628 0.317481769 -0.941071356 -0.11657628 0.317481769 -0.941071356 -0.925540951 -0.378647524 -0 -0.925540951 -0.378647524 -0 -0.925540951 -0.378647524 -0 -0.925540951 -0.378647524 0 -0.925540951 -0.378647524 0 -0.925540951 -0.378647524 0 0.997896391 -0.0648289567 0 0.997896391 -0.0648289567 0 0.997896391 -0.0648289567 0 0.997896391 -0.0648289567 0 0.997896391 -0.0648289567 0 0.997896391 -0.0648289567 0 0.0125643827 -0.429408341 0.903023041 0.0125643827 -0.429408341 0.903023041 0.0125643827 -0.429408341 0.903023041 0.0108972576 -0.436184608 0.899791219 0.0108972576 -0.436184608 0.899791219 0.0108972576 -0.436184608 0.899791219 -0.0138008599 0.435785577 -0.899944702 -0.0138008599 0.435785577 -0.899944702 -0.0138008599 0.435785577 -0.899944702 -0.00982738485 0.430712792 -0.902435545 -0.00982738485 0.430712792 -0.902435545 -0.00982738485 0.430712792 -0.902435545 0.125428907 -0.417572894 0.899944702 0.125428907 -0.417572894 0.899944702 0.125428907 -0.417572894 0.899944702 0.127583943 -0.411500212 0.902435545 0.127583943 -0.411500212 0.902435545 0.127583943 -0.411500212 0.902435545 -0.124574263 0.41113336 -0.903023041 -0.124574263 0.41113336 -0.903023041 -0.124574263 0.41113336 -0.903023041 -0.128308764 0.417028324 -0.899791219 -0.128308764 0.417028324 -0.899791219 -0.128308764 0.417028324 -0.899791219 -0.864879602 -0.501979356 -0 -0.864879602 -0.501979356 -0 -0.864879602 -0.501979356 -0 -0.864879602 -0.501979356 0 -0.864879602 -0.501979356 0 -0.864879602 -0.501979356 0 0.979581777 -0.201046118 0 0.979581777 -0.201046118 0 0.979581777 -0.201046118 0 0.979581777 -0.201046118 0 0.979581777 -0.201046118 0 0.979581777 -0.201046118 0 0.0305931068 -0.497701613 0.86680861 0.0305931068 -0.497701613 0.86680861 0.0305931068 -0.497701613 0.86680861 0.0276692738 -0.506011595 0.862082755 0.0276692738 -0.506011595 0.862082755 0.0276692738 -0.506011595 0.862082755 -0.0321142213 0.505405609 -0.862284087 -0.0321142213 0.505405609 -0.862284087 -0.0321142213 0.505405609 -0.862284087 -0.0264802243 0.500085128 -0.865571292 -0.0264802243 0.500085128 -0.865571292 -0.0264802243 0.500085128 -0.865571292 0.13019392 -0.489403408 0.862284087 0.13019392 -0.489403408 0.862284087 0.13019392 -0.489403408 0.862284087 0.133844635 -0.482568079 0.865571292 0.133844635 -0.482568079 0.865571292 0.133844635 -0.482568079 0.865571292 -0.129187443 0.481615446 -0.86680861 -0.129187443 0.481615446 -0.86680861 -0.129187443 0.481615446 -0.86680861 -0.134600971 0.488565146 -0.862082755 -0.134600971 0.488565146 -0.862082755 -0.134600971 0.488565146 -0.862082755 -0.7960347 -0.605250987 -0 -0.7960347 -0.605250987 -0 -0.7960347 -0.605250987 -0 -0.7960347 -0.605250987 0 -0.7960347 -0.605250987 0 -0.7960347 -0.605250987 0 0.947131882 -0.320844509 0 0.947131882 -0.320844509 0 0.947131882 -0.320844509 0 0.947131882 -0.320844509 0 0.947131882 -0.320844509 0 0.947131882 -0.320844509 0 0.0464083924 -0.539609024 0.840635689 0.0464083924 -0.539609024 0.840635689 0.0464083924 -0.539609024 0.840635689 0.0409638061 -0.549661264 0.834382683 0.0409638061 -0.549661264 0.834382683 0.0409638061 -0.549661264 0.834382683 -0.0481820351 0.548664059 -0.834653366 -0.0481820351 0.548664059 -0.834653366 -0.0481820351 0.548664059 -0.834653366 -0.0398538201 0.544163875 -0.838031831 -0.0398538201 0.544163875 -0.838031831 -0.0398538201 0.544163875 -0.838031831 0.128709024 -0.535525672 0.834653366 0.128709024 -0.535525672 0.834653366 0.128709024 -0.535525672 0.834653366 0.135174969 -0.528611745 0.838031831 0.135174969 -0.528611745 0.838031831 0.135174969 -0.528611745 0.838031831 -0.127512553 0.526376469 -0.840635689 -0.127512553 0.526376469 -0.840635689 -0.127512553 0.526376469 -0.840635689 -0.135869886 0.534176856 -0.834382683 -0.135869886 0.534176856 -0.834382683 -0.135869886 0.534176856 -0.834382683 -0.717356248 -0.696706548 -0 -0.717356248 -0.696706548 -0 -0.717356248 -0.696706548 -0 -0.717356248 -0.696706548 0 -0.717356248 -0.696706548 0 -0.717356248 -0.696706548 0 0.901602664 -0.432565181 0 0.901602664 -0.432565181 0 0.901602664 -0.432565181 0 0.901602664 -0.432565181 0 0.901602664 -0.432565181 0 0.901602664 -0.432565181 0 0.0870691136 -0.533658622 0.841205947 0.0870691136 -0.533658622 0.841205947 0.0870691136 -0.533658622 0.841205947 0.0523696225 -0.569896458 0.820046004 0.0523696225 -0.569896458 0.820046004 0.0523696225 -0.569896458 0.820046004 -0.0920023943 0.563895381 -0.820705525 -0.0920023943 0.563895381 -0.820705525 -0.0920023943 0.563895381 -0.820705525 -0.0519971833 0.568016509 -0.821372959 -0.0519971833 0.568016509 -0.821372959 -0.0519971833 0.568016509 -0.821372959 0.0920023943 -0.563895381 0.820705525 0.0920023943 -0.563895381 0.820705525 0.0920023943 -0.563895381 0.820705525 0.131242884 -0.555087171 0.821372959 0.131242884 -0.555087171 0.821372959 0.131242884 -0.555087171 0.821372959 -0.0870691136 0.533658622 -0.841205947 -0.0870691136 0.533658622 -0.841205947 -0.0870691136 0.533658622 -0.841205947 -0.131487299 0.556988008 -0.820046004 -0.131487299 0.556988008 -0.820046004 -0.131487299 0.556988008 -0.820046004 -0.575345967 -0.817910153 -0 -0.575345967 -0.817910153 -0 -0.575345967 -0.817910153 -0 -0.575345967 -0.817910153 0 -0.575345967 -0.817910153 0 -0.575345967 -0.817910153 0 0.805481314 -0.592621171 0 0.805481314 -0.592621171 0 0.805481314 -0.592621171 0 0.805481314 -0.592621171 0 0.805481314 -0.592621171 0 0.805481314 -0.592621171 0 -0.161025932 0.986950176 0 -0.161025932 0.986950176 0 -0.161025932 0.986950176 0 -0.161025932 0.986950176 0 -0.161025932 0.986950176 0 -0.161025932 0.986950176 0 -0.161025932 0.986950176 0 -0.161025932 0.986950176 0 -0.161025932 0.986950176 0 -0.161025932 0.986950176 0 -0.161025932 0.986950176 0 -0.161025932 0.986950176 0 0.161025932 -0.986950176 0 0.161025932 -0.986950176 0 0.161025932 -0.986950176 0 0.161025932 -0.986950176 0 0.161025932 -0.986950176 0 0.161025932 -0.986950176 0 0.161025932 -0.986950176 0 0.161025932 -0.986950176 0 0.161025932 -0.986950176 0 0.161025932 -0.986950176 0 0.161025932 -0.986950176 0 0.161025932 -0.986950176 0 0.264971979 0.320429683 0.909458448 0.264971979 0.320429683 0.909458448 0.264971979 0.320429683 0.909458448 0.295528888 0.293085472 0.909265408 0.295528888 0.293085472 0.909265408 0.295528888 0.293085472 0.909265408 -0.266488703 -0.321873427 -0.908504963 -0.266488703 -0.321873427 -0.908504963 -0.266488703 -0.321873427 -0.908504963 -0.269967842 -0.267735763 -0.924897251 -0.269967842 -0.267735763 -0.924897251 -0.269967842 -0.267735763 -0.924897251 0.324074755 0.263807287 0.908504963 0.324074755 0.263807287 0.908504963 0.324074755 0.263807287 0.908504963 0.269967842 0.267735763 0.924897251 0.269967842 0.267735763 0.924897251 0.269967842 0.267735763 0.924897251 -0.322618469 -0.262302602 -0.909458448 -0.322618469 -0.262302602 -0.909458448 -0.322618469 -0.262302602 -0.909458448 -0.295528888 -0.293085472 -0.909265408 -0.295528888 -0.293085472 -0.909265408 -0.295528888 -0.293085472 -0.909265408 -0.00856180824 0.999963347 0 -0.00856180824 0.999963347 0 -0.00856180824 0.999963347 0 -0.00856180824 0.999963347 0 -0.00856180824 0.999963347 0 -0.00856180824 0.999963347 0 0.999857804 -0.0168633295 0 0.999857804 -0.0168633295 0 0.999857804 -0.0168633295 0 0.999857804 -0.0168633295 0 0.999857804 -0.0168633295 0 0.999857804 -0.0168633295 0 0.235248354 0.30233324 0.923716853 0.235248354 0.30233324 0.923716853 0.235248354 0.30233324 0.923716853 0.245320528 0.301691536 0.921303455 0.245320528 0.301691536 0.921303455 0.245320528 0.301691536 0.921303455 -0.240015143 -0.306857196 -0.920994784 -0.240015143 -0.306857196 -0.920994784 -0.240015143 -0.306857196 -0.920994784 -0.237511932 -0.294229495 -0.925752173 -0.237511932 -0.294229495 -0.925752173 -0.237511932 -0.294229495 -0.925752173 0.308839256 0.237459306 0.920994784 0.308839256 0.237459306 0.920994784 0.308839256 0.237459306 0.920994784 0.296191208 0.235061018 0.925752173 0.296191208 0.235061018 0.925752173 0.296191208 0.235061018 0.925752173 -0.304275881 -0.232730239 -0.923716853 -0.304275881 -0.232730239 -0.923716853 -0.304275881 -0.232730239 -0.923716853 -0.303717819 -0.242807394 -0.921303455 -0.303717819 -0.242807394 -0.921303455 -0.303717819 -0.242807394 -0.921303455 -0.195175144 0.980768404 0 -0.195175144 0.980768404 0 -0.195175144 0.980768404 0 -0.195175144 0.980768404 0 -0.195175144 0.980768404 0 -0.195175144 0.980768404 0 0.979114236 -0.203310875 0 0.979114236 -0.203310875 0 0.979114236 -0.203310875 0 0.979114236 -0.203310875 0 0.979114236 -0.203310875 0 0.979114236 -0.203310875 0 0.188407609 0.26394011 0.945958874 0.188407609 0.26394011 0.945958874 0.188407609 0.26394011 0.945958874 0.196642664 0.265549802 0.943829945 0.196642664 0.265549802 0.943829945 0.196642664 0.265549802 0.943829945 -0.193404999 -0.268704442 -0.943606077 -0.193404999 -0.268704442 -0.943606077 -0.193404999 -0.268704442 -0.943606077 -0.190164176 -0.259352501 -0.946875845 -0.190164176 -0.259352501 -0.946875845 -0.190164176 -0.259352501 -0.946875845 0.270300853 0.191167517 0.943606077 0.270300853 0.191167517 0.943606077 0.270300853 0.191167517 0.943606077 0.260922329 0.188004447 0.946875845 0.260922329 0.188004447 0.946875845 0.260922329 0.188004447 0.946875845 -0.265495196 -0.186209854 -0.945958874 -0.265495196 -0.186209854 -0.945958874 -0.265495196 -0.186209854 -0.945958874 -0.267173202 -0.19443126 -0.943829945 -0.267173202 -0.19443126 -0.943829945 -0.267173202 -0.19443126 -0.943829945 -0.309052006 0.95104514 0 -0.309052006 0.95104514 0 -0.309052006 0.95104514 0 -0.309052006 0.95104514 0 -0.309052006 0.95104514 0 -0.309052006 0.95104514 0 0.948446577 -0.316937047 0 0.948446577 -0.316937047 0 0.948446577 -0.316937047 0 0.948446577 -0.316937047 0 0.948446577 -0.316937047 0 0.948446577 -0.316937047 0 0.120719125 0.20302625 0.971703265 0.120719125 0.20302625 0.971703265 0.120719125 0.20302625 0.971703265 0.127181699 0.205213735 0.970418538 0.127181699 0.205213735 0.970418538 0.127181699 0.205213735 0.970418538 -0.125104973 -0.207251705 -0.970255367 -0.125104973 -0.207251705 -0.970255367 -0.125104973 -0.207251705 -0.970255367 -0.122076693 -0.200288114 -0.972101822 -0.122076693 -0.200288114 -0.972101822 -0.122076693 -0.200288114 -0.972101822 0.208283199 0.123380032 0.970255367 0.208283199 0.123380032 0.970255367 0.208283199 0.123380032 0.970255367 0.201294707 0.120409669 0.972101822 0.201294707 0.120409669 0.972101822 0.201294707 0.120409669 0.972101822 -0.204021478 -0.119029417 -0.971703265 -0.204021478 -0.119029417 -0.971703265 -0.204021478 -0.119029417 -0.971703265 -0.20626254 -0.125473607 -0.970418538 -0.20626254 -0.125473607 -0.970418538 -0.20626254 -0.125473607 -0.970418538 -0.420611871 0.907240681 0 -0.420611871 0.907240681 0 -0.420611871 0.907240681 0 -0.420611871 0.907240681 0 -0.420611871 0.907240681 0 -0.420611871 0.907240681 0 0.903717445 -0.428129397 0 0.903717445 -0.428129397 0 0.903717445 -0.428129397 0 0.903717445 -0.428129397 0 0.903717445 -0.428129397 0 0.903717445 -0.428129397 0 0.0339011308 0.121025445 0.992070338 0.0339011308 0.121025445 0.992070338 0.0339011308 0.121025445 0.992070338 0.0381063603 0.122810716 0.991698257 0.0381063603 0.122810716 0.991698257 0.0381063603 0.122810716 0.991698257 -0.036926422 -0.123984011 -0.991596896 -0.036926422 -0.123984011 -0.991596896 -0.036926422 -0.123984011 -0.991596896 -0.0348230502 -0.119598548 -0.99221144 -0.0348230502 -0.119598548 -0.99221144 -0.0348230502 -0.119598548 -0.99221144 0.124286306 0.0358958192 0.991596896 0.124286306 0.0358958192 0.991596896 0.124286306 0.0358958192 0.991596896 0.119883531 0.0338289285 0.99221144 0.119883531 0.0338289285 0.99221144 0.119883531 0.0338289285 0.99221144 -0.121302725 -0.0328951946 -0.992070338 -0.121302725 -0.0328951946 -0.992070338 -0.121302725 -0.0328951946 -0.992070338 -0.123122847 -0.0370854577 -0.991698257 -0.123122847 -0.0370854577 -0.991698257 -0.123122847 -0.0370854577 -0.991698257 -0.536092312 0.844159364 0 -0.536092312 0.844159364 0 -0.536092312 0.844159364 0 -0.536092312 0.844159364 0 -0.536092312 0.844159364 0 -0.536092312 0.844159364 0 0.839679569 -0.54308215 0 0.839679569 -0.54308215 0 0.839679569 -0.54308215 0 0.839679569 -0.54308215 0 0.839679569 -0.54308215 0 0.839679569 -0.54308215 0 -0.0650196135 0.0241740383 0.997591132 -0.0650196135 0.0241740383 0.997591132 -0.0650196135 0.0241740383 0.997591132 -0.0635683072 0.0248550443 0.997667929 -0.0635683072 0.0248550443 0.997667929 -0.0635683072 0.0248550443 0.997667929 0.0639486794 -0.0252399239 -0.997633957 0.0639486794 -0.0252399239 -0.997633957 0.0639486794 -0.0252399239 -0.997633957 0.0646675029 -0.0237610612 -0.99762394 0.0646675029 -0.0237610612 -0.99762394 0.0646675029 -0.0237610612 -0.99762394 0.0247081444 -0.0641560204 0.997633957 0.0247081444 -0.0641560204 0.997633957 0.0247081444 -0.0641560204 0.997633957 0.0232233649 -0.0648625415 0.99762394 0.0232233649 -0.0648625415 0.99762394 0.0232233649 -0.0648625415 0.99762394 -0.0236334045 0.0652180685 -0.997591132 -0.0236334045 0.0652180685 -0.997591132 -0.0236334045 0.0652180685 -0.997591132 -0.024326436 0.063772466 -0.997667929 -0.024326436 0.063772466 -0.997667929 -0.024326436 0.063772466 -0.997667929 -0.650354311 0.759631009 0 -0.650354311 0.759631009 0 -0.650354311 0.759631009 0 -0.650354311 0.759631009 0 -0.650354311 0.759631009 0 -0.650354311 0.759631009 0 0.75420551 -0.656638446 0 0.75420551 -0.656638446 0 0.75420551 -0.656638446 0 0.75420551 -0.656638446 0 0.75420551 -0.656638446 0 0.75420551 -0.656638446 0 -0.164362215 -0.0763590261 0.983440065 -0.164362215 -0.0763590261 0.983440065 -0.164362215 -0.0763590261 0.983440065 -0.16577673 -0.0770334097 0.983150004 -0.16577673 -0.0770334097 0.983150004 -0.16577673 -0.0770334097 0.983150004 0.165405217 0.0774160957 -0.983182517 0.165405217 0.0774160957 -0.983182517 0.165405217 0.0774160957 -0.983182517 0.164760636 0.0760034157 -0.983400942 0.164760636 0.0760034157 -0.983400942 0.164760636 0.0760034157 -0.983400942 -0.0787866417 -0.164756799 0.983182517 -0.0787866417 -0.164756799 0.983182517 -0.0787866417 -0.164756799 0.983182517 -0.0773686591 -0.164123969 0.983400942 -0.0773686591 -0.164123969 0.983400942 -0.0773686591 -0.164123969 0.983400942 0.0777209495 0.163722609 -0.983440065 0.0777209495 0.163722609 -0.983440065 0.0777209495 0.163722609 -0.983440065 0.0784070533 0.165131476 -0.983150004 0.0784070533 0.165131476 -0.983150004 0.0784070533 0.165131476 -0.983150004 -0.75420551 0.656638446 0 -0.75420551 0.656638446 0 -0.75420551 0.656638446 0 -0.75420551 0.656638446 0 -0.75420551 0.656638446 0 -0.75420551 0.656638446 0 0.650354311 -0.759631009 0 0.650354311 -0.759631009 0 0.650354311 -0.759631009 0 0.650354311 -0.759631009 0 0.650354311 -0.759631009 0 0.650354311 -0.759631009 0 -0.252209915 -0.168431342 0.952901381 -0.252209915 -0.168431342 0.952901381 -0.252209915 -0.168431342 0.952901381 -0.25614511 -0.170193778 0.951537577 -0.25614511 -0.170193778 0.951537577 -0.25614511 -0.170193778 0.951537577 0.255040581 0.171347846 -0.951627142 0.255040581 0.171347846 -0.951627142 0.255040581 0.171347846 -0.951627142 0.253539003 0.167505764 -0.95271181 0.253539003 0.167505764 -0.95271181 0.253539003 0.167505764 -0.95271181 -0.173459318 -0.253609241 0.951627142 -0.173459318 -0.253609241 0.951627142 -0.173459318 -0.253609241 0.951627142 -0.169604903 -0.252139612 0.95271181 -0.169604903 -0.252139612 0.95271181 -0.169604903 -0.252139612 0.95271181 0.170519414 0.250802886 -0.952901381 0.170519414 0.250802886 -0.952901381 0.170519414 0.250802886 -0.952901381 0.17231446 0.254723313 -0.951537577 0.17231446 0.254723313 -0.951537577 0.17231446 0.254723313 -0.951537577 -0.839679569 0.54308215 0 -0.839679569 0.54308215 0 -0.839679569 0.54308215 0 -0.839679569 0.54308215 0 -0.839679569 0.54308215 0 -0.839679569 0.54308215 0 0.536092312 -0.844159364 0 0.536092312 -0.844159364 0 0.536092312 -0.844159364 0 0.536092312 -0.844159364 0 0.536092312 -0.844159364 0 0.536092312 -0.844159364 0 -0.32112645 -0.243896677 0.915091369 -0.32112645 -0.243896677 0.915091369 -0.32112645 -0.243896677 0.915091369 -0.32709937 -0.246177178 0.912361112 -0.32709937 -0.246177178 0.912361112 -0.32709937 -0.246177178 0.912361112 0.325215021 0.248162887 -0.912496779 0.325215021 0.248162887 -0.912496779 0.325215021 0.248162887 -0.912496779 0.32359474 0.242510426 -0.914590147 0.32359474 0.242510426 -0.914590147 0.32359474 0.242510426 -0.914590147 -0.250854309 -0.323143535 0.912496779 -0.250854309 -0.323143535 0.912496779 -0.250854309 -0.323143535 0.912496779 -0.245188591 -0.321570237 0.914590147 -0.245188591 -0.321570237 0.914590147 -0.245188591 -0.321570237 0.914590147 0.246554302 0.319090523 -0.915091369 0.246554302 0.319090523 -0.915091369 0.246554302 0.319090523 -0.915091369 0.248884312 0.325044304 -0.912361112 0.248884312 0.325044304 -0.912361112 0.248884312 0.325044304 -0.912361112 -0.903717445 0.428129397 0 -0.903717445 0.428129397 0 -0.903717445 0.428129397 0 -0.903717445 0.428129397 0 -0.903717445 0.428129397 0 -0.903717445 0.428129397 0 0.420611871 -0.907240681 0 0.420611871 -0.907240681 0 0.420611871 -0.907240681 0 0.420611871 -0.907240681 0 0.420611871 -0.907240681 0 0.420611871 -0.907240681 0 -0.368938498 -0.300150962 0.879655492 -0.368938498 -0.300150962 0.879655492 -0.368938498 -0.300150962 0.879655492 -0.376771776 -0.302301102 0.875589557 -0.376771776 -0.302301102 0.875589557 -0.376771776 -0.302301102 0.875589557 0.373887124 0.305349156 -0.875768412 0.373887124 0.305349156 -0.875768412 0.373887124 0.305349156 -0.875768412 0.372972314 0.298288763 -0.878587199 0.372972314 0.298288763 -0.878587199 0.372972314 0.298288763 -0.878587199 -0.308442689 -0.371339193 0.875768412 -0.308442689 -0.371339193 0.875768412 -0.308442689 -0.371339193 0.875768412 -0.301374945 -0.370483031 0.878587199 -0.301374945 -0.370483031 0.878587199 -0.301374945 -0.370483031 0.878587199 0.30320359 0.366433894 -0.879655492 0.30320359 0.366433894 -0.879655492 0.30320359 0.366433894 -0.879655492 0.305418688 0.374249051 -0.875589557 0.305418688 0.374249051 -0.875589557 0.305418688 0.374249051 -0.875589557 -0.948446577 0.316937047 0 -0.948446577 0.316937047 0 -0.948446577 0.316937047 0 -0.948446577 0.316937047 0 -0.948446577 0.316937047 0 -0.948446577 0.316937047 0 0.309052006 -0.95104514 0 0.309052006 -0.95104514 0 0.309052006 -0.95104514 0 0.309052006 -0.95104514 0 0.309052006 -0.95104514 0 0.309052006 -0.95104514 0 -0.395905357 -0.338523257 0.853616397 -0.395905357 -0.338523257 0.853616397 -0.395905357 -0.338523257 0.853616397 -0.406436663 -0.339690832 0.848185933 -0.406436663 -0.339690832 0.848185933 -0.406436663 -0.339690832 0.848185933 0.401740542 0.34463914 -0.848427015 0.401740542 0.34463914 -0.848427015 0.401740542 0.34463914 -0.848427015 0.402906898 0.335953606 -0.851352575 0.402906898 0.335953606 -0.851352575 0.402906898 0.335953606 -0.851352575 -0.347962561 -0.398865461 0.848427015 -0.347962561 -0.398865461 0.848427015 -0.347962561 -0.398865461 0.848427015 -0.33928701 -0.400103885 0.851352575 -0.33928701 -0.400103885 0.851352575 -0.33928701 -0.400103885 0.851352575 0.341798445 0.393081252 -0.853616397 0.341798445 0.393081252 -0.853616397 0.341798445 0.393081252 -0.853616397 0.343053412 0.403602501 -0.848185933 0.343053412 0.403602501 -0.848185933 0.343053412 0.403602501 -0.848185933 -0.979114236 0.203310875 0 -0.979114236 0.203310875 0 -0.979114236 0.203310875 0 -0.979114236 0.203310875 0 -0.979114236 0.203310875 0 -0.979114236 0.203310875 0 0.195175144 -0.980768404 0 0.195175144 -0.980768404 0 0.195175144 -0.980768404 0 0.195175144 -0.980768404 0 0.195175144 -0.980768404 0 0.195175144 -0.980768404 0 -0.371383147 -0.368312573 0.852303002 -0.371383147 -0.368312573 0.852303002 -0.371383147 -0.368312573 0.852303002 -0.417413804 -0.361104407 0.833888076 -0.417413804 -0.361104407 0.833888076 -0.417413804 -0.361104407 0.833888076 0.391261254 0.388026329 -0.834476003 0.391261254 0.388026329 -0.834476003 0.391261254 0.388026329 -0.834476003 0.416297669 0.359929991 -0.834953084 0.416297669 0.359929991 -0.834953084 0.416297669 0.359929991 -0.834953084 -0.391261254 -0.388026329 0.834476003 -0.391261254 -0.388026329 0.834476003 -0.391261254 -0.388026329 0.834476003 -0.36337374 -0.41329514 0.834953084 -0.36337374 -0.41329514 0.834953084 -0.36337374 -0.41329514 0.834953084 0.371383147 0.368312573 -0.852303002 0.371383147 0.368312573 -0.852303002 0.371383147 0.368312573 -0.852303002 0.364557382 0.414401487 -0.833888076 0.364557382 0.414401487 -0.833888076 0.364557382 0.414401487 -0.833888076 -0.999857804 0.0168633295 0 -0.999857804 0.0168633295 0 -0.999857804 0.0168633295 0 -0.999857804 0.0168633295 0 -0.999857804 0.0168633295 0 -0.999857804 0.0168633295 0 0.00856180824 -0.999963347 0 0.00856180824 -0.999963347 0 0.00856180824 -0.999963347 0 0.00856180824 -0.999963347 0 0.00856180824 -0.999963347 0 0.00856180824 -0.999963347 0 0.710035957 0.704165421 0 0.710035957 0.704165421 0 0.710035957 0.704165421 0 0.710035957 0.704165421 0 0.710035957 0.704165421 0 0.710035957 0.704165421 0 0.710035957 0.704165421 0 0.710035957 0.704165421 0 0.710035957 0.704165421 0 0.710035957 0.704165421 0 0.710035957 0.704165421 0 0.710035957 0.704165421 0 -0.710035957 -0.704165421 0 -0.710035957 -0.704165421 0 -0.710035957 -0.704165421 0 -0.710035957 -0.704165421 0 -0.710035957 -0.704165421 0 -0.710035957 -0.704165421 0 -0.710035957 -0.704165421 0 -0.710035957 -0.704165421 0 -0.710035957 -0.704165421 0 -0.710035957 -0.704165421 0 -0.710035957 -0.704165421 0 -0.710035957 -0.704165421 0 -0.0808785604 0.110475858 0.990582527 -0.0808785604 0.110475858 0.990582527 -0.0808785604 0.110475858 0.990582527 -0.0380788382 0.127075898 0.991161802 -0.0380788382 0.127075898 0.991161802 -0.0380788382 0.127075898 0.991161802 0.0818563935 -0.113812808 -0.990124323 0.0818563935 -0.113812808 -0.990124323 0.0818563935 -0.113812808 -0.990124323 0.0216023184 -0.0720908028 -0.997164107 0.0216023184 -0.0720908028 -0.997164107 0.0216023184 -0.0720908028 -0.997164107 0.00577843359 0.14007296 0.990124323 0.00577843359 0.14007296 0.990124323 0.00577843359 0.14007296 0.990124323 -0.0216023184 0.0720908028 0.997164107 -0.0216023184 0.0720908028 0.997164107 -0.0216023184 0.0720908028 0.997164107 -0.00679682187 -0.136748162 -0.990582527 -0.00679682187 -0.136748162 -0.990582527 -0.00679682187 -0.136748162 -0.990582527 0.0380788382 -0.127075898 -0.991161802 0.0380788382 -0.127075898 -0.991161802 0.0380788382 -0.127075898 -0.991161802 -0.836904409 0.547349076 0 -0.836904409 0.547349076 0 -0.836904409 0.547349076 0 -0.836904409 0.547349076 0 -0.836904409 0.547349076 0 -0.836904409 0.547349076 0 0.397989004 0.917390186 0 0.397989004 0.917390186 0 0.397989004 0.917390186 0 0.397989004 0.917390186 0 0.397989004 0.917390186 0 0.397989004 0.917390186 0 -0.0762683226 0.0657388306 0.99491786 -0.0762683226 0.0657388306 0.99491786 -0.0762683226 0.0657388306 0.99491786 -0.0713350122 0.0780134188 0.994396914 -0.0713350122 0.0780134188 0.994396914 -0.0713350122 0.0780134188 0.994396914 0.0791771718 -0.0756226139 -0.993988026 0.0791771718 -0.0756226139 -0.993988026 0.0791771718 -0.0756226139 -0.993988026 0.0665479483 -0.0618014553 -0.995867436 0.0665479483 -0.0618014553 -0.995867436 0.0665479483 -0.0618014553 -0.995867436 0.0245426115 0.106702692 0.993988026 0.0245426115 0.106702692 0.993988026 0.0245426115 0.106702692 0.993988026 0.0215951954 0.0882139265 0.995867436 0.0215951954 0.0882139265 0.995867436 0.0215951954 0.0882139265 0.995867436 -0.0275484863 -0.0968479829 -0.99491786 -0.0275484863 -0.0968479829 -0.99491786 -0.0275484863 -0.0968479829 -0.99491786 -0.0166779773 -0.104386889 -0.994396914 -0.0166779773 -0.104386889 -0.994396914 -0.0166779773 -0.104386889 -0.994396914 -0.925751459 0.378132565 0 -0.925751459 0.378132565 0 -0.925751459 0.378132565 0 -0.925751459 0.378132565 0 -0.925751459 0.378132565 0 -0.925751459 0.378132565 0 0.565252137 0.824918191 0 0.565252137 0.824918191 0 0.565252137 0.824918191 0 0.565252137 0.824918191 0 0.565252137 0.824918191 0 0.565252137 0.824918191 0 -0.0602117664 -0.00560393218 0.998169895 -0.0602117664 -0.00560393218 0.998169895 -0.0602117664 -0.00560393218 0.998169895 -0.0584286565 0.00556746488 0.998276062 -0.0584286565 0.00556746488 0.998276062 -0.0584286565 0.00556746488 0.998276062 0.0631249743 -0.00415374207 -0.997996986 0.0631249743 -0.00415374207 -0.997996986 0.0631249743 -0.00415374207 -0.997996986 0.0546472982 0.00709040443 -0.998480545 0.0546472982 0.00709040443 -0.998480545 0.0546472982 0.00709040443 -0.998480545 0.0504384364 0.0381835054 0.997996986 0.0504384364 0.0381835054 0.997996986 0.0504384364 0.0381835054 0.997996986 0.0495412665 0.0241301461 0.998480545 0.0495412665 0.0241301461 0.998480545 0.0495412665 0.0241301461 0.998480545 -0.0533713198 -0.028431727 -0.998169895 -0.0533713198 -0.028431727 -0.998169895 -0.0533713198 -0.028431727 -0.998169895 -0.045738571 -0.0367816216 -0.998276062 -0.045738571 -0.0367816216 -0.998276062 -0.045738571 -0.0367816216 -0.998276062 -0.966412561 0.256995646 0 -0.966412561 0.256995646 0 -0.966412561 0.256995646 0 -0.966412561 0.256995646 0 -0.966412561 0.256995646 0 -0.966412561 0.256995646 0 0.665829456 0.746103971 0 0.665829456 0.746103971 0 0.665829456 0.746103971 0 0.665829456 0.746103971 0 0.665829456 0.746103971 0 0.665829456 0.746103971 0 -0.0337497909 -0.103749255 0.994030706 -0.0337497909 -0.103749255 0.994030706 -0.0337497909 -0.103749255 0.994030706 -0.033204663 -0.0950585354 0.994917748 -0.033204663 -0.0950585354 0.994917748 -0.033204663 -0.0950585354 0.994917748 0.0361408762 0.0959225357 -0.994732479 0.0361408762 0.0959225357 -0.994732479 0.0361408762 0.0959225357 -0.994732479 0.0304229345 0.104171204 -0.994093962 0.0304229345 0.104171204 -0.994093962 0.0304229345 0.104171204 -0.994093962 0.0829358547 -0.0602406823 0.994732479 0.0829358547 -0.0602406823 0.994732479 0.0829358547 -0.0602406823 0.994732479 0.0826963459 -0.0702745257 0.994093962 0.0826963459 -0.0702745257 0.994093962 0.0826963459 -0.0702745257 0.994093962 -0.0852429327 0.0680925749 -0.994030706 -0.0852429327 0.0680925749 -0.994030706 -0.0852429327 0.0680925749 -0.994030706 -0.080008357 0.0611337681 -0.994917748 -0.080008357 0.0611337681 -0.994917748 -0.080008357 0.0611337681 -0.994917748 -0.992306444 0.123805986 0 -0.992306444 0.123805986 0 -0.992306444 0.123805986 0 -0.992306444 0.123805986 0 -0.992306444 0.123805986 0 -0.992306444 0.123805986 0 0.760701176 0.649102242 0 0.760701176 0.649102242 0 0.760701176 0.649102242 0 0.760701176 0.649102242 0 0.760701176 0.649102242 0 0.760701176 0.649102242 0 0.000151257205 -0.218785823 0.975772894 0.000151257205 -0.218785823 0.975772894 0.000151257205 -0.218785823 0.975772894 0.00025392808 -0.213505866 0.976941749 0.00025392808 -0.213505866 0.976941749 0.00025392808 -0.213505866 0.976941749 0.00136383757 0.213968315 -0.976839649 0.00136383757 0.213968315 -0.976839649 0.00136383757 0.213968315 -0.976839649 -0.00189639695 0.218734739 -0.975782516 -0.00189639695 0.218734739 -0.975782516 -0.00189639695 0.218734739 -0.975782516 0.118806469 -0.177958767 0.976839649 0.118806469 -0.177958767 0.976839649 0.118806469 -0.177958767 0.976839649 0.118704679 -0.183732636 0.975782516 0.118704679 -0.183732636 0.975782516 0.118704679 -0.183732636 0.975782516 -0.120190332 0.182815599 -0.975772894 -0.120190332 0.182815599 -0.975772894 -0.120190332 0.182815599 -0.975772894 -0.117200979 0.17846218 -0.976941749 -0.117200979 0.17846218 -0.976941749 -0.117200979 0.17846218 -0.976941749 -0.999534938 -0.0304943861 -0 -0.999534938 -0.0304943861 -0 -0.999534938 -0.0304943861 -0 -0.999534938 -0.0304943861 0 -0.999534938 -0.0304943861 0 -0.999534938 -0.0304943861 0 0.851592743 0.524203967 0 0.851592743 0.524203967 0 0.851592743 0.524203967 0 0.851592743 0.524203967 0 0.851592743 0.524203967 0 0.851592743 0.524203967 0 0.0371026253 -0.33616874 0.941070653 0.0371026253 -0.33616874 0.941070653 0.0371026253 -0.33616874 0.941070653 0.0371174423 -0.334517166 0.94165841 0.0371174423 -0.334517166 0.94165841 0.0371174423 -0.334517166 0.94165841 -0.0366120842 0.334657551 -0.941628312 -0.0366120842 0.334657551 -0.941628312 -0.0366120842 0.334657551 -0.941628312 -0.0376206042 0.336068254 -0.941085978 -0.0376206042 0.336068254 -0.941085978 -0.0376206042 0.336068254 -0.941085978 0.153459054 -0.299643855 0.941628312 0.153459054 -0.299643855 0.941628312 0.153459054 -0.299643855 0.941628312 0.153392513 -0.301376705 0.941085978 0.153392513 -0.301376705 0.941085978 0.153392513 -0.301376705 0.941085978 -0.153880395 0.30117578 -0.941070653 -0.153880395 0.30117578 -0.941070653 -0.153880395 0.30117578 -0.941070653 -0.152959771 0.299804515 -0.94165841 -0.152959771 0.299804515 -0.94165841 -0.152959771 0.299804515 -0.94165841 -0.979665077 -0.200639817 -0 -0.979665077 -0.200639817 -0 -0.979665077 -0.200639817 -0 -0.979665077 -0.200639817 0 -0.979665077 -0.200639817 0 -0.979665077 -0.200639817 0 0.928565112 0.371169548 0 0.928565112 0.371169548 0 0.928565112 0.371169548 0 0.928565112 0.371169548 0 0.928565112 0.371169548 0 0.928565112 0.371169548 0 0.0725194538 -0.442014791 0.894071503 0.0725194538 -0.442014791 0.894071503 0.0725194538 -0.442014791 0.894071503 0.0724820055 -0.443468937 0.893354163 0.0724820055 -0.443468937 0.893354163 0.0724820055 -0.443468937 0.893354163 -0.0729624291 0.443338359 -0.893379865 -0.0729624291 0.443338359 -0.893379865 -0.0729624291 0.443338359 -0.893379865 -0.0720500589 0.442179505 -0.894028005 -0.0720500589 0.442179505 -0.894028005 -0.0720500589 0.442179505 -0.894028005 0.182865557 -0.410405415 0.893379865 0.182865557 -0.410405415 0.893379865 0.182865557 -0.410405415 0.893379865 0.182990291 -0.408935788 0.894028005 0.182990291 -0.408935788 0.894028005 0.182990291 -0.408935788 0.894028005 -0.182507666 0.409056352 -0.894071503 -0.182507666 0.409056352 -0.894071503 -0.182507666 0.409056352 -0.894071503 -0.18333862 0.410250276 -0.893354163 -0.18333862 0.410250276 -0.893354163 -0.18333862 0.410250276 -0.893354163 -0.928565112 -0.371169548 -0 -0.928565112 -0.371169548 -0 -0.928565112 -0.371169548 -0 -0.928565112 -0.371169548 0 -0.928565112 -0.371169548 0 -0.928565112 -0.371169548 0 0.979665077 0.200639817 0 0.979665077 0.200639817 0 0.979665077 0.200639817 0 0.979665077 0.200639817 0 0.979665077 0.200639817 0 0.979665077 0.200639817 0 0.103225705 -0.527976721 0.842962061 0.103225705 -0.527976721 0.842962061 0.103225705 -0.527976721 0.842962061 0.102967401 -0.531677808 0.840664275 0.102967401 -0.531677808 0.840664275 0.102967401 -0.531677808 0.840664275 -0.104367699 0.531301746 -0.840729349 -0.104367699 0.531301746 -0.840729349 -0.104367699 0.531301746 -0.840729349 -0.101912108 0.528616215 -0.84272108 -0.101912108 0.528616215 -0.84272108 -0.101912108 0.528616215 -0.84272108 0.205009132 -0.501144109 0.840729349 0.205009132 -0.501144109 0.840729349 0.205009132 -0.501144109 0.840729349 0.205583218 -0.497550722 0.84272108 0.205583218 -0.497550722 0.84272108 0.205583218 -0.497550722 0.84272108 -0.20413441 0.497738994 -0.842962061 -0.20413441 0.497738994 -0.842962061 -0.20413441 0.497738994 -0.842962061 -0.206385484 0.500688135 -0.840664275 -0.206385484 0.500688135 -0.840664275 -0.206385484 0.500688135 -0.840664275 -0.851592743 -0.524203967 -0 -0.851592743 -0.524203967 -0 -0.851592743 -0.524203967 -0 -0.851592743 -0.524203967 0 -0.851592743 -0.524203967 0 -0.851592743 -0.524203967 0 0.999534938 0.0304943861 0 0.999534938 0.0304943861 0 0.999534938 0.0304943861 0 0.999534938 0.0304943861 0 0.999534938 0.0304943861 0 0.999534938 0.0304943861 0 0.128047249 -0.591967988 0.795724703 0.128047249 -0.591967988 0.795724703 0.128047249 -0.591967988 0.795724703 0.12729036 -0.59717914 0.791943331 0.12729036 -0.59717914 0.791943331 0.12729036 -0.59717914 0.791943331 -0.129648213 0.596547592 -0.792036812 -0.129648213 0.596547592 -0.792036812 -0.129648213 0.596547592 -0.792036812 -0.125907086 0.593252137 -0.79510962 -0.125907086 0.593252137 -0.79510962 -0.125907086 0.593252137 -0.79510962 0.21977514 -0.569540672 0.792036812 0.21977514 -0.569540672 0.792036812 0.21977514 -0.569540672 0.792036812 0.221087505 -0.564730916 0.79510962 0.221087505 -0.564730916 0.79510962 0.221087505 -0.564730916 0.79510962 -0.218593826 0.564835317 -0.795724703 -0.218593826 0.564835317 -0.795724703 -0.218593826 0.564835317 -0.795724703 -0.222091751 0.568771496 -0.791943331 -0.222091751 0.568771496 -0.791943331 -0.222091751 0.568771496 -0.791943331 -0.760701176 -0.649102242 -0 -0.760701176 -0.649102242 -0 -0.760701176 -0.649102242 -0 -0.760701176 -0.649102242 0 -0.760701176 -0.649102242 0 -0.760701176 -0.649102242 0 0.992306444 -0.123805986 0 0.992306444 -0.123805986 0 0.992306444 -0.123805986 0 0.992306444 -0.123805986 0 0.992306444 -0.123805986 0 0.992306444 -0.123805986 0 0.147383117 -0.635632366 0.757792658 0.147383117 -0.635632366 0.757792658 0.147383117 -0.635632366 0.757792658 0.145704528 -0.641997907 0.752734268 0.145704528 -0.641997907 0.752734268 0.145704528 -0.641997907 0.752734268 -0.149282762 0.641034729 -0.752853992 -0.149282762 0.641034729 -0.752853992 -0.149282762 0.641034729 -0.752853992 -0.144224675 0.637846604 -0.756538798 -0.144224675 0.637846604 -0.756538798 -0.144224675 0.637846604 -0.756538798 0.227840905 -0.617494444 0.752853992 0.227840905 -0.617494444 0.752853992 0.227840905 -0.617494444 0.752853992 0.230312235 -0.612050097 0.756538798 0.230312235 -0.612050097 0.756538798 0.230312235 -0.612050097 0.756538798 -0.226456595 0.611937659 -0.757792658 -0.226456595 0.611937659 -0.757792658 -0.226456595 0.611937659 -0.757792658 -0.231359166 0.616331127 -0.752734268 -0.231359166 0.616331127 -0.752734268 -0.231359166 0.616331127 -0.752734268 -0.665829456 -0.746103971 -0 -0.665829456 -0.746103971 -0 -0.665829456 -0.746103971 -0 -0.665829456 -0.746103971 0 -0.665829456 -0.746103971 0 -0.665829456 -0.746103971 0 0.966412561 -0.256995646 0 0.966412561 -0.256995646 0 0.966412561 -0.256995646 0 0.966412561 -0.256995646 0 0.966412561 -0.256995646 0 0.966412561 -0.256995646 0 0.16285771 -0.661330341 0.732201848 0.16285771 -0.661330341 0.732201848 0.16285771 -0.661330341 0.732201848 0.159257018 -0.66919166 0.72582348 0.159257018 -0.66919166 0.72582348 0.159257018 -0.66919166 0.72582348 -0.16504107 0.667615649 -0.725982638 -0.16504107 0.667615649 -0.725982638 -0.16504107 0.667615649 -0.725982638 -0.15790056 0.665383572 -0.729610935 -0.15790056 0.665383572 -0.729610935 -0.15790056 0.665383572 -0.729610935 0.229297004 -0.648361082 0.725982638 0.229297004 -0.648361082 0.725982638 0.229297004 -0.648361082 0.725982638 0.234033356 -0.642570052 0.729610935 0.234033356 -0.642570052 0.729610935 0.234033356 -0.642570052 0.729610935 -0.227664099 0.641910828 -0.732201848 -0.227664099 0.641910828 -0.732201848 -0.227664099 0.641910828 -0.732201848 -0.234994605 0.646496568 -0.72582348 -0.234994605 0.646496568 -0.72582348 -0.234994605 0.646496568 -0.72582348 -0.565252137 -0.824918191 -0 -0.565252137 -0.824918191 -0 -0.565252137 -0.824918191 -0 -0.565252137 -0.824918191 0 -0.565252137 -0.824918191 0 -0.565252137 -0.824918191 0 0.925751459 -0.378132565 0 0.925751459 -0.378132565 0 0.925751459 -0.378132565 0 0.925751459 -0.378132565 0 0.925751459 -0.378132565 0 0.925751459 -0.378132565 0 0.195015654 -0.650802141 0.733774807 0.195015654 -0.650802141 0.733774807 0.195015654 -0.650802141 0.733774807 0.169722201 -0.681036629 0.71230856 0.169722201 -0.681036629 0.71230856 0.169722201 -0.681036629 0.71230856 -0.201354083 0.671954612 -0.712694558 -0.201354083 0.671954612 -0.712694558 -0.201354083 0.671954612 -0.712694558 -0.169293549 0.679810831 -0.713580358 -0.169293549 0.679810831 -0.713580358 -0.169293549 0.679810831 -0.713580358 0.201354083 -0.671954612 0.712694558 0.201354083 -0.671954612 0.712694558 0.201354083 -0.671954612 0.712694558 0.23245177 -0.660885199 0.713580358 0.23245177 -0.660885199 0.713580358 0.23245177 -0.660885199 0.713580358 -0.195015654 0.650802141 -0.733774807 -0.195015654 0.650802141 -0.733774807 -0.195015654 0.650802141 -0.733774807 -0.232767857 0.662144728 -0.71230856 -0.232767857 0.662144728 -0.71230856 -0.232767857 0.662144728 -0.71230856 -0.397989004 -0.917390186 -0 -0.397989004 -0.917390186 -0 -0.397989004 -0.917390186 -0 -0.397989004 -0.917390186 0 -0.397989004 -0.917390186 0 -0.397989004 -0.917390186 0 0.836904409 -0.547349076 0 0.836904409 -0.547349076 0 0.836904409 -0.547349076 0 0.836904409 -0.547349076 0 0.836904409 -0.547349076 0 0.836904409 -0.547349076 0 -0.287044054 0.957917382 0 -0.287044054 0.957917382 0 -0.287044054 0.957917382 0 -0.287044054 0.957917382 0 -0.287044054 0.957917382 0 -0.287044054 0.957917382 0 -0.287044054 0.957917382 0 -0.287044054 0.957917382 0 -0.287044054 0.957917382 0 -0.287044054 0.957917382 0 -0.287044054 0.957917382 0 -0.287044054 0.957917382 0 0.287044054 -0.957917382 0 0.287044054 -0.957917382 0 0.287044054 -0.957917382 0 0.287044054 -0.957917382 0 0.287044054 -0.957917382 0 0.287044054 -0.957917382 0 0.287044054 -0.957917382 0 0.287044054 -0.957917382 0 0.287044054 -0.957917382 0 0.287044054 -0.957917382 0 0.287044054 -0.957917382 0 0.287044054 -0.957917382 0</float_array><technique_common><accessor source="#rezero-leaf-n-array" count="5088" stride="3"><param name="X" type="float" /><param name="Y" type="float" /><param name="Z" type="float" /></accessor></technique_common></source><source id="rezero-leaf-uv"><float_array id="rezero-leaf-uv-array" count="10176">0.181859485 -1.36 0.17484347 -1.36335791 0.0410151732 -1.08371308 0.181859485 -1.36 0.0410151732 -1.08371308 0.0478498658 -1.08 0.00777817459 -1.36335791 6.7355574e-19 -1.3647488 6.7355574e-19 -1.08525109 0.00777817459 -1.36335791 6.7355574e-19 -1.08525109 0.00777817459 -1.08371308 6.7355574e-19 -1.3647488 -0.00777817459 -1.36335791 -0.00777817459 -1.08371308 6.7355574e-19 -1.3647488 -0.00777817459 -1.08371308 6.7355574e-19 -1.08525109 0.17484347 -1.36335791 0.181859485 -1.36 0.0478498658 -1.08 0.17484347 -1.36335791 0.0478498658 -1.08 0.0410151732 -1.08371308 0.181859485 -1.36 0.188875501 -1.35664209 0.0546845585 -1.07628692 0.181859485 -1.36 0.0546845585 -1.07628692 0.0478498658 -1.08 -0.00777817459 -1.35664209 -2.02066722e-18 -1.3552512 -2.02066722e-18 -1.07474891 -0.00777817459 -1.35664209 -2.02066722e-18 -1.07474891 -0.00777817459 -1.07628692 -2.02066722e-18 -1.3552512 0.00777817459 -1.35664209 0.00777817459 -1.07628692 -2.02066722e-18 -1.3552512 0.00777817459 -1.07628692 -2.02066722e-18 -1.07474891 0.188875501 -1.35664209 0.181859485 -1.36 0.0478498658 -1.08 0.188875501 -1.35664209 0.0478498658 -1.08 0.0546845585 -1.07628692 0.0478498658 -1.08 0.0410151732 -1.08371308 -0.129484325 -0.803147829 0.0478498658 -1.08 -0.129484325 -0.803147829 -0.122371578 -0.8 0.00777817459 -1.08371308 6.7355574e-19 -1.08525109 6.7355574e-19 -0.804451703 0.00777817459 -1.08371308 6.7355574e-19 -0.804451703 0.00777817459 -0.803147829 6.7355574e-19 -1.08525109 -0.00777817459 -1.08371308 -0.00777817459 -0.803147829 6.7355574e-19 -1.08525109 -0.00777817459 -0.803147829 6.7355574e-19 -0.804451703 0.0410151732 -1.08371308 0.0478498658 -1.08 -0.122371578 -0.8 0.0410151732 -1.08371308 -0.122371578 -0.8 -0.129484325 -0.803147829 0.0478498658 -1.08 0.0546845585 -1.07628692 -0.115258831 -0.796852171 0.0478498658 -1.08 -0.115258831 -0.796852171 -0.122371578 -0.8 -0.00777817459 -1.07628692 -2.02066722e-18 -1.07474891 -2.02066722e-18 -0.795548297 -0.00777817459 -1.07628692 -2.02066722e-18 -0.795548297 -0.00777817459 -0.796852171 -2.02066722e-18 -1.07474891 0.00777817459 -1.07628692 0.00777817459 -0.796852171 -2.02066722e-18 -1.07474891 0.00777817459 -0.796852171 -2.02066722e-18 -0.795548297 0.0546845585 -1.07628692 0.0478498658 -1.08 -0.122371578 -0.8 0.0546845585 -1.07628692 -0.122371578 -0.8 -0.115258831 -0.796852171 -0.122371578 -0.8 -0.129484325 -0.803147829 -0.207762639 -0.520053915 0.011 -0.8 -0.00777817459 -0.520053915 0 -0.520076247 0.00777817459 -0.803147829 6.7355574e-19 -0.804451703 -0.011 -0.52 -0.129484325 -0.803147829 -0.199984652 -0.52 -0.207762639 -0.520053915 6.7355574e-19 -0.804451703 -0.00777817459 -0.803147829 -0.00777817459 -0.519946085 -0.132430522 -0.804451703 -0.192206664 -0.519946085 -0.199984652 -0.52 -0.129484325 -0.803147829 -0.122371578 -0.8 -0.188984916 -0.519923753 -0.00777817459 -0.803147829 -1.34711148e-18 -0.519923753 -0.00777817459 -0.519946085 -0.122371578 -0.8 -0.115258831 -0.796852171 -0.192206664 -0.519946085 -0.011 -0.8 0.00777817459 -0.519946085 -1.34711148e-18 -0.519923753 -0.00777817459 -0.796852171 -2.02066722e-18 -0.795548297 0.011 -0.52 -0.115258831 -0.796852171 -0.199984652 -0.52 -0.192206664 -0.519946085 -2.02066722e-18 -0.795548297 0.00777817459 -0.796852171 0.00777817459 -0.520053915 -0.112312635 -0.795548297 -0.207762639 -0.520053915 -0.199984652 -0.52 -0.115258831 -0.796852171 -0.122371578 -0.8 -0.210984387 -0.520076247 0.00777817459 -0.796852171 0 -0.520076247 0.00777817459 -0.520053915 0 -0.520076247 -0.00777817459 -0.520053915 -0.00777817459 -0.243096328 -0.210984387 -0.520076247 -0.11911801 -0.243096328 -0.126253328 -0.24 -0.207762639 -0.520053915 -0.199984652 -0.52 -0.116162465 -0.244378869 -0.00777817459 -0.520053915 -6.7355574e-19 -0.244378869 -0.00777817459 -0.243096328 -0.199984652 -0.52 -0.192206664 -0.519946085 -0.11911801 -0.243096328 -0.011 -0.52 0.00777817459 -0.243096328 -6.7355574e-19 -0.244378869 -0.00777817459 -0.519946085 -1.34711148e-18 -0.519923753 0.011 -0.24 -0.192206664 -0.519946085 -0.126253328 -0.24 -0.11911801 -0.243096328 -1.34711148e-18 -0.519923753 0.00777817459 -0.519946085 0.00777817459 -0.236903672 -0.188984916 -0.519923753 -0.133388645 -0.236903672 -0.126253328 -0.24 -0.192206664 -0.519946085 -0.199984652 -0.52 -0.13634419 -0.235621131 0.00777817459 -0.519946085 2.02066722e-18 -0.235621131 0.00777817459 -0.236903672 -0.199984652 -0.52 -0.207762639 -0.520053915 -0.133388645 -0.236903672 0.011 -0.52 -0.00777817459 -0.236903672 2.02066722e-18 -0.235621131 0.00777817459 -0.520053915 0 -0.520076247 -0.011 -0.24 -0.207762639 -0.520053915 -0.126253328 -0.24 -0.133388645 -0.236903672 -0.126253328 -0.24 -0.11911801 -0.243096328 0.0498496518 0.0362703291 -0.126253328 -0.24 0.0498496518 0.0362703291 0.0430239976 0.04 -0.00777817459 -0.243096328 -6.7355574e-19 -0.244378869 -6.7355574e-19 0.0347254489 -0.00777817459 -0.243096328 -6.7355574e-19 0.0347254489 -0.00777817459 0.0362703291 -6.7355574e-19 -0.244378869 0.00777817459 -0.243096328 0.00777817459 0.0362703291 -6.7355574e-19 -0.244378869 0.00777817459 0.0362703291 -6.7355574e-19 0.0347254489 -0.11911801 -0.243096328 -0.126253328 -0.24 0.0430239976 0.04 -0.11911801 -0.243096328 0.0430239976 0.04 0.0498496518 0.0362703291 -0.126253328 -0.24 -0.133388645 -0.236903672 0.0361983434 0.0437296709 -0.126253328 -0.24 0.0361983434 0.0437296709 0.0430239976 0.04 0.00777817459 -0.236903672 2.02066722e-18 -0.235621131 2.02066722e-18 0.0452745511 0.00777817459 -0.236903672 2.02066722e-18 0.0452745511 0.00777817459 0.0437296709 2.02066722e-18 -0.235621131 -0.00777817459 -0.236903672 -0.00777817459 0.0437296709 2.02066722e-18 -0.235621131 -0.00777817459 0.0437296709 2.02066722e-18 0.0452745511 -0.133388645 -0.236903672 -0.126253328 -0.24 0.0430239976 0.04 -0.133388645 -0.236903672 0.0430239976 0.04 0.0361983434 0.0437296709 0.0430239976 0.04 0.0498496518 0.0362703291 0.172187534 0.321853589 -0.011 0.04 -0.00777817459 0.321853589 0 0.32262137 -0.00777817459 0.0362703291 -6.7355574e-19 0.0347254489 -0.011 0.32 0.0498496518 0.0362703291 0.179741619 0.32 0.172187534 0.321853589 -6.7355574e-19 0.0347254489 0.00777817459 0.0362703291 -0.00777817459 0.318146411 0.0526769303 0.0347254489 0.187295705 0.318146411 0.179741619 0.32 0.0498496518 0.0362703291 0.0430239976 0.04 0.190424709 0.31737863 0.00777817459 0.0362703291 -1.34711148e-18 0.31737863 -0.00777817459 0.318146411 0.0430239976 0.04 0.0361983434 0.0437296709 0.187295705 0.318146411 0.011 0.04 0.00777817459 0.318146411 -1.34711148e-18 0.31737863 0.00777817459 0.0437296709 2.02066722e-18 0.0452745511 0.011 0.32 0.0361983434 0.0437296709 0.179741619 0.32 0.187295705 0.318146411 2.02066722e-18 0.0452745511 -0.00777817459 0.0437296709 0.00777817459 0.321853589 0.0333710649 0.0452745511 0.172187534 0.321853589 0.179741619 0.32 0.0361983434 0.0437296709 0.0430239976 0.04 0.169058529 0.32262137 -0.00777817459 0.0437296709 0 0.32262137 0.00777817459 0.321853589 0 0.32262137 -0.00777817459 0.321853589 -0.00777817459 0.598175037 0 0.32262137 -0.00777817459 0.598175037 0 0.597419113 0.172187534 0.321853589 0.179741619 0.32 0.180434367 0.6 0.172187534 0.321853589 0.180434367 0.6 0.172873315 0.598175037 0.179741619 0.32 0.187295705 0.318146411 0.187995419 0.601824963 0.179741619 0.32 0.187995419 0.601824963 0.180434367 0.6 -0.00777817459 0.318146411 -1.34711148e-18 0.31737863 -1.34711148e-18 0.602580887 -0.00777817459 0.318146411 -1.34711148e-18 0.602580887 -0.00777817459 0.601824963 -1.34711148e-18 0.31737863 0.00777817459 0.318146411 0.00777817459 0.601824963 -1.34711148e-18 0.31737863 0.00777817459 0.601824963 -1.34711148e-18 0.602580887 0.187295705 0.318146411 0.179741619 0.32 0.180434367 0.6 0.187295705 0.318146411 0.180434367 0.6 0.187995419 0.601824963 0.179741619 0.32 0.172187534 0.321853589 0.172873315 0.598175037 0.179741619 0.32 0.172873315 0.598175037 0.180434367 0.6 0.00777817459 0.321853589 0 0.32262137 0 0.597419113 0.00777817459 0.321853589 0 0.597419113 0.00777817459 0.598175037 0 0.597419113 -0.00777817459 0.598175037 0.00777817459 0.876275461 0.169741424 0.597419113 0.0377495268 0.876275461 0.0445779828 0.88 0.172873315 0.598175037 0.180434367 0.6 0.0349210877 0.874732707 -0.00777817459 0.598175037 6.7355574e-19 0.874732707 0.00777817459 0.876275461 0.180434367 0.6 0.187995419 0.601824963 0.0377495268 0.876275461 -0.011 0.6 -0.00777817459 0.876275461 6.7355574e-19 0.874732707 -0.00777817459 0.601824963 -1.34711148e-18 0.602580887 -0.011 0.88 0.187995419 0.601824963 0.0445779828 0.88 0.0377495268 0.876275461 -1.34711148e-18 0.602580887 0.00777817459 0.601824963 -0.00777817459 0.883724539 0.191127309 0.602580887 0.0514064389 0.883724539 0.0445779828 0.88 0.187995419 0.601824963 0.180434367 0.6 0.054234878 0.885267293 0.00777817459 0.601824963 -2.02066722e-18 0.885267293 -0.00777817459 0.883724539 0.180434367 0.6 0.172873315 0.598175037 0.0514064389 0.883724539 0.011 0.6 0.00777817459 0.883724539 -2.02066722e-18 0.885267293 0.00777817459 0.598175037 0 0.597419113 0.011 0.88 0.172873315 0.598175037 0.0445779828 0.88 0.0514064389 0.883724539 0.0445779828 0.88 0.0377495268 0.876275461 -0.132142142 1.15688689 0.0445779828 0.88 -0.132142142 1.15688689 -0.12501413 1.16 0.00777817459 0.876275461 6.7355574e-19 0.874732707 6.7355574e-19 1.1555974 0.00777817459 0.876275461 6.7355574e-19 1.1555974 0.00777817459 1.15688689 6.7355574e-19 0.874732707 -0.00777817459 0.876275461 -0.00777817459 1.15688689 6.7355574e-19 0.874732707 -0.00777817459 1.15688689 6.7355574e-19 1.1555974 0.0377495268 0.876275461 0.0445779828 0.88 -0.12501413 1.16 0.0377495268 0.876275461 -0.12501413 1.16 -0.132142142 1.15688689 0.0445779828 0.88 0.0514064389 0.883724539 -0.117886118 1.16311311 0.0445779828 0.88 -0.117886118 1.16311311 -0.12501413 1.16 -0.00777817459 0.883724539 -2.02066722e-18 0.885267293 -2.02066722e-18 1.1644026 -0.00777817459 0.883724539 -2.02066722e-18 1.1644026 -0.00777817459 1.16311311 -2.02066722e-18 0.885267293 0.00777817459 0.883724539 0.00777817459 1.16311311 -2.02066722e-18 0.885267293 0.00777817459 1.16311311 -2.02066722e-18 1.1644026 0.0514064389 0.883724539 0.0445779828 0.88 -0.12501413 1.16 0.0514064389 0.883724539 -0.12501413 1.16 -0.117886118 1.16311311 -0.12501413 1.16 -0.132142142 1.15688689 -0.207511462 1.43798791 0.011 1.16 -0.00777817459 1.43798791 0 1.43715447 0.00777817459 1.15688689 6.7355574e-19 1.1555974 -0.011 1.44 -0.132142142 1.15688689 -0.199998041 1.44 -0.207511462 1.43798791 6.7355574e-19 1.1555974 -0.00777817459 1.15688689 -0.00777817459 1.44201209 -0.135094661 1.1555974 -0.192484621 1.44201209 -0.199998041 1.44 -0.132142142 1.15688689 -0.12501413 1.16 -0.18937246 1.44284553 -0.00777817459 1.15688689 -1.34711148e-18 1.44284553 -0.00777817459 1.44201209 -0.12501413 1.16 -0.117886118 1.16311311 -0.192484621 1.44201209 -0.011 1.16 0.00777817459 1.44201209 -1.34711148e-18 1.44284553 -0.00777817459 1.16311311 -2.02066722e-18 1.1644026 0.011 1.44 -0.117886118 1.16311311 -0.199998041 1.44 -0.192484621 1.44201209 -2.02066722e-18 1.1644026 0.00777817459 1.16311311 0.00777817459 1.43798791 -0.114933599 1.1644026 -0.207511462 1.43798791 -0.199998041 1.44 -0.117886118 1.16311311 -0.12501413 1.16 -0.210623622 1.43715447 0.00777817459 1.16311311 0 1.43715447 0.00777817459 1.43798791 0.181859485 0 0.17484347 0.00777817459 0.181859485 0.011 0.181859485 0 0.171937341 6.7355574e-19 0.17484347 0.00777817459 0.181859485 0 0.17484347 -0.00777817459 0.171937341 6.7355574e-19 0.181859485 0 0.181859485 -0.011 0.17484347 -0.00777817459 0.181859485 0 0.188875501 -0.00777817459 0.181859485 -0.011 0.181859485 0 0.191781629 -2.02066722e-18 0.188875501 -0.00777817459 0.181859485 0 0.188875501 0.00777817459 0.191781629 -2.02066722e-18 0.181859485 0 0.181859485 0.011 0.188875501 0.00777817459 -0.199998041 0 -0.210623622 0 -0.207511462 -0.00777817459 -0.199998041 0 -0.207511462 -0.00777817459 -0.199998041 -0.011 -0.199998041 0 -0.199998041 -0.011 -0.192484621 -0.00777817459 -0.199998041 0 -0.192484621 -0.00777817459 -0.18937246 -1.34711148e-18 -0.199998041 0 -0.18937246 -1.34711148e-18 -0.192484621 0.00777817459 -0.199998041 0 -0.192484621 0.00777817459 -0.199998041 0.011 -0.199998041 0 -0.199998041 0.011 -0.207511462 0.00777817459 -0.199998041 0 -0.207511462 0.00777817459 -0.210623622 0 0 0 0 0.0833333333 0.5 0.0833333333 0 0 0.5 0.0833333333 0.5 0 0.5 0 0.5 0.0833333333 0 0.0833333333 0.5 0 0 0.0833333333 0 0 0.5 0 0.5 0.0833333333 1 0.0833333333 0.5 0 1 0.0833333333 1 0 1 0 1 0.0833333333 0.5 0.0833333333 1 0 0.5 0.0833333333 0.5 0 0.128664854 -0.971428571 0.128664854 -0.972857143 0.090207596 -0.96341182 0.128664854 -0.971428571 0.090207596 -0.96341182 0.090207596 -0.961983249 -0.0396824097 -0.961983249 -0.0396824097 -0.96341182 -0.00118915852 -0.972857143 -0.0396824097 -0.961983249 -0.00118915852 -0.972857143 -0.00118915852 -0.971428571 0 0.0833333333 0 0.166666667 0.5 0.166666667 0 0.0833333333 0.5 0.166666667 0.5 0.0833333333 0.5 0.0833333333 0.5 0.166666667 0 0.166666667 0.5 0.0833333333 0 0.166666667 0 0.0833333333 0.5 0.0833333333 0.5 0.166666667 1 0.166666667 0.5 0.0833333333 1 0.166666667 1 0.0833333333 1 0.0833333333 1 0.166666667 0.5 0.166666667 1 0.0833333333 0.5 0.166666667 0.5 0.0833333333 0.090207596 -0.961983249 0.090207596 -0.96341182 0.0578685292 -0.954940761 0.090207596 -0.961983249 0.0578685292 -0.954940761 0.0578685292 -0.95351219 -0.0722835109 -0.95351219 -0.0722835109 -0.954940761 -0.0396824097 -0.96341182 -0.0722835109 -0.95351219 -0.0396824097 -0.96341182 -0.0396824097 -0.961983249 0 0.166666667 0 0.25 0.5 0.25 0 0.166666667 0.5 0.25 0.5 0.166666667 0.5 0.166666667 0.5 0.25 0 0.25 0.5 0.166666667 0 0.25 0 0.166666667 0.5 0.166666667 0.5 0.25 1 0.25 0.5 0.166666667 1 0.25 1 0.166666667 1 0.166666667 1 0.25 0.5 0.25 1 0.166666667 0.5 0.25 0.5 0.166666667 0.0578685292 -0.95351219 0.0578685292 -0.954940761 0.0286267026 -0.948351836 0.0578685292 -0.95351219 0.0286267026 -0.948351836 0.0286267026 -0.946923264 -0.101901802 -0.946923264 -0.101901802 -0.948351836 -0.0722835109 -0.954940761 -0.101901802 -0.946923264 -0.0722835109 -0.954940761 -0.0722835109 -0.95351219 0 0.25 0 0.333333333 0.5 0.333333333 0 0.25 0.5 0.333333333 0.5 0.25 0.5 0.25 0.5 0.333333333 0 0.333333333 0.5 0.25 0 0.333333333 0 0.25 0.5 0.25 0.5 0.333333333 1 0.333333333 0.5 0.25 1 0.333333333 1 0.25 1 0.25 1 0.333333333 0.5 0.333333333 1 0.25 0.5 0.333333333 0.5 0.25 0.0286267026 -0.946923264 0.0286267026 -0.948351836 0.0021814309 -0.944424648 0.0286267026 -0.946923264 0.0021814309 -0.944424648 0.0021814309 -0.942996077 -0.128826858 -0.942996077 -0.128826858 -0.944424648 -0.101901802 -0.948351836 -0.128826858 -0.942996077 -0.101901802 -0.948351836 -0.101901802 -0.946923264 0 0.333333333 0 0.416666667 0.5 0.416666667 0 0.333333333 0.5 0.416666667 0.5 0.333333333 0.5 0.333333333 0.5 0.416666667 0 0.416666667 0.5 0.333333333 0 0.416666667 0 0.333333333 0.5 0.333333333 0.5 0.416666667 1 0.416666667 0.5 0.333333333 1 0.416666667 1 0.333333333 1 0.333333333 1 0.416666667 0.5 0.416666667 1 0.333333333 0.5 0.416666667 0.5 0.333333333 0.0021814309 -0.942996077 0.0021814309 -0.944424648 -0.0214584693 -0.94375741 0.0021814309 -0.942996077 -0.0214584693 -0.94375741 -0.0214584693 -0.942328839 -0.15305019 -0.942328839 -0.15305019 -0.94375741 -0.128826858 -0.944424648 -0.15305019 -0.942328839 -0.128826858 -0.944424648 -0.128826858 -0.942996077 0 0.416666667 0 0.5 0.5 0.5 0 0.416666667 0.5 0.5 0.5 0.416666667 0.5 0.416666667 0.5 0.5 0 0.5 0.5 0.416666667 0 0.5 0 0.416666667 0.5 0.416666667 0.5 0.5 1 0.5 0.5 0.416666667 1 0.5 1 0.416666667 1 0.416666667 1 0.5 0.5 0.5 1 0.416666667 0.5 0.5 0.5 0.416666667 -0.0214584693 -0.942328839 -0.0214584693 -0.94375741 -0.0422423414 -0.946726175 -0.0214584693 -0.942328839 -0.0422423414 -0.946726175 -0.0422423414 -0.945297603 -0.174523012 -0.945297603 -0.174523012 -0.946726175 -0.15305019 -0.94375741 -0.174523012 -0.945297603 -0.15305019 -0.94375741 -0.15305019 -0.942328839 0 0.5 0 0.583333333 0.5 0.583333333 0 0.5 0.5 0.583333333 0.5 0.5 0.5 0.5 0.5 0.583333333 0 0.583333333 0.5 0.5 0 0.583333333 0 0.5 0.5 0.5 0.5 0.583333333 1 0.583333333 0.5 0.5 1 0.583333333 1 0.5 1 0.5 1 0.583333333 0.5 0.583333333 1 0.5 0.5 0.583333333 0.5 0.5 -0.066518561 -0.945297603 -0.066518561 -0.946726175 -0.0879913828 -0.953459205 -0.066518561 -0.945297603 -0.0879913828 -0.953459205 -0.0879913828 -0.952030634 0.0491216239 -0.952030634 0.0491216239 -0.953459205 0.069905496 -0.946726175 0.0491216239 -0.952030634 0.069905496 -0.946726175 0.069905496 -0.945297603 0 0.583333333 0 0.666666667 0.5 0.666666667 0 0.583333333 0.5 0.666666667 0.5 0.583333333 0.5 0.583333333 0.5 0.666666667 0 0.666666667 0.5 0.583333333 0 0.666666667 0 0.583333333 0.5 0.583333333 0.5 0.666666667 1 0.666666667 0.5 0.583333333 1 0.666666667 1 0.583333333 1 0.583333333 1 0.666666667 0.5 0.666666667 1 0.583333333 0.5 0.666666667 0.5 0.583333333 -0.0879913828 -0.952030634 -0.0879913828 -0.953459205 -0.112214715 -0.963828237 -0.0879913828 -0.952030634 -0.112214715 -0.963828237 -0.112214715 -0.962399666 0.0254817237 -0.962399666 0.0254817237 -0.963828237 0.0491216239 -0.953459205 0.0254817237 -0.962399666 0.0491216239 -0.953459205 0.0491216239 -0.952030634 0 0.666666667 0 0.75 0.5 0.75 0 0.666666667 0.5 0.75 0.5 0.666666667 0.5 0.666666667 0.5 0.75 0 0.75 0.5 0.666666667 0 0.75 0 0.666666667 0.5 0.666666667 0.5 0.75 1 0.75 0.5 0.666666667 1 0.75 1 0.666666667 1 0.666666667 1 0.75 0.5 0.75 1 0.666666667 0.5 0.75 0.5 0.666666667 -0.112214715 -0.962399666 -0.112214715 -0.963828237 -0.139139771 -0.97745722 -0.112214715 -0.962399666 -0.139139771 -0.97745722 -0.139139771 -0.976028648 -0.00096354801 -0.976028648 -0.00096354801 -0.97745722 0.0254817237 -0.963828237 -0.00096354801 -0.976028648 0.0254817237 -0.963828237 0.0254817237 -0.962399666 0 0.75 0 0.833333333 0.5 0.833333333 0 0.75 0.5 0.833333333 0.5 0.75 0.5 0.75 0.5 0.833333333 0 0.833333333 0.5 0.75 0 0.833333333 0 0.75 0.5 0.75 0.5 0.833333333 1 0.833333333 0.5 0.75 1 0.833333333 1 0.75 1 0.75 1 0.833333333 0.5 0.833333333 1 0.75 0.5 0.833333333 0.5 0.75 -0.139139771 -0.976028648 -0.139139771 -0.97745722 -0.168758062 -0.99374794 -0.139139771 -0.976028648 -0.168758062 -0.99374794 -0.168758062 -0.992319369 -0.0302053745 -0.992319369 -0.0302053745 -0.99374794 -0.00096354801 -0.97745722 -0.0302053745 -0.992319369 -0.00096354801 -0.97745722 -0.00096354801 -0.976028648 0 0.833333333 0 0.916666667 0.5 0.916666667 0 0.833333333 0.5 0.916666667 0.5 0.833333333 0.5 0.833333333 0.5 0.916666667 0 0.916666667 0.5 0.833333333 0 0.916666667 0 0.833333333 0.5 0.833333333 0.5 0.916666667 1 0.916666667 0.5 0.833333333 1 0.916666667 1 0.833333333 1 0.833333333 1 0.916666667 0.5 0.916666667 1 0.833333333 0.5 0.916666667 0.5 0.833333333 -0.168758062 -0.992319369 -0.168758062 -0.99374794 -0.201359163 -1.01192079 -0.168758062 -0.992319369 -0.201359163 -1.01192079 -0.201359163 -1.01049222 -0.0625444414 -1.01049222 -0.0625444414 -1.01192079 -0.0302053745 -0.99374794 -0.0625444414 -1.01049222 -0.0302053745 -0.99374794 -0.0302053745 -0.992319369 0 0.916666667 0 1 0.5 1 0 0.916666667 0.5 1 0.5 0.916666667 0.5 0.916666667 0.5 1 0 1 0.5 0.916666667 0 1 0 0.916666667 0.5 0.916666667 0.5 1 1 1 0.5 0.916666667 1 1 1 0.916666667 1 0.916666667 1 1 0.5 1 1 0.916666667 0.5 1 0.5 0.916666667 -0.201359163 -1.01049222 -0.201359163 -1.01192079 -0.239852414 -1.03106791 -0.201359163 -1.01049222 -0.239852414 -1.03106791 -0.239852414 -1.02963934 -0.101001699 -1.02963934 -0.101001699 -1.03106791 -0.0625444414 -1.01192079 -0.101001699 -1.02963934 -0.0625444414 -1.01192079 -0.0625444414 -1.01049222 0.128664854 -0.971428571 0.129899632 -0.971428571 0.129899632 -0.972857143 0.128664854 -0.971428571 0.129899632 -0.972857143 0.128664854 -0.972857143 0.129899632 -0.971428571 0.131134411 -0.971428571 0.131134411 -0.972857143 0.129899632 -0.971428571 0.131134411 -0.972857143 0.129899632 -0.972857143 -0.103471256 -1.03106791 -0.102236478 -1.03106791 -0.102236478 -1.02963934 -0.103471256 -1.03106791 -0.102236478 -1.02963934 -0.103471256 -1.02963934 -0.102236478 -1.03106791 -0.101001699 -1.03106791 -0.101001699 -1.02963934 -0.102236478 -1.03106791 -0.101001699 -1.02963934 -0.102236478 -1.02963934 0 0 0 0.0833333333 0.5 0.0833333333 0 0 0.5 0.0833333333 0.5 0 0.5 0 0.5 0.0833333333 0 0.0833333333 0.5 0 0 0.0833333333 0 0 0.5 0 0.5 0.0833333333 1 0.0833333333 0.5 0 1 0.0833333333 1 0 1 0 1 0.0833333333 0.5 0.0833333333 1 0 0.5 0.0833333333 0.5 0 -0.000589631207 -0.771428571 -0.000589631207 -0.772857143 -0.0313456291 -0.771271169 -0.000589631207 -0.771428571 -0.0313456291 -0.771271169 -0.0313456291 -0.769842597 0.0659348791 -0.769842597 0.0659348791 -0.771271169 0.0357881683 -0.772857143 0.0659348791 -0.769842597 0.0357881683 -0.772857143 0.0357881683 -0.771428571 0 0.0833333333 0 0.166666667 0.5 0.166666667 0 0.0833333333 0.5 0.166666667 0.5 0.0833333333 0.5 0.0833333333 0.5 0.166666667 0 0.166666667 0.5 0.0833333333 0 0.166666667 0 0.0833333333 0.5 0.0833333333 0.5 0.166666667 1 0.166666667 0.5 0.0833333333 1 0.166666667 1 0.0833333333 1 0.0833333333 1 0.166666667 0.5 0.166666667 1 0.0833333333 0.5 0.166666667 0.5 0.0833333333 -0.0313456291 -0.769842597 -0.0313456291 -0.771271169 -0.0595916101 -0.770520796 -0.0313456291 -0.769842597 -0.0595916101 -0.770520796 -0.0595916101 -0.769092224 0.0892292459 -0.769092224 0.0892292459 -0.770520796 0.0659348791 -0.771271169 0.0892292459 -0.769092224 0.0659348791 -0.771271169 0.0659348791 -0.769842597 0 0.166666667 0 0.25 0.5 0.25 0 0.166666667 0.5 0.25 0.5 0.166666667 0.5 0.166666667 0.5 0.25 0 0.25 0.5 0.166666667 0 0.25 0 0.166666667 0.5 0.166666667 0.5 0.25 1 0.25 0.5 0.166666667 1 0.25 1 0.166666667 1 0.166666667 1 0.25 0.5 0.25 1 0.166666667 0.5 0.25 0.5 0.166666667 -0.0595916101 -0.769092224 -0.0595916101 -0.770520796 -0.0865319479 -0.771384681 -0.0595916101 -0.769092224 -0.0865319479 -0.771384681 -0.0865319479 -0.769956109 0.108959208 -0.769956109 0.108959208 -0.771384681 0.0892292459 -0.770520796 0.108959208 -0.769956109 0.0892292459 -0.770520796 0.0892292459 -0.769092224 0 0.25 0 0.333333333 0.5 0.333333333 0 0.25 0.5 0.333333333 0.5 0.25 0.5 0.25 0.5 0.333333333 0 0.333333333 0.5 0.25 0 0.333333333 0 0.25 0.5 0.25 0.5 0.333333333 1 0.333333333 0.5 0.25 1 0.333333333 1 0.25 1 0.25 1 0.333333333 0.5 0.333333333 1 0.25 0.5 0.333333333 0.5 0.25 -0.0865319479 -0.769956109 -0.0865319479 -0.771384681 -0.112293396 -0.77453147 -0.0865319479 -0.769956109 -0.112293396 -0.77453147 -0.112293396 -0.773102899 -0.0698521132 -0.773102899 -0.0698521132 -0.77453147 -0.0500771844 -0.771384681 -0.0698521132 -0.773102899 -0.0500771844 -0.771384681 -0.0500771844 -0.769956109 0 0.333333333 0 0.416666667 0.5 0.416666667 0 0.333333333 0.5 0.416666667 0.5 0.333333333 0.5 0.333333333 0.5 0.416666667 0 0.416666667 0.5 0.333333333 0 0.416666667 0 0.333333333 0.5 0.333333333 0.5 0.416666667 1 0.416666667 0.5 0.333333333 1 0.416666667 1 0.333333333 1 0.333333333 1 0.416666667 0.5 0.416666667 1 0.333333333 0.5 0.416666667 0.5 0.333333333 -0.112293396 -0.773102899 -0.112293396 -0.77453147 -0.136872239 -0.780474236 -0.112293396 -0.773102899 -0.136872239 -0.780474236 -0.136872239 -0.779045664 -0.0908096478 -0.779045664 -0.0908096478 -0.780474236 -0.0698521132 -0.77453147 -0.0908096478 -0.779045664 -0.0698521132 -0.77453147 -0.0698521132 -0.773102899 0 0.416666667 0 0.5 0.5 0.5 0 0.416666667 0.5 0.5 0.5 0.416666667 0.5 0.416666667 0.5 0.5 0 0.5 0.5 0.416666667 0 0.5 0 0.416666667 0.5 0.416666667 0.5 0.5 1 0.5 0.5 0.416666667 1 0.5 1 0.416666667 1 0.416666667 1 0.5 0.5 0.5 1 0.416666667 0.5 0.5 0.5 0.416666667 -0.136872239 -0.779045664 -0.136872239 -0.780474236 -0.160247122 -0.789535507 -0.136872239 -0.779045664 -0.160247122 -0.789535507 -0.160247122 -0.788106936 -0.112971143 -0.788106936 -0.112971143 -0.789535507 -0.0908096478 -0.780474236 -0.112971143 -0.788106936 -0.0908096478 -0.780474236 -0.0908096478 -0.779045664 0 0.5 0 0.583333333 0.5 0.583333333 0 0.5 0.5 0.583333333 0.5 0.5 0.5 0.5 0.5 0.583333333 0 0.583333333 0.5 0.5 0 0.583333333 0 0.5 0.5 0.5 0.5 0.583333333 1 0.583333333 0.5 0.5 1 0.583333333 1 0.5 1 0.5 1 0.583333333 0.5 0.583333333 1 0.5 0.5 0.583333333 0.5 0.5 -0.160247122 -0.788106936 -0.160247122 -0.789535507 -0.182408617 -0.801825294 -0.160247122 -0.788106936 -0.182408617 -0.801825294 -0.182408617 -0.800396723 -0.136346025 -0.800396723 -0.136346025 -0.801825294 -0.112971143 -0.789535507 -0.136346025 -0.800396723 -0.112971143 -0.789535507 -0.112971143 -0.788106936 0 0.583333333 0 0.666666667 0.5 0.666666667 0 0.583333333 0.5 0.666666667 0.5 0.583333333 0.5 0.583333333 0.5 0.666666667 0 0.666666667 0.5 0.583333333 0 0.666666667 0 0.583333333 0.5 0.583333333 0.5 0.666666667 1 0.666666667 0.5 0.583333333 1 0.666666667 1 0.583333333 1 0.583333333 1 0.666666667 0.5 0.666666667 1 0.583333333 0.5 0.666666667 0.5 0.583333333 -0.182408617 -0.800396723 -0.182408617 -0.801825294 -0.203366151 -0.817233587 -0.182408617 -0.800396723 -0.203366151 -0.817233587 -0.203366151 -0.815805016 -0.160924868 -0.815805016 -0.160924868 -0.817233587 -0.136346025 -0.801825294 -0.160924868 -0.815805016 -0.136346025 -0.801825294 -0.136346025 -0.800396723 0 0.666666667 0 0.75 0.5 0.75 0 0.666666667 0.5 0.75 0.5 0.666666667 0.5 0.666666667 0.5 0.75 0 0.75 0.5 0.666666667 0 0.75 0 0.666666667 0.5 0.666666667 0.5 0.75 1 0.75 0.5 0.666666667 1 0.75 1 0.666666667 1 0.666666667 1 0.75 0.5 0.75 1 0.666666667 0.5 0.75 0.5 0.666666667 -0.203366151 -0.815805016 -0.203366151 -0.817233587 -0.22314108 -0.835437856 -0.203366151 -0.815805016 -0.22314108 -0.835437856 -0.22314108 -0.834009285 -0.186686317 -0.834009285 -0.186686317 -0.835437856 -0.160924868 -0.817233587 -0.186686317 -0.834009285 -0.160924868 -0.817233587 -0.160924868 -0.815805016 0 0.75 0 0.833333333 0.5 0.833333333 0 0.75 0.5 0.833333333 0.5 0.75 0.5 0.75 0.5 0.833333333 0 0.833333333 0.5 0.75 0 0.833333333 0 0.75 0.5 0.75 0.5 0.833333333 1 0.833333333 0.5 0.75 1 0.833333333 1 0.75 1 0.75 1 0.833333333 0.5 0.833333333 1 0.75 0.5 0.833333333 0.5 0.75 0.0594777255 -0.834009285 0.0594777255 -0.835437856 0.0792076872 -0.85592503 0.0594777255 -0.834009285 0.0792076872 -0.85592503 0.0792076872 -0.854496458 -0.213626654 -0.854496458 -0.213626654 -0.85592503 -0.186686317 -0.835437856 -0.213626654 -0.854496458 -0.186686317 -0.835437856 -0.186686317 -0.834009285 0 0.833333333 0 0.916666667 0.5 0.916666667 0 0.833333333 0.5 0.916666667 0.5 0.833333333 0.5 0.833333333 0.5 0.916666667 0 0.916666667 0.5 0.833333333 0 0.916666667 0 0.833333333 0.5 0.833333333 0.5 0.916666667 1 0.916666667 0.5 0.833333333 1 0.916666667 1 0.833333333 1 0.833333333 1 0.916666667 0.5 0.916666667 1 0.833333333 0.5 0.916666667 0.5 0.833333333 0.0792076872 -0.854496458 0.0792076872 -0.85592503 0.102502054 -0.878026461 0.0792076872 -0.854496458 0.102502054 -0.878026461 0.102502054 -0.87659789 -0.241872635 -0.87659789 -0.241872635 -0.878026461 -0.213626654 -0.85592503 -0.241872635 -0.87659789 -0.213626654 -0.85592503 -0.213626654 -0.854496458 0 0.916666667 0 1 0.5 1 0 0.916666667 0.5 1 0.5 0.916666667 0.5 0.916666667 0.5 1 0 1 0.5 0.916666667 0 1 0 0.916666667 0.5 0.916666667 0.5 1 1 1 0.5 0.916666667 1 1 1 0.916666667 1 0.916666667 1 1 0.5 1 1 0.916666667 0.5 1 0.5 0.916666667 0.102502054 -0.87659789 0.102502054 -0.878026461 0.132648765 -0.900963494 0.102502054 -0.87659789 0.132648765 -0.900963494 0.132648765 -0.899534922 -0.272628633 -0.899534922 -0.272628633 -0.900963494 -0.241872635 -0.878026461 -0.272628633 -0.899534922 -0.241872635 -0.878026461 -0.241872635 -0.87659789 0.0325687829 -0.771428571 0.0341784756 -0.771428571 0.0341784756 -0.772857143 0.0325687829 -0.771428571 0.0341784756 -0.772857143 0.0325687829 -0.772857143 0.0341784756 -0.771428571 0.0357881683 -0.771428571 0.0357881683 -0.772857143 0.0341784756 -0.771428571 0.0357881683 -0.772857143 0.0341784756 -0.772857143 0.132648765 -0.900963494 0.134258457 -0.900963494 0.134258457 -0.899534922 0.132648765 -0.900963494 0.134258457 -0.899534922 0.132648765 -0.899534922 0.134258457 -0.900963494 0.13586815 -0.900963494 0.13586815 -0.899534922 0.134258457 -0.900963494 0.13586815 -0.899534922 0.134258457 -0.899534922 0 0 0 0.0833333333 0.5 0.0833333333 0 0 0.5 0.0833333333 0.5 0 0.5 0 0.5 0.0833333333 0 0.0833333333 0.5 0 0 0.0833333333 0 0 0.5 0 0.5 0.0833333333 1 0.0833333333 0.5 0 1 0.0833333333 1 0 1 0 1 0.0833333333 0.5 0.0833333333 1 0 0.5 0.0833333333 0.5 0 -0.0887792549 -0.571428571 -0.0887792549 -0.572857143 -0.128263459 -0.561647473 -0.0887792549 -0.571428571 -0.128263459 -0.561647473 -0.128263459 -0.560218902 -0.0403997138 -0.560218902 -0.0403997138 -0.561647473 -0.00102916291 -0.572857143 -0.0403997138 -0.560218902 -0.00102916291 -0.572857143 -0.00102916291 -0.571428571 0 0.0833333333 0 0.166666667 0.5 0.166666667 0 0.0833333333 0.5 0.166666667 0.5 0.0833333333 0.5 0.0833333333 0.5 0.166666667 0 0.166666667 0.5 0.0833333333 0 0.166666667 0 0.0833333333 0.5 0.0833333333 0.5 0.166666667 1 0.166666667 0.5 0.0833333333 1 0.166666667 1 0.0833333333 1 0.0833333333 1 0.166666667 0.5 0.166666667 1 0.0833333333 0.5 0.166666667 0.5 0.0833333333 -0.128263459 -0.560218902 -0.128263459 -0.561647473 -0.160402294 -0.551411629 -0.128263459 -0.560218902 -0.160402294 -0.551411629 -0.160402294 -0.549983057 -0.0742562854 -0.549983057 -0.0742562854 -0.551411629 -0.0403997138 -0.561647473 -0.0742562854 -0.549983057 -0.0403997138 -0.561647473 -0.0403997138 -0.560218902 0 0.166666667 0 0.25 0.5 0.25 0 0.166666667 0.5 0.25 0.5 0.166666667 0.5 0.166666667 0.5 0.25 0 0.25 0.5 0.166666667 0 0.25 0 0.166666667 0.5 0.166666667 0.5 0.25 1 0.25 0.5 0.166666667 1 0.25 1 0.166666667 1 0.166666667 1 0.25 0.5 0.25 1 0.166666667 0.5 0.25 0.5 0.166666667 -0.160402294 -0.549983057 -0.160402294 -0.551411629 -0.1888696 -0.54305707 -0.160402294 -0.549983057 -0.1888696 -0.54305707 -0.1888696 -0.541628499 -0.105356735 -0.541628499 -0.105356735 -0.54305707 -0.0742562854 -0.551411629 -0.105356735 -0.541628499 -0.0742562854 -0.551411629 -0.0742562854 -0.549983057 0 0.25 0 0.333333333 0.5 0.333333333 0 0.25 0.5 0.333333333 0.5 0.25 0.5 0.25 0.5 0.333333333 0 0.333333333 0.5 0.25 0 0.333333333 0 0.25 0.5 0.25 0.5 0.333333333 1 0.333333333 0.5 0.25 1 0.333333333 1 0.25 1 0.25 1 0.333333333 0.5 0.333333333 1 0.25 0.5 0.333333333 0.5 0.25 -0.1888696 -0.541628499 -0.1888696 -0.54305707 -0.214021814 -0.537363051 -0.1888696 -0.541628499 -0.214021814 -0.537363051 -0.214021814 -0.535934479 -0.133968631 -0.535934479 -0.133968631 -0.537363051 -0.105356735 -0.54305707 -0.133968631 -0.535934479 -0.105356735 -0.54305707 -0.105356735 -0.541628499 0 0.333333333 0 0.416666667 0.5 0.416666667 0 0.333333333 0.5 0.416666667 0.5 0.333333333 0.5 0.333333333 0.5 0.416666667 0 0.416666667 0.5 0.333333333 0 0.416666667 0 0.333333333 0.5 0.333333333 0.5 0.416666667 1 0.416666667 0.5 0.333333333 1 0.416666667 1 0.333333333 1 0.333333333 1 0.416666667 0.5 0.416666667 1 0.333333333 0.5 0.416666667 0.5 0.333333333 -0.214021814 -0.535934479 -0.214021814 -0.537363051 -0.235848487 -0.534927514 -0.214021814 -0.535934479 -0.235848487 -0.534927514 -0.235848487 -0.533498943 -0.160084128 -0.533498943 -0.160084128 -0.534927514 -0.133968631 -0.537363051 -0.160084128 -0.533498943 -0.133968631 -0.537363051 -0.133968631 -0.535934479 0 0.416666667 0 0.5 0.5 0.5 0 0.416666667 0.5 0.5 0.5 0.416666667 0.5 0.416666667 0.5 0.5 0 0.5 0.5 0.416666667 0 0.5 0 0.416666667 0.5 0.416666667 0.5 0.5 1 0.5 0.5 0.416666667 1 0.5 1 0.416666667 1 0.416666667 1 0.5 0.5 0.5 1 0.416666667 0.5 0.5 0.5 0.416666667 -0.0628491939 -0.533498943 -0.0628491939 -0.534927514 -0.0838618373 -0.536126342 -0.0628491939 -0.533498943 -0.0838618373 -0.536126342 -0.0838618373 -0.53469777 -0.183658149 -0.53469777 -0.183658149 -0.536126342 -0.160084128 -0.534927514 -0.183658149 -0.53469777 -0.160084128 -0.534927514 -0.160084128 -0.533498943 0 0.5 0 0.583333333 0.5 0.583333333 0 0.5 0.5 0.583333333 0.5 0.5 0.5 0.5 0.5 0.583333333 0 0.583333333 0.5 0.5 0 0.583333333 0 0.5 0.5 0.5 0.5 0.583333333 1 0.583333333 0.5 0.5 1 0.583333333 1 0.5 1 0.5 1 0.583333333 0.5 0.583333333 1 0.5 0.5 0.583333333 0.5 0.5 -0.0838618373 -0.53469777 -0.0838618373 -0.536126342 -0.107435858 -0.541087741 -0.0838618373 -0.53469777 -0.107435858 -0.541087741 -0.107435858 -0.53965917 -0.204670793 -0.53965917 -0.204670793 -0.541087741 -0.183658149 -0.536126342 -0.204670793 -0.53965917 -0.183658149 -0.536126342 -0.183658149 -0.53469777 0 0.583333333 0 0.666666667 0.5 0.666666667 0 0.583333333 0.5 0.666666667 0.5 0.583333333 0.5 0.583333333 0.5 0.666666667 0 0.666666667 0.5 0.583333333 0 0.666666667 0 0.583333333 0.5 0.583333333 0.5 0.666666667 1 0.666666667 0.5 0.583333333 1 0.666666667 1 0.583333333 1 0.583333333 1 0.666666667 0.5 0.666666667 1 0.583333333 0.5 0.666666667 0.5 0.583333333 -0.107435858 -0.53965917 -0.107435858 -0.541087741 -0.133551356 -0.549683505 -0.107435858 -0.53965917 -0.133551356 -0.549683505 -0.133551356 -0.548254933 -0.161615081 -0.548254933 -0.161615081 -0.549683505 -0.139788408 -0.541087741 -0.161615081 -0.548254933 -0.139788408 -0.541087741 -0.139788408 -0.53965917 0 0.666666667 0 0.75 0.5 0.75 0 0.666666667 0.5 0.75 0.5 0.666666667 0.5 0.666666667 0.5 0.75 0 0.75 0.5 0.666666667 0 0.75 0 0.666666667 0.5 0.666666667 0.5 0.75 1 0.75 0.5 0.666666667 1 0.75 1 0.666666667 1 0.666666667 1 0.75 0.5 0.75 1 0.666666667 0.5 0.75 0.5 0.666666667 -0.133551356 -0.548254933 -0.133551356 -0.549683505 -0.162163252 -0.561537751 -0.133551356 -0.548254933 -0.162163252 -0.561537751 -0.162163252 -0.56010918 -0.186767295 -0.56010918 -0.186767295 -0.561537751 -0.161615081 -0.549683505 -0.186767295 -0.56010918 -0.161615081 -0.549683505 -0.161615081 -0.548254933 0 0.75 0 0.833333333 0.5 0.833333333 0 0.75 0.5 0.833333333 0.5 0.75 0.5 0.75 0.5 0.833333333 0 0.833333333 0.5 0.75 0 0.833333333 0 0.75 0.5 0.75 0.5 0.833333333 1 0.833333333 0.5 0.75 1 0.833333333 1 0.75 1 0.75 1 0.833333333 0.5 0.833333333 1 0.75 0.5 0.833333333 0.5 0.75 -0.162163252 -0.56010918 -0.162163252 -0.561537751 -0.193263701 -0.576052537 -0.162163252 -0.56010918 -0.193263701 -0.576052537 -0.193263701 -0.574623965 -0.215234601 -0.574623965 -0.215234601 -0.576052537 -0.186767295 -0.561537751 -0.215234601 -0.574623965 -0.186767295 -0.561537751 -0.186767295 -0.56010918 0 0.833333333 0 0.916666667 0.5 0.916666667 0 0.833333333 0.5 0.916666667 0.5 0.833333333 0.5 0.833333333 0.5 0.916666667 0 0.916666667 0.5 0.833333333 0 0.916666667 0 0.833333333 0.5 0.833333333 0.5 0.916666667 1 0.916666667 0.5 0.833333333 1 0.916666667 1 0.833333333 1 0.833333333 1 0.916666667 0.5 0.916666667 1 0.833333333 0.5 0.916666667 0.5 0.833333333 -0.193263701 -0.574623965 -0.193263701 -0.576052537 -0.227120273 -0.592448608 -0.193263701 -0.574623965 -0.227120273 -0.592448608 -0.227120273 -0.591020037 -0.247373436 -0.591020037 -0.247373436 -0.592448608 -0.215234601 -0.576052537 -0.247373436 -0.591020037 -0.215234601 -0.576052537 -0.215234601 -0.574623965 0 0.916666667 0 1 0.5 1 0 0.916666667 0.5 1 0.5 0.916666667 0.5 0.916666667 0.5 1 0 1 0.5 0.916666667 0 1 0 0.916666667 0.5 0.916666667 0.5 1 1 1 0.5 0.916666667 1 1 1 0.916666667 1 0.916666667 1 1 0.5 1 1 0.916666667 0.5 1 0.5 0.916666667 -0.227120273 -0.591020037 -0.227120273 -0.592448608 -0.266490824 -0.609818505 -0.227120273 -0.591020037 -0.266490824 -0.609818505 -0.266490824 -0.608389933 -0.28685764 -0.608389933 -0.28685764 -0.609818505 -0.247373436 -0.592448608 -0.28685764 -0.608389933 -0.247373436 -0.592448608 -0.247373436 -0.591020037 -0.0887792549 -0.571428571 -0.0874082701 -0.571428571 -0.0874082701 -0.572857143 -0.0887792549 -0.571428571 -0.0874082701 -0.572857143 -0.0887792549 -0.572857143 -0.0874082701 -0.571428571 -0.0860372854 -0.571428571 -0.0860372854 -0.572857143 -0.0874082701 -0.571428571 -0.0860372854 -0.572857143 -0.0874082701 -0.572857143 -0.28959961 -0.609818505 -0.288228625 -0.609818505 -0.288228625 -0.608389933 -0.28959961 -0.609818505 -0.288228625 -0.608389933 -0.28959961 -0.608389933 -0.288228625 -0.609818505 -0.28685764 -0.609818505 -0.28685764 -0.608389933 -0.288228625 -0.609818505 -0.28685764 -0.608389933 -0.288228625 -0.608389933 0 0 0 0.0833333333 0.5 0.0833333333 0 0 0.5 0.0833333333 0.5 0 0.5 0 0.5 0.0833333333 0 0.0833333333 0.5 0 0 0.0833333333 0 0 0.5 0 0.5 0.0833333333 1 0.0833333333 0.5 0 1 0.0833333333 1 0 1 0 1 0.0833333333 0.5 0.0833333333 1 0 0.5 0.0833333333 0.5 0 -0.000300068361 -0.371428571 -0.000300068361 -0.372857143 -0.0262009791 -0.365772339 -0.000300068361 -0.371428571 -0.0262009791 -0.365772339 -0.0262009791 -0.364343768 -0.112633131 -0.364343768 -0.112633131 -0.365772339 -0.14115836 -0.372857143 -0.112633131 -0.364343768 -0.14115836 -0.372857143 -0.14115836 -0.371428571 0 0.0833333333 0 0.166666667 0.5 0.166666667 0 0.0833333333 0.5 0.166666667 0.5 0.0833333333 0.5 0.0833333333 0.5 0.166666667 0 0.166666667 0.5 0.0833333333 0 0.166666667 0 0.0833333333 0.5 0.0833333333 0.5 0.166666667 1 0.166666667 0.5 0.0833333333 1 0.166666667 1 0.0833333333 1 0.0833333333 1 0.166666667 0.5 0.166666667 1 0.0833333333 0.5 0.166666667 0.5 0.0833333333 -0.0262009791 -0.364343768 -0.0262009791 -0.365772339 -0.0507065592 -0.359431666 -0.0262009791 -0.364343768 -0.0507065592 -0.359431666 -0.0507065592 -0.358003095 -0.0919563334 -0.358003095 -0.0919563334 -0.359431666 -0.112633131 -0.365772339 -0.0919563334 -0.358003095 -0.112633131 -0.365772339 -0.112633131 -0.364343768 0 0.166666667 0 0.25 0.5 0.25 0 0.166666667 0.5 0.25 0.5 0.166666667 0.5 0.166666667 0.5 0.25 0 0.25 0.5 0.166666667 0 0.25 0 0.166666667 0.5 0.166666667 0.5 0.25 1 0.25 0.5 0.166666667 1 0.25 1 0.166666667 1 0.166666667 1 0.25 0.5 0.25 1 0.166666667 0.5 0.25 0.5 0.166666667 -0.0507065592 -0.358003095 -0.0507065592 -0.359431666 -0.0744979981 -0.354528545 -0.0507065592 -0.358003095 -0.0744979981 -0.354528545 -0.0744979981 -0.353099974 -0.0545585193 -0.353099974 -0.0545585193 -0.354528545 -0.0353311191 -0.359431666 -0.0545585193 -0.353099974 -0.0353311191 -0.359431666 -0.0353311191 -0.358003095 0 0.25 0 0.333333333 0.5 0.333333333 0 0.25 0.5 0.333333333 0.5 0.25 0.5 0.25 0.5 0.333333333 0 0.333333333 0.5 0.25 0 0.333333333 0 0.25 0.5 0.25 0.5 0.333333333 1 0.333333333 0.5 0.25 1 0.333333333 1 0.25 1 0.25 1 0.333333333 0.5 0.333333333 1 0.25 0.5 0.333333333 0.5 0.25 -0.0744979981 -0.353099974 -0.0744979981 -0.354528545 -0.097644626 -0.351658428 -0.0744979981 -0.353099974 -0.097644626 -0.351658428 -0.097644626 -0.350229857 -0.0744307305 -0.350229857 -0.0744307305 -0.351658428 -0.0545585193 -0.354528545 -0.0744307305 -0.350229857 -0.0545585193 -0.354528545 -0.0545585193 -0.353099974 0 0.333333333 0 0.416666667 0.5 0.416666667 0 0.333333333 0.5 0.416666667 0.5 0.333333333 0.5 0.333333333 0.5 0.416666667 0 0.416666667 0.5 0.333333333 0 0.416666667 0 0.333333333 0.5 0.333333333 0.5 0.416666667 1 0.416666667 0.5 0.333333333 1 0.416666667 1 0.333333333 1 0.333333333 1 0.416666667 0.5 0.416666667 1 0.333333333 0.5 0.416666667 0.5 0.333333333 -0.097644626 -0.350229857 -0.097644626 -0.351658428 -0.12014441 -0.351278223 -0.097644626 -0.350229857 -0.12014441 -0.351278223 -0.12014441 -0.349849651 -0.0949497857 -0.349849651 -0.0949497857 -0.351278223 -0.0744307305 -0.351658428 -0.0949497857 -0.349849651 -0.0744307305 -0.351658428 -0.0744307305 -0.350229857 0 0.416666667 0 0.5 0.5 0.5 0 0.416666667 0.5 0.5 0.5 0.416666667 0.5 0.416666667 0.5 0.5 0 0.5 0.5 0.416666667 0 0.5 0 0.416666667 0.5 0.416666667 0.5 0.5 1 0.5 0.5 0.416666667 1 0.5 1 0.416666667 1 0.416666667 1 0.5 0.5 0.5 1 0.416666667 0.5 0.5 0.5 0.416666667 -0.12014441 -0.349849651 -0.12014441 -0.351278223 -0.14198567 -0.353675153 -0.12014441 -0.349849651 -0.14198567 -0.353675153 -0.14198567 -0.352246582 -0.116127365 -0.352246582 -0.116127365 -0.353675153 -0.0949497857 -0.351278223 -0.116127365 -0.352246582 -0.0949497857 -0.351278223 -0.0949497857 -0.349849651 0 0.5 0 0.583333333 0.5 0.583333333 0 0.5 0.5 0.583333333 0.5 0.5 0.5 0.5 0.5 0.583333333 0 0.583333333 0.5 0.5 0 0.583333333 0 0.5 0.5 0.5 0.5 0.583333333 1 0.583333333 0.5 0.5 1 0.583333333 1 0.5 1 0.5 1 0.583333333 0.5 0.583333333 1 0.5 0.5 0.583333333 0.5 0.5 -0.14198567 -0.352246582 -0.14198567 -0.353675153 -0.163163249 -0.358947186 -0.14198567 -0.352246582 -0.163163249 -0.358947186 -0.163163249 -0.357518614 -0.137968625 -0.357518614 -0.137968625 -0.358947186 -0.116127365 -0.353675153 -0.137968625 -0.357518614 -0.116127365 -0.353675153 -0.116127365 -0.352246582 0 0.583333333 0 0.666666667 0.5 0.666666667 0 0.583333333 0.5 0.666666667 0.5 0.583333333 0.5 0.583333333 0.5 0.666666667 0 0.666666667 0.5 0.583333333 0 0.666666667 0 0.583333333 0.5 0.583333333 0.5 0.666666667 1 0.666666667 0.5 0.583333333 1 0.666666667 1 0.583333333 1 0.583333333 1 0.666666667 0.5 0.666666667 1 0.583333333 0.5 0.666666667 0.5 0.583333333 -0.163163249 -0.357518614 -0.163163249 -0.358947186 -0.183682304 -0.366996354 -0.163163249 -0.357518614 -0.183682304 -0.366996354 -0.183682304 -0.365567783 -0.160468409 -0.365567783 -0.160468409 -0.366996354 -0.137968625 -0.358947186 -0.160468409 -0.365567783 -0.137968625 -0.358947186 -0.137968625 -0.357518614 0 0.666666667 0 0.75 0.5 0.75 0 0.666666667 0.5 0.75 0.5 0.666666667 0.5 0.666666667 0.5 0.75 0 0.75 0.5 0.666666667 0 0.75 0 0.666666667 0.5 0.666666667 0.5 0.75 1 0.75 0.5 0.666666667 1 0.75 1 0.666666667 1 0.666666667 1 0.75 0.5 0.75 1 0.666666667 0.5 0.75 0.5 0.666666667 -0.183682304 -0.365567783 -0.183682304 -0.366996354 -0.203554516 -0.377535434 -0.183682304 -0.365567783 -0.203554516 -0.377535434 -0.203554516 -0.376106863 -0.183615037 -0.376106863 -0.183615037 -0.377535434 -0.160468409 -0.366996354 -0.183615037 -0.376106863 -0.160468409 -0.366996354 -0.160468409 -0.365567783 0 0.75 0 0.833333333 0.5 0.833333333 0 0.75 0.5 0.833333333 0.5 0.75 0.5 0.75 0.5 0.833333333 0 0.833333333 0.5 0.75 0 0.833333333 0 0.75 0.5 0.75 0.5 0.833333333 1 0.833333333 0.5 0.75 1 0.833333333 1 0.75 1 0.75 1 0.833333333 0.5 0.833333333 1 0.75 0.5 0.833333333 0.5 0.75 -0.203554516 -0.376106863 -0.203554516 -0.377535434 -0.222781916 -0.390107519 -0.203554516 -0.376106863 -0.222781916 -0.390107519 -0.222781916 -0.388678948 -0.207406476 -0.388678948 -0.207406476 -0.390107519 -0.183615037 -0.377535434 -0.207406476 -0.388678948 -0.183615037 -0.377535434 -0.183615037 -0.376106863 0 0.833333333 0 0.916666667 0.5 0.916666667 0 0.833333333 0.5 0.916666667 0.5 0.833333333 0.5 0.833333333 0.5 0.916666667 0 0.916666667 0.5 0.833333333 0 0.916666667 0 0.833333333 0.5 0.833333333 0.5 0.916666667 1 0.916666667 0.5 0.833333333 1 0.916666667 1 0.833333333 1 0.833333333 1 0.916666667 0.5 0.916666667 1 0.833333333 0.5 0.916666667 0.5 0.833333333 -0.147847495 -0.388678948 -0.147847495 -0.390107519 -0.127170697 -0.404117155 -0.147847495 -0.388678948 -0.127170697 -0.404117155 -0.127170697 -0.402688583 -0.231912056 -0.402688583 -0.231912056 -0.404117155 -0.207406476 -0.390107519 -0.231912056 -0.402688583 -0.207406476 -0.390107519 -0.207406476 -0.388678948 0 0.916666667 0 1 0.5 1 0 0.916666667 0.5 1 0.5 0.916666667 0.5 0.916666667 0.5 1 0 1 0.5 0.916666667 0 1 0 0.916666667 0.5 0.916666667 0.5 1 1 1 0.5 0.916666667 1 1 1 0.916666667 1 0.916666667 1 1 0.5 1 1 0.916666667 0.5 1 0.5 0.916666667 -0.127170697 -0.402688583 -0.127170697 -0.404117155 -0.098645468 -0.418870922 -0.127170697 -0.402688583 -0.098645468 -0.418870922 -0.098645468 -0.41744235 -0.257812966 -0.41744235 -0.257812966 -0.418870922 -0.231912056 -0.404117155 -0.257812966 -0.41744235 -0.231912056 -0.404117155 -0.231912056 -0.402688583 -0.144533999 -0.371428571 -0.14284618 -0.371428571 -0.14284618 -0.372857143 -0.144533999 -0.371428571 -0.14284618 -0.372857143 -0.144533999 -0.372857143 -0.14284618 -0.371428571 -0.14115836 -0.371428571 -0.14115836 -0.372857143 -0.14284618 -0.371428571 -0.14115836 -0.372857143 -0.14284618 -0.372857143 -0.098645468 -0.418870922 -0.0969576485 -0.418870922 -0.0969576485 -0.41744235 -0.098645468 -0.418870922 -0.0969576485 -0.41744235 -0.098645468 -0.41744235 -0.0969576485 -0.418870922 -0.0952698291 -0.418870922 -0.0952698291 -0.41744235 -0.0969576485 -0.418870922 -0.0952698291 -0.41744235 -0.0969576485 -0.41744235 0 0 0 0.0833333333 0.5 0.0833333333 0 0 0.5 0.0833333333 0.5 0 0.5 0 0.5 0.0833333333 0 0.0833333333 0.5 0 0 0.0833333333 0 0 0.5 0 0.5 0.0833333333 1 0.0833333333 0.5 0 1 0.0833333333 1 0 1 0 1 0.0833333333 0.5 0.0833333333 1 0 0.5 0.0833333333 0.5 0 -0.0914034041 -0.171428571 -0.0914034041 -0.172857143 -0.125727376 -0.164828701 -0.0914034041 -0.171428571 -0.125727376 -0.164828701 -0.125727376 -0.16340013 -0.0355538415 -0.16340013 -0.0355538415 -0.164828701 -0.00120182251 -0.172857143 -0.0355538415 -0.16340013 -0.00120182251 -0.172857143 -0.00120182251 -0.171428571 0 0.0833333333 0 0.166666667 0.5 0.166666667 0 0.0833333333 0.5 0.166666667 0.5 0.0833333333 0.5 0.0833333333 0.5 0.166666667 0 0.166666667 0.5 0.0833333333 0 0.166666667 0 0.0833333333 0.5 0.0833333333 0.5 0.166666667 1 0.166666667 0.5 0.0833333333 1 0.166666667 1 0.0833333333 1 0.0833333333 1 0.166666667 0.5 0.166666667 1 0.0833333333 0.5 0.166666667 0.5 0.0833333333 -0.125727376 -0.16340013 -0.125727376 -0.164828701 -0.154875086 -0.157681543 -0.125727376 -0.16340013 -0.154875086 -0.157681543 -0.154875086 -0.156252971 -0.0648169664 -0.156252971 -0.0648169664 -0.157681543 -0.0355538415 -0.164828701 -0.0648169664 -0.156252971 -0.0355538415 -0.164828701 -0.0355538415 -0.16340013 0 0.166666667 0 0.25 0.5 0.25 0 0.166666667 0.5 0.25 0.5 0.166666667 0.5 0.166666667 0.5 0.25 0 0.25 0.5 0.166666667 0 0.25 0 0.166666667 0.5 0.166666667 0.5 0.25 1 0.25 0.5 0.166666667 1 0.25 1 0.166666667 1 0.166666667 1 0.25 0.5 0.25 1 0.166666667 0.5 0.25 0.5 0.166666667 -0.154875086 -0.156252971 -0.154875086 -0.157681543 -0.181327508 -0.152236891 -0.154875086 -0.156252971 -0.181327508 -0.152236891 -0.181327508 -0.15080832 -0.0914302966 -0.15080832 -0.0914302966 -0.152236891 -0.0648169664 -0.157681543 -0.0914302966 -0.15080832 -0.0648169664 -0.157681543 -0.0648169664 -0.156252971 0 0.25 0 0.333333333 0.5 0.333333333 0 0.25 0.5 0.333333333 0.5 0.25 0.5 0.25 0.5 0.333333333 0 0.333333333 0.5 0.25 0 0.333333333 0 0.25 0.5 0.25 0.5 0.333333333 1 0.333333333 0.5 0.25 1 0.333333333 1 0.25 1 0.25 1 0.333333333 0.5 0.333333333 1 0.25 0.5 0.333333333 0.5 0.25 -0.181327508 -0.15080832 -0.181327508 -0.152236891 -0.205346307 -0.149199949 -0.181327508 -0.15080832 -0.205346307 -0.149199949 -0.205346307 -0.147771378 -0.115651079 -0.147771378 -0.115651079 -0.149199949 -0.0914302966 -0.152236891 -0.115651079 -0.147771378 -0.0914302966 -0.152236891 -0.0914302966 -0.15080832 0 0.333333333 0 0.416666667 0.5 0.416666667 0 0.333333333 0.5 0.416666667 0.5 0.333333333 0.5 0.333333333 0.5 0.416666667 0 0.416666667 0.5 0.333333333 0 0.416666667 0 0.333333333 0.5 0.333333333 0.5 0.416666667 1 0.416666667 0.5 0.333333333 1 0.416666667 1 0.333333333 1 0.333333333 1 0.416666667 0.5 0.416666667 1 0.333333333 0.5 0.416666667 0.5 0.333333333 -0.205346307 -0.147771378 -0.205346307 -0.149199949 -0.226923808 -0.149111836 -0.205346307 -0.147771378 -0.226923808 -0.149111836 -0.226923808 -0.147683265 -0.137471769 -0.147683265 -0.137471769 -0.149111836 -0.115651079 -0.149199949 -0.137471769 -0.147683265 -0.115651079 -0.149199949 -0.115651079 -0.147771378 0 0.416666667 0 0.5 0.5 0.5 0 0.416666667 0.5 0.5 0.5 0.416666667 0.5 0.416666667 0.5 0.5 0 0.5 0.5 0.416666667 0 0.5 0 0.416666667 0.5 0.416666667 0.5 0.5 1 0.5 0.5 0.416666667 1 0.5 1 0.416666667 1 0.416666667 1 0.5 0.5 0.5 1 0.416666667 0.5 0.5 0.5 0.416666667 -0.226923808 -0.147683265 -0.226923808 -0.149111836 -0.246015931 -0.152312715 -0.226923808 -0.147683265 -0.246015931 -0.152312715 -0.246015931 -0.150884143 -0.156849031 -0.150884143 -0.156849031 -0.152312715 -0.137471769 -0.149111836 -0.156849031 -0.150884143 -0.137471769 -0.149111836 -0.137471769 -0.147683265 0 0.5 0 0.583333333 0.5 0.583333333 0 0.5 0.5 0.583333333 0.5 0.5 0.5 0.5 0.5 0.583333333 0 0.583333333 0.5 0.5 0 0.583333333 0 0.5 0.5 0.5 0.5 0.583333333 1 0.583333333 0.5 0.5 1 0.583333333 1 0.5 1 0.5 1 0.583333333 0.5 0.583333333 1 0.5 0.5 0.583333333 0.5 0.5 -0.0609027268 -0.150884143 -0.0609027268 -0.152312715 -0.0802799881 -0.158918608 -0.0609027268 -0.150884143 -0.0802799881 -0.158918608 -0.0802799881 -0.157490037 -0.167514512 -0.157490037 -0.167514512 -0.158918608 -0.148422389 -0.152312715 -0.167514512 -0.157490037 -0.148422389 -0.152312715 -0.148422389 -0.150884143 0 0.583333333 0 0.666666667 0.5 0.666666667 0 0.583333333 0.5 0.666666667 0.5 0.583333333 0.5 0.583333333 0.5 0.666666667 0 0.666666667 0.5 0.583333333 0 0.666666667 0 0.583333333 0.5 0.583333333 0.5 0.666666667 1 0.666666667 0.5 0.583333333 1 0.666666667 1 0.583333333 1 0.583333333 1 0.666666667 0.5 0.666666667 1 0.583333333 0.5 0.666666667 0.5 0.583333333 -0.0802799881 -0.157490037 -0.0802799881 -0.158918608 -0.102100679 -0.168813494 -0.0802799881 -0.157490037 -0.102100679 -0.168813494 -0.102100679 -0.167384922 -0.189092014 -0.167384922 -0.189092014 -0.168813494 -0.167514512 -0.158918608 -0.189092014 -0.167384922 -0.167514512 -0.158918608 -0.167514512 -0.157490037 0 0.666666667 0 0.75 0.5 0.75 0 0.666666667 0.5 0.75 0.5 0.666666667 0.5 0.666666667 0.5 0.75 0 0.75 0.5 0.666666667 0 0.75 0 0.666666667 0.5 0.666666667 0.5 0.75 1 0.75 0.5 0.666666667 1 0.75 1 0.666666667 1 0.666666667 1 0.75 0.5 0.75 1 0.666666667 0.5 0.75 0.5 0.666666667 -0.102100679 -0.167384922 -0.102100679 -0.168813494 -0.126321461 -0.181657208 -0.102100679 -0.167384922 -0.126321461 -0.181657208 -0.126321461 -0.180228637 -0.213110812 -0.180228637 -0.213110812 -0.181657208 -0.189092014 -0.168813494 -0.213110812 -0.180228637 -0.189092014 -0.168813494 -0.189092014 -0.167384922 0 0.75 0 0.833333333 0.5 0.833333333 0 0.75 0.5 0.833333333 0.5 0.75 0.5 0.75 0.5 0.833333333 0 0.833333333 0.5 0.75 0 0.833333333 0 0.75 0.5 0.75 0.5 0.833333333 1 0.833333333 0.5 0.75 1 0.833333333 1 0.75 1 0.75 1 0.833333333 0.5 0.833333333 1 0.75 0.5 0.833333333 0.5 0.75 -0.126321461 -0.180228637 -0.126321461 -0.181657208 -0.152934791 -0.196908632 -0.126321461 -0.180228637 -0.152934791 -0.196908632 -0.152934791 -0.195480061 -0.239563234 -0.195480061 -0.239563234 -0.196908632 -0.213110812 -0.181657208 -0.239563234 -0.195480061 -0.213110812 -0.181657208 -0.213110812 -0.180228637 0 0.833333333 0 0.916666667 0.5 0.916666667 0 0.833333333 0.5 0.916666667 0.5 0.833333333 0.5 0.833333333 0.5 0.916666667 0 0.916666667 0.5 0.833333333 0 0.916666667 0 0.833333333 0.5 0.833333333 0.5 0.916666667 1 0.916666667 0.5 0.833333333 1 0.916666667 1 0.833333333 1 0.833333333 1 0.916666667 0.5 0.916666667 1 0.833333333 0.5 0.916666667 0.5 0.833333333 -0.152934791 -0.195480061 -0.152934791 -0.196908632 -0.182197916 -0.213862563 -0.152934791 -0.195480061 -0.182197916 -0.213862563 -0.182197916 -0.212433992 -0.268710944 -0.212433992 -0.268710944 -0.213862563 -0.239563234 -0.196908632 -0.268710944 -0.212433992 -0.239563234 -0.196908632 -0.239563234 -0.195480061 0 0.916666667 0 1 0.5 1 0 0.916666667 0.5 1 0.5 0.916666667 0.5 0.916666667 0.5 1 0 1 0.5 0.916666667 0 1 0 0.916666667 0.5 0.916666667 0.5 1 1 1 0.5 0.916666667 1 1 1 0.916666667 1 0.916666667 1 1 0.5 1 1 0.916666667 0.5 1 0.5 0.916666667 -0.182197916 -0.212433992 -0.182197916 -0.213862563 -0.216549935 -0.231697777 -0.182197916 -0.212433992 -0.216549935 -0.231697777 -0.216549935 -0.230269205 -0.303034916 -0.230269205 -0.303034916 -0.231697777 -0.268710944 -0.213862563 -0.303034916 -0.230269205 -0.268710944 -0.213862563 -0.268710944 -0.212433992 -0.0914034041 -0.171428571 -0.0901809483 -0.171428571 -0.0901809483 -0.172857143 -0.0914034041 -0.171428571 -0.0901809483 -0.172857143 -0.0914034041 -0.172857143 -0.0901809483 -0.171428571 -0.0889584925 -0.171428571 -0.0889584925 -0.172857143 -0.0901809483 -0.171428571 -0.0889584925 -0.172857143 -0.0901809483 -0.172857143 -0.305479828 -0.231697777 -0.304257372 -0.231697777 -0.304257372 -0.230269205 -0.305479828 -0.231697777 -0.304257372 -0.230269205 -0.305479828 -0.230269205 -0.304257372 -0.231697777 -0.303034916 -0.231697777 -0.303034916 -0.230269205 -0.304257372 -0.231697777 -0.303034916 -0.230269205 -0.304257372 -0.230269205 0 0 0 0.0833333333 0.5 0.0833333333 0 0 0.5 0.0833333333 0.5 0 0.5 0 0.5 0.0833333333 0 0.0833333333 0.5 0 0 0.0833333333 0 0 0.5 0 0.5 0.0833333333 1 0.0833333333 0.5 0 1 0.0833333333 1 0 1 0 1 0.0833333333 0.5 0.0833333333 1 0 0.5 0.0833333333 0.5 0 -0.000352349232 0.0285714286 -0.000352349232 0.0271428571 -0.0303081494 0.0359163307 -0.000352349232 0.0285714286 -0.0303081494 0.0359163307 -0.0303081494 0.0373449022 0.0651129847 0.0373449022 0.0651129847 0.0359163307 0.0324091114 0.0271428571 0.0651129847 0.0373449022 0.0324091114 0.0271428571 0.0324091114 0.0285714286 0 0.0833333333 0 0.166666667 0.5 0.166666667 0 0.0833333333 0.5 0.166666667 0.5 0.0833333333 0.5 0.0833333333 0.5 0.166666667 0 0.166666667 0.5 0.0833333333 0 0.166666667 0 0.0833333333 0.5 0.0833333333 0.5 0.166666667 1 0.166666667 0.5 0.0833333333 1 0.166666667 1 0.0833333333 1 0.0833333333 1 0.166666667 0.5 0.166666667 1 0.0833333333 0.5 0.166666667 0.5 0.0833333333 -0.0303081494 0.0373449022 -0.0303081494 0.0359163307 -0.0583918695 0.0438377459 -0.0303081494 0.0373449022 -0.0583918695 0.0438377459 -0.0583918695 0.0452663173 0.0889030887 0.0452663173 0.0889030887 0.0438377459 0.0651129847 0.0359163307 0.0889030887 0.0452663173 0.0651129847 0.0359163307 0.0651129847 0.0373449022 0 0.166666667 0 0.25 0.5 0.25 0 0.166666667 0.5 0.25 0.5 0.166666667 0.5 0.166666667 0.5 0.25 0 0.25 0.5 0.166666667 0 0.25 0 0.166666667 0.5 0.166666667 0.5 0.25 1 0.25 0.5 0.166666667 1 0.25 1 0.166666667 1 0.166666667 1 0.25 0.5 0.25 1 0.166666667 0.5 0.25 0.5 0.166666667 -0.0583918695 0.0452663173 -0.0583918695 0.0438377459 -0.0855386087 0.0501131105 -0.0583918695 0.0452663173 -0.0855386087 0.0501131105 -0.0855386087 0.0515416819 -0.0593772388 0.0515416819 -0.0593772388 0.0501131105 -0.0382186955 0.0438377459 -0.0593772388 0.0515416819 -0.0382186955 0.0438377459 -0.0382186955 0.0452663173 0 0.25 0 0.333333333 0.5 0.333333333 0 0.25 0.5 0.333333333 0.5 0.25 0.5 0.25 0.5 0.333333333 0 0.333333333 0.5 0.25 0 0.333333333 0 0.25 0.5 0.25 0.5 0.333333333 1 0.333333333 0.5 0.25 1 0.333333333 1 0.25 1 0.25 1 0.333333333 0.5 0.333333333 1 0.25 0.5 0.333333333 0.5 0.25 -0.0855386087 0.0515416819 -0.0855386087 0.0501131105 -0.111839331 0.0540606081 -0.0855386087 0.0515416819 -0.111839331 0.0540606081 -0.111839331 0.0554891795 -0.0813817992 0.0554891795 -0.0813817992 0.0540606081 -0.0593772388 0.0501131105 -0.0813817992 0.0554891795 -0.0593772388 0.0501131105 -0.0593772388 0.0515416819 0 0.333333333 0 0.416666667 0.5 0.416666667 0 0.333333333 0.5 0.416666667 0.5 0.333333333 0.5 0.333333333 0.5 0.416666667 0 0.416666667 0.5 0.333333333 0 0.416666667 0 0.333333333 0.5 0.333333333 0.5 0.416666667 1 0.416666667 0.5 0.333333333 1 0.416666667 1 0.333333333 1 0.333333333 1 0.416666667 0.5 0.416666667 1 0.333333333 0.5 0.416666667 0.5 0.333333333 -0.111839331 0.0554891795 -0.111839331 0.0540606081 -0.137291369 0.0551570625 -0.111839331 0.0554891795 -0.137291369 0.0551570625 -0.137291369 0.056585634 -0.104235044 0.056585634 -0.104235044 0.0551570625 -0.0813817992 0.0540606081 -0.104235044 0.056585634 -0.0813817992 0.0540606081 -0.0813817992 0.0554891795 0 0.416666667 0 0.5 0.5 0.5 0 0.416666667 0.5 0.5 0.5 0.416666667 0.5 0.416666667 0.5 0.5 0 0.5 0.5 0.416666667 0 0.5 0 0.416666667 0.5 0.416666667 0.5 0.5 1 0.5 0.5 0.416666667 1 0.5 1 0.416666667 1 0.416666667 1 0.5 0.5 0.5 1 0.416666667 0.5 0.5 0.5 0.416666667 -0.137291369 0.056585634 -0.137291369 0.0551570625 -0.161879397 0.0530735915 -0.137291369 0.056585634 -0.161879397 0.0530735915 -0.161879397 0.054502163 -0.127952298 0.054502163 -0.127952298 0.0530735915 -0.104235044 0.0551570625 -0.127952298 0.054502163 -0.104235044 0.0551570625 -0.104235044 0.056585634 0 0.5 0 0.583333333 0.5 0.583333333 0 0.5 0.5 0.583333333 0.5 0.5 0.5 0.5 0.5 0.583333333 0 0.583333333 0.5 0.5 0 0.583333333 0 0.5 0.5 0.5 0.5 0.583333333 1 0.583333333 0.5 0.5 1 0.583333333 1 0.5 1 0.5 1 0.583333333 0.5 0.583333333 1 0.5 0.5 0.583333333 0.5 0.5 -0.161879397 0.054502163 -0.161879397 0.0530735915 -0.185596651 0.0476980195 -0.161879397 0.054502163 -0.185596651 0.0476980195 -0.185596651 0.0491265909 -0.152540327 0.0491265909 -0.152540327 0.0476980195 -0.127952298 0.0530735915 -0.152540327 0.0491265909 -0.127952298 0.0530735915 -0.127952298 0.054502163 0 0.583333333 0 0.666666667 0.5 0.666666667 0 0.583333333 0.5 0.666666667 0.5 0.583333333 0.5 0.583333333 0.5 0.666666667 0 0.666666667 0.5 0.583333333 0 0.666666667 0 0.583333333 0.5 0.583333333 0.5 0.666666667 1 0.666666667 0.5 0.583333333 1 0.666666667 1 0.583333333 1 0.583333333 1 0.666666667 0.5 0.666666667 1 0.583333333 0.5 0.666666667 0.5 0.583333333 -0.185596651 0.0491265909 -0.185596651 0.0476980195 -0.208449896 0.039142522 -0.185596651 0.0491265909 -0.208449896 0.039142522 -0.208449896 0.0405710934 -0.177992364 0.0405710934 -0.177992364 0.039142522 -0.152540327 0.0476980195 -0.177992364 0.0405710934 -0.152540327 0.0476980195 -0.152540327 0.0491265909 0 0.666666667 0 0.75 0.5 0.75 0 0.666666667 0.5 0.75 0.5 0.666666667 0.5 0.666666667 0.5 0.75 0 0.75 0.5 0.666666667 0 0.75 0 0.666666667 0.5 0.666666667 0.5 0.75 1 0.75 0.5 0.666666667 1 0.75 1 0.666666667 1 0.666666667 1 0.75 0.5 0.75 1 0.666666667 0.5 0.75 0.5 0.666666667 -0.208449896 0.0405710934 -0.208449896 0.039142522 -0.230454456 0.0277359814 -0.208449896 0.0405710934 -0.230454456 0.0277359814 -0.230454456 0.0291645528 -0.204293086 0.0291645528 -0.204293086 0.0277359814 -0.177992364 0.039142522 -0.204293086 0.0291645528 -0.177992364 0.039142522 -0.177992364 0.0405710934 0 0.75 0 0.833333333 0.5 0.833333333 0 0.75 0.5 0.833333333 0.5 0.75 0.5 0.75 0.5 0.833333333 0 0.833333333 0.5 0.75 0 0.833333333 0 0.75 0.5 0.75 0.5 0.833333333 1 0.833333333 0.5 0.75 1 0.833333333 1 0.75 1 0.75 1 0.833333333 0.5 0.833333333 1 0.75 0.5 0.833333333 0.5 0.75 -0.230454456 0.0291645528 -0.230454456 0.0277359814 -0.251613 0.0140015738 -0.230454456 0.0291645528 -0.251613 0.0140015738 -0.251613 0.0154301452 -0.231439826 0.0154301452 -0.231439826 0.0140015738 -0.204293086 0.0277359814 -0.231439826 0.0154301452 -0.204293086 0.0277359814 -0.204293086 0.0291645528 0 0.833333333 0 0.916666667 0.5 0.916666667 0 0.833333333 0.5 0.916666667 0.5 0.833333333 0.5 0.833333333 0.5 0.916666667 0 0.916666667 0.5 0.833333333 0 0.916666667 0 0.833333333 0.5 0.833333333 0.5 0.916666667 1 0.916666667 0.5 0.833333333 1 0.916666667 1 0.833333333 1 0.833333333 1 0.916666667 0.5 0.916666667 1 0.833333333 0.5 0.916666667 0.5 0.833333333 0.0334305491 0.0154301452 0.0334305491 0.0140015738 0.0572206531 -0.0013788844 0.0334305491 0.0154301452 0.0572206531 -0.0013788844 0.0572206531 4.96870318e-05 -0.259523546 4.96870318e-05 -0.259523546 -0.0013788844 -0.231439826 0.0140015738 -0.259523546 4.96870318e-05 -0.231439826 0.0140015738 -0.231439826 0.0154301452 0 0.916666667 0 1 0.5 1 0 0.916666667 0.5 1 0.5 0.916666667 0.5 0.916666667 0.5 1 0 1 0.5 0.916666667 0 1 0 0.916666667 0.5 0.916666667 0.5 1 1 1 0.5 0.916666667 1 1 1 0.916666667 1 0.916666667 1 1 0.5 1 1 0.916666667 0.5 1 0.5 0.916666667 0.0572206531 4.96870318e-05 0.0572206531 -0.0013788844 0.0899245263 -0.017611401 0.0572206531 4.96870318e-05 0.0899245263 -0.017611401 0.0899245263 -0.0161828296 -0.289479346 -0.0161828296 -0.289479346 -0.017611401 -0.259523546 -0.0013788844 -0.289479346 -0.0161828296 -0.259523546 -0.0013788844 -0.259523546 4.96870318e-05 0.0290537423 0.0285714286 0.0307314269 0.0285714286 0.0307314269 0.0271428571 0.0290537423 0.0285714286 0.0307314269 0.0271428571 0.0290537423 0.0271428571 0.0307314269 0.0285714286 0.0324091114 0.0285714286 0.0324091114 0.0271428571 0.0307314269 0.0285714286 0.0324091114 0.0271428571 0.0307314269 0.0271428571 0.0899245263 -0.017611401 0.0916022109 -0.017611401 0.0916022109 -0.0161828296 0.0899245263 -0.017611401 0.0916022109 -0.0161828296 0.0899245263 -0.0161828296 0.0916022109 -0.017611401 0.0932798954 -0.017611401 0.0932798954 -0.0161828296 0.0916022109 -0.017611401 0.0932798954 -0.0161828296 0.0916022109 -0.0161828296 0 0 0 0.0833333333 0.5 0.0833333333 0 0 0.5 0.0833333333 0.5 0 0.5 0 0.5 0.0833333333 0 0.0833333333 0.5 0 0 0.0833333333 0 0 0.5 0 0.5 0.0833333333 1 0.0833333333 0.5 0 1 0.0833333333 1 0 1 0 1 0.0833333333 0.5 0.0833333333 1 0 0.5 0.0833333333 0.5 0 0.1270466 0.228571429 0.1270466 0.227142857 0.0950516342 0.231114215 0.1270466 0.228571429 0.0950516342 0.231114215 0.0950516342 0.232542787 -0.0327004848 0.232542787 -0.0327004848 0.231114215 -0.00106885381 0.227142857 -0.0327004848 0.232542787 -0.00106885381 0.227142857 -0.00106885381 0.228571429 0 0.0833333333 0 0.166666667 0.5 0.166666667 0 0.0833333333 0.5 0.166666667 0.5 0.0833333333 0.5 0.0833333333 0.5 0.166666667 0 0.166666667 0.5 0.0833333333 0 0.166666667 0 0.0833333333 0.5 0.0833333333 0.5 0.166666667 1 0.166666667 0.5 0.0833333333 1 0.166666667 1 0.0833333333 1 0.0833333333 1 0.166666667 0.5 0.166666667 1 0.0833333333 0.5 0.166666667 0.5 0.0833333333 0.0950516342 0.232542787 0.0950516342 0.231114215 0.0689207416 0.234355021 0.0950516342 0.232542787 0.0689207416 0.234355021 0.0689207416 0.235783592 -0.0596555726 0.235783592 -0.0596555726 0.234355021 -0.0327004848 0.231114215 -0.0596555726 0.235783592 -0.0327004848 0.231114215 -0.0327004848 0.232542787 0 0.166666667 0 0.25 0.5 0.25 0 0.166666667 0.5 0.25 0.5 0.166666667 0.5 0.166666667 0.5 0.25 0 0.25 0.5 0.166666667 0 0.25 0 0.166666667 0.5 0.166666667 0.5 0.25 1 0.25 0.5 0.166666667 1 0.25 1 0.166666667 1 0.166666667 1 0.25 0.5 0.25 1 0.166666667 0.5 0.25 0.5 0.166666667 0.0689207416 0.235783592 0.0689207416 0.234355021 0.045824485 0.236184507 0.0689207416 0.235783592 0.045824485 0.236184507 0.045824485 0.237613078 -0.0841905666 0.237613078 -0.0841905666 0.236184507 -0.0596555726 0.234355021 -0.0841905666 0.237613078 -0.0596555726 0.234355021 -0.0596555726 0.235783592 0 0.25 0 0.333333333 0.5 0.333333333 0 0.25 0.5 0.333333333 0.5 0.25 0.5 0.25 0.5 0.333333333 0 0.333333333 0.5 0.25 0 0.333333333 0 0.25 0.5 0.25 0.5 0.333333333 1 0.333333333 0.5 0.25 1 0.333333333 1 0.25 1 0.25 1 0.333333333 0.5 0.333333333 1 0.25 0.5 0.333333333 0.5 0.25 0.045824485 0.237613078 0.045824485 0.236184507 0.0254682564 0.236018086 0.045824485 0.237613078 0.0254682564 0.236018086 0.0254682564 0.237446657 -0.106540414 0.237446657 -0.106540414 0.236018086 -0.0841905666 0.236184507 -0.106540414 0.237446657 -0.0841905666 0.236184507 -0.0841905666 0.237613078 0 0.333333333 0 0.416666667 0.5 0.416666667 0 0.333333333 0.5 0.416666667 0.5 0.333333333 0.5 0.333333333 0.5 0.416666667 0 0.416666667 0.5 0.333333333 0 0.416666667 0 0.333333333 0.5 0.333333333 0.5 0.416666667 1 0.416666667 0.5 0.333333333 1 0.416666667 1 0.333333333 1 0.333333333 1 0.416666667 0.5 0.416666667 1 0.333333333 0.5 0.416666667 0.5 0.333333333 0.0254682564 0.237446657 0.0254682564 0.236018086 0.00786069439 0.233407188 0.0254682564 0.237446657 0.00786069439 0.233407188 0.00786069439 0.234835759 -0.126698225 0.234835759 -0.126698225 0.233407188 -0.106540414 0.236018086 -0.126698225 0.234835759 -0.106540414 0.236018086 -0.106540414 0.237446657 0 0.416666667 0 0.5 0.5 0.5 0 0.416666667 0.5 0.5 0.5 0.416666667 0.5 0.416666667 0.5 0.5 0 0.5 0.5 0.416666667 0 0.5 0 0.416666667 0.5 0.416666667 0.5 0.5 1 0.5 0.5 0.416666667 1 0.5 1 0.416666667 1 0.416666667 1 0.5 0.5 0.5 1 0.416666667 0.5 0.5 0.5 0.416666667 -0.0413182506 0.234835759 -0.0413182506 0.233407188 -0.0569953519 0.22806983 -0.0413182506 0.234835759 -0.0569953519 0.22806983 -0.0569953519 0.229498401 -0.144624419 0.229498401 -0.144624419 0.22806983 -0.126698225 0.233407188 -0.144624419 0.229498401 -0.126698225 0.233407188 -0.126698225 0.234835759 0 0.5 0 0.583333333 0.5 0.583333333 0 0.5 0.5 0.583333333 0.5 0.5 0.5 0.5 0.5 0.583333333 0 0.583333333 0.5 0.5 0 0.583333333 0 0.5 0.5 0.5 0.5 0.583333333 1 0.583333333 0.5 0.5 1 0.583333333 1 0.5 1 0.5 1 0.583333333 0.5 0.583333333 1 0.5 0.5 0.583333333 0.5 0.5 -0.0569953519 0.229498401 -0.0569953519 0.22806983 -0.0749215457 0.219909833 -0.0569953519 0.229498401 -0.0749215457 0.219909833 -0.0749215457 0.221338404 -0.16030152 0.221338404 -0.16030152 0.219909833 -0.144624419 0.22806983 -0.16030152 0.221338404 -0.144624419 0.22806983 -0.144624419 0.229498401 0 0.583333333 0 0.666666667 0.5 0.666666667 0 0.583333333 0.5 0.666666667 0.5 0.583333333 0.5 0.583333333 0.5 0.666666667 0 0.666666667 0.5 0.583333333 0 0.666666667 0 0.583333333 0.5 0.583333333 0.5 0.666666667 1 0.666666667 0.5 0.583333333 1 0.666666667 1 0.583333333 1 0.583333333 1 0.666666667 0.5 0.666666667 1 0.583333333 0.5 0.666666667 0.5 0.583333333 -0.0749215457 0.221338404 -0.0749215457 0.219909833 -0.0950793569 0.209023376 -0.0749215457 0.221338404 -0.0950793569 0.209023376 -0.0950793569 0.210451948 0.0705156022 0.210451948 0.0705156022 0.209023376 0.0881231642 0.219909833 0.0705156022 0.210451948 0.0881231642 0.219909833 0.0881231642 0.221338404 0 0.666666667 0 0.75 0.5 0.75 0 0.666666667 0.5 0.75 0.5 0.666666667 0.5 0.666666667 0.5 0.75 0 0.75 0.5 0.666666667 0 0.75 0 0.666666667 0.5 0.666666667 0.5 0.75 1 0.75 0.5 0.666666667 1 0.75 1 0.666666667 1 0.666666667 1 0.75 0.5 0.75 1 0.666666667 0.5 0.75 0.5 0.666666667 -0.0950793569 0.210451948 -0.0950793569 0.209023376 -0.117429204 0.195692443 -0.0950793569 0.210451948 -0.117429204 0.195692443 -0.117429204 0.197121014 0.0501593736 0.197121014 0.0501593736 0.195692443 0.0705156022 0.209023376 0.0501593736 0.197121014 0.0705156022 0.209023376 0.0705156022 0.210451948 0 0.75 0 0.833333333 0.5 0.833333333 0 0.75 0.5 0.833333333 0.5 0.75 0.5 0.75 0.5 0.833333333 0 0.833333333 0.5 0.75 0 0.833333333 0 0.75 0.5 0.75 0.5 0.833333333 1 0.833333333 0.5 0.75 1 0.833333333 1 0.75 1 0.75 1 0.833333333 0.5 0.833333333 1 0.75 0.5 0.833333333 0.5 0.75 -0.117429204 0.197121014 -0.117429204 0.195692443 -0.141964198 0.180365602 -0.117429204 0.197121014 -0.141964198 0.180365602 -0.141964198 0.181794173 0.0270631169 0.181794173 0.0270631169 0.180365602 0.0501593736 0.195692443 0.0270631169 0.181794173 0.0501593736 0.195692443 0.0501593736 0.197121014 0 0.833333333 0 0.916666667 0.5 0.916666667 0 0.833333333 0.5 0.916666667 0.5 0.833333333 0.5 0.833333333 0.5 0.916666667 0 0.916666667 0.5 0.833333333 0 0.916666667 0 0.833333333 0.5 0.833333333 0.5 0.916666667 1 0.916666667 0.5 0.833333333 1 0.916666667 1 0.833333333 1 0.833333333 1 0.916666667 0.5 0.916666667 1 0.833333333 0.5 0.916666667 0.5 0.833333333 -0.141964198 0.181794173 -0.141964198 0.180365602 -0.168919286 0.163627442 -0.141964198 0.181794173 -0.168919286 0.163627442 -0.168919286 0.165056013 0.00093222441 0.165056013 0.00093222441 0.163627442 0.0270631169 0.180365602 0.00093222441 0.165056013 0.0270631169 0.180365602 0.0270631169 0.181794173 0 0.916666667 0 1 0.5 1 0 0.916666667 0.5 1 0.5 0.916666667 0.5 0.916666667 0.5 1 0 1 0.5 0.916666667 0 1 0 0.916666667 0.5 0.916666667 0.5 1 1 1 0.5 0.916666667 1 1 1 0.916666667 1 0.916666667 1 1 0.5 1 1 0.916666667 0.5 1 0.5 0.916666667 -0.168919286 0.165056013 -0.168919286 0.163627442 -0.200550917 0.146158729 -0.168919286 0.165056013 -0.200550917 0.146158729 -0.200550917 0.1475873 -0.031062741 0.1475873 -0.031062741 0.146158729 0.00093222441 0.163627442 -0.031062741 0.1475873 0.00093222441 0.163627442 0.00093222441 0.165056013 0.1270466 0.228571429 0.128386871 0.228571429 0.128386871 0.227142857 0.1270466 0.228571429 0.128386871 0.227142857 0.1270466 0.227142857 0.128386871 0.228571429 0.129727142 0.228571429 0.129727142 0.227142857 0.128386871 0.228571429 0.129727142 0.227142857 0.128386871 0.227142857 -0.0337432835 0.146158729 -0.0324030122 0.146158729 -0.0324030122 0.1475873 -0.0337432835 0.146158729 -0.0324030122 0.1475873 -0.0337432835 0.1475873 -0.0324030122 0.146158729 -0.031062741 0.146158729 -0.031062741 0.1475873 -0.0324030122 0.146158729 -0.031062741 0.1475873 -0.0324030122 0.1475873 0 0 0 0.0833333333 0.5 0.0833333333 0 0 0.5 0.0833333333 0.5 0 0.5 0 0.5 0.0833333333 0 0.0833333333 0.5 0 0 0.0833333333 0 0 0.5 0 0.5 0.0833333333 1 0.0833333333 0.5 0 1 0.0833333333 1 0 1 0 1 0.0833333333 0.5 0.0833333333 1 0 0.5 0.0833333333 0.5 0 -0.000276044455 0.428571429 -0.000276044455 0.427142857 -0.0281875142 0.436076484 -0.000276044455 0.428571429 -0.0281875142 0.436076484 -0.0281875142 0.437505056 0.158915758 0.437505056 0.158915758 0.436076484 0.130573605 0.427142857 0.158915758 0.437505056 0.130573605 0.427142857 0.130573605 0.428571429 0 0.0833333333 0 0.166666667 0.5 0.166666667 0 0.0833333333 0.5 0.166666667 0.5 0.0833333333 0.5 0.0833333333 0.5 0.166666667 0 0.166666667 0.5 0.0833333333 0 0.166666667 0 0.0833333333 0.5 0.0833333333 0.5 0.166666667 1 0.166666667 0.5 0.0833333333 1 0.166666667 1 0.0833333333 1 0.0833333333 1 0.166666667 0.5 0.166666667 1 0.0833333333 0.5 0.166666667 0.5 0.0833333333 -0.0281875142 0.437505056 -0.0281875142 0.436076484 -0.054834369 0.444174781 -0.0281875142 0.437505056 -0.054834369 0.444174781 -0.054834369 0.445603353 -0.0408622493 0.445603353 -0.0408622493 0.444174781 -0.0196607949 0.436076484 -0.0408622493 0.445603353 -0.0196607949 0.436076484 -0.0196607949 0.437505056 0 0.166666667 0 0.25 0.5 0.25 0 0.166666667 0.5 0.25 0.5 0.166666667 0.5 0.166666667 0.5 0.25 0 0.25 0.5 0.166666667 0 0.25 0 0.166666667 0.5 0.166666667 0.5 0.25 1 0.25 0.5 0.166666667 1 0.25 1 0.166666667 1 0.166666667 1 0.25 0.5 0.25 1 0.166666667 0.5 0.25 0.5 0.166666667 -0.054834369 0.445603353 -0.054834369 0.444174781 -0.0808322624 0.450659344 -0.054834369 0.445603353 -0.0808322624 0.450659344 -0.0808322624 0.452087915 -0.0627126649 0.452087915 -0.0627126649 0.450659344 -0.0408622493 0.444174781 -0.0627126649 0.452087915 -0.0408622493 0.444174781 -0.0408622493 0.445603353 0 0.25 0 0.333333333 0.5 0.333333333 0 0.25 0.5 0.333333333 0.5 0.25 0.5 0.25 0.5 0.333333333 0 0.333333333 0.5 0.25 0 0.333333333 0 0.25 0.5 0.25 0.5 0.333333333 1 0.333333333 0.5 0.25 1 0.333333333 1 0.25 1 0.25 1 0.333333333 0.5 0.333333333 1 0.25 0.5 0.333333333 0.5 0.25 -0.0808322624 0.452087915 -0.0808322624 0.450659344 -0.106244197 0.454861741 -0.0808322624 0.452087915 -0.106244197 0.454861741 -0.106244197 0.456290313 -0.0851490396 0.456290313 -0.0851490396 0.454861741 -0.0627126649 0.450659344 -0.0851490396 0.456290313 -0.0627126649 0.450659344 -0.0627126649 0.452087915 0 0.333333333 0 0.416666667 0.5 0.416666667 0 0.333333333 0.5 0.416666667 0.5 0.333333333 0.5 0.333333333 0.5 0.416666667 0 0.416666667 0.5 0.333333333 0 0.416666667 0 0.333333333 0.5 0.333333333 0.5 0.416666667 1 0.416666667 0.5 0.333333333 1 0.416666667 1 0.333333333 1 0.333333333 1 0.416666667 0.5 0.416666667 1 0.333333333 0.5 0.416666667 0.5 0.333333333 -0.106244197 0.456290313 -0.106244197 0.454861741 -0.131068325 0.456269069 -0.106244197 0.456290313 -0.131068325 0.456269069 -0.131068325 0.457697641 -0.108173221 0.457697641 -0.108173221 0.456269069 -0.0851490396 0.454861741 -0.108173221 0.457697641 -0.0851490396 0.454861741 -0.0851490396 0.456290313 0 0.416666667 0 0.5 0.5 0.5 0 0.416666667 0.5 0.5 0.5 0.416666667 0.5 0.416666667 0.5 0.5 0 0.5 0.5 0.416666667 0 0.5 0 0.416666667 0.5 0.416666667 0.5 0.5 1 0.5 0.5 0.416666667 1 0.5 1 0.416666667 1 0.416666667 1 0.5 0.5 0.5 1 0.416666667 0.5 0.5 0.5 0.416666667 -0.131068325 0.457697641 -0.131068325 0.456269069 -0.155294033 0.454558902 -0.131068325 0.457697641 -0.155294033 0.454558902 -0.155294033 0.455987473 -0.131795822 0.455987473 -0.131795822 0.454558902 -0.108173221 0.456269069 -0.131795822 0.455987473 -0.108173221 0.456269069 -0.108173221 0.457697641 0 0.5 0 0.583333333 0.5 0.583333333 0 0.5 0.5 0.583333333 0.5 0.5 0.5 0.5 0.5 0.583333333 0 0.583333333 0.5 0.5 0 0.583333333 0 0.5 0.5 0.5 0.5 0.583333333 1 0.583333333 0.5 0.5 1 0.583333333 1 0.5 1 0.5 1 0.583333333 0.5 0.583333333 1 0.5 0.5 0.583333333 0.5 0.5 -0.155294033 0.455987473 -0.155294033 0.454558902 -0.178916634 0.449621265 -0.155294033 0.455987473 -0.178916634 0.449621265 -0.178916634 0.451049837 -0.15602153 0.451049837 -0.15602153 0.449621265 -0.131795822 0.454558902 -0.15602153 0.451049837 -0.131795822 0.454558902 -0.131795822 0.455987473 0 0.583333333 0 0.666666667 0.5 0.666666667 0 0.583333333 0.5 0.666666667 0.5 0.583333333 0.5 0.583333333 0.5 0.666666667 0 0.666666667 0.5 0.583333333 0 0.666666667 0 0.583333333 0.5 0.583333333 0.5 0.666666667 1 0.666666667 0.5 0.583333333 1 0.666666667 1 0.583333333 1 0.583333333 1 0.666666667 0.5 0.666666667 1 0.583333333 0.5 0.666666667 0.5 0.583333333 -0.178916634 0.451049837 -0.178916634 0.449621265 -0.201940815 0.441566134 -0.178916634 0.451049837 -0.201940815 0.441566134 -0.201940815 0.442994705 -0.180845658 0.442994705 -0.180845658 0.441566134 -0.15602153 0.449621265 -0.180845658 0.442994705 -0.15602153 0.449621265 -0.15602153 0.451049837 0 0.666666667 0 0.75 0.5 0.75 0 0.666666667 0.5 0.75 0.5 0.666666667 0.5 0.666666667 0.5 0.75 0 0.75 0.5 0.666666667 0 0.75 0 0.666666667 0.5 0.666666667 0.5 0.75 1 0.75 0.5 0.666666667 1 0.75 1 0.666666667 1 0.666666667 1 0.75 0.5 0.75 1 0.666666667 0.5 0.75 0.5 0.666666667 -0.201940815 0.442994705 -0.201940815 0.441566134 -0.22437719 0.430715933 -0.201940815 0.442994705 -0.22437719 0.430715933 -0.22437719 0.432144504 -0.206257592 0.432144504 -0.206257592 0.430715933 -0.180845658 0.441566134 -0.206257592 0.432144504 -0.180845658 0.441566134 -0.180845658 0.442994705 0 0.75 0 0.833333333 0.5 0.833333333 0 0.75 0.5 0.833333333 0.5 0.75 0.5 0.75 0.5 0.833333333 0 0.833333333 0.5 0.75 0 0.833333333 0 0.75 0.5 0.75 0.5 0.833333333 1 0.833333333 0.5 0.75 1 0.833333333 1 0.75 1 0.75 1 0.833333333 0.5 0.833333333 1 0.75 0.5 0.833333333 0.5 0.75 -0.22437719 0.432144504 -0.22437719 0.430715933 -0.246227605 0.417583566 -0.22437719 0.432144504 -0.246227605 0.417583566 -0.246227605 0.419012138 -0.232255486 0.419012138 -0.232255486 0.417583566 -0.206257592 0.430715933 -0.232255486 0.419012138 -0.206257592 0.430715933 -0.206257592 0.432144504 0 0.833333333 0 0.916666667 0.5 0.916666667 0 0.833333333 0.5 0.916666667 0.5 0.833333333 0.5 0.833333333 0.5 0.916666667 0 0.916666667 0.5 0.833333333 0 0.916666667 0 0.833333333 0.5 0.833333333 0.5 0.916666667 1 0.916666667 0.5 0.833333333 1 0.916666667 1 0.833333333 1 0.833333333 1 0.916666667 0.5 0.916666667 1 0.833333333 0.5 0.916666667 0.5 0.833333333 -0.246227605 0.419012138 -0.246227605 0.417583566 -0.26742906 0.402837466 -0.246227605 0.419012138 -0.26742906 0.402837466 -0.26742906 0.404266037 -0.25890234 0.404266037 -0.25890234 0.402837466 -0.232255486 0.417583566 -0.25890234 0.404266037 -0.232255486 0.417583566 -0.232255486 0.419012138 0 0.916666667 0 1 0.5 1 0 0.916666667 0.5 1 0.5 0.916666667 0.5 0.916666667 0.5 1 0 1 0.5 0.916666667 0 1 0 0.916666667 0.5 0.916666667 0.5 1 1 1 0.5 0.916666667 1 1 1 0.916666667 1 0.916666667 1 1 0.5 1 1 0.916666667 0.5 1 0.5 0.916666667 0.14568779 0.404266037 0.14568779 0.402837466 0.174029943 0.387256035 0.14568779 0.404266037 0.174029943 0.387256035 0.174029943 0.388684606 -0.28681381 0.388684606 -0.28681381 0.387256035 -0.25890234 0.402837466 -0.28681381 0.388684606 -0.25890234 0.402837466 -0.25890234 0.404266037 0.127189776 0.428571429 0.128881691 0.428571429 0.128881691 0.427142857 0.127189776 0.428571429 0.128881691 0.427142857 0.127189776 0.427142857 0.128881691 0.428571429 0.130573605 0.428571429 0.130573605 0.427142857 0.128881691 0.428571429 0.130573605 0.427142857 0.128881691 0.427142857 0.174029943 0.387256035 0.175721858 0.387256035 0.175721858 0.388684606 0.174029943 0.387256035 0.175721858 0.388684606 0.174029943 0.388684606 0.175721858 0.387256035 0.177413772 0.387256035 0.177413772 0.388684606 0.175721858 0.387256035 0.177413772 0.388684606 0.175721858 0.388684606 0 0 0 0.0833333333 0.5 0.0833333333 0 0 0.5 0.0833333333 0.5 0 0.5 0 0.5 0.0833333333 0 0.0833333333 0.5 0 0 0.0833333333 0 0 0.5 0 0.5 0.0833333333 1 0.0833333333 0.5 0 1 0.0833333333 1 0 1 0 1 0.0833333333 0.5 0.0833333333 1 0 0.5 0.0833333333 0.5 0 0.0306342756 0.628571429 0.0306342756 0.627142857 -0.00809815221 0.638544448 0.0306342756 0.628571429 -0.00809815221 0.638544448 -0.00809815221 0.639973019 -0.0399455442 0.639973019 -0.0399455442 0.638544448 -0.0012172045 0.627142857 -0.0399455442 0.639973019 -0.0012172045 0.627142857 -0.0012172045 0.628571429 0 0.0833333333 0 0.166666667 0.5 0.166666667 0 0.0833333333 0.5 0.166666667 0.5 0.0833333333 0.5 0.0833333333 0.5 0.166666667 0 0.166666667 0.5 0.0833333333 0 0.166666667 0 0.0833333333 0.5 0.0833333333 0.5 0.166666667 1 0.166666667 0.5 0.0833333333 1 0.166666667 1 0.0833333333 1 0.0833333333 1 0.166666667 0.5 0.166666667 1 0.0833333333 0.5 0.166666667 0.5 0.0833333333 -0.00809815221 0.639973019 -0.00809815221 0.638544448 -0.040721104 0.648977575 -0.00809815221 0.639973019 -0.040721104 0.648977575 -0.040721104 0.650406146 -0.072513474 0.650406146 -0.072513474 0.648977575 -0.0399455442 0.638544448 -0.072513474 0.650406146 -0.0399455442 0.638544448 -0.0399455442 0.639973019 0 0.166666667 0 0.25 0.5 0.25 0 0.166666667 0.5 0.25 0.5 0.166666667 0.5 0.166666667 0.5 0.25 0 0.25 0.5 0.166666667 0 0.25 0 0.166666667 0.5 0.166666667 0.5 0.25 1 0.25 0.5 0.166666667 1 0.25 1 0.166666667 1 0.166666667 1 0.25 0.5 0.25 1 0.166666667 0.5 0.25 0.5 0.166666667 -0.040721104 0.650406146 -0.040721104 0.648977575 -0.0702621282 0.657539776 -0.040721104 0.650406146 -0.0702621282 0.657539776 -0.0702621282 0.658968347 -0.101973783 0.658968347 -0.101973783 0.657539776 -0.072513474 0.648977575 -0.101973783 0.658968347 -0.072513474 0.648977575 -0.072513474 0.650406146 0 0.25 0 0.333333333 0.5 0.333333333 0 0.25 0.5 0.333333333 0.5 0.25 0.5 0.25 0.5 0.333333333 0 0.333333333 0.5 0.25 0 0.333333333 0 0.25 0.5 0.25 0.5 0.333333333 1 0.333333333 0.5 0.25 1 0.333333333 1 0.25 1 0.25 1 0.333333333 0.5 0.333333333 1 0.25 0.5 0.333333333 0.5 0.25 -0.0702621282 0.658968347 -0.0702621282 0.657539776 -0.0970204237 0.663456087 -0.0702621282 0.658968347 -0.0970204237 0.663456087 -0.0970204237 0.664884658 -0.128628163 0.664884658 -0.128628163 0.663456087 -0.101973783 0.657539776 -0.128628163 0.664884658 -0.101973783 0.657539776 -0.101973783 0.658968347 0 0.333333333 0 0.416666667 0.5 0.416666667 0 0.333333333 0.5 0.416666667 0.5 0.333333333 0.5 0.333333333 0.5 0.416666667 0 0.416666667 0.5 0.333333333 0 0.416666667 0 0.333333333 0.5 0.333333333 0.5 0.416666667 1 0.416666667 0.5 0.333333333 1 0.416666667 1 0.333333333 1 0.333333333 1 0.416666667 0.5 0.416666667 1 0.333333333 0.5 0.416666667 0.5 0.333333333 -0.0970204237 0.664884658 -0.0970204237 0.663456087 -0.120987217 0.666131858 -0.0970204237 0.664884658 -0.120987217 0.666131858 -0.120987217 0.667560429 -0.152467769 0.667560429 -0.152467769 0.666131858 -0.128628163 0.663456087 -0.152467769 0.667560429 -0.128628163 0.663456087 -0.128628163 0.664884658 0 0.416666667 0 0.5 0.5 0.5 0 0.416666667 0.5 0.5 0.5 0.416666667 0.5 0.416666667 0.5 0.5 0 0.5 0.5 0.416666667 0 0.5 0 0.416666667 0.5 0.416666667 0.5 0.5 1 0.5 0.5 0.416666667 1 0.5 1 0.416666667 1 0.416666667 1 0.5 0.5 0.5 1 0.416666667 0.5 0.5 0.5 0.416666667 -0.120987217 0.667560429 -0.120987217 0.666131858 -0.142112103 0.665193276 -0.120987217 0.667560429 -0.142112103 0.665193276 -0.142112103 0.666621847 -0.173441775 0.666621847 -0.173441775 0.665193276 -0.152467769 0.666131858 -0.173441775 0.666621847 -0.152467769 0.666131858 -0.152467769 0.667560429 0 0.5 0 0.583333333 0.5 0.583333333 0 0.5 0.5 0.583333333 0.5 0.5 0.5 0.5 0.5 0.583333333 0 0.583333333 0.5 0.5 0 0.583333333 0 0.5 0.5 0.5 0.5 0.583333333 1 0.583333333 0.5 0.5 1 0.583333333 1 0.5 1 0.5 1 0.583333333 0.5 0.583333333 1 0.5 0.5 0.583333333 0.5 0.5 -0.0609180537 0.666621847 -0.0609180537 0.665193276 -0.0818920594 0.66051284 -0.0609180537 0.666621847 -0.0818920594 0.66051284 -0.0818920594 0.661941412 -0.0516436067 0.661941412 -0.0516436067 0.66051284 -0.0305187211 0.665193276 -0.0516436067 0.661941412 -0.0305187211 0.665193276 -0.0305187211 0.666621847 0 0.583333333 0 0.666666667 0.5 0.666666667 0 0.583333333 0.5 0.666666667 0.5 0.583333333 0.5 0.583333333 0.5 0.666666667 0 0.666666667 0.5 0.583333333 0 0.666666667 0 0.583333333 0.5 0.583333333 0.5 0.666666667 1 0.666666667 0.5 0.583333333 1 0.666666667 1 0.583333333 1 0.583333333 1 0.666666667 0.5 0.666666667 1 0.583333333 0.5 0.666666667 0.5 0.583333333 -0.0818920594 0.661941412 -0.0818920594 0.66051284 -0.105731666 0.652218052 -0.0818920594 0.661941412 -0.105731666 0.652218052 -0.105731666 0.653646623 -0.0756104003 0.653646623 -0.0756104003 0.652218052 -0.0516436067 0.66051284 -0.0756104003 0.653646623 -0.0516436067 0.66051284 -0.0516436067 0.661941412 0 0.666666667 0 0.75 0.5 0.75 0 0.666666667 0.5 0.75 0.5 0.666666667 0.5 0.666666667 0.5 0.75 0 0.75 0.5 0.666666667 0 0.75 0 0.666666667 0.5 0.666666667 0.5 0.75 1 0.75 0.5 0.666666667 1 0.75 1 0.666666667 1 0.666666667 1 0.75 0.5 0.75 1 0.666666667 0.5 0.75 0.5 0.666666667 -0.105731666 0.653646623 -0.105731666 0.652218052 -0.132386046 0.640682724 -0.105731666 0.653646623 -0.132386046 0.640682724 -0.132386046 0.642111295 -0.102368696 0.642111295 -0.102368696 0.640682724 -0.0756104003 0.652218052 -0.102368696 0.642111295 -0.0756104003 0.652218052 -0.0756104003 0.653646623 0 0.75 0 0.833333333 0.5 0.833333333 0 0.75 0.5 0.833333333 0.5 0.75 0.5 0.75 0.5 0.833333333 0 0.833333333 0.5 0.75 0 0.833333333 0 0.75 0.5 0.75 0.5 0.833333333 1 0.833333333 0.5 0.75 1 0.833333333 1 0.75 1 0.75 1 0.833333333 0.5 0.833333333 1 0.75 0.5 0.833333333 0.5 0.75 -0.132386046 0.642111295 -0.132386046 0.640682724 -0.161846355 0.626501506 -0.132386046 0.642111295 -0.161846355 0.626501506 -0.161846355 0.627930077 -0.13190972 0.627930077 -0.13190972 0.626501506 -0.102368696 0.640682724 -0.13190972 0.627930077 -0.102368696 0.640682724 -0.102368696 0.642111295 0 0.833333333 0 0.916666667 0.5 0.916666667 0 0.833333333 0.5 0.916666667 0.5 0.833333333 0.5 0.833333333 0.5 0.916666667 0 0.916666667 0.5 0.833333333 0 0.916666667 0 0.833333333 0.5 0.833333333 0.5 0.916666667 1 0.916666667 0.5 0.833333333 1 0.916666667 1 0.833333333 1 0.833333333 1 0.916666667 0.5 0.916666667 1 0.833333333 0.5 0.916666667 0.5 0.833333333 -0.161846355 0.627930077 -0.161846355 0.626501506 -0.194414285 0.610449361 -0.161846355 0.627930077 -0.194414285 0.610449361 -0.194414285 0.611877932 -0.164532672 0.611877932 -0.164532672 0.610449361 -0.13190972 0.626501506 -0.164532672 0.611877932 -0.13190972 0.626501506 -0.13190972 0.627930077 0 0.916666667 0 1 0.5 1 0 0.916666667 0.5 1 0.5 0.916666667 0.5 0.916666667 0.5 1 0 1 0.5 0.916666667 0 1 0 0.916666667 0.5 0.916666667 0.5 1 1 1 0.5 0.916666667 1 1 1 0.916666667 1 0.916666667 1 1 0.5 1 1 0.916666667 0.5 1 0.5 0.916666667 -0.194414285 0.611877932 -0.194414285 0.610449361 -0.233142624 0.593428753 -0.194414285 0.611877932 -0.233142624 0.593428753 -0.233142624 0.594857324 -0.2032651 0.594857324 -0.2032651 0.593428753 -0.164532672 0.610449361 -0.2032651 0.594857324 -0.164532672 0.610449361 -0.164532672 0.611877932 0.0012172045 0.628571429 0 0.628571429 0 0.627142857 0.0012172045 0.628571429 0 0.627142857 0.0012172045 0.627142857 0 0.628571429 -0.0012172045 0.628571429 -0.0012172045 0.627142857 0 0.628571429 -0.0012172045 0.627142857 0 0.627142857 -0.233142624 0.593428753 -0.234359829 0.593428753 -0.234359829 0.594857324 -0.233142624 0.593428753 -0.234359829 0.594857324 -0.233142624 0.594857324 -0.234359829 0.593428753 -0.235577033 0.593428753 -0.235577033 0.594857324 -0.234359829 0.593428753 -0.235577033 0.594857324 -0.234359829 0.594857324 0 0 0 0.0833333333 0.5 0.0833333333 0 0 0.5 0.0833333333 0.5 0 0.5 0 0.5 0.0833333333 0 0.0833333333 0.5 0 0 0.0833333333 0 0 0.5 0 0.5 0.0833333333 1 0.0833333333 0.5 0 1 0.0833333333 1 0 1 0 1 0.0833333333 0.5 0.0833333333 1 0 0.5 0.0833333333 0.5 0 -0.000492075521 0.828571429 -0.000492075521 0.827142857 -0.0292782731 0.828816123 -0.000492075521 0.828571429 -0.0292782731 0.828816123 -0.0292782731 0.830244695 -0.0560990733 0.830244695 -0.0560990733 0.828816123 -0.0876536629 0.827142857 -0.0560990733 0.830244695 -0.0876536629 0.827142857 -0.0876536629 0.828571429 0 0.0833333333 0 0.166666667 0.5 0.166666667 0 0.0833333333 0.5 0.166666667 0.5 0.0833333333 0.5 0.0833333333 0.5 0.166666667 0 0.166666667 0.5 0.0833333333 0 0.166666667 0 0.0833333333 0.5 0.0833333333 0.5 0.166666667 1 0.166666667 0.5 0.0833333333 1 0.166666667 1 0.0833333333 1 0.0833333333 1 0.166666667 0.5 0.166666667 1 0.0833333333 0.5 0.166666667 0.5 0.0833333333 -0.0292782731 0.830244695 -0.0292782731 0.828816123 -0.0556509147 0.829732914 -0.0292782731 0.830244695 -0.0556509147 0.829732914 -0.0556509147 0.831161485 -0.0325989517 0.831161485 -0.0325989517 0.829732914 -0.0560990733 0.828816123 -0.0325989517 0.831161485 -0.0560990733 0.828816123 -0.0560990733 0.830244695 0 0.166666667 0 0.25 0.5 0.25 0 0.166666667 0.5 0.25 0.5 0.166666667 0.5 0.166666667 0.5 0.25 0 0.25 0.5 0.166666667 0 0.25 0 0.166666667 0.5 0.166666667 0.5 0.25 1 0.25 0.5 0.166666667 1 0.25 1 0.166666667 1 0.166666667 1 0.25 0.5 0.25 1 0.166666667 0.5 0.25 0.5 0.166666667 -0.0556509147 0.831161485 -0.0556509147 0.829732914 -0.0807996375 0.829188305 -0.0556509147 0.831161485 -0.0807996375 0.829188305 -0.0807996375 0.830616876 -0.0131832667 0.830616876 -0.0131832667 0.829188305 -0.0325989517 0.829732914 -0.0131832667 0.830616876 -0.0325989517 0.829732914 -0.0325989517 0.831161485 0 0.25 0 0.333333333 0.5 0.333333333 0 0.25 0.5 0.333333333 0.5 0.25 0.5 0.25 0.5 0.333333333 0 0.333333333 0.5 0.25 0 0.333333333 0 0.25 0.5 0.25 0.5 0.333333333 1 0.333333333 0.5 0.25 1 0.333333333 1 0.25 1 0.25 1 0.333333333 0.5 0.333333333 1 0.25 0.5 0.333333333 0.5 0.25 -0.0807996375 0.830616876 -0.0807996375 0.829188305 -0.104843261 0.826576965 -0.0807996375 0.830616876 -0.104843261 0.826576965 -0.104843261 0.828005537 -0.0650585116 0.828005537 -0.0650585116 0.826576965 -0.0466266923 0.829188305 -0.0650585116 0.828005537 -0.0466266923 0.829188305 -0.0466266923 0.830616876 0 0.333333333 0 0.416666667 0.5 0.416666667 0 0.333333333 0.5 0.416666667 0.5 0.333333333 0.5 0.333333333 0.5 0.416666667 0 0.416666667 0.5 0.333333333 0 0.416666667 0 0.333333333 0.5 0.333333333 0.5 0.416666667 1 0.416666667 0.5 0.333333333 1 0.416666667 1 0.333333333 1 0.333333333 1 0.416666667 0.5 0.416666667 1 0.333333333 0.5 0.416666667 0.5 0.333333333 -0.104843261 0.828005537 -0.104843261 0.826576965 -0.127778303 0.821434409 -0.104843261 0.828005537 -0.127778303 0.821434409 -0.127778303 0.82286298 -0.0845989137 0.82286298 -0.0845989137 0.821434409 -0.0650585116 0.826576965 -0.0845989137 0.82286298 -0.0650585116 0.826576965 -0.0650585116 0.828005537 0 0.416666667 0 0.5 0.5 0.5 0 0.416666667 0.5 0.5 0.5 0.416666667 0.5 0.416666667 0.5 0.5 0 0.5 0.5 0.416666667 0 0.5 0 0.416666667 0.5 0.416666667 0.5 0.5 1 0.5 0.5 0.416666667 1 0.5 1 0.416666667 1 0.416666667 1 0.5 0.5 0.5 1 0.416666667 0.5 0.5 0.5 0.416666667 -0.127778303 0.82286298 -0.127778303 0.821434409 -0.149584743 0.813468645 -0.127778303 0.82286298 -0.149584743 0.813468645 -0.149584743 0.814897217 -0.105267916 0.814897217 -0.105267916 0.813468645 -0.0845989137 0.821434409 -0.105267916 0.814897217 -0.0845989137 0.821434409 -0.0845989137 0.82286298 0 0.5 0 0.583333333 0.5 0.583333333 0 0.5 0.5 0.583333333 0.5 0.5 0.5 0.5 0.5 0.583333333 0 0.583333333 0.5 0.5 0 0.583333333 0 0.5 0.5 0.5 0.5 0.583333333 1 0.583333333 0.5 0.5 1 0.583333333 1 0.5 1 0.5 1 0.583333333 0.5 0.583333333 1 0.5 0.5 0.583333333 0.5 0.5 -0.149584743 0.814897217 -0.149584743 0.813468645 -0.170253746 0.802580083 -0.149584743 0.814897217 -0.170253746 0.802580083 -0.170253746 0.804008655 -0.127074357 0.804008655 -0.127074357 0.802580083 -0.105267916 0.813468645 -0.127074357 0.804008655 -0.105267916 0.813468645 -0.105267916 0.814897217 0 0.583333333 0 0.666666667 0.5 0.666666667 0 0.583333333 0.5 0.666666667 0.5 0.583333333 0.5 0.583333333 0.5 0.666666667 0 0.666666667 0.5 0.583333333 0 0.666666667 0 0.583333333 0.5 0.583333333 0.5 0.666666667 1 0.666666667 0.5 0.583333333 1 0.666666667 1 0.583333333 1 0.583333333 1 0.666666667 0.5 0.666666667 1 0.583333333 0.5 0.666666667 0.5 0.583333333 -0.170253746 0.804008655 -0.170253746 0.802580083 -0.189794148 0.788868315 -0.170253746 0.804008655 -0.189794148 0.788868315 -0.189794148 0.790296887 -0.150009398 0.790296887 -0.150009398 0.788868315 -0.127074357 0.802580083 -0.150009398 0.790296887 -0.127074357 0.802580083 -0.127074357 0.804008655 0 0.666666667 0 0.75 0.5 0.75 0 0.666666667 0.5 0.75 0.5 0.666666667 0.5 0.666666667 0.5 0.75 0 0.75 0.5 0.666666667 0 0.75 0 0.666666667 0.5 0.666666667 0.5 0.75 1 0.75 0.5 0.666666667 1 0.75 1 0.666666667 1 0.666666667 1 0.75 0.5 0.75 1 0.666666667 0.5 0.75 0.5 0.666666667 -0.189794148 0.790296887 -0.189794148 0.788868315 -0.208225967 0.77262533 -0.189794148 0.790296887 -0.208225967 0.77262533 -0.208225967 0.774053901 -0.174053022 0.774053901 -0.174053022 0.77262533 -0.150009398 0.788868315 -0.174053022 0.774053901 -0.150009398 0.788868315 -0.150009398 0.790296887 0 0.75 0 0.833333333 0.5 0.833333333 0 0.75 0.5 0.833333333 0.5 0.75 0.5 0.75 0.5 0.833333333 0 0.833333333 0.5 0.75 0 0.833333333 0 0.75 0.5 0.75 0.5 0.833333333 1 0.833333333 0.5 0.75 1 0.833333333 1 0.75 1 0.75 1 0.833333333 0.5 0.833333333 1 0.75 0.5 0.833333333 0.5 0.75 -0.0890406542 0.774053901 -0.0890406542 0.77262533 -0.0696249692 0.754315613 -0.0890406542 0.774053901 -0.0696249692 0.754315613 -0.0696249692 0.755744185 -0.199201745 0.755744185 -0.199201745 0.754315613 -0.174053022 0.77262533 -0.199201745 0.755744185 -0.174053022 0.77262533 -0.174053022 0.774053901 0 0.833333333 0 0.916666667 0.5 0.916666667 0 0.833333333 0.5 0.916666667 0.5 0.833333333 0.5 0.833333333 0.5 0.916666667 0 0.916666667 0.5 0.833333333 0 0.916666667 0 0.833333333 0.5 0.833333333 0.5 0.916666667 1 0.916666667 0.5 0.833333333 1 0.916666667 1 0.833333333 1 0.833333333 1 0.916666667 0.5 0.916666667 1 0.833333333 0.5 0.916666667 0.5 0.833333333 -0.0696249692 0.755744185 -0.0696249692 0.754315613 -0.0461248476 0.734544498 -0.0696249692 0.755744185 -0.0461248476 0.734544498 -0.0461248476 0.735973069 -0.225574386 0.735973069 -0.225574386 0.734544498 -0.199201745 0.754315613 -0.225574386 0.735973069 -0.199201745 0.754315613 -0.199201745 0.755744185 0 0.916666667 0 1 0.5 1 0 0.916666667 0.5 1 0.5 0.916666667 0.5 0.916666667 0.5 1 0 1 0.5 0.916666667 0 1 0 0.916666667 0.5 0.916666667 0.5 1 1 1 0.5 0.916666667 1 1 1 0.916666667 1 0.916666667 1 1 0.5 1 1 0.916666667 0.5 1 0.5 0.916666667 -0.0461248476 0.735973069 -0.0461248476 0.734544498 -0.014570258 0.714016907 -0.0461248476 0.735973069 -0.014570258 0.714016907 -0.014570258 0.715445478 -0.254360584 0.715445478 -0.254360584 0.714016907 -0.225574386 0.734544498 -0.254360584 0.715445478 -0.225574386 0.734544498 -0.225574386 0.735973069 -0.0909379511 0.828571429 -0.089295807 0.828571429 -0.089295807 0.827142857 -0.0909379511 0.828571429 -0.089295807 0.827142857 -0.0909379511 0.827142857 -0.089295807 0.828571429 -0.0876536629 0.828571429 -0.0876536629 0.827142857 -0.089295807 0.828571429 -0.0876536629 0.827142857 -0.089295807 0.827142857 -0.014570258 0.714016907 -0.0129281139 0.714016907 -0.0129281139 0.715445478 -0.014570258 0.714016907 -0.0129281139 0.715445478 -0.014570258 0.715445478 -0.0129281139 0.714016907 -0.0112859698 0.714016907 -0.0112859698 0.715445478 -0.0129281139 0.714016907 -0.0112859698 0.715445478 -0.0129281139 0.715445478</float_array><technique_common><accessor source="#rezero-leaf-uv-array" count="5088" stride="2"><param name="S" type="float" /><param name="T" type="float" /></accessor></technique_common></source><vertices id="rezero-leaf-vertices"><input semantic="POSITION" source="#rezero-leaf-p" /></vertices><triangles count="1696" material="leaf-slot"><input offset="0" semantic="VERTEX" source="#rezero-leaf-vertices" /><input offset="1" semantic="NORMAL" source="#rezero-leaf-n" /><input offset="2" semantic="TEXCOORD" source="#rezero-leaf-uv" set="0" /><p>0 0 0 1 1 1 2 2 2 3 3 3 4 4 4 5 5 5 6 6 6 7 7 7 8 8 8 9 9 9 10 10 10 11 11 11 12 12 12 13 13 13 14 14 14 15 15 15 16 16 16 17 17 17 18 18 18 19 19 19 20 20 20 21 21 21 22 22 22 23 23 23 24 24 24 25 25 25 26 26 26 27 27 27 28 28 28 29 29 29 30 30 30 31 31 31 32 32 32 33 33 33 34 34 34 35 35 35 36 36 36 37 37 37 38 38 38 39 39 39 40 40 40 41 41 41 42 42 42 43 43 43 44 44 44 45 45 45 46 46 46 47 47 47 48 48 48 49 49 49 50 50 50 51 51 51 52 52 52 53 53 53 54 54 54 55 55 55 56 56 56 57 57 57 58 58 58 59 59 59 60 60 60 61 61 61 62 62 62 63 63 63 64 64 64 65 65 65 66 66 66 67 67 67 68 68 68 69 69 69 70 70 70 71 71 71 72 72 72 73 73 73 74 74 74 75 75 75 76 76 76 77 77 77 78 78 78 79 79 79 80 80 80 81 81 81 82 82 82 83 83 83 84 84 84 85 85 85 86 86 86 87 87 87 88 88 88 89 89 89 90 90 90 91 91 91 92 92 92 93 93 93 94 94 94 95 95 95 96 96 96 97 97 97 98 98 98 99 99 99 100 100 100 101 101 101 102 102 102 103 103 103 104 104 104 105 105 105 106 106 106 107 107 107 108 108 108 109 109 109 110 110 110 111 111 111 112 112 112 113 113 113 114 114 114 115 115 115 116 116 116 117 117 117 118 118 118 119 119 119 120 120 120 121 121 121 122 122 122 123 123 123 124 124 124 125 125 125 126 126 126 127 127 127 128 128 128 129 129 129 130 130 130 131 131 131 132 132 132 133 133 133 134 134 134 135 135 135 136 136 136 137 137 137 138 138 138 139 139 139 140 140 140 141 141 141 142 142 142 143 143 143 144 144 144 145 145 145 146 146 146 147 147 147 148 148 148 149 149 149 150 150 150 151 151 151 152 152 152 153 153 153 154 154 154 155 155 155 156 156 156 157 157 157 158 158 158 159 159 159 160 160 160 161 161 161 162 162 162 163 163 163 164 164 164 165 165 165 166 166 166 167 167 167 168 168 168 169 169 169 170 170 170 171 171 171 172 172 172 173 173 173 174 174 174 175 175 175 176 176 176 177 177 177 178 178 178 179 179 179 180 180 180 181 181 181 182 182 182 183 183 183 184 184 184 185 185 185 186 186 186 187 187 187 188 188 188 189 189 189 190 190 190 191 191 191 192 192 192 193 193 193 194 194 194 195 195 195 196 196 196 197 197 197 198 198 198 199 199 199 200 200 200 201 201 201 202 202 202 203 203 203 204 204 204 205 205 205 206 206 206 207 207 207 208 208 208 209 209 209 210 210 210 211 211 211 212 212 212 213 213 213 214 214 214 215 215 215 216 216 216 217 217 217 218 218 218 219 219 219 220 220 220 221 221 221 222 222 222 223 223 223 224 224 224 225 225 225 226 226 226 227 227 227 228 228 228 229 229 229 230 230 230 231 231 231 232 232 232 233 233 233 234 234 234 235 235 235 236 236 236 237 237 237 238 238 238 239 239 239 240 240 240 241 241 241 242 242 242 243 243 243 244 244 244 245 245 245 246 246 246 247 247 247 248 248 248 249 249 249 250 250 250 251 251 251 252 252 252 253 253 253 254 254 254 255 255 255 256 256 256 257 257 257 258 258 258 259 259 259 260 260 260 261 261 261 262 262 262 263 263 263 264 264 264 265 265 265 266 266 266 267 267 267 268 268 268 269 269 269 270 270 270 271 271 271 272 272 272 273 273 273 274 274 274 275 275 275 276 276 276 277 277 277 278 278 278 279 279 279 280 280 280 281 281 281 282 282 282 283 283 283 284 284 284 285 285 285 286 286 286 287 287 287 288 288 288 289 289 289 290 290 290 291 291 291 292 292 292 293 293 293 294 294 294 295 295 295 296 296 296 297 297 297 298 298 298 299 299 299 300 300 300 301 301 301 302 302 302 303 303 303 304 304 304 305 305 305 306 306 306 307 307 307 308 308 308 309 309 309 310 310 310 311 311 311 312 312 312 313 313 313 314 314 314 315 315 315 316 316 316 317 317 317 318 318 318 319 319 319 320 320 320 321 321 321 322 322 322 323 323 323 324 324 324 325 325 325 326 326 326 327 327 327 328 328 328 329 329 329 330 330 330 331 331 331 332 332 332 333 333 333 334 334 334 335 335 335 336 336 336 337 337 337 338 338 338 339 339 339 340 340 340 341 341 341 342 342 342 343 343 343 344 344 344 345 345 345 346 346 346 347 347 347 348 348 348 349 349 349 350 350 350 351 351 351 352 352 352 353 353 353 354 354 354 355 355 355 356 356 356 357 357 357 358 358 358 359 359 359 360 360 360 361 361 361 362 362 362 363 363 363 364 364 364 365 365 365 366 366 366 367 367 367 368 368 368 369 369 369 370 370 370 371 371 371 372 372 372 373 373 373 374 374 374 375 375 375 376 376 376 377 377 377 378 378 378 379 379 379 380 380 380 381 381 381 382 382 382 383 383 383 384 384 384 385 385 385 386 386 386 387 387 387 388 388 388 389 389 389 390 390 390 391 391 391 392 392 392 393 393 393 394 394 394 395 395 395 396 396 396 397 397 397 398 398 398 399 399 399 400 400 400 401 401 401 402 402 402 403 403 403 404 404 404 405 405 405 406 406 406 407 407 407 408 408 408 409 409 409 410 410 410 411 411 411 412 412 412 413 413 413 414 414 414 415 415 415 416 416 416 417 417 417 418 418 418 419 419 419 420 420 420 421 421 421 422 422 422 423 423 423 424 424 424 425 425 425 426 426 426 427 427 427 428 428 428 429 429 429 430 430 430 431 431 431 432 432 432 433 433 433 434 434 434 435 435 435 436 436 436 437 437 437 438 438 438 439 439 439 440 440 440 441 441 441 442 442 442 443 443 443 444 444 444 445 445 445 446 446 446 447 447 447 448 448 448 449 449 449 450 450 450 451 451 451 452 452 452 453 453 453 454 454 454 455 455 455 456 456 456 457 457 457 458 458 458 459 459 459 460 460 460 461 461 461 462 462 462 463 463 463 464 464 464 465 465 465 466 466 466 467 467 467 468 468 468 469 469 469 470 470 470 471 471 471 472 472 472 473 473 473 474 474 474 475 475 475 476 476 476 477 477 477 478 478 478 479 479 479 480 480 480 481 481 481 482 482 482 483 483 483 484 484 484 485 485 485 486 486 486 487 487 487 488 488 488 489 489 489 490 490 490 491 491 491 492 492 492 493 493 493 494 494 494 495 495 495 496 496 496 497 497 497 498 498 498 499 499 499 500 500 500 501 501 501 502 502 502 503 503 503 504 504 504 505 505 505 506 506 506 507 507 507 508 508 508 509 509 509 510 510 510 511 511 511 512 512 512 513 513 513 514 514 514 515 515 515 516 516 516 517 517 517 518 518 518 519 519 519 520 520 520 521 521 521 522 522 522 523 523 523 524 524 524 525 525 525 526 526 526 527 527 527 528 528 528 529 529 529 530 530 530 531 531 531 532 532 532 533 533 533 534 534 534 535 535 535 536 536 536 537 537 537 538 538 538 539 539 539 540 540 540 541 541 541 542 542 542 543 543 543 544 544 544 545 545 545 546 546 546 547 547 547 548 548 548 549 549 549 550 550 550 551 551 551 552 552 552 553 553 553 554 554 554 555 555 555 556 556 556 557 557 557 558 558 558 559 559 559 560 560 560 561 561 561 562 562 562 563 563 563 564 564 564 565 565 565 566 566 566 567 567 567 568 568 568 569 569 569 570 570 570 571 571 571 572 572 572 573 573 573 574 574 574 575 575 575 576 576 576 577 577 577 578 578 578 579 579 579 580 580 580 581 581 581 582 582 582 583 583 583 584 584 584 585 585 585 586 586 586 587 587 587 588 588 588 589 589 589 590 590 590 591 591 591 592 592 592 593 593 593 594 594 594 595 595 595 596 596 596 597 597 597 598 598 598 599 599 599 600 600 600 601 601 601 602 602 602 603 603 603 604 604 604 605 605 605 606 606 606 607 607 607 608 608 608 609 609 609 610 610 610 611 611 611 612 612 612 613 613 613 614 614 614 615 615 615 616 616 616 617 617 617 618 618 618 619 619 619 620 620 620 621 621 621 622 622 622 623 623 623 624 624 624 625 625 625 626 626 626 627 627 627 628 628 628 629 629 629 630 630 630 631 631 631 632 632 632 633 633 633 634 634 634 635 635 635 636 636 636 637 637 637 638 638 638 639 639 639 640 640 640 641 641 641 642 642 642 643 643 643 644 644 644 645 645 645 646 646 646 647 647 647 648 648 648 649 649 649 650 650 650 651 651 651 652 652 652 653 653 653 654 654 654 655 655 655 656 656 656 657 657 657 658 658 658 659 659 659 660 660 660 661 661 661 662 662 662 663 663 663 664 664 664 665 665 665 666 666 666 667 667 667 668 668 668 669 669 669 670 670 670 671 671 671 672 672 672 673 673 673 674 674 674 675 675 675 676 676 676 677 677 677 678 678 678 679 679 679 680 680 680 681 681 681 682 682 682 683 683 683 684 684 684 685 685 685 686 686 686 687 687 687 688 688 688 689 689 689 690 690 690 691 691 691 692 692 692 693 693 693 694 694 694 695 695 695 696 696 696 697 697 697 698 698 698 699 699 699 700 700 700 701 701 701 702 702 702 703 703 703 704 704 704 705 705 705 706 706 706 707 707 707 708 708 708 709 709 709 710 710 710 711 711 711 712 712 712 713 713 713 714 714 714 715 715 715 716 716 716 717 717 717 718 718 718 719 719 719 720 720 720 721 721 721 722 722 722 723 723 723 724 724 724 725 725 725 726 726 726 727 727 727 728 728 728 729 729 729 730 730 730 731 731 731 732 732 732 733 733 733 734 734 734 735 735 735 736 736 736 737 737 737 738 738 738 739 739 739 740 740 740 741 741 741 742 742 742 743 743 743 744 744 744 745 745 745 746 746 746 747 747 747 748 748 748 749 749 749 750 750 750 751 751 751 752 752 752 753 753 753 754 754 754 755 755 755 756 756 756 757 757 757 758 758 758 759 759 759 760 760 760 761 761 761 762 762 762 763 763 763 764 764 764 765 765 765 766 766 766 767 767 767 768 768 768 769 769 769 770 770 770 771 771 771 772 772 772 773 773 773 774 774 774 775 775 775 776 776 776 777 777 777 778 778 778 779 779 779 780 780 780 781 781 781 782 782 782 783 783 783 784 784 784 785 785 785 786 786 786 787 787 787 788 788 788 789 789 789 790 790 790 791 791 791 792 792 792 793 793 793 794 794 794 795 795 795 796 796 796 797 797 797 798 798 798 799 799 799 800 800 800 801 801 801 802 802 802 803 803 803 804 804 804 805 805 805 806 806 806 807 807 807 808 808 808 809 809 809 810 810 810 811 811 811 812 812 812 813 813 813 814 814 814 815 815 815 816 816 816 817 817 817 818 818 818 819 819 819 820 820 820 821 821 821 822 822 822 823 823 823 824 824 824 825 825 825 826 826 826 827 827 827 828 828 828 829 829 829 830 830 830 831 831 831 832 832 832 833 833 833 834 834 834 835 835 835 836 836 836 837 837 837 838 838 838 839 839 839 840 840 840 841 841 841 842 842 842 843 843 843 844 844 844 845 845 845 846 846 846 847 847 847 848 848 848 849 849 849 850 850 850 851 851 851 852 852 852 853 853 853 854 854 854 855 855 855 856 856 856 857 857 857 858 858 858 859 859 859 860 860 860 861 861 861 862 862 862 863 863 863 864 864 864 865 865 865 866 866 866 867 867 867 868 868 868 869 869 869 870 870 870 871 871 871 872 872 872 873 873 873 874 874 874 875 875 875 876 876 876 877 877 877 878 878 878 879 879 879 880 880 880 881 881 881 882 882 882 883 883 883 884 884 884 885 885 885 886 886 886 887 887 887 888 888 888 889 889 889 890 890 890 891 891 891 892 892 892 893 893 893 894 894 894 895 895 895 896 896 896 897 897 897 898 898 898 899 899 899 900 900 900 901 901 901 902 902 902 903 903 903 904 904 904 905 905 905 906 906 906 907 907 907 908 908 908 909 909 909 910 910 910 911 911 911 912 912 912 913 913 913 914 914 914 915 915 915 916 916 916 917 917 917 918 918 918 919 919 919 920 920 920 921 921 921 922 922 922 923 923 923 924 924 924 925 925 925 926 926 926 927 927 927 928 928 928 929 929 929 930 930 930 931 931 931 932 932 932 933 933 933 934 934 934 935 935 935 936 936 936 937 937 937 938 938 938 939 939 939 940 940 940 941 941 941 942 942 942 943 943 943 944 944 944 945 945 945 946 946 946 947 947 947 948 948 948 949 949 949 950 950 950 951 951 951 952 952 952 953 953 953 954 954 954 955 955 955 956 956 956 957 957 957 958 958 958 959 959 959 960 960 960 961 961 961 962 962 962 963 963 963 964 964 964 965 965 965 966 966 966 967 967 967 968 968 968 969 969 969 970 970 970 971 971 971 972 972 972 973 973 973 974 974 974 975 975 975 976 976 976 977 977 977 978 978 978 979 979 979 980 980 980 981 981 981 982 982 982 983 983 983 984 984 984 985 985 985 986 986 986 987 987 987 988 988 988 989 989 989 990 990 990 991 991 991 992 992 992 993 993 993 994 994 994 995 995 995 996 996 996 997 997 997 998 998 998 999 999 999 1000 1000 1000 1001 1001 1001 1002 1002 1002 1003 1003 1003 1004 1004 1004 1005 1005 1005 1006 1006 1006 1007 1007 1007 1008 1008 1008 1009 1009 1009 1010 1010 1010 1011 1011 1011 1012 1012 1012 1013 1013 1013 1014 1014 1014 1015 1015 1015 1016 1016 1016 1017 1017 1017 1018 1018 1018 1019 1019 1019 1020 1020 1020 1021 1021 1021 1022 1022 1022 1023 1023 1023 1024 1024 1024 1025 1025 1025 1026 1026 1026 1027 1027 1027 1028 1028 1028 1029 1029 1029 1030 1030 1030 1031 1031 1031 1032 1032 1032 1033 1033 1033 1034 1034 1034 1035 1035 1035 1036 1036 1036 1037 1037 1037 1038 1038 1038 1039 1039 1039 1040 1040 1040 1041 1041 1041 1042 1042 1042 1043 1043 1043 1044 1044 1044 1045 1045 1045 1046 1046 1046 1047 1047 1047 1048 1048 1048 1049 1049 1049 1050 1050 1050 1051 1051 1051 1052 1052 1052 1053 1053 1053 1054 1054 1054 1055 1055 1055 1056 1056 1056 1057 1057 1057 1058 1058 1058 1059 1059 1059 1060 1060 1060 1061 1061 1061 1062 1062 1062 1063 1063 1063 1064 1064 1064 1065 1065 1065 1066 1066 1066 1067 1067 1067 1068 1068 1068 1069 1069 1069 1070 1070 1070 1071 1071 1071 1072 1072 1072 1073 1073 1073 1074 1074 1074 1075 1075 1075 1076 1076 1076 1077 1077 1077 1078 1078 1078 1079 1079 1079 1080 1080 1080 1081 1081 1081 1082 1082 1082 1083 1083 1083 1084 1084 1084 1085 1085 1085 1086 1086 1086 1087 1087 1087 1088 1088 1088 1089 1089 1089 1090 1090 1090 1091 1091 1091 1092 1092 1092 1093 1093 1093 1094 1094 1094 1095 1095 1095 1096 1096 1096 1097 1097 1097 1098 1098 1098 1099 1099 1099 1100 1100 1100 1101 1101 1101 1102 1102 1102 1103 1103 1103 1104 1104 1104 1105 1105 1105 1106 1106 1106 1107 1107 1107 1108 1108 1108 1109 1109 1109 1110 1110 1110 1111 1111 1111 1112 1112 1112 1113 1113 1113 1114 1114 1114 1115 1115 1115 1116 1116 1116 1117 1117 1117 1118 1118 1118 1119 1119 1119 1120 1120 1120 1121 1121 1121 1122 1122 1122 1123 1123 1123 1124 1124 1124 1125 1125 1125 1126 1126 1126 1127 1127 1127 1128 1128 1128 1129 1129 1129 1130 1130 1130 1131 1131 1131 1132 1132 1132 1133 1133 1133 1134 1134 1134 1135 1135 1135 1136 1136 1136 1137 1137 1137 1138 1138 1138 1139 1139 1139 1140 1140 1140 1141 1141 1141 1142 1142 1142 1143 1143 1143 1144 1144 1144 1145 1145 1145 1146 1146 1146 1147 1147 1147 1148 1148 1148 1149 1149 1149 1150 1150 1150 1151 1151 1151 1152 1152 1152 1153 1153 1153 1154 1154 1154 1155 1155 1155 1156 1156 1156 1157 1157 1157 1158 1158 1158 1159 1159 1159 1160 1160 1160 1161 1161 1161 1162 1162 1162 1163 1163 1163 1164 1164 1164 1165 1165 1165 1166 1166 1166 1167 1167 1167 1168 1168 1168 1169 1169 1169 1170 1170 1170 1171 1171 1171 1172 1172 1172 1173 1173 1173 1174 1174 1174 1175 1175 1175 1176 1176 1176 1177 1177 1177 1178 1178 1178 1179 1179 1179 1180 1180 1180 1181 1181 1181 1182 1182 1182 1183 1183 1183 1184 1184 1184 1185 1185 1185 1186 1186 1186 1187 1187 1187 1188 1188 1188 1189 1189 1189 1190 1190 1190 1191 1191 1191 1192 1192 1192 1193 1193 1193 1194 1194 1194 1195 1195 1195 1196 1196 1196 1197 1197 1197 1198 1198 1198 1199 1199 1199 1200 1200 1200 1201 1201 1201 1202 1202 1202 1203 1203 1203 1204 1204 1204 1205 1205 1205 1206 1206 1206 1207 1207 1207 1208 1208 1208 1209 1209 1209 1210 1210 1210 1211 1211 1211 1212 1212 1212 1213 1213 1213 1214 1214 1214 1215 1215 1215 1216 1216 1216 1217 1217 1217 1218 1218 1218 1219 1219 1219 1220 1220 1220 1221 1221 1221 1222 1222 1222 1223 1223 1223 1224 1224 1224 1225 1225 1225 1226 1226 1226 1227 1227 1227 1228 1228 1228 1229 1229 1229 1230 1230 1230 1231 1231 1231 1232 1232 1232 1233 1233 1233 1234 1234 1234 1235 1235 1235 1236 1236 1236 1237 1237 1237 1238 1238 1238 1239 1239 1239 1240 1240 1240 1241 1241 1241 1242 1242 1242 1243 1243 1243 1244 1244 1244 1245 1245 1245 1246 1246 1246 1247 1247 1247 1248 1248 1248 1249 1249 1249 1250 1250 1250 1251 1251 1251 1252 1252 1252 1253 1253 1253 1254 1254 1254 1255 1255 1255 1256 1256 1256 1257 1257 1257 1258 1258 1258 1259 1259 1259 1260 1260 1260 1261 1261 1261 1262 1262 1262 1263 1263 1263 1264 1264 1264 1265 1265 1265 1266 1266 1266 1267 1267 1267 1268 1268 1268 1269 1269 1269 1270 1270 1270 1271 1271 1271 1272 1272 1272 1273 1273 1273 1274 1274 1274 1275 1275 1275 1276 1276 1276 1277 1277 1277 1278 1278 1278 1279 1279 1279 1280 1280 1280 1281 1281 1281 1282 1282 1282 1283 1283 1283 1284 1284 1284 1285 1285 1285 1286 1286 1286 1287 1287 1287 1288 1288 1288 1289 1289 1289 1290 1290 1290 1291 1291 1291 1292 1292 1292 1293 1293 1293 1294 1294 1294 1295 1295 1295 1296 1296 1296 1297 1297 1297 1298 1298 1298 1299 1299 1299 1300 1300 1300 1301 1301 1301 1302 1302 1302 1303 1303 1303 1304 1304 1304 1305 1305 1305 1306 1306 1306 1307 1307 1307 1308 1308 1308 1309 1309 1309 1310 1310 1310 1311 1311 1311 1312 1312 1312 1313 1313 1313 1314 1314 1314 1315 1315 1315 1316 1316 1316 1317 1317 1317 1318 1318 1318 1319 1319 1319 1320 1320 1320 1321 1321 1321 1322 1322 1322 1323 1323 1323 1324 1324 1324 1325 1325 1325 1326 1326 1326 1327 1327 1327 1328 1328 1328 1329 1329 1329 1330 1330 1330 1331 1331 1331 1332 1332 1332 1333 1333 1333 1334 1334 1334 1335 1335 1335 1336 1336 1336 1337 1337 1337 1338 1338 1338 1339 1339 1339 1340 1340 1340 1341 1341 1341 1342 1342 1342 1343 1343 1343 1344 1344 1344 1345 1345 1345 1346 1346 1346 1347 1347 1347 1348 1348 1348 1349 1349 1349 1350 1350 1350 1351 1351 1351 1352 1352 1352 1353 1353 1353 1354 1354 1354 1355 1355 1355 1356 1356 1356 1357 1357 1357 1358 1358 1358 1359 1359 1359 1360 1360 1360 1361 1361 1361 1362 1362 1362 1363 1363 1363 1364 1364 1364 1365 1365 1365 1366 1366 1366 1367 1367 1367 1368 1368 1368 1369 1369 1369 1370 1370 1370 1371 1371 1371 1372 1372 1372 1373 1373 1373 1374 1374 1374 1375 1375 1375 1376 1376 1376 1377 1377 1377 1378 1378 1378 1379 1379 1379 1380 1380 1380 1381 1381 1381 1382 1382 1382 1383 1383 1383 1384 1384 1384 1385 1385 1385 1386 1386 1386 1387 1387 1387 1388 1388 1388 1389 1389 1389 1390 1390 1390 1391 1391 1391 1392 1392 1392 1393 1393 1393 1394 1394 1394 1395 1395 1395 1396 1396 1396 1397 1397 1397 1398 1398 1398 1399 1399 1399 1400 1400 1400 1401 1401 1401 1402 1402 1402 1403 1403 1403 1404 1404 1404 1405 1405 1405 1406 1406 1406 1407 1407 1407 1408 1408 1408 1409 1409 1409 1410 1410 1410 1411 1411 1411 1412 1412 1412 1413 1413 1413 1414 1414 1414 1415 1415 1415 1416 1416 1416 1417 1417 1417 1418 1418 1418 1419 1419 1419 1420 1420 1420 1421 1421 1421 1422 1422 1422 1423 1423 1423 1424 1424 1424 1425 1425 1425 1426 1426 1426 1427 1427 1427 1428 1428 1428 1429 1429 1429 1430 1430 1430 1431 1431 1431 1432 1432 1432 1433 1433 1433 1434 1434 1434 1435 1435 1435 1436 1436 1436 1437 1437 1437 1438 1438 1438 1439 1439 1439 1440 1440 1440 1441 1441 1441 1442 1442 1442 1443 1443 1443 1444 1444 1444 1445 1445 1445 1446 1446 1446 1447 1447 1447 1448 1448 1448 1449 1449 1449 1450 1450 1450 1451 1451 1451 1452 1452 1452 1453 1453 1453 1454 1454 1454 1455 1455 1455 1456 1456 1456 1457 1457 1457 1458 1458 1458 1459 1459 1459 1460 1460 1460 1461 1461 1461 1462 1462 1462 1463 1463 1463 1464 1464 1464 1465 1465 1465 1466 1466 1466 1467 1467 1467 1468 1468 1468 1469 1469 1469 1470 1470 1470 1471 1471 1471 1472 1472 1472 1473 1473 1473 1474 1474 1474 1475 1475 1475 1476 1476 1476 1477 1477 1477 1478 1478 1478 1479 1479 1479 1480 1480 1480 1481 1481 1481 1482 1482 1482 1483 1483 1483 1484 1484 1484 1485 1485 1485 1486 1486 1486 1487 1487 1487 1488 1488 1488 1489 1489 1489 1490 1490 1490 1491 1491 1491 1492 1492 1492 1493 1493 1493 1494 1494 1494 1495 1495 1495 1496 1496 1496 1497 1497 1497 1498 1498 1498 1499 1499 1499 1500 1500 1500 1501 1501 1501 1502 1502 1502 1503 1503 1503 1504 1504 1504 1505 1505 1505 1506 1506 1506 1507 1507 1507 1508 1508 1508 1509 1509 1509 1510 1510 1510 1511 1511 1511 1512 1512 1512 1513 1513 1513 1514 1514 1514 1515 1515 1515 1516 1516 1516 1517 1517 1517 1518 1518 1518 1519 1519 1519 1520 1520 1520 1521 1521 1521 1522 1522 1522 1523 1523 1523 1524 1524 1524 1525 1525 1525 1526 1526 1526 1527 1527 1527 1528 1528 1528 1529 1529 1529 1530 1530 1530 1531 1531 1531 1532 1532 1532 1533 1533 1533 1534 1534 1534 1535 1535 1535 1536 1536 1536 1537 1537 1537 1538 1538 1538 1539 1539 1539 1540 1540 1540 1541 1541 1541 1542 1542 1542 1543 1543 1543 1544 1544 1544 1545 1545 1545 1546 1546 1546 1547 1547 1547 1548 1548 1548 1549 1549 1549 1550 1550 1550 1551 1551 1551 1552 1552 1552 1553 1553 1553 1554 1554 1554 1555 1555 1555 1556 1556 1556 1557 1557 1557 1558 1558 1558 1559 1559 1559 1560 1560 1560 1561 1561 1561 1562 1562 1562 1563 1563 1563 1564 1564 1564 1565 1565 1565 1566 1566 1566 1567 1567 1567 1568 1568 1568 1569 1569 1569 1570 1570 1570 1571 1571 1571 1572 1572 1572 1573 1573 1573 1574 1574 1574 1575 1575 1575 1576 1576 1576 1577 1577 1577 1578 1578 1578 1579 1579 1579 1580 1580 1580 1581 1581 1581 1582 1582 1582 1583 1583 1583 1584 1584 1584 1585 1585 1585 1586 1586 1586 1587 1587 1587 1588 1588 1588 1589 1589 1589 1590 1590 1590 1591 1591 1591 1592 1592 1592 1593 1593 1593 1594 1594 1594 1595 1595 1595 1596 1596 1596 1597 1597 1597 1598 1598 1598 1599 1599 1599 1600 1600 1600 1601 1601 1601 1602 1602 1602 1603 1603 1603 1604 1604 1604 1605 1605 1605 1606 1606 1606 1607 1607 1607 1608 1608 1608 1609 1609 1609 1610 1610 1610 1611 1611 1611 1612 1612 1612 1613 1613 1613 1614 1614 1614 1615 1615 1615 1616 1616 1616 1617 1617 1617 1618 1618 1618 1619 1619 1619 1620 1620 1620 1621 1621 1621 1622 1622 1622 1623 1623 1623 1624 1624 1624 1625 1625 1625 1626 1626 1626 1627 1627 1627 1628 1628 1628 1629 1629 1629 1630 1630 1630 1631 1631 1631 1632 1632 1632 1633 1633 1633 1634 1634 1634 1635 1635 1635 1636 1636 1636 1637 1637 1637 1638 1638 1638 1639 1639 1639 1640 1640 1640 1641 1641 1641 1642 1642 1642 1643 1643 1643 1644 1644 1644 1645 1645 1645 1646 1646 1646 1647 1647 1647 1648 1648 1648 1649 1649 1649 1650 1650 1650 1651 1651 1651 1652 1652 1652 1653 1653 1653 1654 1654 1654 1655 1655 1655 1656 1656 1656 1657 1657 1657 1658 1658 1658 1659 1659 1659 1660 1660 1660 1661 1661 1661 1662 1662 1662 1663 1663 1663 1664 1664 1664 1665 1665 1665 1666 1666 1666 1667 1667 1667 1668 1668 1668 1669 1669 1669 1670 1670 1670 1671 1671 1671 1672 1672 1672 1673 1673 1673 1674 1674 1674 1675 1675 1675 1676 1676 1676 1677 1677 1677 1678 1678 1678 1679 1679 1679 1680 1680 1680 1681 1681 1681 1682 1682 1682 1683 1683 1683 1684 1684 1684 1685 1685 1685 1686 1686 1686 1687 1687 1687 1688 1688 1688 1689 1689 1689 1690 1690 1690 1691 1691 1691 1692 1692 1692 1693 1693 1693 1694 1694 1694 1695 1695 1695 1696 1696 1696 1697 1697 1697 1698 1698 1698 1699 1699 1699 1700 1700 1700 1701 1701 1701 1702 1702 1702 1703 1703 1703 1704 1704 1704 1705 1705 1705 1706 1706 1706 1707 1707 1707 1708 1708 1708 1709 1709 1709 1710 1710 1710 1711 1711 1711 1712 1712 1712 1713 1713 1713 1714 1714 1714 1715 1715 1715 1716 1716 1716 1717 1717 1717 1718 1718 1718 1719 1719 1719 1720 1720 1720 1721 1721 1721 1722 1722 1722 1723 1723 1723 1724 1724 1724 1725 1725 1725 1726 1726 1726 1727 1727 1727 1728 1728 1728 1729 1729 1729 1730 1730 1730 1731 1731 1731 1732 1732 1732 1733 1733 1733 1734 1734 1734 1735 1735 1735 1736 1736 1736 1737 1737 1737 1738 1738 1738 1739 1739 1739 1740 1740 1740 1741 1741 1741 1742 1742 1742 1743 1743 1743 1744 1744 1744 1745 1745 1745 1746 1746 1746 1747 1747 1747 1748 1748 1748 1749 1749 1749 1750 1750 1750 1751 1751 1751 1752 1752 1752 1753 1753 1753 1754 1754 1754 1755 1755 1755 1756 1756 1756 1757 1757 1757 1758 1758 1758 1759 1759 1759 1760 1760 1760 1761 1761 1761 1762 1762 1762 1763 1763 1763 1764 1764 1764 1765 1765 1765 1766 1766 1766 1767 1767 1767 1768 1768 1768 1769 1769 1769 1770 1770 1770 1771 1771 1771 1772 1772 1772 1773 1773 1773 1774 1774 1774 1775 1775 1775 1776 1776 1776 1777 1777 1777 1778 1778 1778 1779 1779 1779 1780 1780 1780 1781 1781 1781 1782 1782 1782 1783 1783 1783 1784 1784 1784 1785 1785 1785 1786 1786 1786 1787 1787 1787 1788 1788 1788 1789 1789 1789 1790 1790 1790 1791 1791 1791 1792 1792 1792 1793 1793 1793 1794 1794 1794 1795 1795 1795 1796 1796 1796 1797 1797 1797 1798 1798 1798 1799 1799 1799 1800 1800 1800 1801 1801 1801 1802 1802 1802 1803 1803 1803 1804 1804 1804 1805 1805 1805 1806 1806 1806 1807 1807 1807 1808 1808 1808 1809 1809 1809 1810 1810 1810 1811 1811 1811 1812 1812 1812 1813 1813 1813 1814 1814 1814 1815 1815 1815 1816 1816 1816 1817 1817 1817 1818 1818 1818 1819 1819 1819 1820 1820 1820 1821 1821 1821 1822 1822 1822 1823 1823 1823 1824 1824 1824 1825 1825 1825 1826 1826 1826 1827 1827 1827 1828 1828 1828 1829 1829 1829 1830 1830 1830 1831 1831 1831 1832 1832 1832 1833 1833 1833 1834 1834 1834 1835 1835 1835 1836 1836 1836 1837 1837 1837 1838 1838 1838 1839 1839 1839 1840 1840 1840 1841 1841 1841 1842 1842 1842 1843 1843 1843 1844 1844 1844 1845 1845 1845 1846 1846 1846 1847 1847 1847 1848 1848 1848 1849 1849 1849 1850 1850 1850 1851 1851 1851 1852 1852 1852 1853 1853 1853 1854 1854 1854 1855 1855 1855 1856 1856 1856 1857 1857 1857 1858 1858 1858 1859 1859 1859 1860 1860 1860 1861 1861 1861 1862 1862 1862 1863 1863 1863 1864 1864 1864 1865 1865 1865 1866 1866 1866 1867 1867 1867 1868 1868 1868 1869 1869 1869 1870 1870 1870 1871 1871 1871 1872 1872 1872 1873 1873 1873 1874 1874 1874 1875 1875 1875 1876 1876 1876 1877 1877 1877 1878 1878 1878 1879 1879 1879 1880 1880 1880 1881 1881 1881 1882 1882 1882 1883 1883 1883 1884 1884 1884 1885 1885 1885 1886 1886 1886 1887 1887 1887 1888 1888 1888 1889 1889 1889 1890 1890 1890 1891 1891 1891 1892 1892 1892 1893 1893 1893 1894 1894 1894 1895 1895 1895 1896 1896 1896 1897 1897 1897 1898 1898 1898 1899 1899 1899 1900 1900 1900 1901 1901 1901 1902 1902 1902 1903 1903 1903 1904 1904 1904 1905 1905 1905 1906 1906 1906 1907 1907 1907 1908 1908 1908 1909 1909 1909 1910 1910 1910 1911 1911 1911 1912 1912 1912 1913 1913 1913 1914 1914 1914 1915 1915 1915 1916 1916 1916 1917 1917 1917 1918 1918 1918 1919 1919 1919 1920 1920 1920 1921 1921 1921 1922 1922 1922 1923 1923 1923 1924 1924 1924 1925 1925 1925 1926 1926 1926 1927 1927 1927 1928 1928 1928 1929 1929 1929 1930 1930 1930 1931 1931 1931 1932 1932 1932 1933 1933 1933 1934 1934 1934 1935 1935 1935 1936 1936 1936 1937 1937 1937 1938 1938 1938 1939 1939 1939 1940 1940 1940 1941 1941 1941 1942 1942 1942 1943 1943 1943 1944 1944 1944 1945 1945 1945 1946 1946 1946 1947 1947 1947 1948 1948 1948 1949 1949 1949 1950 1950 1950 1951 1951 1951 1952 1952 1952 1953 1953 1953 1954 1954 1954 1955 1955 1955 1956 1956 1956 1957 1957 1957 1958 1958 1958 1959 1959 1959 1960 1960 1960 1961 1961 1961 1962 1962 1962 1963 1963 1963 1964 1964 1964 1965 1965 1965 1966 1966 1966 1967 1967 1967 1968 1968 1968 1969 1969 1969 1970 1970 1970 1971 1971 1971 1972 1972 1972 1973 1973 1973 1974 1974 1974 1975 1975 1975 1976 1976 1976 1977 1977 1977 1978 1978 1978 1979 1979 1979 1980 1980 1980 1981 1981 1981 1982 1982 1982 1983 1983 1983 1984 1984 1984 1985 1985 1985 1986 1986 1986 1987 1987 1987 1988 1988 1988 1989 1989 1989 1990 1990 1990 1991 1991 1991 1992 1992 1992 1993 1993 1993 1994 1994 1994 1995 1995 1995 1996 1996 1996 1997 1997 1997 1998 1998 1998 1999 1999 1999 2000 2000 2000 2001 2001 2001 2002 2002 2002 2003 2003 2003 2004 2004 2004 2005 2005 2005 2006 2006 2006 2007 2007 2007 2008 2008 2008 2009 2009 2009 2010 2010 2010 2011 2011 2011 2012 2012 2012 2013 2013 2013 2014 2014 2014 2015 2015 2015 2016 2016 2016 2017 2017 2017 2018 2018 2018 2019 2019 2019 2020 2020 2020 2021 2021 2021 2022 2022 2022 2023 2023 2023 2024 2024 2024 2025 2025 2025 2026 2026 2026 2027 2027 2027 2028 2028 2028 2029 2029 2029 2030 2030 2030 2031 2031 2031 2032 2032 2032 2033 2033 2033 2034 2034 2034 2035 2035 2035 2036 2036 2036 2037 2037 2037 2038 2038 2038 2039 2039 2039 2040 2040 2040 2041 2041 2041 2042 2042 2042 2043 2043 2043 2044 2044 2044 2045 2045 2045 2046 2046 2046 2047 2047 2047 2048 2048 2048 2049 2049 2049 2050 2050 2050 2051 2051 2051 2052 2052 2052 2053 2053 2053 2054 2054 2054 2055 2055 2055 2056 2056 2056 2057 2057 2057 2058 2058 2058 2059 2059 2059 2060 2060 2060 2061 2061 2061 2062 2062 2062 2063 2063 2063 2064 2064 2064 2065 2065 2065 2066 2066 2066 2067 2067 2067 2068 2068 2068 2069 2069 2069 2070 2070 2070 2071 2071 2071 2072 2072 2072 2073 2073 2073 2074 2074 2074 2075 2075 2075 2076 2076 2076 2077 2077 2077 2078 2078 2078 2079 2079 2079 2080 2080 2080 2081 2081 2081 2082 2082 2082 2083 2083 2083 2084 2084 2084 2085 2085 2085 2086 2086 2086 2087 2087 2087 2088 2088 2088 2089 2089 2089 2090 2090 2090 2091 2091 2091 2092 2092 2092 2093 2093 2093 2094 2094 2094 2095 2095 2095 2096 2096 2096 2097 2097 2097 2098 2098 2098 2099 2099 2099 2100 2100 2100 2101 2101 2101 2102 2102 2102 2103 2103 2103 2104 2104 2104 2105 2105 2105 2106 2106 2106 2107 2107 2107 2108 2108 2108 2109 2109 2109 2110 2110 2110 2111 2111 2111 2112 2112 2112 2113 2113 2113 2114 2114 2114 2115 2115 2115 2116 2116 2116 2117 2117 2117 2118 2118 2118 2119 2119 2119 2120 2120 2120 2121 2121 2121 2122 2122 2122 2123 2123 2123 2124 2124 2124 2125 2125 2125 2126 2126 2126 2127 2127 2127 2128 2128 2128 2129 2129 2129 2130 2130 2130 2131 2131 2131 2132 2132 2132 2133 2133 2133 2134 2134 2134 2135 2135 2135 2136 2136 2136 2137 2137 2137 2138 2138 2138 2139 2139 2139 2140 2140 2140 2141 2141 2141 2142 2142 2142 2143 2143 2143 2144 2144 2144 2145 2145 2145 2146 2146 2146 2147 2147 2147 2148 2148 2148 2149 2149 2149 2150 2150 2150 2151 2151 2151 2152 2152 2152 2153 2153 2153 2154 2154 2154 2155 2155 2155 2156 2156 2156 2157 2157 2157 2158 2158 2158 2159 2159 2159 2160 2160 2160 2161 2161 2161 2162 2162 2162 2163 2163 2163 2164 2164 2164 2165 2165 2165 2166 2166 2166 2167 2167 2167 2168 2168 2168 2169 2169 2169 2170 2170 2170 2171 2171 2171 2172 2172 2172 2173 2173 2173 2174 2174 2174 2175 2175 2175 2176 2176 2176 2177 2177 2177 2178 2178 2178 2179 2179 2179 2180 2180 2180 2181 2181 2181 2182 2182 2182 2183 2183 2183 2184 2184 2184 2185 2185 2185 2186 2186 2186 2187 2187 2187 2188 2188 2188 2189 2189 2189 2190 2190 2190 2191 2191 2191 2192 2192 2192 2193 2193 2193 2194 2194 2194 2195 2195 2195 2196 2196 2196 2197 2197 2197 2198 2198 2198 2199 2199 2199 2200 2200 2200 2201 2201 2201 2202 2202 2202 2203 2203 2203 2204 2204 2204 2205 2205 2205 2206 2206 2206 2207 2207 2207 2208 2208 2208 2209 2209 2209 2210 2210 2210 2211 2211 2211 2212 2212 2212 2213 2213 2213 2214 2214 2214 2215 2215 2215 2216 2216 2216 2217 2217 2217 2218 2218 2218 2219 2219 2219 2220 2220 2220 2221 2221 2221 2222 2222 2222 2223 2223 2223 2224 2224 2224 2225 2225 2225 2226 2226 2226 2227 2227 2227 2228 2228 2228 2229 2229 2229 2230 2230 2230 2231 2231 2231 2232 2232 2232 2233 2233 2233 2234 2234 2234 2235 2235 2235 2236 2236 2236 2237 2237 2237 2238 2238 2238 2239 2239 2239 2240 2240 2240 2241 2241 2241 2242 2242 2242 2243 2243 2243 2244 2244 2244 2245 2245 2245 2246 2246 2246 2247 2247 2247 2248 2248 2248 2249 2249 2249 2250 2250 2250 2251 2251 2251 2252 2252 2252 2253 2253 2253 2254 2254 2254 2255 2255 2255 2256 2256 2256 2257 2257 2257 2258 2258 2258 2259 2259 2259 2260 2260 2260 2261 2261 2261 2262 2262 2262 2263 2263 2263 2264 2264 2264 2265 2265 2265 2266 2266 2266 2267 2267 2267 2268 2268 2268 2269 2269 2269 2270 2270 2270 2271 2271 2271 2272 2272 2272 2273 2273 2273 2274 2274 2274 2275 2275 2275 2276 2276 2276 2277 2277 2277 2278 2278 2278 2279 2279 2279 2280 2280 2280 2281 2281 2281 2282 2282 2282 2283 2283 2283 2284 2284 2284 2285 2285 2285 2286 2286 2286 2287 2287 2287 2288 2288 2288 2289 2289 2289 2290 2290 2290 2291 2291 2291 2292 2292 2292 2293 2293 2293 2294 2294 2294 2295 2295 2295 2296 2296 2296 2297 2297 2297 2298 2298 2298 2299 2299 2299 2300 2300 2300 2301 2301 2301 2302 2302 2302 2303 2303 2303 2304 2304 2304 2305 2305 2305 2306 2306 2306 2307 2307 2307 2308 2308 2308 2309 2309 2309 2310 2310 2310 2311 2311 2311 2312 2312 2312 2313 2313 2313 2314 2314 2314 2315 2315 2315 2316 2316 2316 2317 2317 2317 2318 2318 2318 2319 2319 2319 2320 2320 2320 2321 2321 2321 2322 2322 2322 2323 2323 2323 2324 2324 2324 2325 2325 2325 2326 2326 2326 2327 2327 2327 2328 2328 2328 2329 2329 2329 2330 2330 2330 2331 2331 2331 2332 2332 2332 2333 2333 2333 2334 2334 2334 2335 2335 2335 2336 2336 2336 2337 2337 2337 2338 2338 2338 2339 2339 2339 2340 2340 2340 2341 2341 2341 2342 2342 2342 2343 2343 2343 2344 2344 2344 2345 2345 2345 2346 2346 2346 2347 2347 2347 2348 2348 2348 2349 2349 2349 2350 2350 2350 2351 2351 2351 2352 2352 2352 2353 2353 2353 2354 2354 2354 2355 2355 2355 2356 2356 2356 2357 2357 2357 2358 2358 2358 2359 2359 2359 2360 2360 2360 2361 2361 2361 2362 2362 2362 2363 2363 2363 2364 2364 2364 2365 2365 2365 2366 2366 2366 2367 2367 2367 2368 2368 2368 2369 2369 2369 2370 2370 2370 2371 2371 2371 2372 2372 2372 2373 2373 2373 2374 2374 2374 2375 2375 2375 2376 2376 2376 2377 2377 2377 2378 2378 2378 2379 2379 2379 2380 2380 2380 2381 2381 2381 2382 2382 2382 2383 2383 2383 2384 2384 2384 2385 2385 2385 2386 2386 2386 2387 2387 2387 2388 2388 2388 2389 2389 2389 2390 2390 2390 2391 2391 2391 2392 2392 2392 2393 2393 2393 2394 2394 2394 2395 2395 2395 2396 2396 2396 2397 2397 2397 2398 2398 2398 2399 2399 2399 2400 2400 2400 2401 2401 2401 2402 2402 2402 2403 2403 2403 2404 2404 2404 2405 2405 2405 2406 2406 2406 2407 2407 2407 2408 2408 2408 2409 2409 2409 2410 2410 2410 2411 2411 2411 2412 2412 2412 2413 2413 2413 2414 2414 2414 2415 2415 2415 2416 2416 2416 2417 2417 2417 2418 2418 2418 2419 2419 2419 2420 2420 2420 2421 2421 2421 2422 2422 2422 2423 2423 2423 2424 2424 2424 2425 2425 2425 2426 2426 2426 2427 2427 2427 2428 2428 2428 2429 2429 2429 2430 2430 2430 2431 2431 2431 2432 2432 2432 2433 2433 2433 2434 2434 2434 2435 2435 2435 2436 2436 2436 2437 2437 2437 2438 2438 2438 2439 2439 2439 2440 2440 2440 2441 2441 2441 2442 2442 2442 2443 2443 2443 2444 2444 2444 2445 2445 2445 2446 2446 2446 2447 2447 2447 2448 2448 2448 2449 2449 2449 2450 2450 2450 2451 2451 2451 2452 2452 2452 2453 2453 2453 2454 2454 2454 2455 2455 2455 2456 2456 2456 2457 2457 2457 2458 2458 2458 2459 2459 2459 2460 2460 2460 2461 2461 2461 2462 2462 2462 2463 2463 2463 2464 2464 2464 2465 2465 2465 2466 2466 2466 2467 2467 2467 2468 2468 2468 2469 2469 2469 2470 2470 2470 2471 2471 2471 2472 2472 2472 2473 2473 2473 2474 2474 2474 2475 2475 2475 2476 2476 2476 2477 2477 2477 2478 2478 2478 2479 2479 2479 2480 2480 2480 2481 2481 2481 2482 2482 2482 2483 2483 2483 2484 2484 2484 2485 2485 2485 2486 2486 2486 2487 2487 2487 2488 2488 2488 2489 2489 2489 2490 2490 2490 2491 2491 2491 2492 2492 2492 2493 2493 2493 2494 2494 2494 2495 2495 2495 2496 2496 2496 2497 2497 2497 2498 2498 2498 2499 2499 2499 2500 2500 2500 2501 2501 2501 2502 2502 2502 2503 2503 2503 2504 2504 2504 2505 2505 2505 2506 2506 2506 2507 2507 2507 2508 2508 2508 2509 2509 2509 2510 2510 2510 2511 2511 2511 2512 2512 2512 2513 2513 2513 2514 2514 2514 2515 2515 2515 2516 2516 2516 2517 2517 2517 2518 2518 2518 2519 2519 2519 2520 2520 2520 2521 2521 2521 2522 2522 2522 2523 2523 2523 2524 2524 2524 2525 2525 2525 2526 2526 2526 2527 2527 2527 2528 2528 2528 2529 2529 2529 2530 2530 2530 2531 2531 2531 2532 2532 2532 2533 2533 2533 2534 2534 2534 2535 2535 2535 2536 2536 2536 2537 2537 2537 2538 2538 2538 2539 2539 2539 2540 2540 2540 2541 2541 2541 2542 2542 2542 2543 2543 2543 2544 2544 2544 2545 2545 2545 2546 2546 2546 2547 2547 2547 2548 2548 2548 2549 2549 2549 2550 2550 2550 2551 2551 2551 2552 2552 2552 2553 2553 2553 2554 2554 2554 2555 2555 2555 2556 2556 2556 2557 2557 2557 2558 2558 2558 2559 2559 2559 2560 2560 2560 2561 2561 2561 2562 2562 2562 2563 2563 2563 2564 2564 2564 2565 2565 2565 2566 2566 2566 2567 2567 2567 2568 2568 2568 2569 2569 2569 2570 2570 2570 2571 2571 2571 2572 2572 2572 2573 2573 2573 2574 2574 2574 2575 2575 2575 2576 2576 2576 2577 2577 2577 2578 2578 2578 2579 2579 2579 2580 2580 2580 2581 2581 2581 2582 2582 2582 2583 2583 2583 2584 2584 2584 2585 2585 2585 2586 2586 2586 2587 2587 2587 2588 2588 2588 2589 2589 2589 2590 2590 2590 2591 2591 2591 2592 2592 2592 2593 2593 2593 2594 2594 2594 2595 2595 2595 2596 2596 2596 2597 2597 2597 2598 2598 2598 2599 2599 2599 2600 2600 2600 2601 2601 2601 2602 2602 2602 2603 2603 2603 2604 2604 2604 2605 2605 2605 2606 2606 2606 2607 2607 2607 2608 2608 2608 2609 2609 2609 2610 2610 2610 2611 2611 2611 2612 2612 2612 2613 2613 2613 2614 2614 2614 2615 2615 2615 2616 2616 2616 2617 2617 2617 2618 2618 2618 2619 2619 2619 2620 2620 2620 2621 2621 2621 2622 2622 2622 2623 2623 2623 2624 2624 2624 2625 2625 2625 2626 2626 2626 2627 2627 2627 2628 2628 2628 2629 2629 2629 2630 2630 2630 2631 2631 2631 2632 2632 2632 2633 2633 2633 2634 2634 2634 2635 2635 2635 2636 2636 2636 2637 2637 2637 2638 2638 2638 2639 2639 2639 2640 2640 2640 2641 2641 2641 2642 2642 2642 2643 2643 2643 2644 2644 2644 2645 2645 2645 2646 2646 2646 2647 2647 2647 2648 2648 2648 2649 2649 2649 2650 2650 2650 2651 2651 2651 2652 2652 2652 2653 2653 2653 2654 2654 2654 2655 2655 2655 2656 2656 2656 2657 2657 2657 2658 2658 2658 2659 2659 2659 2660 2660 2660 2661 2661 2661 2662 2662 2662 2663 2663 2663 2664 2664 2664 2665 2665 2665 2666 2666 2666 2667 2667 2667 2668 2668 2668 2669 2669 2669 2670 2670 2670 2671 2671 2671 2672 2672 2672 2673 2673 2673 2674 2674 2674 2675 2675 2675 2676 2676 2676 2677 2677 2677 2678 2678 2678 2679 2679 2679 2680 2680 2680 2681 2681 2681 2682 2682 2682 2683 2683 2683 2684 2684 2684 2685 2685 2685 2686 2686 2686 2687 2687 2687 2688 2688 2688 2689 2689 2689 2690 2690 2690 2691 2691 2691 2692 2692 2692 2693 2693 2693 2694 2694 2694 2695 2695 2695 2696 2696 2696 2697 2697 2697 2698 2698 2698 2699 2699 2699 2700 2700 2700 2701 2701 2701 2702 2702 2702 2703 2703 2703 2704 2704 2704 2705 2705 2705 2706 2706 2706 2707 2707 2707 2708 2708 2708 2709 2709 2709 2710 2710 2710 2711 2711 2711 2712 2712 2712 2713 2713 2713 2714 2714 2714 2715 2715 2715 2716 2716 2716 2717 2717 2717 2718 2718 2718 2719 2719 2719 2720 2720 2720 2721 2721 2721 2722 2722 2722 2723 2723 2723 2724 2724 2724 2725 2725 2725 2726 2726 2726 2727 2727 2727 2728 2728 2728 2729 2729 2729 2730 2730 2730 2731 2731 2731 2732 2732 2732 2733 2733 2733 2734 2734 2734 2735 2735 2735 2736 2736 2736 2737 2737 2737 2738 2738 2738 2739 2739 2739 2740 2740 2740 2741 2741 2741 2742 2742 2742 2743 2743 2743 2744 2744 2744 2745 2745 2745 2746 2746 2746 2747 2747 2747 2748 2748 2748 2749 2749 2749 2750 2750 2750 2751 2751 2751 2752 2752 2752 2753 2753 2753 2754 2754 2754 2755 2755 2755 2756 2756 2756 2757 2757 2757 2758 2758 2758 2759 2759 2759 2760 2760 2760 2761 2761 2761 2762 2762 2762 2763 2763 2763 2764 2764 2764 2765 2765 2765 2766 2766 2766 2767 2767 2767 2768 2768 2768 2769 2769 2769 2770 2770 2770 2771 2771 2771 2772 2772 2772 2773 2773 2773 2774 2774 2774 2775 2775 2775 2776 2776 2776 2777 2777 2777 2778 2778 2778 2779 2779 2779 2780 2780 2780 2781 2781 2781 2782 2782 2782 2783 2783 2783 2784 2784 2784 2785 2785 2785 2786 2786 2786 2787 2787 2787 2788 2788 2788 2789 2789 2789 2790 2790 2790 2791 2791 2791 2792 2792 2792 2793 2793 2793 2794 2794 2794 2795 2795 2795 2796 2796 2796 2797 2797 2797 2798 2798 2798 2799 2799 2799 2800 2800 2800 2801 2801 2801 2802 2802 2802 2803 2803 2803 2804 2804 2804 2805 2805 2805 2806 2806 2806 2807 2807 2807 2808 2808 2808 2809 2809 2809 2810 2810 2810 2811 2811 2811 2812 2812 2812 2813 2813 2813 2814 2814 2814 2815 2815 2815 2816 2816 2816 2817 2817 2817 2818 2818 2818 2819 2819 2819 2820 2820 2820 2821 2821 2821 2822 2822 2822 2823 2823 2823 2824 2824 2824 2825 2825 2825 2826 2826 2826 2827 2827 2827 2828 2828 2828 2829 2829 2829 2830 2830 2830 2831 2831 2831 2832 2832 2832 2833 2833 2833 2834 2834 2834 2835 2835 2835 2836 2836 2836 2837 2837 2837 2838 2838 2838 2839 2839 2839 2840 2840 2840 2841 2841 2841 2842 2842 2842 2843 2843 2843 2844 2844 2844 2845 2845 2845 2846 2846 2846 2847 2847 2847 2848 2848 2848 2849 2849 2849 2850 2850 2850 2851 2851 2851 2852 2852 2852 2853 2853 2853 2854 2854 2854 2855 2855 2855 2856 2856 2856 2857 2857 2857 2858 2858 2858 2859 2859 2859 2860 2860 2860 2861 2861 2861 2862 2862 2862 2863 2863 2863 2864 2864 2864 2865 2865 2865 2866 2866 2866 2867 2867 2867 2868 2868 2868 2869 2869 2869 2870 2870 2870 2871 2871 2871 2872 2872 2872 2873 2873 2873 2874 2874 2874 2875 2875 2875 2876 2876 2876 2877 2877 2877 2878 2878 2878 2879 2879 2879 2880 2880 2880 2881 2881 2881 2882 2882 2882 2883 2883 2883 2884 2884 2884 2885 2885 2885 2886 2886 2886 2887 2887 2887 2888 2888 2888 2889 2889 2889 2890 2890 2890 2891 2891 2891 2892 2892 2892 2893 2893 2893 2894 2894 2894 2895 2895 2895 2896 2896 2896 2897 2897 2897 2898 2898 2898 2899 2899 2899 2900 2900 2900 2901 2901 2901 2902 2902 2902 2903 2903 2903 2904 2904 2904 2905 2905 2905 2906 2906 2906 2907 2907 2907 2908 2908 2908 2909 2909 2909 2910 2910 2910 2911 2911 2911 2912 2912 2912 2913 2913 2913 2914 2914 2914 2915 2915 2915 2916 2916 2916 2917 2917 2917 2918 2918 2918 2919 2919 2919 2920 2920 2920 2921 2921 2921 2922 2922 2922 2923 2923 2923 2924 2924 2924 2925 2925 2925 2926 2926 2926 2927 2927 2927 2928 2928 2928 2929 2929 2929 2930 2930 2930 2931 2931 2931 2932 2932 2932 2933 2933 2933 2934 2934 2934 2935 2935 2935 2936 2936 2936 2937 2937 2937 2938 2938 2938 2939 2939 2939 2940 2940 2940 2941 2941 2941 2942 2942 2942 2943 2943 2943 2944 2944 2944 2945 2945 2945 2946 2946 2946 2947 2947 2947 2948 2948 2948 2949 2949 2949 2950 2950 2950 2951 2951 2951 2952 2952 2952 2953 2953 2953 2954 2954 2954 2955 2955 2955 2956 2956 2956 2957 2957 2957 2958 2958 2958 2959 2959 2959 2960 2960 2960 2961 2961 2961 2962 2962 2962 2963 2963 2963 2964 2964 2964 2965 2965 2965 2966 2966 2966 2967 2967 2967 2968 2968 2968 2969 2969 2969 2970 2970 2970 2971 2971 2971 2972 2972 2972 2973 2973 2973 2974 2974 2974 2975 2975 2975 2976 2976 2976 2977 2977 2977 2978 2978 2978 2979 2979 2979 2980 2980 2980 2981 2981 2981 2982 2982 2982 2983 2983 2983 2984 2984 2984 2985 2985 2985 2986 2986 2986 2987 2987 2987 2988 2988 2988 2989 2989 2989 2990 2990 2990 2991 2991 2991 2992 2992 2992 2993 2993 2993 2994 2994 2994 2995 2995 2995 2996 2996 2996 2997 2997 2997 2998 2998 2998 2999 2999 2999 3000 3000 3000 3001 3001 3001 3002 3002 3002 3003 3003 3003 3004 3004 3004 3005 3005 3005 3006 3006 3006 3007 3007 3007 3008 3008 3008 3009 3009 3009 3010 3010 3010 3011 3011 3011 3012 3012 3012 3013 3013 3013 3014 3014 3014 3015 3015 3015 3016 3016 3016 3017 3017 3017 3018 3018 3018 3019 3019 3019 3020 3020 3020 3021 3021 3021 3022 3022 3022 3023 3023 3023 3024 3024 3024 3025 3025 3025 3026 3026 3026 3027 3027 3027 3028 3028 3028 3029 3029 3029 3030 3030 3030 3031 3031 3031 3032 3032 3032 3033 3033 3033 3034 3034 3034 3035 3035 3035 3036 3036 3036 3037 3037 3037 3038 3038 3038 3039 3039 3039 3040 3040 3040 3041 3041 3041 3042 3042 3042 3043 3043 3043 3044 3044 3044 3045 3045 3045 3046 3046 3046 3047 3047 3047 3048 3048 3048 3049 3049 3049 3050 3050 3050 3051 3051 3051 3052 3052 3052 3053 3053 3053 3054 3054 3054 3055 3055 3055 3056 3056 3056 3057 3057 3057 3058 3058 3058 3059 3059 3059 3060 3060 3060 3061 3061 3061 3062 3062 3062 3063 3063 3063 3064 3064 3064 3065 3065 3065 3066 3066 3066 3067 3067 3067 3068 3068 3068 3069 3069 3069 3070 3070 3070 3071 3071 3071 3072 3072 3072 3073 3073 3073 3074 3074 3074 3075 3075 3075 3076 3076 3076 3077 3077 3077 3078 3078 3078 3079 3079 3079 3080 3080 3080 3081 3081 3081 3082 3082 3082 3083 3083 3083 3084 3084 3084 3085 3085 3085 3086 3086 3086 3087 3087 3087 3088 3088 3088 3089 3089 3089 3090 3090 3090 3091 3091 3091 3092 3092 3092 3093 3093 3093 3094 3094 3094 3095 3095 3095 3096 3096 3096 3097 3097 3097 3098 3098 3098 3099 3099 3099 3100 3100 3100 3101 3101 3101 3102 3102 3102 3103 3103 3103 3104 3104 3104 3105 3105 3105 3106 3106 3106 3107 3107 3107 3108 3108 3108 3109 3109 3109 3110 3110 3110 3111 3111 3111 3112 3112 3112 3113 3113 3113 3114 3114 3114 3115 3115 3115 3116 3116 3116 3117 3117 3117 3118 3118 3118 3119 3119 3119 3120 3120 3120 3121 3121 3121 3122 3122 3122 3123 3123 3123 3124 3124 3124 3125 3125 3125 3126 3126 3126 3127 3127 3127 3128 3128 3128 3129 3129 3129 3130 3130 3130 3131 3131 3131 3132 3132 3132 3133 3133 3133 3134 3134 3134 3135 3135 3135 3136 3136 3136 3137 3137 3137 3138 3138 3138 3139 3139 3139 3140 3140 3140 3141 3141 3141 3142 3142 3142 3143 3143 3143 3144 3144 3144 3145 3145 3145 3146 3146 3146 3147 3147 3147 3148 3148 3148 3149 3149 3149 3150 3150 3150 3151 3151 3151 3152 3152 3152 3153 3153 3153 3154 3154 3154 3155 3155 3155 3156 3156 3156 3157 3157 3157 3158 3158 3158 3159 3159 3159 3160 3160 3160 3161 3161 3161 3162 3162 3162 3163 3163 3163 3164 3164 3164 3165 3165 3165 3166 3166 3166 3167 3167 3167 3168 3168 3168 3169 3169 3169 3170 3170 3170 3171 3171 3171 3172 3172 3172 3173 3173 3173 3174 3174 3174 3175 3175 3175 3176 3176 3176 3177 3177 3177 3178 3178 3178 3179 3179 3179 3180 3180 3180 3181 3181 3181 3182 3182 3182 3183 3183 3183 3184 3184 3184 3185 3185 3185 3186 3186 3186 3187 3187 3187 3188 3188 3188 3189 3189 3189 3190 3190 3190 3191 3191 3191 3192 3192 3192 3193 3193 3193 3194 3194 3194 3195 3195 3195 3196 3196 3196 3197 3197 3197 3198 3198 3198 3199 3199 3199 3200 3200 3200 3201 3201 3201 3202 3202 3202 3203 3203 3203 3204 3204 3204 3205 3205 3205 3206 3206 3206 3207 3207 3207 3208 3208 3208 3209 3209 3209 3210 3210 3210 3211 3211 3211 3212 3212 3212 3213 3213 3213 3214 3214 3214 3215 3215 3215 3216 3216 3216 3217 3217 3217 3218 3218 3218 3219 3219 3219 3220 3220 3220 3221 3221 3221 3222 3222 3222 3223 3223 3223 3224 3224 3224 3225 3225 3225 3226 3226 3226 3227 3227 3227 3228 3228 3228 3229 3229 3229 3230 3230 3230 3231 3231 3231 3232 3232 3232 3233 3233 3233 3234 3234 3234 3235 3235 3235 3236 3236 3236 3237 3237 3237 3238 3238 3238 3239 3239 3239 3240 3240 3240 3241 3241 3241 3242 3242 3242 3243 3243 3243 3244 3244 3244 3245 3245 3245 3246 3246 3246 3247 3247 3247 3248 3248 3248 3249 3249 3249 3250 3250 3250 3251 3251 3251 3252 3252 3252 3253 3253 3253 3254 3254 3254 3255 3255 3255 3256 3256 3256 3257 3257 3257 3258 3258 3258 3259 3259 3259 3260 3260 3260 3261 3261 3261 3262 3262 3262 3263 3263 3263 3264 3264 3264 3265 3265 3265 3266 3266 3266 3267 3267 3267 3268 3268 3268 3269 3269 3269 3270 3270 3270 3271 3271 3271 3272 3272 3272 3273 3273 3273 3274 3274 3274 3275 3275 3275 3276 3276 3276 3277 3277 3277 3278 3278 3278 3279 3279 3279 3280 3280 3280 3281 3281 3281 3282 3282 3282 3283 3283 3283 3284 3284 3284 3285 3285 3285 3286 3286 3286 3287 3287 3287 3288 3288 3288 3289 3289 3289 3290 3290 3290 3291 3291 3291 3292 3292 3292 3293 3293 3293 3294 3294 3294 3295 3295 3295 3296 3296 3296 3297 3297 3297 3298 3298 3298 3299 3299 3299 3300 3300 3300 3301 3301 3301 3302 3302 3302 3303 3303 3303 3304 3304 3304 3305 3305 3305 3306 3306 3306 3307 3307 3307 3308 3308 3308 3309 3309 3309 3310 3310 3310 3311 3311 3311 3312 3312 3312 3313 3313 3313 3314 3314 3314 3315 3315 3315 3316 3316 3316 3317 3317 3317 3318 3318 3318 3319 3319 3319 3320 3320 3320 3321 3321 3321 3322 3322 3322 3323 3323 3323 3324 3324 3324 3325 3325 3325 3326 3326 3326 3327 3327 3327 3328 3328 3328 3329 3329 3329 3330 3330 3330 3331 3331 3331 3332 3332 3332 3333 3333 3333 3334 3334 3334 3335 3335 3335 3336 3336 3336 3337 3337 3337 3338 3338 3338 3339 3339 3339 3340 3340 3340 3341 3341 3341 3342 3342 3342 3343 3343 3343 3344 3344 3344 3345 3345 3345 3346 3346 3346 3347 3347 3347 3348 3348 3348 3349 3349 3349 3350 3350 3350 3351 3351 3351 3352 3352 3352 3353 3353 3353 3354 3354 3354 3355 3355 3355 3356 3356 3356 3357 3357 3357 3358 3358 3358 3359 3359 3359 3360 3360 3360 3361 3361 3361 3362 3362 3362 3363 3363 3363 3364 3364 3364 3365 3365 3365 3366 3366 3366 3367 3367 3367 3368 3368 3368 3369 3369 3369 3370 3370 3370 3371 3371 3371 3372 3372 3372 3373 3373 3373 3374 3374 3374 3375 3375 3375 3376 3376 3376 3377 3377 3377 3378 3378 3378 3379 3379 3379 3380 3380 3380 3381 3381 3381 3382 3382 3382 3383 3383 3383 3384 3384 3384 3385 3385 3385 3386 3386 3386 3387 3387 3387 3388 3388 3388 3389 3389 3389 3390 3390 3390 3391 3391 3391 3392 3392 3392 3393 3393 3393 3394 3394 3394 3395 3395 3395 3396 3396 3396 3397 3397 3397 3398 3398 3398 3399 3399 3399 3400 3400 3400 3401 3401 3401 3402 3402 3402 3403 3403 3403 3404 3404 3404 3405 3405 3405 3406 3406 3406 3407 3407 3407 3408 3408 3408 3409 3409 3409 3410 3410 3410 3411 3411 3411 3412 3412 3412 3413 3413 3413 3414 3414 3414 3415 3415 3415 3416 3416 3416 3417 3417 3417 3418 3418 3418 3419 3419 3419 3420 3420 3420 3421 3421 3421 3422 3422 3422 3423 3423 3423 3424 3424 3424 3425 3425 3425 3426 3426 3426 3427 3427 3427 3428 3428 3428 3429 3429 3429 3430 3430 3430 3431 3431 3431 3432 3432 3432 3433 3433 3433 3434 3434 3434 3435 3435 3435 3436 3436 3436 3437 3437 3437 3438 3438 3438 3439 3439 3439 3440 3440 3440 3441 3441 3441 3442 3442 3442 3443 3443 3443 3444 3444 3444 3445 3445 3445 3446 3446 3446 3447 3447 3447 3448 3448 3448 3449 3449 3449 3450 3450 3450 3451 3451 3451 3452 3452 3452 3453 3453 3453 3454 3454 3454 3455 3455 3455 3456 3456 3456 3457 3457 3457 3458 3458 3458 3459 3459 3459 3460 3460 3460 3461 3461 3461 3462 3462 3462 3463 3463 3463 3464 3464 3464 3465 3465 3465 3466 3466 3466 3467 3467 3467 3468 3468 3468 3469 3469 3469 3470 3470 3470 3471 3471 3471 3472 3472 3472 3473 3473 3473 3474 3474 3474 3475 3475 3475 3476 3476 3476 3477 3477 3477 3478 3478 3478 3479 3479 3479 3480 3480 3480 3481 3481 3481 3482 3482 3482 3483 3483 3483 3484 3484 3484 3485 3485 3485 3486 3486 3486 3487 3487 3487 3488 3488 3488 3489 3489 3489 3490 3490 3490 3491 3491 3491 3492 3492 3492 3493 3493 3493 3494 3494 3494 3495 3495 3495 3496 3496 3496 3497 3497 3497 3498 3498 3498 3499 3499 3499 3500 3500 3500 3501 3501 3501 3502 3502 3502 3503 3503 3503 3504 3504 3504 3505 3505 3505 3506 3506 3506 3507 3507 3507 3508 3508 3508 3509 3509 3509 3510 3510 3510 3511 3511 3511 3512 3512 3512 3513 3513 3513 3514 3514 3514 3515 3515 3515 3516 3516 3516 3517 3517 3517 3518 3518 3518 3519 3519 3519 3520 3520 3520 3521 3521 3521 3522 3522 3522 3523 3523 3523 3524 3524 3524 3525 3525 3525 3526 3526 3526 3527 3527 3527 3528 3528 3528 3529 3529 3529 3530 3530 3530 3531 3531 3531 3532 3532 3532 3533 3533 3533 3534 3534 3534 3535 3535 3535 3536 3536 3536 3537 3537 3537 3538 3538 3538 3539 3539 3539 3540 3540 3540 3541 3541 3541 3542 3542 3542 3543 3543 3543 3544 3544 3544 3545 3545 3545 3546 3546 3546 3547 3547 3547 3548 3548 3548 3549 3549 3549 3550 3550 3550 3551 3551 3551 3552 3552 3552 3553 3553 3553 3554 3554 3554 3555 3555 3555 3556 3556 3556 3557 3557 3557 3558 3558 3558 3559 3559 3559 3560 3560 3560 3561 3561 3561 3562 3562 3562 3563 3563 3563 3564 3564 3564 3565 3565 3565 3566 3566 3566 3567 3567 3567 3568 3568 3568 3569 3569 3569 3570 3570 3570 3571 3571 3571 3572 3572 3572 3573 3573 3573 3574 3574 3574 3575 3575 3575 3576 3576 3576 3577 3577 3577 3578 3578 3578 3579 3579 3579 3580 3580 3580 3581 3581 3581 3582 3582 3582 3583 3583 3583 3584 3584 3584 3585 3585 3585 3586 3586 3586 3587 3587 3587 3588 3588 3588 3589 3589 3589 3590 3590 3590 3591 3591 3591 3592 3592 3592 3593 3593 3593 3594 3594 3594 3595 3595 3595 3596 3596 3596 3597 3597 3597 3598 3598 3598 3599 3599 3599 3600 3600 3600 3601 3601 3601 3602 3602 3602 3603 3603 3603 3604 3604 3604 3605 3605 3605 3606 3606 3606 3607 3607 3607 3608 3608 3608 3609 3609 3609 3610 3610 3610 3611 3611 3611 3612 3612 3612 3613 3613 3613 3614 3614 3614 3615 3615 3615 3616 3616 3616 3617 3617 3617 3618 3618 3618 3619 3619 3619 3620 3620 3620 3621 3621 3621 3622 3622 3622 3623 3623 3623 3624 3624 3624 3625 3625 3625 3626 3626 3626 3627 3627 3627 3628 3628 3628 3629 3629 3629 3630 3630 3630 3631 3631 3631 3632 3632 3632 3633 3633 3633 3634 3634 3634 3635 3635 3635 3636 3636 3636 3637 3637 3637 3638 3638 3638 3639 3639 3639 3640 3640 3640 3641 3641 3641 3642 3642 3642 3643 3643 3643 3644 3644 3644 3645 3645 3645 3646 3646 3646 3647 3647 3647 3648 3648 3648 3649 3649 3649 3650 3650 3650 3651 3651 3651 3652 3652 3652 3653 3653 3653 3654 3654 3654 3655 3655 3655 3656 3656 3656 3657 3657 3657 3658 3658 3658 3659 3659 3659 3660 3660 3660 3661 3661 3661 3662 3662 3662 3663 3663 3663 3664 3664 3664 3665 3665 3665 3666 3666 3666 3667 3667 3667 3668 3668 3668 3669 3669 3669 3670 3670 3670 3671 3671 3671 3672 3672 3672 3673 3673 3673 3674 3674 3674 3675 3675 3675 3676 3676 3676 3677 3677 3677 3678 3678 3678 3679 3679 3679 3680 3680 3680 3681 3681 3681 3682 3682 3682 3683 3683 3683 3684 3684 3684 3685 3685 3685 3686 3686 3686 3687 3687 3687 3688 3688 3688 3689 3689 3689 3690 3690 3690 3691 3691 3691 3692 3692 3692 3693 3693 3693 3694 3694 3694 3695 3695 3695 3696 3696 3696 3697 3697 3697 3698 3698 3698 3699 3699 3699 3700 3700 3700 3701 3701 3701 3702 3702 3702 3703 3703 3703 3704 3704 3704 3705 3705 3705 3706 3706 3706 3707 3707 3707 3708 3708 3708 3709 3709 3709 3710 3710 3710 3711 3711 3711 3712 3712 3712 3713 3713 3713 3714 3714 3714 3715 3715 3715 3716 3716 3716 3717 3717 3717 3718 3718 3718 3719 3719 3719 3720 3720 3720 3721 3721 3721 3722 3722 3722 3723 3723 3723 3724 3724 3724 3725 3725 3725 3726 3726 3726 3727 3727 3727 3728 3728 3728 3729 3729 3729 3730 3730 3730 3731 3731 3731 3732 3732 3732 3733 3733 3733 3734 3734 3734 3735 3735 3735 3736 3736 3736 3737 3737 3737 3738 3738 3738 3739 3739 3739 3740 3740 3740 3741 3741 3741 3742 3742 3742 3743 3743 3743 3744 3744 3744 3745 3745 3745 3746 3746 3746 3747 3747 3747 3748 3748 3748 3749 3749 3749 3750 3750 3750 3751 3751 3751 3752 3752 3752 3753 3753 3753 3754 3754 3754 3755 3755 3755 3756 3756 3756 3757 3757 3757 3758 3758 3758 3759 3759 3759 3760 3760 3760 3761 3761 3761 3762 3762 3762 3763 3763 3763 3764 3764 3764 3765 3765 3765 3766 3766 3766 3767 3767 3767 3768 3768 3768 3769 3769 3769 3770 3770 3770 3771 3771 3771 3772 3772 3772 3773 3773 3773 3774 3774 3774 3775 3775 3775 3776 3776 3776 3777 3777 3777 3778 3778 3778 3779 3779 3779 3780 3780 3780 3781 3781 3781 3782 3782 3782 3783 3783 3783 3784 3784 3784 3785 3785 3785 3786 3786 3786 3787 3787 3787 3788 3788 3788 3789 3789 3789 3790 3790 3790 3791 3791 3791 3792 3792 3792 3793 3793 3793 3794 3794 3794 3795 3795 3795 3796 3796 3796 3797 3797 3797 3798 3798 3798 3799 3799 3799 3800 3800 3800 3801 3801 3801 3802 3802 3802 3803 3803 3803 3804 3804 3804 3805 3805 3805 3806 3806 3806 3807 3807 3807 3808 3808 3808 3809 3809 3809 3810 3810 3810 3811 3811 3811 3812 3812 3812 3813 3813 3813 3814 3814 3814 3815 3815 3815 3816 3816 3816 3817 3817 3817 3818 3818 3818 3819 3819 3819 3820 3820 3820 3821 3821 3821 3822 3822 3822 3823 3823 3823 3824 3824 3824 3825 3825 3825 3826 3826 3826 3827 3827 3827 3828 3828 3828 3829 3829 3829 3830 3830 3830 3831 3831 3831 3832 3832 3832 3833 3833 3833 3834 3834 3834 3835 3835 3835 3836 3836 3836 3837 3837 3837 3838 3838 3838 3839 3839 3839 3840 3840 3840 3841 3841 3841 3842 3842 3842 3843 3843 3843 3844 3844 3844 3845 3845 3845 3846 3846 3846 3847 3847 3847 3848 3848 3848 3849 3849 3849 3850 3850 3850 3851 3851 3851 3852 3852 3852 3853 3853 3853 3854 3854 3854 3855 3855 3855 3856 3856 3856 3857 3857 3857 3858 3858 3858 3859 3859 3859 3860 3860 3860 3861 3861 3861 3862 3862 3862 3863 3863 3863 3864 3864 3864 3865 3865 3865 3866 3866 3866 3867 3867 3867 3868 3868 3868 3869 3869 3869 3870 3870 3870 3871 3871 3871 3872 3872 3872 3873 3873 3873 3874 3874 3874 3875 3875 3875 3876 3876 3876 3877 3877 3877 3878 3878 3878 3879 3879 3879 3880 3880 3880 3881 3881 3881 3882 3882 3882 3883 3883 3883 3884 3884 3884 3885 3885 3885 3886 3886 3886 3887 3887 3887 3888 3888 3888 3889 3889 3889 3890 3890 3890 3891 3891 3891 3892 3892 3892 3893 3893 3893 3894 3894 3894 3895 3895 3895 3896 3896 3896 3897 3897 3897 3898 3898 3898 3899 3899 3899 3900 3900 3900 3901 3901 3901 3902 3902 3902 3903 3903 3903 3904 3904 3904 3905 3905 3905 3906 3906 3906 3907 3907 3907 3908 3908 3908 3909 3909 3909 3910 3910 3910 3911 3911 3911 3912 3912 3912 3913 3913 3913 3914 3914 3914 3915 3915 3915 3916 3916 3916 3917 3917 3917 3918 3918 3918 3919 3919 3919 3920 3920 3920 3921 3921 3921 3922 3922 3922 3923 3923 3923 3924 3924 3924 3925 3925 3925 3926 3926 3926 3927 3927 3927 3928 3928 3928 3929 3929 3929 3930 3930 3930 3931 3931 3931 3932 3932 3932 3933 3933 3933 3934 3934 3934 3935 3935 3935 3936 3936 3936 3937 3937 3937 3938 3938 3938 3939 3939 3939 3940 3940 3940 3941 3941 3941 3942 3942 3942 3943 3943 3943 3944 3944 3944 3945 3945 3945 3946 3946 3946 3947 3947 3947 3948 3948 3948 3949 3949 3949 3950 3950 3950 3951 3951 3951 3952 3952 3952 3953 3953 3953 3954 3954 3954 3955 3955 3955 3956 3956 3956 3957 3957 3957 3958 3958 3958 3959 3959 3959 3960 3960 3960 3961 3961 3961 3962 3962 3962 3963 3963 3963 3964 3964 3964 3965 3965 3965 3966 3966 3966 3967 3967 3967 3968 3968 3968 3969 3969 3969 3970 3970 3970 3971 3971 3971 3972 3972 3972 3973 3973 3973 3974 3974 3974 3975 3975 3975 3976 3976 3976 3977 3977 3977 3978 3978 3978 3979 3979 3979 3980 3980 3980 3981 3981 3981 3982 3982 3982 3983 3983 3983 3984 3984 3984 3985 3985 3985 3986 3986 3986 3987 3987 3987 3988 3988 3988 3989 3989 3989 3990 3990 3990 3991 3991 3991 3992 3992 3992 3993 3993 3993 3994 3994 3994 3995 3995 3995 3996 3996 3996 3997 3997 3997 3998 3998 3998 3999 3999 3999 4000 4000 4000 4001 4001 4001 4002 4002 4002 4003 4003 4003 4004 4004 4004 4005 4005 4005 4006 4006 4006 4007 4007 4007 4008 4008 4008 4009 4009 4009 4010 4010 4010 4011 4011 4011 4012 4012 4012 4013 4013 4013 4014 4014 4014 4015 4015 4015 4016 4016 4016 4017 4017 4017 4018 4018 4018 4019 4019 4019 4020 4020 4020 4021 4021 4021 4022 4022 4022 4023 4023 4023 4024 4024 4024 4025 4025 4025 4026 4026 4026 4027 4027 4027 4028 4028 4028 4029 4029 4029 4030 4030 4030 4031 4031 4031 4032 4032 4032 4033 4033 4033 4034 4034 4034 4035 4035 4035 4036 4036 4036 4037 4037 4037 4038 4038 4038 4039 4039 4039 4040 4040 4040 4041 4041 4041 4042 4042 4042 4043 4043 4043 4044 4044 4044 4045 4045 4045 4046 4046 4046 4047 4047 4047 4048 4048 4048 4049 4049 4049 4050 4050 4050 4051 4051 4051 4052 4052 4052 4053 4053 4053 4054 4054 4054 4055 4055 4055 4056 4056 4056 4057 4057 4057 4058 4058 4058 4059 4059 4059 4060 4060 4060 4061 4061 4061 4062 4062 4062 4063 4063 4063 4064 4064 4064 4065 4065 4065 4066 4066 4066 4067 4067 4067 4068 4068 4068 4069 4069 4069 4070 4070 4070 4071 4071 4071 4072 4072 4072 4073 4073 4073 4074 4074 4074 4075 4075 4075 4076 4076 4076 4077 4077 4077 4078 4078 4078 4079 4079 4079 4080 4080 4080 4081 4081 4081 4082 4082 4082 4083 4083 4083 4084 4084 4084 4085 4085 4085 4086 4086 4086 4087 4087 4087 4088 4088 4088 4089 4089 4089 4090 4090 4090 4091 4091 4091 4092 4092 4092 4093 4093 4093 4094 4094 4094 4095 4095 4095 4096 4096 4096 4097 4097 4097 4098 4098 4098 4099 4099 4099 4100 4100 4100 4101 4101 4101 4102 4102 4102 4103 4103 4103 4104 4104 4104 4105 4105 4105 4106 4106 4106 4107 4107 4107 4108 4108 4108 4109 4109 4109 4110 4110 4110 4111 4111 4111 4112 4112 4112 4113 4113 4113 4114 4114 4114 4115 4115 4115 4116 4116 4116 4117 4117 4117 4118 4118 4118 4119 4119 4119 4120 4120 4120 4121 4121 4121 4122 4122 4122 4123 4123 4123 4124 4124 4124 4125 4125 4125 4126 4126 4126 4127 4127 4127 4128 4128 4128 4129 4129 4129 4130 4130 4130 4131 4131 4131 4132 4132 4132 4133 4133 4133 4134 4134 4134 4135 4135 4135 4136 4136 4136 4137 4137 4137 4138 4138 4138 4139 4139 4139 4140 4140 4140 4141 4141 4141 4142 4142 4142 4143 4143 4143 4144 4144 4144 4145 4145 4145 4146 4146 4146 4147 4147 4147 4148 4148 4148 4149 4149 4149 4150 4150 4150 4151 4151 4151 4152 4152 4152 4153 4153 4153 4154 4154 4154 4155 4155 4155 4156 4156 4156 4157 4157 4157 4158 4158 4158 4159 4159 4159 4160 4160 4160 4161 4161 4161 4162 4162 4162 4163 4163 4163 4164 4164 4164 4165 4165 4165 4166 4166 4166 4167 4167 4167 4168 4168 4168 4169 4169 4169 4170 4170 4170 4171 4171 4171 4172 4172 4172 4173 4173 4173 4174 4174 4174 4175 4175 4175 4176 4176 4176 4177 4177 4177 4178 4178 4178 4179 4179 4179 4180 4180 4180 4181 4181 4181 4182 4182 4182 4183 4183 4183 4184 4184 4184 4185 4185 4185 4186 4186 4186 4187 4187 4187 4188 4188 4188 4189 4189 4189 4190 4190 4190 4191 4191 4191 4192 4192 4192 4193 4193 4193 4194 4194 4194 4195 4195 4195 4196 4196 4196 4197 4197 4197 4198 4198 4198 4199 4199 4199 4200 4200 4200 4201 4201 4201 4202 4202 4202 4203 4203 4203 4204 4204 4204 4205 4205 4205 4206 4206 4206 4207 4207 4207 4208 4208 4208 4209 4209 4209 4210 4210 4210 4211 4211 4211 4212 4212 4212 4213 4213 4213 4214 4214 4214 4215 4215 4215 4216 4216 4216 4217 4217 4217 4218 4218 4218 4219 4219 4219 4220 4220 4220 4221 4221 4221 4222 4222 4222 4223 4223 4223 4224 4224 4224 4225 4225 4225 4226 4226 4226 4227 4227 4227 4228 4228 4228 4229 4229 4229 4230 4230 4230 4231 4231 4231 4232 4232 4232 4233 4233 4233 4234 4234 4234 4235 4235 4235 4236 4236 4236 4237 4237 4237 4238 4238 4238 4239 4239 4239 4240 4240 4240 4241 4241 4241 4242 4242 4242 4243 4243 4243 4244 4244 4244 4245 4245 4245 4246 4246 4246 4247 4247 4247 4248 4248 4248 4249 4249 4249 4250 4250 4250 4251 4251 4251 4252 4252 4252 4253 4253 4253 4254 4254 4254 4255 4255 4255 4256 4256 4256 4257 4257 4257 4258 4258 4258 4259 4259 4259 4260 4260 4260 4261 4261 4261 4262 4262 4262 4263 4263 4263 4264 4264 4264 4265 4265 4265 4266 4266 4266 4267 4267 4267 4268 4268 4268 4269 4269 4269 4270 4270 4270 4271 4271 4271 4272 4272 4272 4273 4273 4273 4274 4274 4274 4275 4275 4275 4276 4276 4276 4277 4277 4277 4278 4278 4278 4279 4279 4279 4280 4280 4280 4281 4281 4281 4282 4282 4282 4283 4283 4283 4284 4284 4284 4285 4285 4285 4286 4286 4286 4287 4287 4287 4288 4288 4288 4289 4289 4289 4290 4290 4290 4291 4291 4291 4292 4292 4292 4293 4293 4293 4294 4294 4294 4295 4295 4295 4296 4296 4296 4297 4297 4297 4298 4298 4298 4299 4299 4299 4300 4300 4300 4301 4301 4301 4302 4302 4302 4303 4303 4303 4304 4304 4304 4305 4305 4305 4306 4306 4306 4307 4307 4307 4308 4308 4308 4309 4309 4309 4310 4310 4310 4311 4311 4311 4312 4312 4312 4313 4313 4313 4314 4314 4314 4315 4315 4315 4316 4316 4316 4317 4317 4317 4318 4318 4318 4319 4319 4319 4320 4320 4320 4321 4321 4321 4322 4322 4322 4323 4323 4323 4324 4324 4324 4325 4325 4325 4326 4326 4326 4327 4327 4327 4328 4328 4328 4329 4329 4329 4330 4330 4330 4331 4331 4331 4332 4332 4332 4333 4333 4333 4334 4334 4334 4335 4335 4335 4336 4336 4336 4337 4337 4337 4338 4338 4338 4339 4339 4339 4340 4340 4340 4341 4341 4341 4342 4342 4342 4343 4343 4343 4344 4344 4344 4345 4345 4345 4346 4346 4346 4347 4347 4347 4348 4348 4348 4349 4349 4349 4350 4350 4350 4351 4351 4351 4352 4352 4352 4353 4353 4353 4354 4354 4354 4355 4355 4355 4356 4356 4356 4357 4357 4357 4358 4358 4358 4359 4359 4359 4360 4360 4360 4361 4361 4361 4362 4362 4362 4363 4363 4363 4364 4364 4364 4365 4365 4365 4366 4366 4366 4367 4367 4367 4368 4368 4368 4369 4369 4369 4370 4370 4370 4371 4371 4371 4372 4372 4372 4373 4373 4373 4374 4374 4374 4375 4375 4375 4376 4376 4376 4377 4377 4377 4378 4378 4378 4379 4379 4379 4380 4380 4380 4381 4381 4381 4382 4382 4382 4383 4383 4383 4384 4384 4384 4385 4385 4385 4386 4386 4386 4387 4387 4387 4388 4388 4388 4389 4389 4389 4390 4390 4390 4391 4391 4391 4392 4392 4392 4393 4393 4393 4394 4394 4394 4395 4395 4395 4396 4396 4396 4397 4397 4397 4398 4398 4398 4399 4399 4399 4400 4400 4400 4401 4401 4401 4402 4402 4402 4403 4403 4403 4404 4404 4404 4405 4405 4405 4406 4406 4406 4407 4407 4407 4408 4408 4408 4409 4409 4409 4410 4410 4410 4411 4411 4411 4412 4412 4412 4413 4413 4413 4414 4414 4414 4415 4415 4415 4416 4416 4416 4417 4417 4417 4418 4418 4418 4419 4419 4419 4420 4420 4420 4421 4421 4421 4422 4422 4422 4423 4423 4423 4424 4424 4424 4425 4425 4425 4426 4426 4426 4427 4427 4427 4428 4428 4428 4429 4429 4429 4430 4430 4430 4431 4431 4431 4432 4432 4432 4433 4433 4433 4434 4434 4434 4435 4435 4435 4436 4436 4436 4437 4437 4437 4438 4438 4438 4439 4439 4439 4440 4440 4440 4441 4441 4441 4442 4442 4442 4443 4443 4443 4444 4444 4444 4445 4445 4445 4446 4446 4446 4447 4447 4447 4448 4448 4448 4449 4449 4449 4450 4450 4450 4451 4451 4451 4452 4452 4452 4453 4453 4453 4454 4454 4454 4455 4455 4455 4456 4456 4456 4457 4457 4457 4458 4458 4458 4459 4459 4459 4460 4460 4460 4461 4461 4461 4462 4462 4462 4463 4463 4463 4464 4464 4464 4465 4465 4465 4466 4466 4466 4467 4467 4467 4468 4468 4468 4469 4469 4469 4470 4470 4470 4471 4471 4471 4472 4472 4472 4473 4473 4473 4474 4474 4474 4475 4475 4475 4476 4476 4476 4477 4477 4477 4478 4478 4478 4479 4479 4479 4480 4480 4480 4481 4481 4481 4482 4482 4482 4483 4483 4483 4484 4484 4484 4485 4485 4485 4486 4486 4486 4487 4487 4487 4488 4488 4488 4489 4489 4489 4490 4490 4490 4491 4491 4491 4492 4492 4492 4493 4493 4493 4494 4494 4494 4495 4495 4495 4496 4496 4496 4497 4497 4497 4498 4498 4498 4499 4499 4499 4500 4500 4500 4501 4501 4501 4502 4502 4502 4503 4503 4503 4504 4504 4504 4505 4505 4505 4506 4506 4506 4507 4507 4507 4508 4508 4508 4509 4509 4509 4510 4510 4510 4511 4511 4511 4512 4512 4512 4513 4513 4513 4514 4514 4514 4515 4515 4515 4516 4516 4516 4517 4517 4517 4518 4518 4518 4519 4519 4519 4520 4520 4520 4521 4521 4521 4522 4522 4522 4523 4523 4523 4524 4524 4524 4525 4525 4525 4526 4526 4526 4527 4527 4527 4528 4528 4528 4529 4529 4529 4530 4530 4530 4531 4531 4531 4532 4532 4532 4533 4533 4533 4534 4534 4534 4535 4535 4535 4536 4536 4536 4537 4537 4537 4538 4538 4538 4539 4539 4539 4540 4540 4540 4541 4541 4541 4542 4542 4542 4543 4543 4543 4544 4544 4544 4545 4545 4545 4546 4546 4546 4547 4547 4547 4548 4548 4548 4549 4549 4549 4550 4550 4550 4551 4551 4551 4552 4552 4552 4553 4553 4553 4554 4554 4554 4555 4555 4555 4556 4556 4556 4557 4557 4557 4558 4558 4558 4559 4559 4559 4560 4560 4560 4561 4561 4561 4562 4562 4562 4563 4563 4563 4564 4564 4564 4565 4565 4565 4566 4566 4566 4567 4567 4567 4568 4568 4568 4569 4569 4569 4570 4570 4570 4571 4571 4571 4572 4572 4572 4573 4573 4573 4574 4574 4574 4575 4575 4575 4576 4576 4576 4577 4577 4577 4578 4578 4578 4579 4579 4579 4580 4580 4580 4581 4581 4581 4582 4582 4582 4583 4583 4583 4584 4584 4584 4585 4585 4585 4586 4586 4586 4587 4587 4587 4588 4588 4588 4589 4589 4589 4590 4590 4590 4591 4591 4591 4592 4592 4592 4593 4593 4593 4594 4594 4594 4595 4595 4595 4596 4596 4596 4597 4597 4597 4598 4598 4598 4599 4599 4599 4600 4600 4600 4601 4601 4601 4602 4602 4602 4603 4603 4603 4604 4604 4604 4605 4605 4605 4606 4606 4606 4607 4607 4607 4608 4608 4608 4609 4609 4609 4610 4610 4610 4611 4611 4611 4612 4612 4612 4613 4613 4613 4614 4614 4614 4615 4615 4615 4616 4616 4616 4617 4617 4617 4618 4618 4618 4619 4619 4619 4620 4620 4620 4621 4621 4621 4622 4622 4622 4623 4623 4623 4624 4624 4624 4625 4625 4625 4626 4626 4626 4627 4627 4627 4628 4628 4628 4629 4629 4629 4630 4630 4630 4631 4631 4631 4632 4632 4632 4633 4633 4633 4634 4634 4634 4635 4635 4635 4636 4636 4636 4637 4637 4637 4638 4638 4638 4639 4639 4639 4640 4640 4640 4641 4641 4641 4642 4642 4642 4643 4643 4643 4644 4644 4644 4645 4645 4645 4646 4646 4646 4647 4647 4647 4648 4648 4648 4649 4649 4649 4650 4650 4650 4651 4651 4651 4652 4652 4652 4653 4653 4653 4654 4654 4654 4655 4655 4655 4656 4656 4656 4657 4657 4657 4658 4658 4658 4659 4659 4659 4660 4660 4660 4661 4661 4661 4662 4662 4662 4663 4663 4663 4664 4664 4664 4665 4665 4665 4666 4666 4666 4667 4667 4667 4668 4668 4668 4669 4669 4669 4670 4670 4670 4671 4671 4671 4672 4672 4672 4673 4673 4673 4674 4674 4674 4675 4675 4675 4676 4676 4676 4677 4677 4677 4678 4678 4678 4679 4679 4679 4680 4680 4680 4681 4681 4681 4682 4682 4682 4683 4683 4683 4684 4684 4684 4685 4685 4685 4686 4686 4686 4687 4687 4687 4688 4688 4688 4689 4689 4689 4690 4690 4690 4691 4691 4691 4692 4692 4692 4693 4693 4693 4694 4694 4694 4695 4695 4695 4696 4696 4696 4697 4697 4697 4698 4698 4698 4699 4699 4699 4700 4700 4700 4701 4701 4701 4702 4702 4702 4703 4703 4703 4704 4704 4704 4705 4705 4705 4706 4706 4706 4707 4707 4707 4708 4708 4708 4709 4709 4709 4710 4710 4710 4711 4711 4711 4712 4712 4712 4713 4713 4713 4714 4714 4714 4715 4715 4715 4716 4716 4716 4717 4717 4717 4718 4718 4718 4719 4719 4719 4720 4720 4720 4721 4721 4721 4722 4722 4722 4723 4723 4723 4724 4724 4724 4725 4725 4725 4726 4726 4726 4727 4727 4727 4728 4728 4728 4729 4729 4729 4730 4730 4730 4731 4731 4731 4732 4732 4732 4733 4733 4733 4734 4734 4734 4735 4735 4735 4736 4736 4736 4737 4737 4737 4738 4738 4738 4739 4739 4739 4740 4740 4740 4741 4741 4741 4742 4742 4742 4743 4743 4743 4744 4744 4744 4745 4745 4745 4746 4746 4746 4747 4747 4747 4748 4748 4748 4749 4749 4749 4750 4750 4750 4751 4751 4751 4752 4752 4752 4753 4753 4753 4754 4754 4754 4755 4755 4755 4756 4756 4756 4757 4757 4757 4758 4758 4758 4759 4759 4759 4760 4760 4760 4761 4761 4761 4762 4762 4762 4763 4763 4763 4764 4764 4764 4765 4765 4765 4766 4766 4766 4767 4767 4767 4768 4768 4768 4769 4769 4769 4770 4770 4770 4771 4771 4771 4772 4772 4772 4773 4773 4773 4774 4774 4774 4775 4775 4775 4776 4776 4776 4777 4777 4777 4778 4778 4778 4779 4779 4779 4780 4780 4780 4781 4781 4781 4782 4782 4782 4783 4783 4783 4784 4784 4784 4785 4785 4785 4786 4786 4786 4787 4787 4787 4788 4788 4788 4789 4789 4789 4790 4790 4790 4791 4791 4791 4792 4792 4792 4793 4793 4793 4794 4794 4794 4795 4795 4795 4796 4796 4796 4797 4797 4797 4798 4798 4798 4799 4799 4799 4800 4800 4800 4801 4801 4801 4802 4802 4802 4803 4803 4803 4804 4804 4804 4805 4805 4805 4806 4806 4806 4807 4807 4807 4808 4808 4808 4809 4809 4809 4810 4810 4810 4811 4811 4811 4812 4812 4812 4813 4813 4813 4814 4814 4814 4815 4815 4815 4816 4816 4816 4817 4817 4817 4818 4818 4818 4819 4819 4819 4820 4820 4820 4821 4821 4821 4822 4822 4822 4823 4823 4823 4824 4824 4824 4825 4825 4825 4826 4826 4826 4827 4827 4827 4828 4828 4828 4829 4829 4829 4830 4830 4830 4831 4831 4831 4832 4832 4832 4833 4833 4833 4834 4834 4834 4835 4835 4835 4836 4836 4836 4837 4837 4837 4838 4838 4838 4839 4839 4839 4840 4840 4840 4841 4841 4841 4842 4842 4842 4843 4843 4843 4844 4844 4844 4845 4845 4845 4846 4846 4846 4847 4847 4847 4848 4848 4848 4849 4849 4849 4850 4850 4850 4851 4851 4851 4852 4852 4852 4853 4853 4853 4854 4854 4854 4855 4855 4855 4856 4856 4856 4857 4857 4857 4858 4858 4858 4859 4859 4859 4860 4860 4860 4861 4861 4861 4862 4862 4862 4863 4863 4863 4864 4864 4864 4865 4865 4865 4866 4866 4866 4867 4867 4867 4868 4868 4868 4869 4869 4869 4870 4870 4870 4871 4871 4871 4872 4872 4872 4873 4873 4873 4874 4874 4874 4875 4875 4875 4876 4876 4876 4877 4877 4877 4878 4878 4878 4879 4879 4879 4880 4880 4880 4881 4881 4881 4882 4882 4882 4883 4883 4883 4884 4884 4884 4885 4885 4885 4886 4886 4886 4887 4887 4887 4888 4888 4888 4889 4889 4889 4890 4890 4890 4891 4891 4891 4892 4892 4892 4893 4893 4893 4894 4894 4894 4895 4895 4895 4896 4896 4896 4897 4897 4897 4898 4898 4898 4899 4899 4899 4900 4900 4900 4901 4901 4901 4902 4902 4902 4903 4903 4903 4904 4904 4904 4905 4905 4905 4906 4906 4906 4907 4907 4907 4908 4908 4908 4909 4909 4909 4910 4910 4910 4911 4911 4911 4912 4912 4912 4913 4913 4913 4914 4914 4914 4915 4915 4915 4916 4916 4916 4917 4917 4917 4918 4918 4918 4919 4919 4919 4920 4920 4920 4921 4921 4921 4922 4922 4922 4923 4923 4923 4924 4924 4924 4925 4925 4925 4926 4926 4926 4927 4927 4927 4928 4928 4928 4929 4929 4929 4930 4930 4930 4931 4931 4931 4932 4932 4932 4933 4933 4933 4934 4934 4934 4935 4935 4935 4936 4936 4936 4937 4937 4937 4938 4938 4938 4939 4939 4939 4940 4940 4940 4941 4941 4941 4942 4942 4942 4943 4943 4943 4944 4944 4944 4945 4945 4945 4946 4946 4946 4947 4947 4947 4948 4948 4948 4949 4949 4949 4950 4950 4950 4951 4951 4951 4952 4952 4952 4953 4953 4953 4954 4954 4954 4955 4955 4955 4956 4956 4956 4957 4957 4957 4958 4958 4958 4959 4959 4959 4960 4960 4960 4961 4961 4961 4962 4962 4962 4963 4963 4963 4964 4964 4964 4965 4965 4965 4966 4966 4966 4967 4967 4967 4968 4968 4968 4969 4969 4969 4970 4970 4970 4971 4971 4971 4972 4972 4972 4973 4973 4973 4974 4974 4974 4975 4975 4975 4976 4976 4976 4977 4977 4977 4978 4978 4978 4979 4979 4979 4980 4980 4980 4981 4981 4981 4982 4982 4982 4983 4983 4983 4984 4984 4984 4985 4985 4985 4986 4986 4986 4987 4987 4987 4988 4988 4988 4989 4989 4989 4990 4990 4990 4991 4991 4991 4992 4992 4992 4993 4993 4993 4994 4994 4994 4995 4995 4995 4996 4996 4996 4997 4997 4997 4998 4998 4998 4999 4999 4999 5000 5000 5000 5001 5001 5001 5002 5002 5002 5003 5003 5003 5004 5004 5004 5005 5005 5005 5006 5006 5006 5007 5007 5007 5008 5008 5008 5009 5009 5009 5010 5010 5010 5011 5011 5011 5012 5012 5012 5013 5013 5013 5014 5014 5014 5015 5015 5015 5016 5016 5016 5017 5017 5017 5018 5018 5018 5019 5019 5019 5020 5020 5020 5021 5021 5021 5022 5022 5022 5023 5023 5023 5024 5024 5024 5025 5025 5025 5026 5026 5026 5027 5027 5027 5028 5028 5028 5029 5029 5029 5030 5030 5030 5031 5031 5031 5032 5032 5032 5033 5033 5033 5034 5034 5034 5035 5035 5035 5036 5036 5036 5037 5037 5037 5038 5038 5038 5039 5039 5039 5040 5040 5040 5041 5041 5041 5042 5042 5042 5043 5043 5043 5044 5044 5044 5045 5045 5045 5046 5046 5046 5047 5047 5047 5048 5048 5048 5049 5049 5049 5050 5050 5050 5051 5051 5051 5052 5052 5052 5053 5053 5053 5054 5054 5054 5055 5055 5055 5056 5056 5056 5057 5057 5057 5058 5058 5058 5059 5059 5059 5060 5060 5060 5061 5061 5061 5062 5062 5062 5063 5063 5063 5064 5064 5064 5065 5065 5065 5066 5066 5066 5067 5067 5067 5068 5068 5068 5069 5069 5069 5070 5070 5070 5071 5071 5071 5072 5072 5072 5073 5073 5073 5074 5074 5074 5075 5075 5075 5076 5076 5076 5077 5077 5077 5078 5078 5078 5079 5079 5079 5080 5080 5080 5081 5081 5081 5082 5082 5082 5083 5083 5083 5084 5084 5084 5085 5085 5085 5086 5086 5086 5087 5087 5087</p></triangles></mesh></geometry></library_geometries><library_visual_scenes><visual_scene id="Scene"><node id="rezero-visual" name="OwnRezeroGeometry"><node id="node-leaf" name="leaf"><instance_geometry url="#rezero-leaf"><bind_material><technique_common><instance_material symbol="leaf-slot" target="#leaf-material"><bind_vertex_input semantic="UVMap" input_semantic="TEXCOORD" input_set="0" /></instance_material></technique_common></bind_material></instance_geometry></node></node></visual_scene></library_visual_scenes><scene><instance_visual_scene url="#Scene" /></scene></COLLADA>