<?xml version='1.0' encoding='utf8'?>
<COLLADA xmlns="http://www.collada.org/2005/11/COLLADASchema" version="1.4.1"><asset><created>2026-10-03T13:05:23.833346+00:00</created><unit name="OpenMWUnit" meter="0.014285714" /><up_axis>Z_UP</up_axis></asset><library_images><image id="plaster-image"><init_from>textures/rezero/plaster.dds</init_from></image><image id="stone-image"><init_from>textures/rezero/stone.dds</init_from></image></library_images><library_effects><effect id="plaster-effect"><profile_COMMON><newparam sid="plaster-surface"><surface type="2D"><init_from>plaster-image</init_from></surface></newparam><newparam sid="plaster-sampler"><sampler2D><source>plaster-surface</source></sampler2D></newparam><technique sid="common"><phong><emission><color>0 0 0 1</color></emission><ambient><color>.5 .5 .5 1</color></ambient><diffuse><texture texture="plaster-sampler" texcoord="UVMap" /></diffuse><specular><color>0.04 0.04 0.04 1</color></specular><shininess><float>6</float></shininess></phong></technique></profile_COMMON></effect><effect id="stone-effect"><profile_COMMON><newparam sid="stone-surface"><surface type="2D"><init_from>stone-image</init_from></surface></newparam><newparam sid="stone-sampler"><sampler2D><source>stone-surface</source></sampler2D></newparam><technique sid="common"><phong><emission><color>0 0 0 1</color></emission><ambient><color>.5 .5 .5 1</color></ambient><diffuse><texture texture="stone-sampler" texcoord="UVMap" /></diffuse><specular><color>0.12 0.12 0.12 1</color></specular><shininess><float>28</float></shininess></phong></technique></profile_COMMON></effect></library_effects><library_materials><material id="plaster-material"><instance_effect url="#plaster-effect" /></material><material id="stone-material"><instance_effect url="#stone-effect" /></material></library_materials><library_geometries><geometry id="rezero-plaster"><mesh><source id="rezero-plaster-p"><float_array id="rezero-plaster-p-array" count="4536">-67.043 175.999996 120.022 -67.043 193.699996 120.0244 -67.043 193.105923 129.547685 -67.043 175.999996 120.022 -67.043 193.105923 129.547685 -67.043 175.460209 128.608568 -128.043 175.460209 128.608568 -128.043 193.105923 129.547685 -128.043 193.699996 120.0244 -128.043 175.460209 128.608568 -128.043 193.699996 120.0244 -128.043 175.999996 120.022 -67.043 175.999996 120.022 -128.043 175.999996 120.022 -128.043 193.699996 120.0244 -67.043 175.999996 120.022 -128.043 193.699996 120.0244 -67.043 193.699996 120.0244 -67.043 193.699996 120.0244 -128.043 193.699996 120.0244 -128.043 193.105923 129.547685 -67.043 193.699996 120.0244 -128.043 193.105923 129.547685 -67.043 193.105923 129.547685 -67.043 193.105923 129.547685 -128.043 193.105923 129.547685 -128.043 175.460209 128.608568 -67.043 193.105923 129.547685 -128.043 175.460209 128.608568 -67.043 175.460209 128.608568 -67.043 175.460209 128.608568 -128.043 175.460209 128.608568 -128.043 175.999996 120.022 -67.043 175.460209 128.608568 -128.043 175.999996 120.022 -67.043 175.999996 120.022 -67.043 175.454685 128.652433 -67.043 193.099844 129.596334 -67.043 191.321288 139.060905 -67.043 175.454685 128.652433 -67.043 191.321288 139.060905 -67.043 173.838651 137.186062 -128.043 173.838651 137.186062 -128.043 191.321288 139.060905 -128.043 193.099844 129.596334 -128.043 173.838651 137.186062 -128.043 193.099844 129.596334 -128.043 175.454685 128.652433 -67.043 175.454685 128.652433 -128.043 175.454685 128.652433 -128.043 193.099844 129.596334 -67.043 175.454685 128.652433 -128.043 193.099844 129.596334 -67.043 193.099844 129.596334 -67.043 193.099844 129.596334 -128.043 193.099844 129.596334 -128.043 191.321288 139.060905 -67.043 193.099844 129.596334 -128.043 191.321288 139.060905 -67.043 191.321288 139.060905 -67.043 191.321288 139.060905 -128.043 191.321288 139.060905 -128.043 173.838651 137.186062 -67.043 191.321288 139.060905 -128.043 173.838651 137.186062 -67.043 173.838651 137.186062 -67.043 173.838651 137.186062 -128.043 173.838651 137.186062 -128.043 175.454685 128.652433 -67.043 173.838651 137.186062 -128.043 175.454685 128.652433 -67.043 175.454685 128.652433 -67.043 173.827638 137.22952 -67.043 191.309167 139.109104 -67.043 188.357093 148.456608 -67.043 173.827638 137.22952 -67.043 188.357093 148.456608 -67.043 171.14532 145.657597 -128.043 171.14532 145.657597 -128.043 188.357093 148.456608 -128.043 191.309167 139.109104 -128.043 171.14532 145.657597 -128.043 191.309167 139.109104 -128.043 173.827638 137.22952 -67.043 173.827638 137.22952 -128.043 173.827638 137.22952 -128.043 191.309167 139.109104 -67.043 173.827638 137.22952 -128.043 191.309167 139.109104 -67.043 191.309167 139.109104 -67.043 191.309167 139.109104 -128.043 191.309167 139.109104 -128.043 188.357093 148.456608 -67.043 191.309167 139.109104 -128.043 188.357093 148.456608 -67.043 188.357093 148.456608 -67.043 188.357093 148.456608 -128.043 188.357093 148.456608 -128.043 171.14532 145.657597 -67.043 188.357093 148.456608 -128.043 171.14532 145.657597 -67.043 171.14532 145.657597 -67.043 171.14532 145.657597 -128.043 171.14532 145.657597 -128.043 173.827638 137.22952 -67.043 171.14532 145.657597 -128.043 173.827638 137.22952 -67.043 173.827638 137.22952 -67.043 171.128885 145.700382 -67.043 188.339006 148.50406 -67.043 184.231615 157.676867 -67.043 171.128885 145.700382 -67.043 184.231615 157.676867 -67.043 167.396821 153.970945 -128.043 167.396821 153.970945 -128.043 184.231615 157.676867 -128.043 188.339006 148.50406 -128.043 167.396821 153.970945 -128.043 188.339006 148.50406 -128.043 171.128885 145.700382 -67.043 171.128885 145.700382 -128.043 171.128885 145.700382 -128.043 188.339006 148.50406 -67.043 171.128885 145.700382 -128.043 188.339006 148.50406 -67.043 188.339006 148.50406 -67.043 188.339006 148.50406 -128.043 188.339006 148.50406 -128.043 184.231615 157.676867 -67.043 188.339006 148.50406 -128.043 184.231615 157.676867 -67.043 184.231615 157.676867 -67.043 184.231615 157.676867 -128.043 184.231615 157.676867 -128.043 167.396821 153.970945 -67.043 184.231615 157.676867 -128.043 167.396821 153.970945 -67.043 167.396821 153.970945 -67.043 167.396821 153.970945 -128.043 167.396821 153.970945 -128.043 171.128885 145.700382 -67.043 167.396821 153.970945 -128.043 171.128885 145.700382 -67.043 171.128885 145.700382 -67.043 167.375066 154.012792 -67.043 184.207672 157.723278 -67.043 178.970287 166.664835 -67.043 167.375066 154.012792 -67.043 178.970287 166.664835 -67.043 162.616265 162.074851 -128.043 162.616265 162.074851 -128.043 178.970287 166.664835 -128.043 184.207672 157.723278 -128.043 162.616265 162.074851 -128.043 184.207672 157.723278 -128.043 167.375066 154.012792 -67.043 167.375066 154.012792 -128.043 167.375066 154.012792 -128.043 184.207672 157.723278 -67.043 167.375066 154.012792 -128.043 184.207672 157.723278 -67.043 184.207672 157.723278 -67.043 184.207672 157.723278 -128.043 184.207672 157.723278 -128.043 178.970287 166.664835 -67.043 184.207672 157.723278 -128.043 178.970287 166.664835 -67.043 178.970287 166.664835 -67.043 178.970287 166.664835 -128.043 178.970287 166.664835 -128.043 162.616265 162.074851 -67.043 178.970287 166.664835 -128.043 162.616265 162.074851 -67.043 162.616265 162.074851 -67.043 162.616265 162.074851 -128.043 162.616265 162.074851 -128.043 167.375066 154.012792 -67.043 162.616265 162.074851 -128.043 167.375066 154.012792 -67.043 167.375066 154.012792 -67.043 162.589324 162.115502 -67.043 178.940637 166.70992 -67.043 172.605548 175.365099 -67.043 162.589324 162.115502 -67.043 172.605548 175.365099 -67.043 156.833126 169.919352 -128.043 156.833126 169.919352 -128.043 172.605548 175.365099 -128.043 178.940637 166.70992 -128.043 156.833126 169.919352 -128.043 178.940637 166.70992 -128.043 162.589324 162.115502 -67.043 162.589324 162.115502 -128.043 162.589324 162.115502 -128.043 178.940637 166.70992 -67.043 162.589324 162.115502 -128.043 178.940637 166.70992 -67.043 178.940637 166.70992 -67.043 178.940637 166.70992 -128.043 178.940637 166.70992 -128.043 172.605548 175.365099 -67.043 178.940637 166.70992 -128.043 172.605548 175.365099 -67.043 172.605548 175.365099 -67.043 172.605548 175.365099 -128.043 172.605548 175.365099 -128.043 156.833126 169.919352 -67.043 172.605548 175.365099 -128.043 156.833126 169.919352 -67.043 156.833126 169.919352 -67.043 156.833126 169.919352 -128.043 156.833126 169.919352 -128.043 162.589324 162.115502 -67.043 156.833126 169.919352 -128.043 162.589324 162.115502 -67.043 162.589324 162.115502 -67.043 156.801165 169.958556 -67.043 172.570373 175.40858 -67.043 165.176638 183.724019 -67.043 156.801165 169.958556 -67.043 165.176638 183.724019 -67.043 150.083058 177.456083 -128.043 150.083058 177.456083 -128.043 165.176638 183.724019 -128.043 172.570373 175.40858 -128.043 150.083058 177.456083 -128.043 172.570373 175.40858 -128.043 156.801165 169.958556 -67.043 156.801165 169.958556 -128.043 156.801165 169.958556 -128.043 172.570373 175.40858 -67.043 156.801165 169.958556 -128.043 172.570373 175.40858 -67.043 172.570373 175.40858 -67.043 172.570373 175.40858 -128.043 172.570373 175.40858 -128.043 165.176638 183.724019 -67.043 172.570373 175.40858 -128.043 165.176638 183.724019 -67.043 165.176638 183.724019 -67.043 165.176638 183.724019 -128.043 165.176638 183.724019 -128.043 150.083058 177.456083 -67.043 165.176638 183.724019 -128.043 150.083058 177.456083 -67.043 150.083058 177.456083 -67.043 150.083058 177.456083 -128.043 150.083058 177.456083 -128.043 156.801165 169.958556 -67.043 150.083058 177.456083 -128.043 156.801165 169.958556 -67.043 156.801165 169.958556 -67.043 150.046274 177.493599 -67.043 165.136155 183.765628 -67.043 156.729359 191.690059 -67.043 150.046274 177.493599 -67.043 156.729359 191.690059 -67.043 142.407678 184.638578 -128.043 142.407678 184.638578 -128.043 156.729359 191.690059 -128.043 165.136155 183.765628 -128.043 142.407678 184.638578 -128.043 165.136155 183.765628 -128.043 150.046274 177.493599 -67.043 150.046274 177.493599 -128.043 150.046274 177.493599 -128.043 165.136155 183.765628 -67.043 150.046274 177.493599 -128.043 165.136155 183.765628 -67.043 165.136155 183.765628 -67.043 165.136155 183.765628 -128.043 165.136155 183.765628 -128.043 156.729359 191.690059 -67.043 165.136155 183.765628 -128.043 156.729359 191.690059 -67.043 156.729359 191.690059 -67.043 156.729359 191.690059 -128.043 156.729359 191.690059 -128.043 142.407678 184.638578 -67.043 156.729359 191.690059 -128.043 142.407678 184.638578 -67.043 142.407678 184.638578 -67.043 142.407678 184.638578 -128.043 142.407678 184.638578 -128.043 150.046274 177.493599 -67.043 142.407678 184.638578 -128.043 150.046274 177.493599 -67.043 150.046274 177.493599 -67.043 142.366298 184.674175 -67.043 156.683818 191.729539 -67.043 147.315792 199.214106 -67.043 142.366298 184.674175 -67.043 147.315792 199.214106 -67.043 133.854308 191.422555 -128.043 133.854308 191.422555 -128.043 147.315792 199.214106 -128.043 156.683818 191.729539 -128.043 133.854308 191.422555 -128.043 156.683818 191.729539 -128.043 142.366298 184.674175 -67.043 142.366298 184.674175 -128.043 142.366298 184.674175 -128.043 156.683818 191.729539 -67.043 142.366298 184.674175 -128.043 156.683818 191.729539 -67.043 156.683818 191.729539 -67.043 156.683818 191.729539 -128.043 156.683818 191.729539 -128.043 147.315792 199.214106 -67.043 156.683818 191.729539 -128.043 147.315792 199.214106 -67.043 147.315792 199.214106 -67.043 147.315792 199.214106 -128.043 147.315792 199.214106 -128.043 133.854308 191.422555 -67.043 147.315792 199.214106 -128.043 133.854308 191.422555 -67.043 133.854308 191.422555 -67.043 133.854308 191.422555 -128.043 133.854308 191.422555 -128.043 142.366298 184.674175 -67.043 133.854308 191.422555 -128.043 142.366298 184.674175 -67.043 142.366298 184.674175 -67.043 133.808587 191.456013 -67.043 147.265473 199.251214 -67.043 136.993974 206.249772 -67.043 133.808587 191.456013 -67.043 136.993974 206.249772 -67.043 124.475681 197.766188 -128.043 124.475681 197.766188 -128.043 136.993974 206.249772 -128.043 147.265473 199.251214 -128.043 124.475681 197.766188 -128.043 147.265473 199.251214 -128.043 133.808587 191.456013 -67.043 133.808587 191.456013 -128.043 133.808587 191.456013 -128.043 147.265473 199.251214 -67.043 133.808587 191.456013 -128.043 147.265473 199.251214 -67.043 147.265473 199.251214 -67.043 147.265473 199.251214 -128.043 147.265473 199.251214 -128.043 136.993974 206.249772 -67.043 147.265473 199.251214 -128.043 136.993974 206.249772 -67.043 136.993974 206.249772 -67.043 136.993974 206.249772 -128.043 136.993974 206.249772 -128.043 124.475681 197.766188 -67.043 136.993974 206.249772 -128.043 124.475681 197.766188 -67.043 124.475681 197.766188 -67.043 124.475681 197.766188 -128.043 124.475681 197.766188 -128.043 133.808587 191.456013 -67.043 124.475681 197.766188 -128.043 133.808587 191.456013 -67.043 133.808587 191.456013 -67.043 124.425901 197.797301 -67.043 136.939187 206.284279 -67.043 125.827543 212.753679 -67.043 124.425901 197.797301 -67.043 125.827543 212.753679 -67.043 114.329621 203.630367 -128.043 114.329621 203.630367 -128.043 125.827543 212.753679 -128.043 136.939187 206.284279 -128.043 114.329621 203.630367 -128.043 136.939187 206.284279 -128.043 124.425901 197.797301 -67.043 124.425901 197.797301 -128.043 124.425901 197.797301 -128.043 136.939187 206.284279 -67.043 124.425901 197.797301 -128.043 136.939187 206.284279 -67.043 136.939187 206.284279 -67.043 136.939187 206.284279 -128.043 136.939187 206.284279 -128.043 125.827543 212.753679 -67.043 136.939187 206.284279 -128.043 125.827543 212.753679 -67.043 125.827543 212.753679 -67.043 125.827543 212.753679 -128.043 125.827543 212.753679 -128.043 114.329621 203.630367 -67.043 125.827543 212.753679 -128.043 114.329621 203.630367 -67.043 114.329621 203.630367 -67.043 114.329621 203.630367 -128.043 114.329621 203.630367 -128.043 124.425901 197.797301 -67.043 114.329621 203.630367 -128.043 124.425901 197.797301 -67.043 124.425901 197.797301 -67.043 114.276088 203.658942 -67.043 125.768626 212.785372 -67.043 113.885342 218.685729 -67.043 114.276088 203.658942 -67.043 113.885342 218.685729 -67.043 103.47868 208.978936 -128.043 103.47868 208.978936 -128.043 113.885342 218.685729 -128.043 125.768626 212.785372 -128.043 103.47868 208.978936 -128.043 125.768626 212.785372 -128.043 114.276088 203.658942 -67.043 114.276088 203.658942 -128.043 114.276088 203.658942 -128.043 125.768626 212.785372 -67.043 114.276088 203.658942 -128.043 125.768626 212.785372 -67.043 125.768626 212.785372 -67.043 125.768626 212.785372 -128.043 125.768626 212.785372 -128.043 113.885342 218.685729 -67.043 125.768626 212.785372 -128.043 113.885342 218.685729 -67.043 113.885342 218.685729 -67.043 113.885342 218.685729 -128.043 113.885342 218.685729 -128.043 103.47868 208.978936 -67.043 113.885342 218.685729 -128.043 103.47868 208.978936 -67.043 103.47868 208.978936 -67.043 103.47868 208.978936 -128.043 103.47868 208.978936 -128.043 114.276088 203.658942 -67.043 103.47868 208.978936 -128.043 114.276088 203.658942 -67.043 114.276088 203.658942 -67.043 103.421725 209.004799 -67.043 113.82266 218.714413 -67.043 101.241001 224.009349 -67.043 103.421725 209.004799 -67.043 101.241001 224.009349 -67.043 91.9897585 213.778921 -128.043 91.9897585 213.778921 -128.043 101.241001 224.009349 -128.043 113.82266 218.714413 -128.043 91.9897585 213.778921 -128.043 113.82266 218.714413 -128.043 103.421725 209.004799 -67.043 103.421725 209.004799 -128.043 103.421725 209.004799 -128.043 113.82266 218.714413 -67.043 103.421725 209.004799 -128.043 113.82266 218.714413 -67.043 113.82266 218.714413 -67.043 113.82266 218.714413 -128.043 113.82266 218.714413 -128.043 101.241001 224.009349 -67.043 113.82266 218.714413 -128.043 101.241001 224.009349 -67.043 101.241001 224.009349 -67.043 101.241001 224.009349 -128.043 101.241001 224.009349 -128.043 91.9897585 213.778921 -67.043 101.241001 224.009349 -128.043 91.9897585 213.778921 -67.043 91.9897585 213.778921 -67.043 91.9897585 213.778921 -128.043 91.9897585 213.778921 -128.043 103.421725 209.004799 -67.043 91.9897585 213.778921 -128.043 103.421725 209.004799 -67.043 103.421725 209.004799 -67.043 91.9297326 213.801911 -67.043 101.174939 224.034847 -67.043 87.9724756 228.691716 -67.043 91.9297326 213.801911 -67.043 87.9724756 228.691716 -67.043 79.9336898 218.000728 -128.043 79.9336898 218.000728 -128.043 87.9724756 228.691716 -128.043 101.174939 224.034847 -128.043 79.9336898 218.000728 -128.043 101.174939 224.034847 -128.043 91.9297326 213.801911 -67.043 91.9297326 213.801911 -128.043 91.9297326 213.801911 -128.043 101.174939 224.034847 -67.043 91.9297326 213.801911 -128.043 101.174939 224.034847 -67.043 101.174939 224.034847 -67.043 101.174939 224.034847 -128.043 101.174939 224.034847 -128.043 87.9724756 228.691716 -67.043 101.174939 224.034847 -128.043 87.9724756 228.691716 -67.043 87.9724756 228.691716 -67.043 87.9724756 228.691716 -128.043 87.9724756 228.691716 -128.043 79.9336898 218.000728 -67.043 87.9724756 228.691716 -128.043 79.9336898 218.000728 -67.043 79.9336898 218.000728 -67.043 79.9336898 218.000728 -128.043 79.9336898 218.000728 -128.043 91.9297326 213.801911 -67.043 79.9336898 218.000728 -128.043 91.9297326 213.801911 -67.043 91.9297326 213.801911 -67.043 79.8709629 218.020703 -67.043 87.9034404 228.713871 -67.043 74.1615705 232.703963 -67.043 79.8709629 218.020703 -67.043 74.1615705 232.703963 -67.043 67.3848033 221.618328 -128.043 67.3848033 221.618328 -128.043 74.1615705 232.703963 -128.043 87.9034404 228.713871 -128.043 67.3848033 221.618328 -128.043 87.9034404 228.713871 -128.043 79.8709629 218.020703 -67.043 79.8709629 218.020703 -128.043 79.8709629 218.020703 -128.043 87.9034404 228.713871 -67.043 79.8709629 218.020703 -128.043 87.9034404 228.713871 -67.043 87.9034404 228.713871 -67.043 87.9034404 228.713871 -128.043 87.9034404 228.713871 -128.043 74.1615705 232.703963 -67.043 87.9034404 228.713871 -128.043 74.1615705 232.703963 -67.043 74.1615705 232.703963 -67.043 74.1615705 232.703963 -128.043 74.1615705 232.703963 -128.043 67.3848033 221.618328 -67.043 74.1615705 232.703963 -128.043 67.3848033 221.618328 -67.043 67.3848033 221.618328 -67.043 67.3848033 221.618328 -128.043 67.3848033 221.618328 -128.043 79.8709629 218.020703 -67.043 67.3848033 221.618328 -128.043 79.8709629 218.020703 -67.043 79.8709629 218.020703 -67.043 67.3197622 221.635166 -67.043 74.0899883 232.722638 -67.043 59.8934345 236.021353 -67.043 67.3197622 221.635166 -67.043 59.8934345 236.021353 -67.043 54.4204671 224.609416 -128.043 54.4204671 224.609416 -128.043 59.8934345 236.021353 -128.043 74.0899883 232.722638 -128.043 54.4204671 224.609416 -128.043 74.0899883 232.722638 -128.043 67.3197622 221.635166 -67.043 67.3197622 221.635166 -128.043 67.3197622 221.635166 -128.043 74.0899883 232.722638 -67.043 67.3197622 221.635166 -128.043 74.0899883 232.722638 -67.043 74.0899883 232.722638 -67.043 74.0899883 232.722638 -128.043 74.0899883 232.722638 -128.043 59.8934345 236.021353 -67.043 74.0899883 232.722638 -128.043 59.8934345 236.021353 -67.043 59.8934345 236.021353 -67.043 59.8934345 236.021353 -128.043 59.8934345 236.021353 -128.043 54.4204671 224.609416 -67.043 59.8934345 236.021353 -128.043 54.4204671 224.609416 -67.043 54.4204671 224.609416 -67.043 54.4204671 224.609416 -128.043 54.4204671 224.609416 -128.043 67.3197622 221.635166 -67.043 54.4204671 224.609416 -128.043 67.3197622 221.635166 -67.043 67.3197622 221.635166 -67.043 54.3535127 224.623013 -67.043 59.8197467 236.036433 -67.043 45.2560357 238.623432 -67.043 54.3535127 224.623013 -67.043 45.2560357 238.623432 -67.043 41.1206106 226.955553 -128.043 41.1206106 226.955553 -128.043 45.2560357 238.623432 -128.043 59.8197467 236.036433 -128.043 41.1206106 226.955553 -128.043 59.8197467 236.036433 -128.043 54.3535127 224.623013 -67.043 54.3535127 224.623013 -128.043 54.3535127 224.623013 -128.043 59.8197467 236.036433 -67.043 54.3535127 224.623013 -128.043 59.8197467 236.036433 -67.043 59.8197467 236.036433 -67.043 59.8197467 236.036433 -128.043 59.8197467 236.036433 -128.043 45.2560357 238.623432 -67.043 59.8197467 236.036433 -128.043 45.2560357 238.623432 -67.043 45.2560357 238.623432 -67.043 45.2560357 238.623432 -128.043 45.2560357 238.623432 -128.043 41.1206106 226.955553 -67.043 45.2560357 238.623432 -128.043 41.1206106 226.955553 -67.043 41.1206106 226.955553 -67.043 41.1206106 226.955553 -128.043 41.1206106 226.955553 -128.043 54.3535127 224.623013 -67.043 41.1206106 226.955553 -128.043 54.3535127 224.623013 -67.043 54.3535127 224.623013 -67.043 41.0521558 226.965825 -67.043 45.1806965 238.634824 -67.043 30.3396183 240.494158 -67.043 41.0521558 226.965825 -67.043 30.3396183 240.494158 -67.043 27.5672319 228.642274 -128.043 27.5672319 228.642274 -128.043 30.3396183 240.494158 -128.043 45.1806965 238.634824 -128.043 27.5672319 228.642274 -128.043 45.1806965 238.634824 -128.043 41.0521558 226.965825 -67.043 41.0521558 226.965825 -128.043 41.0521558 226.965825 -128.043 45.1806965 238.634824 -67.043 41.0521558 226.965825 -128.043 45.1806965 238.634824 -67.043 45.1806965 238.634824 -67.043 45.1806965 238.634824 -128.043 45.1806965 238.634824 -128.043 30.3396183 240.494158 -67.043 45.1806965 238.634824 -128.043 30.3396183 240.494158 -67.043 30.3396183 240.494158 -67.043 30.3396183 240.494158 -128.043 30.3396183 240.494158 -128.043 27.5672319 228.642274 -67.043 30.3396183 240.494158 -128.043 27.5672319 228.642274 -67.043 27.5672319 228.642274 -67.043 27.5672319 228.642274 -128.043 27.5672319 228.642274 -128.043 41.0521558 226.965825 -67.043 27.5672319 228.642274 -128.043 41.0521558 226.965825 -67.043 41.0521558 226.965825 -67.043 27.4976987 228.649157 -67.043 30.2630922 240.501792 -67.043 15.2361471 241.621998 -67.043 27.4976987 228.649157 -67.043 15.2361471 241.621998 -67.043 13.8438921 229.659178 -128.043 13.8438921 229.659178 -128.043 15.2361471 241.621998 -128.043 30.2630922 240.501792 -128.043 13.8438921 229.659178 -128.043 30.2630922 240.501792 -128.043 27.4976987 228.649157 -67.043 27.4976987 228.649157 -128.043 27.4976987 228.649157 -128.043 30.2630922 240.501792 -67.043 27.4976987 228.649157 -128.043 30.2630922 240.501792 -67.043 30.2630922 240.501792 -67.043 30.2630922 240.501792 -128.043 30.2630922 240.501792 -128.043 15.2361471 241.621998 -67.043 30.2630922 240.501792 -128.043 15.2361471 241.621998 -67.043 15.2361471 241.621998 -67.043 15.2361471 241.621998 -128.043 15.2361471 241.621998 -128.043 13.8438921 229.659178 -67.043 15.2361471 241.621998 -128.043 13.8438921 229.659178 -67.043 13.8438921 229.659178 -67.043 13.8438921 229.659178 -128.043 13.8438921 229.659178 -128.043 27.4976987 228.649157 -67.043 13.8438921 229.659178 -128.043 27.4976987 228.649157 -67.043 27.4976987 228.649157 -67.043 13.7737091 229.662631 -67.043 15.158906 241.625827 -67.043 0.0387399997 241.999998 -67.043 13.7737091 229.662631 -67.043 0.0387399997 241.999998 -67.043 0.0351999998 229.999998 -128.043 0.0351999998 229.999998 -128.043 0.0387399997 241.999998 -128.043 15.158906 241.625827 -128.043 0.0351999998 229.999998 -128.043 15.158906 241.625827 -128.043 13.7737091 229.662631 -67.043 13.7737091 229.662631 -128.043 13.7737091 229.662631 -128.043 15.158906 241.625827 -67.043 13.7737091 229.662631 -128.043 15.158906 241.625827 -67.043 15.158906 241.625827 -67.043 15.158906 241.625827 -128.043 15.158906 241.625827 -128.043 0.0387399997 241.999998 -67.043 15.158906 241.625827 -128.043 0.0387399997 241.999998 -67.043 0.0387399997 241.999998 -67.043 0.0387399997 241.999998 -128.043 0.0387399997 241.999998 -128.043 0.0351999998 229.999998 -67.043 0.0387399997 241.999998 -128.043 0.0351999998 229.999998 -67.043 0.0351999998 229.999998 -67.043 0.0351999998 229.999998 -128.043 0.0351999998 229.999998 -128.043 13.7737091 229.662631 -67.043 0.0351999998 229.999998 -128.043 13.7737091 229.662631 -67.043 13.7737091 229.662631 -67.043 -0.0351999998 229.999998 -67.043 -0.0387399997 241.999998 -67.043 -15.158906 241.625827 -67.043 -0.0351999998 229.999998 -67.043 -15.158906 241.625827 -67.043 -13.7737091 229.662631 -128.043 -13.7737091 229.662631 -128.043 -15.158906 241.625827 -128.043 -0.0387399997 241.999998 -128.043 -13.7737091 229.662631 -128.043 -0.0387399997 241.999998 -128.043 -0.0351999998 229.999998 -67.043 -0.0351999998 229.999998 -128.043 -0.0351999998 229.999998 -128.043 -0.0387399997 241.999998 -67.043 -0.0351999998 229.999998 -128.043 -0.0387399997 241.999998 -67.043 -0.0387399997 241.999998 -67.043 -0.0387399997 241.999998 -128.043 -0.0387399997 241.999998 -128.043 -15.158906 241.625827 -67.043 -0.0387399997 241.999998 -128.043 -15.158906 241.625827 -67.043 -15.158906 241.625827 -67.043 -15.158906 241.625827 -128.043 -15.158906 241.625827 -128.043 -13.7737091 229.662631 -67.043 -15.158906 241.625827 -128.043 -13.7737091 229.662631 -67.043 -13.7737091 229.662631 -67.043 -13.7737091 229.662631 -128.043 -13.7737091 229.662631 -128.043 -0.0351999998 229.999998 -67.043 -13.7737091 229.662631 -128.043 -0.0351999998 229.999998 -67.043 -0.0351999998 229.999998 -67.043 -13.8438921 229.659178 -67.043 -15.2361471 241.621998 -67.043 -30.2630922 240.501792 -67.043 -13.8438921 229.659178 -67.043 -30.2630922 240.501792 -67.043 -27.4976987 228.649157 -128.043 -27.4976987 228.649157 -128.043 -30.2630922 240.501792 -128.043 -15.2361471 241.621998 -128.043 -27.4976987 228.649157 -128.043 -15.2361471 241.621998 -128.043 -13.8438921 229.659178 -67.043 -13.8438921 229.659178 -128.043 -13.8438921 229.659178 -128.043 -15.2361471 241.621998 -67.043 -13.8438921 229.659178 -128.043 -15.2361471 241.621998 -67.043 -15.2361471 241.621998 -67.043 -15.2361471 241.621998 -128.043 -15.2361471 241.621998 -128.043 -30.2630922 240.501792 -67.043 -15.2361471 241.621998 -128.043 -30.2630922 240.501792 -67.043 -30.2630922 240.501792 -67.043 -30.2630922 240.501792 -128.043 -30.2630922 240.501792 -128.043 -27.4976987 228.649157 -67.043 -30.2630922 240.501792 -128.043 -27.4976987 228.649157 -67.043 -27.4976987 228.649157 -67.043 -27.4976987 228.649157 -128.043 -27.4976987 228.649157 -128.043 -13.8438921 229.659178 -67.043 -27.4976987 228.649157 -128.043 -13.8438921 229.659178 -67.043 -13.8438921 229.659178 -67.043 -27.5672319 228.642274 -67.043 -30.3396183 240.494158 -67.043 -45.1806965 238.634824 -67.043 -27.5672319 228.642274 -67.043 -45.1806965 238.634824 -67.043 -41.0521558 226.965825 -128.043 -41.0521558 226.965825 -128.043 -45.1806965 238.634824 -128.043 -30.3396183 240.494158 -128.043 -41.0521558 226.965825 -128.043 -30.3396183 240.494158 -128.043 -27.5672319 228.642274 -67.043 -27.5672319 228.642274 -128.043 -27.5672319 228.642274 -128.043 -30.3396183 240.494158 -67.043 -27.5672319 228.642274 -128.043 -30.3396183 240.494158 -67.043 -30.3396183 240.494158 -67.043 -30.3396183 240.494158 -128.043 -30.3396183 240.494158 -128.043 -45.1806965 238.634824 -67.043 -30.3396183 240.494158 -128.043 -45.1806965 238.634824 -67.043 -45.1806965 238.634824 -67.043 -45.1806965 238.634824 -128.043 -45.1806965 238.634824 -128.043 -41.0521558 226.965825 -67.043 -45.1806965 238.634824 -128.043 -41.0521558 226.965825 -67.043 -41.0521558 226.965825 -67.043 -41.0521558 226.965825 -128.043 -41.0521558 226.965825 -128.043 -27.5672319 228.642274 -67.043 -41.0521558 226.965825 -128.043 -27.5672319 228.642274 -67.043 -27.5672319 228.642274 -67.043 -41.1206106 226.955553 -67.043 -45.2560357 238.623432 -67.043 -59.8197467 236.036433 -67.043 -41.1206106 226.955553 -67.043 -59.8197467 236.036433 -67.043 -54.3535127 224.623013 -128.043 -54.3535127 224.623013 -128.043 -59.8197467 236.036433 -128.043 -45.2560357 238.623432 -128.043 -54.3535127 224.623013 -128.043 -45.2560357 238.623432 -128.043 -41.1206106 226.955553 -67.043 -41.1206106 226.955553 -128.043 -41.1206106 226.955553 -128.043 -45.2560357 238.623432 -67.043 -41.1206106 226.955553 -128.043 -45.2560357 238.623432 -67.043 -45.2560357 238.623432 -67.043 -45.2560357 238.623432 -128.043 -45.2560357 238.623432 -128.043 -59.8197467 236.036433 -67.043 -45.2560357 238.623432 -128.043 -59.8197467 236.036433 -67.043 -59.8197467 236.036433 -67.043 -59.8197467 236.036433 -128.043 -59.8197467 236.036433 -128.043 -54.3535127 224.623013 -67.043 -59.8197467 236.036433 -128.043 -54.3535127 224.623013 -67.043 -54.3535127 224.623013 -67.043 -54.3535127 224.623013 -128.043 -54.3535127 224.623013 -128.043 -41.1206106 226.955553 -67.043 -54.3535127 224.623013 -128.043 -41.1206106 226.955553 -67.043 -41.1206106 226.955553 -67.043 -54.4204671 224.609416 -67.043 -59.8934345 236.021353 -67.043 -74.0899883 232.722638 -67.043 -54.4204671 224.609416 -67.043 -74.0899883 232.722638 -67.043 -67.3197622 221.635166 -128.043 -67.3197622 221.635166 -128.043 -74.0899883 232.722638 -128.043 -59.8934345 236.021353 -128.043 -67.3197622 221.635166 -128.043 -59.8934345 236.021353 -128.043 -54.4204671 224.609416 -67.043 -54.4204671 224.609416 -128.043 -54.4204671 224.609416 -128.043 -59.8934345 236.021353 -67.043 -54.4204671 224.609416 -128.043 -59.8934345 236.021353 -67.043 -59.8934345 236.021353 -67.043 -59.8934345 236.021353 -128.043 -59.8934345 236.021353 -128.043 -74.0899883 232.722638 -67.043 -59.8934345 236.021353 -128.043 -74.0899883 232.722638 -67.043 -74.0899883 232.722638 -67.043 -74.0899883 232.722638 -128.043 -74.0899883 232.722638 -128.043 -67.3197622 221.635166 -67.043 -74.0899883 232.722638 -128.043 -67.3197622 221.635166 -67.043 -67.3197622 221.635166 -67.043 -67.3197622 221.635166 -128.043 -67.3197622 221.635166 -128.043 -54.4204671 224.609416 -67.043 -67.3197622 221.635166 -128.043 -54.4204671 224.609416 -67.043 -54.4204671 224.609416 -67.043 -67.3848033 221.618328 -67.043 -74.1615705 232.703963 -67.043 -87.9034404 228.713871 -67.043 -67.3848033 221.618328 -67.043 -87.9034404 228.713871 -67.043 -79.8709629 218.020703 -128.043 -79.8709629 218.020703 -128.043 -87.9034404 228.713871 -128.043 -74.1615705 232.703963 -128.043 -79.8709629 218.020703 -128.043 -74.1615705 232.703963 -128.043 -67.3848033 221.618328 -67.043 -67.3848033 221.618328 -128.043 -67.3848033 221.618328 -128.043 -74.1615705 232.703963 -67.043 -67.3848033 221.618328 -128.043 -74.1615705 232.703963 -67.043 -74.1615705 232.703963 -67.043 -74.1615705 232.703963 -128.043 -74.1615705 232.703963 -128.043 -87.9034404 228.713871 -67.043 -74.1615705 232.703963 -128.043 -87.9034404 228.713871 -67.043 -87.9034404 228.713871 -67.043 -87.9034404 228.713871 -128.043 -87.9034404 228.713871 -128.043 -79.8709629 218.020703 -67.043 -87.9034404 228.713871 -128.043 -79.8709629 218.020703 -67.043 -79.8709629 218.020703 -67.043 -79.8709629 218.020703 -128.043 -79.8709629 218.020703 -128.043 -67.3848033 221.618328 -67.043 -79.8709629 218.020703 -128.043 -67.3848033 221.618328 -67.043 -67.3848033 221.618328 -67.043 -79.9336898 218.000728 -67.043 -87.9724756 228.691716 -67.043 -101.174939 224.034847 -67.043 -79.9336898 218.000728 -67.043 -101.174939 224.034847 -67.043 -91.9297326 213.801911 -128.043 -91.9297326 213.801911 -128.043 -101.174939 224.034847 -128.043 -87.9724756 228.691716 -128.043 -91.9297326 213.801911 -128.043 -87.9724756 228.691716 -128.043 -79.9336898 218.000728 -67.043 -79.9336898 218.000728 -128.043 -79.9336898 218.000728 -128.043 -87.9724756 228.691716 -67.043 -79.9336898 218.000728 -128.043 -87.9724756 228.691716 -67.043 -87.9724756 228.691716 -67.043 -87.9724756 228.691716 -128.043 -87.9724756 228.691716 -128.043 -101.174939 224.034847 -67.043 -87.9724756 228.691716 -128.043 -101.174939 224.034847 -67.043 -101.174939 224.034847 -67.043 -101.174939 224.034847 -128.043 -101.174939 224.034847 -128.043 -91.9297326 213.801911 -67.043 -101.174939 224.034847 -128.043 -91.9297326 213.801911 -67.043 -91.9297326 213.801911 -67.043 -91.9297326 213.801911 -128.043 -91.9297326 213.801911 -128.043 -79.9336898 218.000728 -67.043 -91.9297326 213.801911 -128.043 -79.9336898 218.000728 -67.043 -79.9336898 218.000728 -67.043 -91.9897585 213.778921 -67.043 -101.241001 224.009349 -67.043 -113.82266 218.714413 -67.043 -91.9897585 213.778921 -67.043 -113.82266 218.714413 -67.043 -103.421725 209.004799 -128.043 -103.421725 209.004799 -128.043 -113.82266 218.714413 -128.043 -101.241001 224.009349 -128.043 -103.421725 209.004799 -128.043 -101.241001 224.009349 -128.043 -91.9897585 213.778921 -67.043 -91.9897585 213.778921 -128.043 -91.9897585 213.778921 -128.043 -101.241001 224.009349 -67.043 -91.9897585 213.778921 -128.043 -101.241001 224.009349 -67.043 -101.241001 224.009349 -67.043 -101.241001 224.009349 -128.043 -101.241001 224.009349 -128.043 -113.82266 218.714413 -67.043 -101.241001 224.009349 -128.043 -113.82266 218.714413 -67.043 -113.82266 218.714413 -67.043 -113.82266 218.714413 -128.043 -113.82266 218.714413 -128.043 -103.421725 209.004799 -67.043 -113.82266 218.714413 -128.043 -103.421725 209.004799 -67.043 -103.421725 209.004799 -67.043 -103.421725 209.004799 -128.043 -103.421725 209.004799 -128.043 -91.9897585 213.778921 -67.043 -103.421725 209.004799 -128.043 -91.9897585 213.778921 -67.043 -91.9897585 213.778921 -67.043 -103.47868 208.978936 -67.043 -113.885342 218.685729 -67.043 -125.768626 212.785372 -67.043 -103.47868 208.978936 -67.043 -125.768626 212.785372 -67.043 -114.276088 203.658942 -128.043 -114.276088 203.658942 -128.043 -125.768626 212.785372 -128.043 -113.885342 218.685729 -128.043 -114.276088 203.658942 -128.043 -113.885342 218.685729 -128.043 -103.47868 208.978936 -67.043 -103.47868 208.978936 -128.043 -103.47868 208.978936 -128.043 -113.885342 218.685729 -67.043 -103.47868 208.978936 -128.043 -113.885342 218.685729 -67.043 -113.885342 218.685729 -67.043 -113.885342 218.685729 -128.043 -113.885342 218.685729 -128.043 -125.768626 212.785372 -67.043 -113.885342 218.685729 -128.043 -125.768626 212.785372 -67.043 -125.768626 212.785372 -67.043 -125.768626 212.785372 -128.043 -125.768626 212.785372 -128.043 -114.276088 203.658942 -67.043 -125.768626 212.785372 -128.043 -114.276088 203.658942 -67.043 -114.276088 203.658942 -67.043 -114.276088 203.658942 -128.043 -114.276088 203.658942 -128.043 -103.47868 208.978936 -67.043 -114.276088 203.658942 -128.043 -103.47868 208.978936 -67.043 -103.47868 208.978936 -67.043 -114.329621 203.630367 -67.043 -125.827543 212.753679 -67.043 -136.939187 206.284279 -67.043 -114.329621 203.630367 -67.043 -136.939187 206.284279 -67.043 -124.425901 197.797301 -128.043 -124.425901 197.797301 -128.043 -136.939187 206.284279 -128.043 -125.827543 212.753679 -128.043 -124.425901 197.797301 -128.043 -125.827543 212.753679 -128.043 -114.329621 203.630367 -67.043 -114.329621 203.630367 -128.043 -114.329621 203.630367 -128.043 -125.827543 212.753679 -67.043 -114.329621 203.630367 -128.043 -125.827543 212.753679 -67.043 -125.827543 212.753679 -67.043 -125.827543 212.753679 -128.043 -125.827543 212.753679 -128.043 -136.939187 206.284279 -67.043 -125.827543 212.753679 -128.043 -136.939187 206.284279 -67.043 -136.939187 206.284279 -67.043 -136.939187 206.284279 -128.043 -136.939187 206.284279 -128.043 -124.425901 197.797301 -67.043 -136.939187 206.284279 -128.043 -124.425901 197.797301 -67.043 -124.425901 197.797301 -67.043 -124.425901 197.797301 -128.043 -124.425901 197.797301 -128.043 -114.329621 203.630367 -67.043 -124.425901 197.797301 -128.043 -114.329621 203.630367 -67.043 -114.329621 203.630367 -67.043 -124.475681 197.766188 -67.043 -136.993974 206.249772 -67.043 -147.265473 199.251214 -67.043 -124.475681 197.766188 -67.043 -147.265473 199.251214 -67.043 -133.808587 191.456013 -128.043 -133.808587 191.456013 -128.043 -147.265473 199.251214 -128.043 -136.993974 206.249772 -128.043 -133.808587 191.456013 -128.043 -136.993974 206.249772 -128.043 -124.475681 197.766188 -67.043 -124.475681 197.766188 -128.043 -124.475681 197.766188 -128.043 -136.993974 206.249772 -67.043 -124.475681 197.766188 -128.043 -136.993974 206.249772 -67.043 -136.993974 206.249772 -67.043 -136.993974 206.249772 -128.043 -136.993974 206.249772 -128.043 -147.265473 199.251214 -67.043 -136.993974 206.249772 -128.043 -147.265473 199.251214 -67.043 -147.265473 199.251214 -67.043 -147.265473 199.251214 -128.043 -147.265473 199.251214 -128.043 -133.808587 191.456013 -67.043 -147.265473 199.251214 -128.043 -133.808587 191.456013 -67.043 -133.808587 191.456013 -67.043 -133.808587 191.456013 -128.043 -133.808587 191.456013 -128.043 -124.475681 197.766188 -67.043 -133.808587 191.456013 -128.043 -124.475681 197.766188 -67.043 -124.475681 197.766188 -67.043 -133.854308 191.422555 -67.043 -147.315792 199.214106 -67.043 -156.683818 191.729539 -67.043 -133.854308 191.422555 -67.043 -156.683818 191.729539 -67.043 -142.366298 184.674175 -128.043 -142.366298 184.674175 -128.043 -156.683818 191.729539 -128.043 -147.315792 199.214106 -128.043 -142.366298 184.674175 -128.043 -147.315792 199.214106 -128.043 -133.854308 191.422555 -67.043 -133.854308 191.422555 -128.043 -133.854308 191.422555 -128.043 -147.315792 199.214106 -67.043 -133.854308 191.422555 -128.043 -147.315792 199.214106 -67.043 -147.315792 199.214106 -67.043 -147.315792 199.214106 -128.043 -147.315792 199.214106 -128.043 -156.683818 191.729539 -67.043 -147.315792 199.214106 -128.043 -156.683818 191.729539 -67.043 -156.683818 191.729539 -67.043 -156.683818 191.729539 -128.043 -156.683818 191.729539 -128.043 -142.366298 184.674175 -67.043 -156.683818 191.729539 -128.043 -142.366298 184.674175 -67.043 -142.366298 184.674175 -67.043 -142.366298 184.674175 -128.043 -142.366298 184.674175 -128.043 -133.854308 191.422555 -67.043 -142.366298 184.674175 -128.043 -133.854308 191.422555 -67.043 -133.854308 191.422555 -67.043 -142.407678 184.638578 -67.043 -156.729359 191.690059 -67.043 -165.136155 183.765628 -67.043 -142.407678 184.638578 -67.043 -165.136155 183.765628 -67.043 -150.046274 177.493599 -128.043 -150.046274 177.493599 -128.043 -165.136155 183.765628 -128.043 -156.729359 191.690059 -128.043 -150.046274 177.493599 -128.043 -156.729359 191.690059 -128.043 -142.407678 184.638578 -67.043 -142.407678 184.638578 -128.043 -142.407678 184.638578 -128.043 -156.729359 191.690059 -67.043 -142.407678 184.638578 -128.043 -156.729359 191.690059 -67.043 -156.729359 191.690059 -67.043 -156.729359 191.690059 -128.043 -156.729359 191.690059 -128.043 -165.136155 183.765628 -67.043 -156.729359 191.690059 -128.043 -165.136155 183.765628 -67.043 -165.136155 183.765628 -67.043 -165.136155 183.765628 -128.043 -165.136155 183.765628 -128.043 -150.046274 177.493599 -67.043 -165.136155 183.765628 -128.043 -150.046274 177.493599 -67.043 -150.046274 177.493599 -67.043 -150.046274 177.493599 -128.043 -150.046274 177.493599 -128.043 -142.407678 184.638578 -67.043 -150.046274 177.493599 -128.043 -142.407678 184.638578 -67.043 -142.407678 184.638578 -67.043 -150.083058 177.456083 -67.043 -165.176638 183.724019 -67.043 -172.570373 175.40858 -67.043 -150.083058 177.456083 -67.043 -172.570373 175.40858 -67.043 -156.801165 169.958556 -128.043 -156.801165 169.958556 -128.043 -172.570373 175.40858 -128.043 -165.176638 183.724019 -128.043 -156.801165 169.958556 -128.043 -165.176638 183.724019 -128.043 -150.083058 177.456083 -67.043 -150.083058 177.456083 -128.043 -150.083058 177.456083 -128.043 -165.176638 183.724019 -67.043 -150.083058 177.456083 -128.043 -165.176638 183.724019 -67.043 -165.176638 183.724019 -67.043 -165.176638 183.724019 -128.043 -165.176638 183.724019 -128.043 -172.570373 175.40858 -67.043 -165.176638 183.724019 -128.043 -172.570373 175.40858 -67.043 -172.570373 175.40858 -67.043 -172.570373 175.40858 -128.043 -172.570373 175.40858 -128.043 -156.801165 169.958556 -67.043 -172.570373 175.40858 -128.043 -156.801165 169.958556 -67.043 -156.801165 169.958556 -67.043 -156.801165 169.958556 -128.043 -156.801165 169.958556 -128.043 -150.083058 177.456083 -67.043 -156.801165 169.958556 -128.043 -150.083058 177.456083 -67.043 -150.083058 177.456083 -67.043 -156.833126 169.919352 -67.043 -172.605548 175.365099 -67.043 -178.940637 166.70992 -67.043 -156.833126 169.919352 -67.043 -178.940637 166.70992 -67.043 -162.589324 162.115502 -128.043 -162.589324 162.115502 -128.043 -178.940637 166.70992 -128.043 -172.605548 175.365099 -128.043 -162.589324 162.115502 -128.043 -172.605548 175.365099 -128.043 -156.833126 169.919352 -67.043 -156.833126 169.919352 -128.043 -156.833126 169.919352 -128.043 -172.605548 175.365099 -67.043 -156.833126 169.919352 -128.043 -172.605548 175.365099 -67.043 -172.605548 175.365099 -67.043 -172.605548 175.365099 -128.043 -172.605548 175.365099 -128.043 -178.940637 166.70992 -67.043 -172.605548 175.365099 -128.043 -178.940637 166.70992 -67.043 -178.940637 166.70992 -67.043 -178.940637 166.70992 -128.043 -178.940637 166.70992 -128.043 -162.589324 162.115502 -67.043 -178.940637 166.70992 -128.043 -162.589324 162.115502 -67.043 -162.589324 162.115502 -67.043 -162.589324 162.115502 -128.043 -162.589324 162.115502 -128.043 -156.833126 169.919352 -67.043 -162.589324 162.115502 -128.043 -156.833126 169.919352 -67.043 -156.833126 169.919352 -67.043 -162.616265 162.074851 -67.043 -178.970287 166.664835 -67.043 -184.207672 157.723278 -67.043 -162.616265 162.074851 -67.043 -184.207672 157.723278 -67.043 -167.375066 154.012792 -128.043 -167.375066 154.012792 -128.043 -184.207672 157.723278 -128.043 -178.970287 166.664835 -128.043 -167.375066 154.012792 -128.043 -178.970287 166.664835 -128.043 -162.616265 162.074851 -67.043 -162.616265 162.074851 -128.043 -162.616265 162.074851 -128.043 -178.970287 166.664835 -67.043 -162.616265 162.074851 -128.043 -178.970287 166.664835 -67.043 -178.970287 166.664835 -67.043 -178.970287 166.664835 -128.043 -178.970287 166.664835 -128.043 -184.207672 157.723278 -67.043 -178.970287 166.664835 -128.043 -184.207672 157.723278 -67.043 -184.207672 157.723278 -67.043 -184.207672 157.723278 -128.043 -184.207672 157.723278 -128.043 -167.375066 154.012792 -67.043 -184.207672 157.723278 -128.043 -167.375066 154.012792 -67.043 -167.375066 154.012792 -67.043 -167.375066 154.012792 -128.043 -167.375066 154.012792 -128.043 -162.616265 162.074851 -67.043 -167.375066 154.012792 -128.043 -162.616265 162.074851 -67.043 -162.616265 162.074851 -67.043 -167.396821 153.970945 -67.043 -184.231615 157.676867 -67.043 -188.339006 148.50406 -67.043 -167.396821 153.970945 -67.043 -188.339006 148.50406 -67.043 -171.128885 145.700382 -128.043 -171.128885 145.700382 -128.043 -188.339006 148.50406 -128.043 -184.231615 157.676867 -128.043 -171.128885 145.700382 -128.043 -184.231615 157.676867 -128.043 -167.396821 153.970945 -67.043 -167.396821 153.970945 -128.043 -167.396821 153.970945 -128.043 -184.231615 157.676867 -67.043 -167.396821 153.970945 -128.043 -184.231615 157.676867 -67.043 -184.231615 157.676867 -67.043 -184.231615 157.676867 -128.043 -184.231615 157.676867 -128.043 -188.339006 148.50406 -67.043 -184.231615 157.676867 -128.043 -188.339006 148.50406 -67.043 -188.339006 148.50406 -67.043 -188.339006 148.50406 -128.043 -188.339006 148.50406 -128.043 -171.128885 145.700382 -67.043 -188.339006 148.50406 -128.043 -171.128885 145.700382 -67.043 -171.128885 145.700382 -67.043 -171.128885 145.700382 -128.043 -171.128885 145.700382 -128.043 -167.396821 153.970945 -67.043 -171.128885 145.700382 -128.043 -167.396821 153.970945 -67.043 -167.396821 153.970945 -67.043 -171.14532 145.657597 -67.043 -188.357093 148.456608 -67.043 -191.309167 139.109104 -67.043 -171.14532 145.657597 -67.043 -191.309167 139.109104 -67.043 -173.827638 137.22952 -128.043 -173.827638 137.22952 -128.043 -191.309167 139.109104 -128.043 -188.357093 148.456608 -128.043 -173.827638 137.22952 -128.043 -188.357093 148.456608 -128.043 -171.14532 145.657597 -67.043 -171.14532 145.657597 -128.043 -171.14532 145.657597 -128.043 -188.357093 148.456608 -67.043 -171.14532 145.657597 -128.043 -188.357093 148.456608 -67.043 -188.357093 148.456608 -67.043 -188.357093 148.456608 -128.043 -188.357093 148.456608 -128.043 -191.309167 139.109104 -67.043 -188.357093 148.456608 -128.043 -191.309167 139.109104 -67.043 -191.309167 139.109104 -67.043 -191.309167 139.109104 -128.043 -191.309167 139.109104 -128.043 -173.827638 137.22952 -67.043 -191.309167 139.109104 -128.043 -173.827638 137.22952 -67.043 -173.827638 137.22952 -67.043 -173.827638 137.22952 -128.043 -173.827638 137.22952 -128.043 -171.14532 145.657597 -67.043 -173.827638 137.22952 -128.043 -171.14532 145.657597 -67.043 -171.14532 145.657597 -67.043 -173.838651 137.186062 -67.043 -191.321288 139.060905 -67.043 -193.099844 129.596334 -67.043 -173.838651 137.186062 -67.043 -193.099844 129.596334 -67.043 -175.454685 128.652433 -128.043 -175.454685 128.652433 -128.043 -193.099844 129.596334 -128.043 -191.321288 139.060905 -128.043 -175.454685 128.652433 -128.043 -191.321288 139.060905 -128.043 -173.838651 137.186062 -67.043 -173.838651 137.186062 -128.043 -173.838651 137.186062 -128.043 -191.321288 139.060905 -67.043 -173.838651 137.186062 -128.043 -191.321288 139.060905 -67.043 -191.321288 139.060905 -67.043 -191.321288 139.060905 -128.043 -191.321288 139.060905 -128.043 -193.099844 129.596334 -67.043 -191.321288 139.060905 -128.043 -193.099844 129.596334 -67.043 -193.099844 129.596334 -67.043 -193.099844 129.596334 -128.043 -193.099844 129.596334 -128.043 -175.454685 128.652433 -67.043 -193.099844 129.596334 -128.043 -175.454685 128.652433 -67.043 -175.454685 128.652433 -67.043 -175.454685 128.652433 -128.043 -175.454685 128.652433 -128.043 -173.838651 137.186062 -67.043 -175.454685 128.652433 -128.043 -173.838651 137.186062 -67.043 -173.838651 137.186062 -67.043 -175.460209 128.608568 -67.043 -193.105923 129.547685 -67.043 -193.699996 120.0244 -67.043 -175.460209 128.608568 -67.043 -193.699996 120.0244 -67.043 -175.999996 120.022 -128.043 -175.999996 120.022 -128.043 -193.699996 120.0244 -128.043 -193.105923 129.547685 -128.043 -175.999996 120.022 -128.043 -193.105923 129.547685 -128.043 -175.460209 128.608568 -67.043 -175.460209 128.608568 -128.043 -175.460209 128.608568 -128.043 -193.105923 129.547685 -67.043 -175.460209 128.608568 -128.043 -193.105923 129.547685 -67.043 -193.105923 129.547685 -67.043 -193.105923 129.547685 -128.043 -193.105923 129.547685 -128.043 -193.699996 120.0244 -67.043 -193.105923 129.547685 -128.043 -193.699996 120.0244 -67.043 -193.699996 120.0244 -67.043 -193.699996 120.0244 -128.043 -193.699996 120.0244 -128.043 -175.999996 120.022 -67.043 -193.699996 120.0244 -128.043 -175.999996 120.022 -67.043 -175.999996 120.022 -67.043 -175.999996 120.022 -128.043 -175.999996 120.022 -128.043 -175.460209 128.608568 -67.043 -175.999996 120.022 -128.043 -175.460209 128.608568 -67.043 -175.460209 128.608568 -127.99995 -193.75 -128 -127.99995 -178.25 -128 -67.08605 -178.25 -128 -127.99995 -193.75 -128 -67.08605 -178.25 -128 -67.08605 -193.75 -128 -127.99995 -193.75 120 -67.08605 -193.75 120 -67.08605 -178.25 120 -127.99995 -193.75 120 -67.08605 -178.25 120 -127.99995 -178.25 120 -127.99995 -193.75 -128 -67.08605 -193.75 -128 -67.08605 -193.75 120 -127.99995 -193.75 -128 -67.08605 -193.75 120 -127.99995 -193.75 120 -67.08605 -193.75 -128 -67.08605 -178.25 -128 -67.08605 -178.25 120 -67.08605 -193.75 -128 -67.08605 -178.25 120 -67.08605 -193.75 120 -67.08605 -178.25 -128 -127.99995 -178.25 -128 -127.99995 -178.25 120 -67.08605 -178.25 -128 -127.99995 -178.25 120 -67.08605 -178.25 120 -127.99995 -178.25 -128 -127.99995 -193.75 -128 -127.99995 -193.75 120 -127.99995 -178.25 -128 -127.99995 -193.75 120 -127.99995 -178.25 120 -127.99995 178.25 -128 -127.99995 193.75 -128 -67.08605 193.75 -128 -127.99995 178.25 -128 -67.08605 193.75 -128 -67.08605 178.25 -128 -127.99995 178.25 120 -67.08605 178.25 120 -67.08605 193.75 120 -127.99995 178.25 120 -67.08605 193.75 120 -127.99995 193.75 120 -127.99995 178.25 -128 -67.08605 178.25 -128 -67.08605 178.25 120 -127.99995 178.25 -128 -67.08605 178.25 120 -127.99995 178.25 120 -67.08605 178.25 -128 -67.08605 193.75 -128 -67.08605 193.75 120 -67.08605 178.25 -128 -67.08605 193.75 120 -67.08605 178.25 120 -67.08605 193.75 -128 -127.99995 193.75 -128 -127.99995 193.75 120 -67.08605 193.75 -128 -127.99995 193.75 120 -67.08605 193.75 120 -127.99995 193.75 -128 -127.99995 178.25 -128 -127.99995 178.25 120 -127.99995 193.75 -128 -127.99995 178.25 120 -127.99995 193.75 120</float_array><technique_common><accessor source="#rezero-plaster-p-array" count="1512" stride="3"><param name="X" type="float" /><param name="Y" type="float" /><param name="Z" type="float" /></accessor></technique_common></source><source id="rezero-plaster-n"><float_array id="rezero-plaster-n-array" count="4536">1 0 0 1 0 0 1 0 0 1 0 0 1 0 0 1 0 0 -1 -0 0 -1 -0 0 -1 -0 0 -1 0 0 -1 0 0 -1 0 0 -0 0.000135593221 -0.999999991 -0 0.000135593221 -0.999999991 -0 0.000135593221 -0.999999991 -0 0.000135593221 -0.999999991 -0 0.000135593221 -0.999999991 -0 0.000135593221 -0.999999991 0 0.99805996 0.0622600743 0 0.99805996 0.0622600743 0 0.99805996 0.0622600743 -0 0.99805996 0.0622600743 -0 0.99805996 0.0622600743 -0 0.99805996 0.0622600743 -0 -0.0531454461 0.998586782 -0 -0.0531454461 0.998586782 -0 -0.0531454461 0.998586782 -0 -0.0531454461 0.998586782 -0 -0.0531454461 0.998586782 -0 -0.0531454461 0.998586782 -0 -0.998029885 -0.0627403216 -0 -0.998029885 -0.0627403216 -0 -0.998029885 -0.0627403216 -0 -0.998029885 -0.0627403216 -0 -0.998029885 -0.0627403216 -0 -0.998029885 -0.0627403216 1 0 0 1 0 0 1 0 0 1 0 0 1 0 0 1 0 0 -1 -0 0 -1 -0 0 -1 -0 0 -1 0 0 -1 0 0 -1 0 0 -0 0.0534171511 -0.998572285 -0 0.0534171511 -0.998572285 -0 0.0534171511 -0.998572285 -0 0.0534171511 -0.998572285 -0 0.0534171511 -0.998572285 -0 0.0534171511 -0.998572285 0 0.982797828 0.184684676 0 0.982797828 0.184684676 0 0.982797828 0.184684676 -0 0.982797828 0.184684676 -0 0.982797828 0.184684676 -0 0.982797828 0.184684676 -0 -0.106628902 0.994298887 -0 -0.106628902 0.994298887 -0 -0.106628902 0.994298887 -0 -0.106628902 0.994298887 -0 -0.106628902 0.994298887 -0 -0.106628902 0.994298887 -0 -0.982537337 -0.186065532 -0 -0.982537337 -0.186065532 -0 -0.982537337 -0.186065532 -0 -0.982537337 -0.186065532 -0 -0.982537337 -0.186065532 -0 -0.982537337 -0.186065532 1 0 0 1 0 0 1 0 0 1 0 0 1 0 0 1 0 0 -1 -0 0 -1 -0 0 -1 -0 0 -1 0 0 -1 0 0 -1 0 0 -0 0.106902152 -0.994269546 -0 0.106902152 -0.994269546 -0 0.106902152 -0.994269546 -0 0.106902152 -0.994269546 -0 0.106902152 -0.994269546 -0 0.106902152 -0.994269546 0 0.95357591 0.30115276 0 0.95357591 0.30115276 0 0.95357591 0.30115276 -0 0.95357591 0.30115276 -0 0.95357591 0.30115276 -0 0.95357591 0.30115276 -0 -0.160513253 0.987033685 -0 -0.160513253 0.987033685 -0 -0.160513253 0.987033685 -0 -0.160513253 0.987033685 -0 -0.160513253 0.987033685 -0 -0.160513253 0.987033685 -0 -0.952904311 -0.303271124 -0 -0.952904311 -0.303271124 -0 -0.952904311 -0.303271124 -0 -0.952904311 -0.303271124 -0 -0.952904311 -0.303271124 -0 -0.952904311 -0.303271124 1 0 0 1 0 0 1 0 0 1 0 0 1 0 0 1 0 0 -1 -0 0 -1 -0 0 -1 -0 0 -1 0 0 -1 0 0 -1 0 0 -0 0.160789038 -0.986988797 -0 0.160789038 -0.986988797 -0 0.160789038 -0.986988797 -0 0.160789038 -0.986988797 -0 0.160789038 -0.986988797 -0 0.160789038 -0.986988797 0 0.912678481 0.408678346 0 0.912678481 0.408678346 0 0.912678481 0.408678346 -0 0.912678481 0.408678346 -0 0.912678481 0.408678346 -0 0.912678481 0.408678346 -0 -0.214987203 0.976616866 -0 -0.214987203 0.976616866 -0 -0.214987203 0.976616866 -0 -0.214987203 0.976616866 -0 -0.214987203 0.976616866 -0 -0.214987203 0.976616866 -0 -0.911495776 -0.411309433 -0 -0.911495776 -0.411309433 -0 -0.911495776 -0.411309433 -0 -0.911495776 -0.411309433 -0 -0.911495776 -0.411309433 -0 -0.911495776 -0.411309433 1 0 0 1 0 0 1 0 0 1 0 0 1 0 0 1 0 0 -1 -0 0 -1 -0 0 -1 -0 0 -1 0 0 -1 0 0 -1 0 0 -0 0.215266449 -0.976555352 -0 0.215266449 -0.976555352 -0 0.215266449 -0.976555352 -0 0.215266449 -0.976555352 -0 0.215266449 -0.976555352 -0 0.215266449 -0.976555352 0 0.862875465 0.505416592 0 0.862875465 0.505416592 0 0.862875465 0.505416592 -0 0.862875465 0.505416592 -0 0.862875465 0.505416592 -0 0.862875465 0.505416592 -0 -0.270222615 0.96279787 -0 -0.270222615 0.96279787 -0 -0.270222615 0.96279787 -0 -0.270222615 0.96279787 -0 -0.270222615 0.96279787 -0 -0.270222615 0.96279787 -0 -0.861167041 -0.508322071 -0 -0.861167041 -0.508322071 -0 -0.861167041 -0.508322071 -0 -0.861167041 -0.508322071 -0 -0.861167041 -0.508322071 -0 -0.861167041 -0.508322071 1 0 0 1 0 0 1 0 0 1 0 0 1 0 0 1 0 0 -1 -0 0 -1 -0 0 -1 -0 0 -1 0 0 -1 0 0 -1 0 0 -0 0.270506138 -0.96271825 -0 0.270506138 -0.96271825 -0 0.270506138 -0.96271825 -0 0.270506138 -0.96271825 -0 0.270506138 -0.96271825 -0 0.270506138 -0.96271825 0 0.806940071 0.590633323 0 0.806940071 0.590633323 0 0.806940071 0.590633323 -0 0.806940071 0.590633323 -0 0.806940071 0.590633323 -0 0.806940071 0.590633323 -0 -0.326364579 0.945243969 -0 -0.326364579 0.945243969 -0 -0.326364579 0.945243969 -0 -0.326364579 0.945243969 -0 -0.326364579 0.945243969 -0 -0.326364579 0.945243969 -0 -0.804760581 -0.593599535 -0 -0.804760581 -0.593599535 -0 -0.804760581 -0.593599535 -0 -0.804760581 -0.593599535 -0 -0.804760581 -0.593599535 -0 -0.804760581 -0.593599535 1 0 0 1 0 0 1 0 0 1 0 0 1 0 0 1 0 0 -1 -0 0 -1 -0 0 -1 -0 0 -1 0 0 -1 0 0 -1 0 0 -0 0.326653028 -0.945144327 -0 0.326653028 -0.945144327 -0 0.326653028 -0.945144327 -0 0.326653028 -0.945144327 -0 0.326653028 -0.945144327 -0 0.326653028 -0.945144327 0 0.747309643 0.664475957 0 0.747309643 0.664475957 0 0.747309643 0.664475957 -0 0.747309643 0.664475957 -0 0.747309643 0.664475957 -0 0.747309643 0.664475957 -0 -0.383517369 0.923533664 -0 -0.383517369 0.923533664 -0 -0.383517369 0.923533664 -0 -0.383517369 0.923533664 -0 -0.383517369 0.923533664 -0 -0.383517369 0.923533664 -0 -0.744757705 -0.667334969 -0 -0.744757705 -0.667334969 -0 -0.744757705 -0.667334969 -0 -0.744757705 -0.667334969 -0 -0.744757705 -0.667334969 -0 -0.744757705 -0.667334969 1 0 0 1 0 0 1 0 0 1 0 0 1 0 0 1 0 0 -1 -0 0 -1 -0 0 -1 -0 0 -1 0 0 -1 0 0 -1 0 0 -0 0.38381114 -0.923411614 -0 0.38381114 -0.923411614 -0 0.38381114 -0.923411614 -0 0.38381114 -0.923411614 -0 0.38381114 -0.923411614 -0 0.38381114 -0.923411614 0 0.685922324 0.727674766 0 0.685922324 0.727674766 0 0.685922324 0.727674766 -0 0.685922324 0.727674766 -0 0.685922324 0.727674766 -0 0.685922324 0.727674766 -0 -0.441724735 0.897150633 -0 -0.441724735 0.897150633 -0 -0.441724735 0.897150633 -0 -0.441724735 0.897150633 -0 -0.441724735 0.897150633 -0 -0.441724735 0.897150633 -0 -0.683116128 -0.730309767 -0 -0.683116128 -0.730309767 -0 -0.683116128 -0.730309767 -0 -0.683116128 -0.730309767 -0 -0.683116128 -0.730309767 -0 -0.683116128 -0.730309767 1 0 0 1 0 0 1 0 0 1 0 0 1 0 0 1 0 0 -1 0 0 -1 0 0 -1 0 0 -1 -0 0 -1 -0 0 -1 -0 0 -0 0.442023852 -0.897003296 -0 0.442023852 -0.897003296 -0 0.442023852 -0.897003296 -0 0.442023852 -0.897003296 -0 0.442023852 -0.897003296 -0 0.442023852 -0.897003296 0 0.624193848 0.781269505 0 0.624193848 0.781269505 0 0.624193848 0.781269505 -0 0.624193848 0.781269505 -0 0.624193848 0.781269505 -0 0.624193848 0.781269505 -0 -0.500942875 0.86548035 -0 -0.500942875 0.86548035 -0 -0.500942875 0.86548035 -0 -0.500942875 0.86548035 -0 -0.500942875 0.86548035 -0 -0.500942875 0.86548035 -0 -0.621252927 -0.783610108 -0 -0.621252927 -0.783610108 -0 -0.621252927 -0.783610108 -0 -0.621252927 -0.783610108 -0 -0.621252927 -0.783610108 -0 -0.621252927 -0.783610108 1 0 0 1 0 0 1 0 0 1 0 0 1 0 0 1 0 0 -1 0 0 -1 0 0 -1 0 0 -1 -0 0 -1 -0 0 -1 -0 0 -0 0.501246834 -0.865304346 -0 0.501246834 -0.865304346 -0 0.501246834 -0.865304346 -0 0.501246834 -0.865304346 -0 0.501246834 -0.865304346 -0 0.501246834 -0.865304346 0 0.563076639 0.826404682 0 0.563076639 0.826404682 0 0.563076639 0.826404682 -0 0.563076639 0.826404682 -0 0.563076639 0.826404682 -0 0.563076639 0.826404682 -0 -0.561004525 0.827812734 -0 -0.561004525 0.827812734 -0 -0.561004525 0.827812734 -0 -0.561004525 0.827812734 -0 -0.561004525 0.827812734 -0 -0.561004525 0.827812734 -0 -0.560110775 -0.82841772 -0 -0.560110775 -0.82841772 -0 -0.560110775 -0.82841772 -0 -0.560110775 -0.82841772 -0 -0.560110775 -0.82841772 -0 -0.560110775 -0.82841772 1 0 0 1 0 0 1 0 0 1 0 0 1 0 0 1 0 0 -1 0 0 -1 0 0 -1 0 0 -1 -0 0 -1 -0 0 -1 -0 0 -0 0.561312086 -0.827604218 -0 0.561312086 -0.827604218 -0 0.561312086 -0.827604218 -0 0.561312086 -0.827604218 -0 0.561312086 -0.827604218 -0 0.561312086 -0.827604218 0 0.503151739 0.864198083 0 0.503151739 0.864198083 0 0.503151739 0.864198083 -0 0.503151739 0.864198083 -0 0.503151739 0.864198083 -0 0.503151739 0.864198083 -0 -0.621573325 0.783355987 -0 -0.621573325 0.783355987 -0 -0.621573325 0.783355987 -0 -0.621573325 0.783355987 -0 -0.621573325 0.783355987 -0 -0.621573325 0.783355987 -0 -0.500255707 -0.865877721 -0 -0.500255707 -0.865877721 -0 -0.500255707 -0.865877721 -0 -0.500255707 -0.865877721 -0 -0.500255707 -0.865877721 -0 -0.500255707 -0.865877721 1 0 0 1 0 0 1 0 0 1 0 0 1 0 0 1 0 0 -1 0 0 -1 0 0 -1 0 0 -1 -0 0 -1 -0 0 -1 -0 0 -0 0.62188225 -0.783110763 -0 0.62188225 -0.783110763 -0 0.62188225 -0.783110763 -0 0.62188225 -0.783110763 -0 0.62188225 -0.783110763 -0 0.62188225 -0.783110763 0 0.444722469 0.895668424 0 0.444722469 0.895668424 0 0.444722469 0.895668424 -0 0.444722469 0.895668424 -0 0.444722469 0.895668424 -0 0.444722469 0.895668424 -0 -0.682089429 0.731268768 -0 -0.682089429 0.731268768 -0 -0.682089429 0.731268768 -0 -0.682089429 0.731268768 -0 -0.682089429 0.731268768 -0 -0.682089429 0.731268768 -0 -0.441974677 -0.897027528 -0 -0.441974677 -0.897027528 -0 -0.441974677 -0.897027528 -0 -0.441974677 -0.897027528 -0 -0.441974677 -0.897027528 -0 -0.441974677 -0.897027528 1 0 0 1 0 0 1 0 0 1 0 0 1 0 0 1 0 0 -1 0 0 -1 0 0 -1 0 0 -1 -0 0 -1 -0 0 -1 -0 0 -0 0.682396194 -0.730982513 -0 0.682396194 -0.730982513 -0 0.682396194 -0.730982513 -0 0.682396194 -0.730982513 -0 0.682396194 -0.730982513 -0 0.682396194 -0.730982513 0 0.387894912 0.921703606 0 0.387894912 0.921703606 0 0.387894912 0.921703606 -0 0.387894912 0.921703606 -0 0.387894912 0.921703606 -0 0.387894912 0.921703606 -0 -0.741710999 0.670719609 -0 -0.741710999 0.670719609 -0 -0.741710999 0.670719609 -0 -0.741710999 0.670719609 -0 -0.741710999 0.670719609 -0 -0.741710999 0.670719609 -0 -0.385358264 -0.922767039 -0 -0.385358264 -0.922767039 -0 -0.385358264 -0.922767039 -0 -0.385358264 -0.922767039 -0 -0.385358264 -0.922767039 -0 -0.385358264 -0.922767039 1 0 0 1 0 0 1 0 0 1 0 0 1 0 0 1 0 0 -1 0 0 -1 0 0 -1 0 0 -1 -0 0 -1 -0 0 -1 -0 0 -0 0.742010501 -0.670388258 -0 0.742010501 -0.670388258 -0 0.742010501 -0.670388258 -0 0.742010501 -0.670388258 -0 0.742010501 -0.670388258 -0 0.742010501 -0.670388258 0 0.332640777 0.943053611 0 0.332640777 0.943053611 0 0.332640777 0.943053611 -0 0.332640777 0.943053611 -0 0.332640777 0.943053611 -0 0.332640777 0.943053611 -0 -0.799262158 0.600982531 -0 -0.799262158 0.600982531 -0 -0.799262158 0.600982531 -0 -0.799262158 0.600982531 -0 -0.799262158 0.600982531 -0 -0.799262158 0.600982531 -0 -0.330364566 -0.943853407 -0 -0.330364566 -0.943853407 -0 -0.330364566 -0.943853407 -0 -0.330364566 -0.943853407 -0 -0.330364566 -0.943853407 -0 -0.330364566 -0.943853407 1 0 0 1 0 0 1 0 0 1 0 0 1 0 0 1 0 0 -1 0 0 -1 0 0 -1 0 0 -1 -0 0 -1 -0 0 -1 -0 0 -0 0.799547489 -0.600602875 -0 0.799547489 -0.600602875 -0 0.799547489 -0.600602875 -0 0.799547489 -0.600602875 -0 0.799547489 -0.600602875 -0 0.799547489 -0.600602875 0 0.278843512 0.960336553 0 0.278843512 0.960336553 0 0.278843512 0.960336553 -0 0.278843512 0.960336553 -0 0.278843512 0.960336553 -0 0.278843512 0.960336553 -0 -0.853206075 0.521573958 -0 -0.853206075 0.521573958 -0 -0.853206075 0.521573958 -0 -0.853206075 0.521573958 -0 -0.853206075 0.521573958 -0 -0.853206075 0.521573958 -0 -0.276865598 -0.960908654 -0 -0.276865598 -0.960908654 -0 -0.276865598 -0.960908654 -0 -0.276865598 -0.960908654 -0 -0.276865598 -0.960908654 -0 -0.276865598 -0.960908654 1 0 0 1 0 0 1 0 0 1 0 0 1 0 0 1 0 0 -1 0 0 -1 0 0 -1 0 0 -1 -0 0 -1 -0 0 -1 -0 0 -0 0.853468497 -0.521144438 -0 0.853468497 -0.521144438 -0 0.853468497 -0.521144438 -0 0.853468497 -0.521144438 -0 0.853468497 -0.521144438 -0 0.853468497 -0.521144438 0 0.226330606 0.974050541 0 0.226330606 0.974050541 0 0.226330606 0.974050541 -0 0.226330606 0.974050541 -0 0.226330606 0.974050541 -0 0.226330606 0.974050541 -0 -0.901669788 0.432425247 -0 -0.901669788 0.432425247 -0 -0.901669788 0.432425247 -0 -0.901669788 0.432425247 -0 -0.901669788 0.432425247 -0 -0.901669788 0.432425247 -0 -0.224679505 -0.974432717 -0 -0.224679505 -0.974432717 -0 -0.224679505 -0.974432717 -0 -0.224679505 -0.974432717 -0 -0.224679505 -0.974432717 -0 -0.224679505 -0.974432717 1 0 0 1 0 0 1 0 0 1 0 0 1 0 0 1 0 0 -1 0 0 -1 0 0 -1 0 0 -1 -0 0 -1 -0 0 -1 -0 0 -0 0.901899041 -0.431946895 -0 0.901899041 -0.431946895 -0 0.901899041 -0.431946895 -0 0.901899041 -0.431946895 -0 0.901899041 -0.431946895 -0 0.901899041 -0.431946895 0 0.174895383 0.984587023 0 0.174895383 0.984587023 0 0.174895383 0.984587023 -0 0.174895383 0.984587023 -0 0.174895383 0.984587023 -0 0.174895383 0.984587023 -0 -0.942549629 0.334066157 -0 -0.942549629 0.334066157 -0 -0.942549629 0.334066157 -0 -0.942549629 0.334066157 -0 -0.942549629 0.334066157 -0 -0.942549629 0.334066157 -0 -0.173592063 -0.984817646 -0 -0.173592063 -0.984817646 -0 -0.173592063 -0.984817646 -0 -0.173592063 -0.984817646 -0 -0.173592063 -0.984817646 -0 -0.173592063 -0.984817646 1 0 0 1 0 0 1 0 0 1 0 0 1 0 0 1 0 0 -1 0 0 -1 0 0 -1 0 0 -1 -0 0 -1 -0 0 -1 -0 0 -0 0.942734716 -0.333543484 -0 0.942734716 -0.333543484 -0 0.942734716 -0.333543484 -0 0.942734716 -0.333543484 -0 0.942734716 -0.333543484 -0 0.942734716 -0.333543484 0 0.124311173 0.992243283 0 0.124311173 0.992243283 0 0.124311173 0.992243283 -0 0.124311173 0.992243283 -0 0.124311173 0.992243283 -0 0.124311173 0.992243283 -0 -0.973714767 0.227770832 -0 -0.973714767 0.227770832 -0 -0.973714767 0.227770832 -0 -0.973714767 0.227770832 -0 -0.973714767 0.227770832 -0 -0.973714767 0.227770832 -0 -0.123370508 -0.992360679 -0 -0.123370508 -0.992360679 -0 -0.123370508 -0.992360679 -0 -0.123370508 -0.992360679 -0 -0.123370508 -0.992360679 -0 -0.123370508 -0.992360679 1 0 0 1 0 0 1 0 0 1 0 0 1 0 0 1 0 0 -1 0 0 -1 0 0 -1 0 0 -1 -0 0 -1 -0 0 -1 -0 0 -0 0.973845234 -0.227212368 -0 0.973845234 -0.227212368 -0 0.973845234 -0.227212368 -0 0.973845234 -0.227212368 -0 0.973845234 -0.227212368 -0 0.973845234 -0.227212368 0 0.074340197 0.997232939 0 0.074340197 0.997232939 0 0.074340197 0.997232939 -0 0.074340197 0.997232939 -0 0.074340197 0.997232939 -0 0.074340197 0.997232939 -0 -0.993295663 0.115601586 -0 -0.993295663 0.115601586 -0 -0.993295663 0.115601586 -0 -0.993295663 0.115601586 -0 -0.993295663 0.115601586 -0 -0.993295663 0.115601586 -0 -0.0737720562 -0.997275129 -0 -0.0737720562 -0.997275129 -0 -0.0737720562 -0.997275129 -0 -0.0737720562 -0.997275129 -0 -0.0737720562 -0.997275129 -0 -0.0737720562 -0.997275129 1 0 0 1 0 0 1 0 0 1 0 0 1 0 0 1 0 0 -1 0 0 -1 0 0 -1 0 0 -1 -0 0 -1 -0 0 -1 -0 0 -0 0.993363207 -0.115019733 -0 0.993363207 -0.115019733 -0 0.993363207 -0.115019733 -0 0.993363207 -0.115019733 -0 0.993363207 -0.115019733 -0 0.993363207 -0.115019733 0 0.0247389056 0.999693946 0 0.0247389056 0.999693946 0 0.0247389056 0.999693946 -0 0.0247389056 0.999693946 -0 0.0247389056 0.999693946 -0 0.0247389056 0.999693946 -0 -0.999999956 0.000294999991 -0 -0.999999956 0.000294999991 -0 -0.999999956 0.000294999991 -0 -0.999999956 0.000294999991 -0 -0.999999956 0.000294999991 -0 -0.999999956 0.000294999991 -0 -0.0245489163 -0.99969863 -0 -0.0245489163 -0.99969863 -0 -0.0245489163 -0.99969863 -0 -0.0245489163 -0.99969863 -0 -0.0245489163 -0.99969863 -0 -0.0245489163 -0.99969863 1 0 0 1 0 0 1 0 0 1 -0 0 1 -0 0 1 -0 0 -1 0 -0 -1 0 -0 -1 0 -0 -1 0 0 -1 0 0 -1 0 0 0 0.999999956 0.000294999991 0 0.999999956 0.000294999991 0 0.999999956 0.000294999991 -0 0.999999956 0.000294999991 -0 0.999999956 0.000294999991 -0 0.999999956 0.000294999991 -0 -0.0247389056 0.999693946 -0 -0.0247389056 0.999693946 -0 -0.0247389056 0.999693946 -0 -0.0247389056 0.999693946 -0 -0.0247389056 0.999693946 -0 -0.0247389056 0.999693946 -0 -0.993363207 -0.115019733 -0 -0.993363207 -0.115019733 -0 -0.993363207 -0.115019733 -0 -0.993363207 -0.115019733 -0 -0.993363207 -0.115019733 -0 -0.993363207 -0.115019733 -0 0.0245489163 -0.99969863 -0 0.0245489163 -0.99969863 -0 0.0245489163 -0.99969863 -0 0.0245489163 -0.99969863 -0 0.0245489163 -0.99969863 -0 0.0245489163 -0.99969863 1 0 0 1 0 0 1 0 0 1 -0 0 1 -0 0 1 -0 0 -1 0 -0 -1 0 -0 -1 0 -0 -1 0 0 -1 0 0 -1 0 0 0 0.993295663 0.115601586 0 0.993295663 0.115601586 0 0.993295663 0.115601586 -0 0.993295663 0.115601586 -0 0.993295663 0.115601586 -0 0.993295663 0.115601586 -0 -0.074340197 0.997232939 -0 -0.074340197 0.997232939 -0 -0.074340197 0.997232939 -0 -0.074340197 0.997232939 -0 -0.074340197 0.997232939 -0 -0.074340197 0.997232939 -0 -0.973845234 -0.227212368 -0 -0.973845234 -0.227212368 -0 -0.973845234 -0.227212368 -0 -0.973845234 -0.227212368 -0 -0.973845234 -0.227212368 -0 -0.973845234 -0.227212368 -0 0.0737720562 -0.997275129 -0 0.0737720562 -0.997275129 -0 0.0737720562 -0.997275129 -0 0.0737720562 -0.997275129 -0 0.0737720562 -0.997275129 -0 0.0737720562 -0.997275129 1 0 0 1 0 0 1 0 0 1 -0 0 1 -0 0 1 -0 0 -1 0 -0 -1 0 -0 -1 0 -0 -1 0 0 -1 0 0 -1 0 0 0 0.973714767 0.227770832 0 0.973714767 0.227770832 0 0.973714767 0.227770832 -0 0.973714767 0.227770832 -0 0.973714767 0.227770832 -0 0.973714767 0.227770832 -0 -0.124311173 0.992243283 -0 -0.124311173 0.992243283 -0 -0.124311173 0.992243283 -0 -0.124311173 0.992243283 -0 -0.124311173 0.992243283 -0 -0.124311173 0.992243283 -0 -0.942734716 -0.333543484 -0 -0.942734716 -0.333543484 -0 -0.942734716 -0.333543484 -0 -0.942734716 -0.333543484 -0 -0.942734716 -0.333543484 -0 -0.942734716 -0.333543484 -0 0.123370508 -0.992360679 -0 0.123370508 -0.992360679 -0 0.123370508 -0.992360679 -0 0.123370508 -0.992360679 -0 0.123370508 -0.992360679 -0 0.123370508 -0.992360679 1 0 0 1 0 0 1 0 0 1 -0 0 1 -0 0 1 -0 0 -1 0 -0 -1 0 -0 -1 0 -0 -1 0 0 -1 0 0 -1 0 0 0 0.942549629 0.334066157 0 0.942549629 0.334066157 0 0.942549629 0.334066157 -0 0.942549629 0.334066157 -0 0.942549629 0.334066157 -0 0.942549629 0.334066157 -0 -0.174895383 0.984587023 -0 -0.174895383 0.984587023 -0 -0.174895383 0.984587023 -0 -0.174895383 0.984587023 -0 -0.174895383 0.984587023 -0 -0.174895383 0.984587023 -0 -0.901899041 -0.431946895 -0 -0.901899041 -0.431946895 -0 -0.901899041 -0.431946895 -0 -0.901899041 -0.431946895 -0 -0.901899041 -0.431946895 -0 -0.901899041 -0.431946895 -0 0.173592063 -0.984817646 -0 0.173592063 -0.984817646 -0 0.173592063 -0.984817646 -0 0.173592063 -0.984817646 -0 0.173592063 -0.984817646 -0 0.173592063 -0.984817646 1 0 0 1 0 0 1 0 0 1 -0 0 1 -0 0 1 -0 0 -1 0 -0 -1 0 -0 -1 0 -0 -1 0 0 -1 0 0 -1 0 0 0 0.901669788 0.432425247 0 0.901669788 0.432425247 0 0.901669788 0.432425247 -0 0.901669788 0.432425247 -0 0.901669788 0.432425247 -0 0.901669788 0.432425247 -0 -0.226330606 0.974050541 -0 -0.226330606 0.974050541 -0 -0.226330606 0.974050541 -0 -0.226330606 0.974050541 -0 -0.226330606 0.974050541 -0 -0.226330606 0.974050541 -0 -0.853468497 -0.521144438 -0 -0.853468497 -0.521144438 -0 -0.853468497 -0.521144438 -0 -0.853468497 -0.521144438 -0 -0.853468497 -0.521144438 -0 -0.853468497 -0.521144438 -0 0.224679505 -0.974432717 -0 0.224679505 -0.974432717 -0 0.224679505 -0.974432717 -0 0.224679505 -0.974432717 -0 0.224679505 -0.974432717 -0 0.224679505 -0.974432717 1 0 0 1 0 0 1 0 0 1 -0 0 1 -0 0 1 -0 0 -1 0 -0 -1 0 -0 -1 0 -0 -1 0 0 -1 0 0 -1 0 0 0 0.853206075 0.521573958 0 0.853206075 0.521573958 0 0.853206075 0.521573958 -0 0.853206075 0.521573958 -0 0.853206075 0.521573958 -0 0.853206075 0.521573958 -0 -0.278843512 0.960336553 -0 -0.278843512 0.960336553 -0 -0.278843512 0.960336553 -0 -0.278843512 0.960336553 -0 -0.278843512 0.960336553 -0 -0.278843512 0.960336553 -0 -0.799547489 -0.600602875 -0 -0.799547489 -0.600602875 -0 -0.799547489 -0.600602875 -0 -0.799547489 -0.600602875 -0 -0.799547489 -0.600602875 -0 -0.799547489 -0.600602875 -0 0.276865598 -0.960908654 -0 0.276865598 -0.960908654 -0 0.276865598 -0.960908654 -0 0.276865598 -0.960908654 -0 0.276865598 -0.960908654 -0 0.276865598 -0.960908654 1 0 0 1 0 0 1 0 0 1 -0 0 1 -0 0 1 -0 0 -1 0 -0 -1 0 -0 -1 0 -0 -1 0 0 -1 0 0 -1 0 0 0 0.799262158 0.600982531 0 0.799262158 0.600982531 0 0.799262158 0.600982531 -0 0.799262158 0.600982531 -0 0.799262158 0.600982531 -0 0.799262158 0.600982531 -0 -0.332640777 0.943053611 -0 -0.332640777 0.943053611 -0 -0.332640777 0.943053611 -0 -0.332640777 0.943053611 -0 -0.332640777 0.943053611 -0 -0.332640777 0.943053611 -0 -0.742010501 -0.670388258 -0 -0.742010501 -0.670388258 -0 -0.742010501 -0.670388258 -0 -0.742010501 -0.670388258 -0 -0.742010501 -0.670388258 -0 -0.742010501 -0.670388258 -0 0.330364566 -0.943853407 -0 0.330364566 -0.943853407 -0 0.330364566 -0.943853407 -0 0.330364566 -0.943853407 -0 0.330364566 -0.943853407 -0 0.330364566 -0.943853407 1 0 0 1 0 0 1 0 0 1 -0 0 1 -0 0 1 -0 0 -1 0 -0 -1 0 -0 -1 0 -0 -1 0 0 -1 0 0 -1 0 0 0 0.741710999 0.670719609 0 0.741710999 0.670719609 0 0.741710999 0.670719609 -0 0.741710999 0.670719609 -0 0.741710999 0.670719609 -0 0.741710999 0.670719609 -0 -0.387894912 0.921703606 -0 -0.387894912 0.921703606 -0 -0.387894912 0.921703606 -0 -0.387894912 0.921703606 -0 -0.387894912 0.921703606 -0 -0.387894912 0.921703606 -0 -0.682396194 -0.730982513 -0 -0.682396194 -0.730982513 -0 -0.682396194 -0.730982513 -0 -0.682396194 -0.730982513 -0 -0.682396194 -0.730982513 -0 -0.682396194 -0.730982513 -0 0.385358264 -0.922767039 -0 0.385358264 -0.922767039 -0 0.385358264 -0.922767039 -0 0.385358264 -0.922767039 -0 0.385358264 -0.922767039 -0 0.385358264 -0.922767039 1 0 0 1 0 0 1 0 0 1 -0 0 1 -0 0 1 -0 0 -1 0 -0 -1 0 -0 -1 0 -0 -1 0 0 -1 0 0 -1 0 0 0 0.682089429 0.731268768 0 0.682089429 0.731268768 0 0.682089429 0.731268768 -0 0.682089429 0.731268768 -0 0.682089429 0.731268768 -0 0.682089429 0.731268768 -0 -0.444722469 0.895668424 -0 -0.444722469 0.895668424 -0 -0.444722469 0.895668424 -0 -0.444722469 0.895668424 -0 -0.444722469 0.895668424 -0 -0.444722469 0.895668424 -0 -0.62188225 -0.783110763 -0 -0.62188225 -0.783110763 -0 -0.62188225 -0.783110763 -0 -0.62188225 -0.783110763 -0 -0.62188225 -0.783110763 -0 -0.62188225 -0.783110763 -0 0.441974677 -0.897027528 -0 0.441974677 -0.897027528 -0 0.441974677 -0.897027528 -0 0.441974677 -0.897027528 -0 0.441974677 -0.897027528 -0 0.441974677 -0.897027528 1 0 0 1 0 0 1 0 0 1 -0 0 1 -0 0 1 -0 0 -1 0 0 -1 0 0 -1 0 0 -1 0 -0 -1 0 -0 -1 0 -0 0 0.621573325 0.783355987 0 0.621573325 0.783355987 0 0.621573325 0.783355987 -0 0.621573325 0.783355987 -0 0.621573325 0.783355987 -0 0.621573325 0.783355987 -0 -0.503151739 0.864198083 -0 -0.503151739 0.864198083 -0 -0.503151739 0.864198083 -0 -0.503151739 0.864198083 -0 -0.503151739 0.864198083 -0 -0.503151739 0.864198083 -0 -0.561312086 -0.827604218 -0 -0.561312086 -0.827604218 -0 -0.561312086 -0.827604218 -0 -0.561312086 -0.827604218 -0 -0.561312086 -0.827604218 -0 -0.561312086 -0.827604218 -0 0.500255707 -0.865877721 -0 0.500255707 -0.865877721 -0 0.500255707 -0.865877721 -0 0.500255707 -0.865877721 -0 0.500255707 -0.865877721 -0 0.500255707 -0.865877721 1 0 0 1 0 0 1 0 0 1 -0 0 1 -0 0 1 -0 0 -1 0 0 -1 0 0 -1 0 0 -1 0 -0 -1 0 -0 -1 0 -0 0 0.561004525 0.827812734 0 0.561004525 0.827812734 0 0.561004525 0.827812734 -0 0.561004525 0.827812734 -0 0.561004525 0.827812734 -0 0.561004525 0.827812734 -0 -0.563076639 0.826404682 -0 -0.563076639 0.826404682 -0 -0.563076639 0.826404682 -0 -0.563076639 0.826404682 -0 -0.563076639 0.826404682 -0 -0.563076639 0.826404682 -0 -0.501246834 -0.865304346 -0 -0.501246834 -0.865304346 -0 -0.501246834 -0.865304346 -0 -0.501246834 -0.865304346 -0 -0.501246834 -0.865304346 -0 -0.501246834 -0.865304346 -0 0.560110775 -0.82841772 -0 0.560110775 -0.82841772 -0 0.560110775 -0.82841772 -0 0.560110775 -0.82841772 -0 0.560110775 -0.82841772 -0 0.560110775 -0.82841772 1 0 0 1 0 0 1 0 0 1 -0 0 1 -0 0 1 -0 0 -1 0 0 -1 0 0 -1 0 0 -1 0 -0 -1 0 -0 -1 0 -0 0 0.500942875 0.86548035 0 0.500942875 0.86548035 0 0.500942875 0.86548035 -0 0.500942875 0.86548035 -0 0.500942875 0.86548035 -0 0.500942875 0.86548035 -0 -0.624193848 0.781269505 -0 -0.624193848 0.781269505 -0 -0.624193848 0.781269505 -0 -0.624193848 0.781269505 -0 -0.624193848 0.781269505 -0 -0.624193848 0.781269505 -0 -0.442023852 -0.897003296 -0 -0.442023852 -0.897003296 -0 -0.442023852 -0.897003296 -0 -0.442023852 -0.897003296 -0 -0.442023852 -0.897003296 -0 -0.442023852 -0.897003296 -0 0.621252927 -0.783610108 -0 0.621252927 -0.783610108 -0 0.621252927 -0.783610108 -0 0.621252927 -0.783610108 -0 0.621252927 -0.783610108 -0 0.621252927 -0.783610108 1 -0 0 1 -0 0 1 -0 0 1 0 0 1 0 0 1 0 0 -1 0 0 -1 0 0 -1 0 0 -1 0 -0 -1 0 -0 -1 0 -0 0 0.441724735 0.897150633 0 0.441724735 0.897150633 0 0.441724735 0.897150633 -0 0.441724735 0.897150633 -0 0.441724735 0.897150633 -0 0.441724735 0.897150633 -0 -0.685922324 0.727674766 -0 -0.685922324 0.727674766 -0 -0.685922324 0.727674766 -0 -0.685922324 0.727674766 -0 -0.685922324 0.727674766 -0 -0.685922324 0.727674766 -0 -0.38381114 -0.923411614 -0 -0.38381114 -0.923411614 -0 -0.38381114 -0.923411614 -0 -0.38381114 -0.923411614 -0 -0.38381114 -0.923411614 -0 -0.38381114 -0.923411614 -0 0.683116128 -0.730309767 -0 0.683116128 -0.730309767 -0 0.683116128 -0.730309767 -0 0.683116128 -0.730309767 -0 0.683116128 -0.730309767 -0 0.683116128 -0.730309767 1 -0 0 1 -0 0 1 -0 0 1 0 0 1 0 0 1 0 0 -1 0 0 -1 0 0 -1 0 0 -1 0 -0 -1 0 -0 -1 0 -0 0 0.383517369 0.923533664 0 0.383517369 0.923533664 0 0.383517369 0.923533664 -0 0.383517369 0.923533664 -0 0.383517369 0.923533664 -0 0.383517369 0.923533664 -0 -0.747309643 0.664475957 -0 -0.747309643 0.664475957 -0 -0.747309643 0.664475957 -0 -0.747309643 0.664475957 -0 -0.747309643 0.664475957 -0 -0.747309643 0.664475957 -0 -0.326653028 -0.945144327 -0 -0.326653028 -0.945144327 -0 -0.326653028 -0.945144327 -0 -0.326653028 -0.945144327 -0 -0.326653028 -0.945144327 -0 -0.326653028 -0.945144327 -0 0.744757705 -0.667334969 -0 0.744757705 -0.667334969 -0 0.744757705 -0.667334969 -0 0.744757705 -0.667334969 -0 0.744757705 -0.667334969 -0 0.744757705 -0.667334969 1 -0 0 1 -0 0 1 -0 0 1 0 0 1 0 0 1 0 0 -1 0 0 -1 0 0 -1 0 0 -1 0 -0 -1 0 -0 -1 0 -0 0 0.326364579 0.945243969 0 0.326364579 0.945243969 0 0.326364579 0.945243969 -0 0.326364579 0.945243969 -0 0.326364579 0.945243969 -0 0.326364579 0.945243969 -0 -0.806940071 0.590633323 -0 -0.806940071 0.590633323 -0 -0.806940071 0.590633323 -0 -0.806940071 0.590633323 -0 -0.806940071 0.590633323 -0 -0.806940071 0.590633323 -0 -0.270506138 -0.96271825 -0 -0.270506138 -0.96271825 -0 -0.270506138 -0.96271825 -0 -0.270506138 -0.96271825 -0 -0.270506138 -0.96271825 -0 -0.270506138 -0.96271825 -0 0.804760581 -0.593599535 -0 0.804760581 -0.593599535 -0 0.804760581 -0.593599535 -0 0.804760581 -0.593599535 -0 0.804760581 -0.593599535 -0 0.804760581 -0.593599535 1 -0 0 1 -0 0 1 -0 0 1 0 0 1 0 0 1 0 0 -1 0 0 -1 0 0 -1 0 0 -1 0 -0 -1 0 -0 -1 0 -0 0 0.270222615 0.96279787 0 0.270222615 0.96279787 0 0.270222615 0.96279787 -0 0.270222615 0.96279787 -0 0.270222615 0.96279787 -0 0.270222615 0.96279787 -0 -0.862875465 0.505416592 -0 -0.862875465 0.505416592 -0 -0.862875465 0.505416592 -0 -0.862875465 0.505416592 -0 -0.862875465 0.505416592 -0 -0.862875465 0.505416592 -0 -0.215266449 -0.976555352 -0 -0.215266449 -0.976555352 -0 -0.215266449 -0.976555352 -0 -0.215266449 -0.976555352 -0 -0.215266449 -0.976555352 -0 -0.215266449 -0.976555352 -0 0.861167041 -0.508322071 -0 0.861167041 -0.508322071 -0 0.861167041 -0.508322071 -0 0.861167041 -0.508322071 -0 0.861167041 -0.508322071 -0 0.861167041 -0.508322071 1 -0 0 1 -0 0 1 -0 0 1 0 0 1 0 0 1 0 0 -1 0 0 -1 0 0 -1 0 0 -1 0 -0 -1 0 -0 -1 0 -0 0 0.214987203 0.976616866 0 0.214987203 0.976616866 0 0.214987203 0.976616866 -0 0.214987203 0.976616866 -0 0.214987203 0.976616866 -0 0.214987203 0.976616866 -0 -0.912678481 0.408678346 -0 -0.912678481 0.408678346 -0 -0.912678481 0.408678346 -0 -0.912678481 0.408678346 -0 -0.912678481 0.408678346 -0 -0.912678481 0.408678346 -0 -0.160789038 -0.986988797 -0 -0.160789038 -0.986988797 -0 -0.160789038 -0.986988797 -0 -0.160789038 -0.986988797 -0 -0.160789038 -0.986988797 -0 -0.160789038 -0.986988797 -0 0.911495776 -0.411309433 -0 0.911495776 -0.411309433 -0 0.911495776 -0.411309433 -0 0.911495776 -0.411309433 -0 0.911495776 -0.411309433 -0 0.911495776 -0.411309433 1 -0 0 1 -0 0 1 -0 0 1 0 0 1 0 0 1 0 0 -1 0 0 -1 0 0 -1 0 0 -1 0 -0 -1 0 -0 -1 0 -0 0 0.160513253 0.987033685 0 0.160513253 0.987033685 0 0.160513253 0.987033685 -0 0.160513253 0.987033685 -0 0.160513253 0.987033685 -0 0.160513253 0.987033685 -0 -0.95357591 0.30115276 -0 -0.95357591 0.30115276 -0 -0.95357591 0.30115276 -0 -0.95357591 0.30115276 -0 -0.95357591 0.30115276 -0 -0.95357591 0.30115276 -0 -0.106902152 -0.994269546 -0 -0.106902152 -0.994269546 -0 -0.106902152 -0.994269546 -0 -0.106902152 -0.994269546 -0 -0.106902152 -0.994269546 -0 -0.106902152 -0.994269546 -0 0.952904311 -0.303271124 -0 0.952904311 -0.303271124 -0 0.952904311 -0.303271124 -0 0.952904311 -0.303271124 -0 0.952904311 -0.303271124 -0 0.952904311 -0.303271124 1 -0 0 1 -0 0 1 -0 0 1 0 0 1 0 0 1 0 0 -1 0 0 -1 0 0 -1 0 0 -1 0 -0 -1 0 -0 -1 0 -0 0 0.106628902 0.994298887 0 0.106628902 0.994298887 0 0.106628902 0.994298887 -0 0.106628902 0.994298887 -0 0.106628902 0.994298887 -0 0.106628902 0.994298887 -0 -0.982797828 0.184684676 -0 -0.982797828 0.184684676 -0 -0.982797828 0.184684676 -0 -0.982797828 0.184684676 -0 -0.982797828 0.184684676 -0 -0.982797828 0.184684676 -0 -0.0534171511 -0.998572285 -0 -0.0534171511 -0.998572285 -0 -0.0534171511 -0.998572285 -0 -0.0534171511 -0.998572285 -0 -0.0534171511 -0.998572285 -0 -0.0534171511 -0.998572285 -0 0.982537337 -0.186065532 -0 0.982537337 -0.186065532 -0 0.982537337 -0.186065532 -0 0.982537337 -0.186065532 -0 0.982537337 -0.186065532 -0 0.982537337 -0.186065532 1 -0 0 1 -0 0 1 -0 0 1 0 0 1 0 0 1 0 0 -1 0 0 -1 0 0 -1 0 0 -1 0 -0 -1 0 -0 -1 0 -0 0 0.0531454461 0.998586782 0 0.0531454461 0.998586782 0 0.0531454461 0.998586782 -0 0.0531454461 0.998586782 -0 0.0531454461 0.998586782 -0 0.0531454461 0.998586782 -0 -0.99805996 0.0622600743 -0 -0.99805996 0.0622600743 -0 -0.99805996 0.0622600743 -0 -0.99805996 0.0622600743 -0 -0.99805996 0.0622600743 -0 -0.99805996 0.0622600743 -0 -0.000135593221 -0.999999991 -0 -0.000135593221 -0.999999991 -0 -0.000135593221 -0.999999991 -0 -0.000135593221 -0.999999991 -0 -0.000135593221 -0.999999991 -0 -0.000135593221 -0.999999991 -0 0.998029885 -0.0627403216 -0 0.998029885 -0.0627403216 -0 0.998029885 -0.0627403216 -0 0.998029885 -0.0627403216 -0 0.998029885 -0.0627403216 -0 0.998029885 -0.0627403216 0 0 -1 0 0 -1 0 0 -1 0 0 -1 0 0 -1 0 0 -1 0 0 1 0 0 1 0 0 1 0 0 1 0 0 1 0 0 1 0 -1 0 0 -1 0 0 -1 0 0 -1 0 0 -1 0 0 -1 0 1 0 0 1 0 0 1 0 0 1 0 0 1 0 0 1 0 0 0 1 0 0 1 0 0 1 0 0 1 -0 0 1 -0 0 1 -0 -1 0 0 -1 0 0 -1 0 0 -1 0 0 -1 0 0 -1 0 0 0 0 -1 0 0 -1 0 0 -1 0 0 -1 0 0 -1 0 0 -1 0 0 1 0 0 1 0 0 1 0 0 1 0 0 1 0 0 1 0 -1 0 0 -1 0 0 -1 0 0 -1 0 0 -1 0 0 -1 0 1 0 0 1 0 0 1 0 0 1 0 0 1 0 0 1 0 0 0 1 0 0 1 0 0 1 0 0 1 -0 0 1 -0 0 1 -0 -1 0 0 -1 0 0 -1 0 0 -1 0 0 -1 0 0 -1 0 0</float_array><technique_common><accessor source="#rezero-plaster-n-array" count="1512" stride="3"><param name="X" type="float" /><param name="Y" type="float" /><param name="Z" type="float" /></accessor></technique_common></source><source id="rezero-plaster-uv"><float_array id="rezero-plaster-uv-array" count="3024">1.25714283 0.8573 1.3835714 0.857317143 1.37932802 0.925340605 1.25714283 0.8573 1.37932802 0.925340605 1.25328721 0.91863263 1.25328721 0.91863263 1.37932802 0.925340605 1.3835714 0.857317143 1.25328721 0.91863263 1.3835714 0.857317143 1.25714283 0.8573 1.25714283 -0.217857143 1.25714283 0.217857143 1.3835714 0.217857143 1.25714283 -0.217857143 1.3835714 0.217857143 1.3835714 -0.217857143 -0.217857143 0.857317143 0.217857143 0.857317143 0.217857143 0.925340605 -0.217857143 0.857317143 0.217857143 0.925340605 -0.217857143 0.925340605 1.37932802 -0.217857143 1.37932802 0.217857143 1.25328721 0.217857143 1.37932802 -0.217857143 1.25328721 0.217857143 1.25328721 -0.217857143 -0.217857143 0.91863263 0.217857143 0.91863263 0.217857143 0.8573 -0.217857143 0.91863263 0.217857143 0.8573 -0.217857143 0.8573 1.25324775 0.918945947 1.3792846 0.925688102 1.36658063 0.993292177 1.25324775 0.918945947 1.36658063 0.993292177 1.24170465 0.97990044 1.24170465 0.97990044 1.36658063 0.993292177 1.3792846 0.925688102 1.24170465 0.97990044 1.3792846 0.925688102 1.25324775 0.918945947 1.25324775 -0.217857143 1.25324775 0.217857143 1.3792846 0.217857143 1.25324775 -0.217857143 1.3792846 0.217857143 1.3792846 -0.217857143 -0.217857143 0.925688102 0.217857143 0.925688102 0.217857143 0.993292177 -0.217857143 0.925688102 0.217857143 0.993292177 -0.217857143 0.993292177 1.36658063 -0.217857143 1.36658063 0.217857143 1.24170465 0.217857143 1.36658063 -0.217857143 1.24170465 0.217857143 1.24170465 -0.217857143 -0.217857143 0.97990044 0.217857143 0.97990044 0.217857143 0.918945947 -0.217857143 0.97990044 0.217857143 0.918945947 -0.217857143 0.918945947 1.24162599 0.980210857 1.36649405 0.993636457 1.34540781 1.06040434 1.24162599 0.980210857 1.34540781 1.06040434 1.22246657 1.04041141 1.22246657 1.04041141 1.34540781 1.06040434 1.36649405 0.993636457 1.22246657 1.04041141 1.36649405 0.993636457 1.24162599 0.980210857 1.24162599 -0.217857143 1.24162599 0.217857143 1.36649405 0.217857143 1.24162599 -0.217857143 1.36649405 0.217857143 1.36649405 -0.217857143 -0.217857143 0.993636457 0.217857143 0.993636457 0.217857143 1.06040434 -0.217857143 0.993636457 0.217857143 1.06040434 -0.217857143 1.06040434 1.34540781 -0.217857143 1.34540781 0.217857143 1.22246657 0.217857143 1.34540781 -0.217857143 1.22246657 0.217857143 1.22246657 -0.217857143 -0.217857143 1.04041141 0.217857143 1.04041141 0.217857143 0.980210857 -0.217857143 1.04041141 0.217857143 0.980210857 -0.217857143 0.980210857 1.22234918 1.04071701 1.34527862 1.06074328 1.31594011 1.12626333 1.22234918 1.04071701 1.31594011 1.12626333 1.19569158 1.09979247 1.19569158 1.09979247 1.31594011 1.12626333 1.34527862 1.06074328 1.19569158 1.09979247 1.34527862 1.06074328 1.22234918 1.04071701 1.22234918 -0.217857143 1.22234918 0.217857143 1.34527862 0.217857143 1.22234918 -0.217857143 1.34527862 0.217857143 1.34527862 -0.217857143 -0.217857143 1.06074328 0.217857143 1.06074328 0.217857143 1.12626333 -0.217857143 1.06074328 0.217857143 1.12626333 -0.217857143 1.12626333 1.31594011 -0.217857143 1.31594011 0.217857143 1.19569158 0.217857143 1.31594011 -0.217857143 1.19569158 0.217857143 1.19569158 -0.217857143 -0.217857143 1.09979247 0.217857143 1.09979247 0.217857143 1.04071701 -0.217857143 1.09979247 0.217857143 1.04071701 -0.217857143 1.04071701 1.19553619 1.10009137 1.31576909 1.12659485 1.27835919 1.19046311 1.19553619 1.10009137 1.27835919 1.19046311 1.16154475 1.15767751 1.16154475 1.15767751 1.27835919 1.19046311 1.31576909 1.12659485 1.16154475 1.15767751 1.31576909 1.12659485 1.19553619 1.10009137 1.19553619 -0.217857143 1.19553619 0.217857143 1.31576909 0.217857143 1.19553619 -0.217857143 1.31576909 0.217857143 1.31576909 -0.217857143 -0.217857143 1.12659485 0.217857143 1.12659485 0.217857143 1.19046311 -0.217857143 1.12659485 0.217857143 1.19046311 -0.217857143 1.19046311 1.27835919 -0.217857143 1.27835919 0.217857143 1.16154475 0.217857143 1.27835919 -0.217857143 1.16154475 0.217857143 1.16154475 -0.217857143 -0.217857143 1.15767751 0.217857143 1.15767751 0.217857143 1.10009137 -0.217857143 1.15767751 0.217857143 1.10009137 -0.217857143 1.10009137 1.16135231 1.15796787 1.27814741 1.19078515 1.23289677 1.25260785 1.16135231 1.15796787 1.23289677 1.25260785 1.12023661 1.21370966 1.12023661 1.21370966 1.23289677 1.25260785 1.27814741 1.19078515 1.12023661 1.21370966 1.27814741 1.19078515 1.16135231 1.15796787 1.16135231 -0.217857143 1.16135231 0.217857143 1.27814741 0.217857143 1.16135231 -0.217857143 1.27814741 0.217857143 1.27814741 -0.217857143 -0.217857143 1.19078515 0.217857143 1.19078515 0.217857143 1.25260785 -0.217857143 1.19078515 0.217857143 1.25260785 -0.217857143 1.25260785 1.23289677 -0.217857143 1.23289677 0.217857143 1.12023661 0.217857143 1.23289677 -0.217857143 1.12023661 0.217857143 1.12023661 -0.217857143 -0.217857143 1.21370966 0.217857143 1.21370966 0.217857143 1.15796787 -0.217857143 1.21370966 0.217857143 1.15796787 -0.217857143 1.15796787 1.12000832 1.21398969 1.23264552 1.25291843 1.17983313 1.31231442 1.12000832 1.21398969 1.17983313 1.31231442 1.07202184 1.26754345 1.07202184 1.26754345 1.17983313 1.31231442 1.23264552 1.25291843 1.07202184 1.26754345 1.23264552 1.25291843 1.12000832 1.21398969 1.12000832 -0.217857143 1.12000832 0.217857143 1.23264552 0.217857143 1.12000832 -0.217857143 1.23264552 0.217857143 1.23264552 -0.217857143 -0.217857143 1.25291843 0.217857143 1.25291843 0.217857143 1.31231442 -0.217857143 1.25291843 0.217857143 1.31231442 -0.217857143 1.31231442 1.17983313 -0.217857143 1.17983313 0.217857143 1.07202184 0.217857143 1.17983313 -0.217857143 1.07202184 0.217857143 1.07202184 -0.217857143 -0.217857143 1.26754345 0.217857143 1.26754345 0.217857143 1.21398969 -0.217857143 1.26754345 0.217857143 1.21398969 -0.217857143 1.21398969 1.0717591 1.26781142 1.17954396 1.31261163 1.11949542 1.36921471 1.0717591 1.26781142 1.11949542 1.36921471 1.0171977 1.31884699 1.0171977 1.31884699 1.11949542 1.36921471 1.17954396 1.31261163 1.0171977 1.31884699 1.17954396 1.31261163 1.0717591 1.26781142 1.0717591 -0.217857143 1.0717591 0.217857143 1.17954396 0.217857143 1.0717591 -0.217857143 1.17954396 0.217857143 1.17954396 -0.217857143 1.17954396 -0.217857143 1.17954396 0.217857143 1.11949542 0.217857143 1.17954396 -0.217857143 1.11949542 0.217857143 1.11949542 -0.217857143 1.11949542 -0.217857143 1.11949542 0.217857143 1.0171977 0.217857143 1.11949542 -0.217857143 1.0171977 0.217857143 1.0171977 -0.217857143 1.0171977 -0.217857143 1.0171977 0.217857143 1.0717591 0.217857143 1.0171977 -0.217857143 1.0717591 0.217857143 1.0717591 -0.217857143 1.01690213 1.31910125 1.11917013 1.36949671 1.05225566 1.4229579 1.01690213 1.31910125 1.05225566 1.4229579 0.956102199 1.36730396 0.956102199 1.36730396 1.05225566 1.4229579 1.11917013 1.36949671 0.956102199 1.36730396 1.11917013 1.36949671 1.01690213 1.31910125 1.01690213 -0.217857143 1.01690213 0.217857143 1.11917013 0.217857143 1.01690213 -0.217857143 1.11917013 0.217857143 1.11917013 -0.217857143 1.11917013 -0.217857143 1.11917013 0.217857143 1.05225566 0.217857143 1.11917013 -0.217857143 1.05225566 0.217857143 1.05225566 -0.217857143 1.05225566 -0.217857143 1.05225566 0.217857143 0.956102199 0.217857143 1.05225566 -0.217857143 0.956102199 0.217857143 0.956102199 -0.217857143 0.956102199 -0.217857143 0.956102199 0.217857143 1.01690213 0.217857143 0.956102199 -0.217857143 1.01690213 0.217857143 1.01690213 -0.217857143 0.955775619 1.36754295 1.05189624 1.42322296 0.978528386 1.47321266 0.955775619 1.36754295 0.978528386 1.47321266 0.889112008 1.41261563 0.889112008 1.41261563 0.978528386 1.47321266 1.05189624 1.42322296 0.889112008 1.41261563 1.05189624 1.42322296 0.955775619 1.36754295 0.955775619 -0.217857143 0.955775619 0.217857143 1.05189624 0.217857143 0.955775619 -0.217857143 1.05189624 0.217857143 1.05189624 -0.217857143 1.05189624 -0.217857143 1.05189624 0.217857143 0.978528386 0.217857143 1.05189624 -0.217857143 0.978528386 0.217857143 0.978528386 -0.217857143 0.978528386 -0.217857143 0.978528386 0.217857143 0.889112008 0.217857143 0.978528386 -0.217857143 0.889112008 0.217857143 0.889112008 -0.217857143 0.889112008 -0.217857143 0.889112008 0.217857143 0.955775619 0.217857143 0.889112008 -0.217857143 0.955775619 0.217857143 0.955775619 -0.217857143 0.888756435 1.41283786 0.978137053 1.47345914 0.898768161 1.51966914 0.888756435 1.41283786 0.898768161 1.51966914 0.816640146 1.45450262 0.816640146 1.45450262 0.898768161 1.51966914 0.978137053 1.47345914 0.816640146 1.45450262 0.978137053 1.47345914 0.888756435 1.41283786 0.888756435 -0.217857143 0.888756435 0.217857143 0.978137053 0.217857143 0.888756435 -0.217857143 0.978137053 0.217857143 0.978137053 -0.217857143 0.978137053 -0.217857143 0.978137053 0.217857143 0.898768161 0.217857143 0.978137053 -0.217857143 0.898768161 0.217857143 0.898768161 -0.217857143 0.898768161 -0.217857143 0.898768161 0.217857143 0.816640146 0.217857143 0.898768161 -0.217857143 0.816640146 0.217857143 0.816640146 -0.217857143 0.816640146 -0.217857143 0.816640146 0.217857143 0.888756435 0.217857143 0.816640146 -0.217857143 0.888756435 0.217857143 0.888756435 -0.217857143 0.816257771 1.45470673 0.898347331 1.51989552 0.813466732 1.56204092 0.816257771 1.45470673 0.813466732 1.56204092 0.739133427 1.49270669 0.739133427 1.49270669 0.813466732 1.56204092 0.898347331 1.51989552 0.739133427 1.49270669 0.898347331 1.51989552 0.816257771 1.45470673 0.816257771 -0.217857143 0.816257771 0.217857143 0.898347331 0.217857143 0.816257771 -0.217857143 0.898347331 0.217857143 0.898347331 -0.217857143 0.898347331 -0.217857143 0.898347331 0.217857143 0.813466732 0.217857143 0.898347331 -0.217857143 0.813466732 0.217857143 0.813466732 -0.217857143 0.813466732 -0.217857143 0.813466732 0.217857143 0.739133427 0.217857143 0.813466732 -0.217857143 0.739133427 0.217857143 0.739133427 -0.217857143 0.739133427 -0.217857143 0.739133427 0.217857143 0.816257771 0.217857143 0.739133427 -0.217857143 0.816257771 0.217857143 0.816257771 -0.217857143 0.738726607 1.49289142 0.813018998 1.56224581 0.723150009 1.60006678 0.738726607 1.49289142 0.723150009 1.60006678 0.657069703 1.52699229 0.657069703 1.52699229 0.723150009 1.60006678 0.813018998 1.56224581 0.657069703 1.52699229 0.813018998 1.56224581 0.738726607 1.49289142 0.738726607 -0.217857143 0.738726607 0.217857143 0.813018998 0.217857143 0.738726607 -0.217857143 0.813018998 0.217857143 0.813018998 -0.217857143 0.813018998 -0.217857143 0.813018998 0.217857143 0.723150009 0.217857143 0.813018998 -0.217857143 0.723150009 0.217857143 0.723150009 -0.217857143 -0.217857143 1.60006678 0.217857143 1.60006678 0.217857143 1.52699229 -0.217857143 1.60006678 0.217857143 1.52699229 -0.217857143 1.52699229 0.657069703 -0.217857143 0.657069703 0.217857143 0.738726607 0.217857143 0.657069703 -0.217857143 0.738726607 0.217857143 0.738726607 -0.217857143 0.656640947 1.52715651 0.722678133 1.60024891 0.628374826 1.63351226 0.656640947 1.52715651 0.628374826 1.63351226 0.570954927 1.55714806 0.570954927 1.55714806 0.628374826 1.63351226 0.722678133 1.60024891 0.570954927 1.55714806 0.722678133 1.60024891 0.656640947 1.52715651 -0.217857143 1.52715651 0.217857143 1.52715651 0.217857143 1.60024891 -0.217857143 1.52715651 0.217857143 1.60024891 -0.217857143 1.60024891 0.722678133 -0.217857143 0.722678133 0.217857143 0.628374826 0.217857143 0.722678133 -0.217857143 0.628374826 0.217857143 0.628374826 -0.217857143 -0.217857143 1.63351226 0.217857143 1.63351226 0.217857143 1.55714806 -0.217857143 1.63351226 0.217857143 1.55714806 -0.217857143 1.55714806 0.570954927 -0.217857143 0.570954927 0.217857143 0.656640947 0.217857143 0.570954927 -0.217857143 0.656640947 0.217857143 0.656640947 -0.217857143 0.570506878 1.55729074 0.627881717 1.63367051 0.529725503 1.66217117 0.570506878 1.55729074 0.529725503 1.66217117 0.481320024 1.58298805 0.481320024 1.58298805 0.529725503 1.66217117 0.627881717 1.63367051 0.481320024 1.58298805 0.627881717 1.63367051 0.570506878 1.55729074 -0.217857143 1.55729074 0.217857143 1.55729074 0.217857143 1.63367051 -0.217857143 1.55729074 0.217857143 1.63367051 -0.217857143 1.63367051 0.627881717 -0.217857143 0.627881717 0.217857143 0.529725503 0.217857143 0.627881717 -0.217857143 0.529725503 0.217857143 0.529725503 -0.217857143 -0.217857143 1.66217117 0.217857143 1.66217117 0.217857143 1.58298805 -0.217857143 1.66217117 0.217857143 1.58298805 -0.217857143 1.58298805 0.481320024 -0.217857143 0.481320024 0.217857143 0.570506878 0.217857143 0.481320024 -0.217857143 0.570506878 0.217857143 0.570506878 -0.217857143 0.480855444 1.58310833 0.529214202 1.66230456 0.427810247 1.6858668 0.480855444 1.58310833 0.427810247 1.6858668 0.388717622 1.60435297 0.388717622 1.60435297 0.427810247 1.6858668 0.529214202 1.66230456 0.388717622 1.60435297 0.529214202 1.66230456 0.480855444 1.58310833 -0.217857143 1.58310833 0.217857143 1.58310833 0.217857143 1.66230456 -0.217857143 1.58310833 0.217857143 1.66230456 -0.217857143 1.66230456 0.529214202 -0.217857143 0.529214202 0.217857143 0.427810247 0.217857143 0.529214202 -0.217857143 0.427810247 0.217857143 0.427810247 -0.217857143 -0.217857143 1.6858668 0.217857143 1.6858668 0.217857143 1.60435297 -0.217857143 1.6858668 0.217857143 1.60435297 -0.217857143 1.60435297 0.388717622 -0.217857143 0.388717622 0.217857143 0.480855444 0.217857143 0.388717622 -0.217857143 0.480855444 0.217857143 0.480855444 -0.217857143 0.388239377 1.60445009 0.427283905 1.68597452 0.323257398 1.70445308 0.388239377 1.60445009 0.323257398 1.70445308 0.293718647 1.6211111 0.293718647 1.6211111 0.323257398 1.70445308 0.427283905 1.68597452 0.293718647 1.6211111 0.427283905 1.68597452 0.388239377 1.60445009 -0.217857143 1.60445009 0.217857143 1.60445009 0.217857143 1.68597452 -0.217857143 1.60445009 0.217857143 1.68597452 -0.217857143 1.68597452 0.427283905 -0.217857143 0.427283905 0.217857143 0.323257398 0.217857143 0.427283905 -0.217857143 0.323257398 0.217857143 0.323257398 -0.217857143 -0.217857143 1.70445308 0.217857143 1.70445308 0.217857143 1.6211111 -0.217857143 1.70445308 0.217857143 1.6211111 -0.217857143 1.6211111 0.293718647 -0.217857143 0.293718647 0.217857143 0.388239377 0.217857143 0.293718647 -0.217857143 0.388239377 0.217857143 0.388239377 -0.217857143 0.293229684 1.62118446 0.32271926 1.70453446 0.216711559 1.71781542 0.293229684 1.62118446 0.216711559 1.71781542 0.196908799 1.6331591 0.196908799 1.6331591 0.216711559 1.71781542 0.32271926 1.70453446 0.196908799 1.6331591 0.32271926 1.70453446 0.293229684 1.62118446 -0.217857143 1.62118446 0.217857143 1.62118446 0.217857143 1.70453446 -0.217857143 1.62118446 0.217857143 1.70453446 -0.217857143 1.70453446 0.32271926 -0.217857143 0.32271926 0.217857143 0.216711559 0.217857143 0.32271926 -0.217857143 0.216711559 0.217857143 0.216711559 -0.217857143 -0.217857143 1.71781542 0.217857143 1.71781542 0.217857143 1.6331591 -0.217857143 1.71781542 0.217857143 1.6331591 -0.217857143 1.6331591 0.196908799 -0.217857143 0.196908799 0.217857143 0.293229684 0.217857143 0.196908799 -0.217857143 0.293229684 0.217857143 0.293229684 -0.217857143 0.196412133 1.63320826 0.216164944 1.71786994 0.108829622 1.72587141 0.196412133 1.63320826 0.108829622 1.72587141 0.0988849433 1.6404227 0.0988849433 1.6404227 0.108829622 1.72587141 0.216164944 1.71786994 0.0988849433 1.6404227 0.216164944 1.71786994 0.196412133 1.63320826 -0.217857143 1.63320826 0.217857143 1.63320826 0.217857143 1.71786994 -0.217857143 1.63320826 0.217857143 1.71786994 -0.217857143 1.71786994 0.216164944 -0.217857143 0.216164944 0.217857143 0.108829622 0.217857143 0.216164944 -0.217857143 0.108829622 0.217857143 0.108829622 -0.217857143 -0.217857143 1.72587141 0.217857143 1.72587141 0.217857143 1.6404227 -0.217857143 1.72587141 0.217857143 1.6404227 -0.217857143 1.6404227 0.0988849433 -0.217857143 0.0988849433 0.217857143 0.196412133 0.217857143 0.0988849433 -0.217857143 0.196412133 0.217857143 0.196412133 -0.217857143 0.0983836363 1.64044736 0.1082779 1.72589876 0.000276714284 1.72857141 0.0983836363 1.64044736 0.000276714284 1.72857141 0.00025142857 1.64285713 0.00025142857 1.64285713 0.000276714284 1.72857141 0.1082779 1.72589876 0.00025142857 1.64285713 0.1082779 1.72589876 0.0983836363 1.64044736 -0.217857143 1.64044736 0.217857143 1.64044736 0.217857143 1.72589876 -0.217857143 1.64044736 0.217857143 1.72589876 -0.217857143 1.72589876 0.1082779 -0.217857143 0.1082779 0.217857143 0.000276714284 0.217857143 0.1082779 -0.217857143 0.000276714284 0.217857143 0.000276714284 -0.217857143 -0.217857143 1.72857141 0.217857143 1.72857141 0.217857143 1.64285713 -0.217857143 1.72857141 0.217857143 1.64285713 -0.217857143 1.64285713 0.00025142857 -0.217857143 0.00025142857 0.217857143 0.0983836363 0.217857143 0.00025142857 -0.217857143 0.0983836363 0.217857143 0.0983836363 -0.217857143 -0.00025142857 1.64285713 -0.000276714284 1.72857141 -0.1082779 1.72589876 -0.00025142857 1.64285713 -0.1082779 1.72589876 -0.0983836363 1.64044736 -0.0983836363 1.64044736 -0.1082779 1.72589876 -0.000276714284 1.72857141 -0.0983836363 1.64044736 -0.000276714284 1.72857141 -0.00025142857 1.64285713 -0.217857143 1.64285713 0.217857143 1.64285713 0.217857143 1.72857141 -0.217857143 1.64285713 0.217857143 1.72857141 -0.217857143 1.72857141 -0.000276714284 -0.217857143 -0.000276714284 0.217857143 -0.1082779 0.217857143 -0.000276714284 -0.217857143 -0.1082779 0.217857143 -0.1082779 -0.217857143 -0.217857143 1.72589876 0.217857143 1.72589876 0.217857143 1.64044736 -0.217857143 1.72589876 0.217857143 1.64044736 -0.217857143 1.64044736 -0.0983836363 -0.217857143 -0.0983836363 0.217857143 -0.00025142857 0.217857143 -0.0983836363 -0.217857143 -0.00025142857 0.217857143 -0.00025142857 -0.217857143 -0.0988849433 1.6404227 -0.108829622 1.72587141 -0.216164944 1.71786994 -0.0988849433 1.6404227 -0.216164944 1.71786994 -0.196412133 1.63320826 -0.196412133 1.63320826 -0.216164944 1.71786994 -0.108829622 1.72587141 -0.196412133 1.63320826 -0.108829622 1.72587141 -0.0988849433 1.6404227 -0.217857143 1.6404227 0.217857143 1.6404227 0.217857143 1.72587141 -0.217857143 1.6404227 0.217857143 1.72587141 -0.217857143 1.72587141 -0.108829622 -0.217857143 -0.108829622 0.217857143 -0.216164944 0.217857143 -0.108829622 -0.217857143 -0.216164944 0.217857143 -0.216164944 -0.217857143 -0.217857143 1.71786994 0.217857143 1.71786994 0.217857143 1.63320826 -0.217857143 1.71786994 0.217857143 1.63320826 -0.217857143 1.63320826 -0.196412133 -0.217857143 -0.196412133 0.217857143 -0.0988849433 0.217857143 -0.196412133 -0.217857143 -0.0988849433 0.217857143 -0.0988849433 -0.217857143 -0.196908799 1.6331591 -0.216711559 1.71781542 -0.32271926 1.70453446 -0.196908799 1.6331591 -0.32271926 1.70453446 -0.293229684 1.62118446 -0.293229684 1.62118446 -0.32271926 1.70453446 -0.216711559 1.71781542 -0.293229684 1.62118446 -0.216711559 1.71781542 -0.196908799 1.6331591 -0.217857143 1.6331591 0.217857143 1.6331591 0.217857143 1.71781542 -0.217857143 1.6331591 0.217857143 1.71781542 -0.217857143 1.71781542 -0.216711559 -0.217857143 -0.216711559 0.217857143 -0.32271926 0.217857143 -0.216711559 -0.217857143 -0.32271926 0.217857143 -0.32271926 -0.217857143 -0.217857143 1.70453446 0.217857143 1.70453446 0.217857143 1.62118446 -0.217857143 1.70453446 0.217857143 1.62118446 -0.217857143 1.62118446 -0.293229684 -0.217857143 -0.293229684 0.217857143 -0.196908799 0.217857143 -0.293229684 -0.217857143 -0.196908799 0.217857143 -0.196908799 -0.217857143 -0.293718647 1.6211111 -0.323257398 1.70445308 -0.427283905 1.68597452 -0.293718647 1.6211111 -0.427283905 1.68597452 -0.388239377 1.60445009 -0.388239377 1.60445009 -0.427283905 1.68597452 -0.323257398 1.70445308 -0.388239377 1.60445009 -0.323257398 1.70445308 -0.293718647 1.6211111 -0.217857143 1.6211111 0.217857143 1.6211111 0.217857143 1.70445308 -0.217857143 1.6211111 0.217857143 1.70445308 -0.217857143 1.70445308 -0.323257398 -0.217857143 -0.323257398 0.217857143 -0.427283905 0.217857143 -0.323257398 -0.217857143 -0.427283905 0.217857143 -0.427283905 -0.217857143 -0.217857143 1.68597452 0.217857143 1.68597452 0.217857143 1.60445009 -0.217857143 1.68597452 0.217857143 1.60445009 -0.217857143 1.60445009 -0.388239377 -0.217857143 -0.388239377 0.217857143 -0.293718647 0.217857143 -0.388239377 -0.217857143 -0.293718647 0.217857143 -0.293718647 -0.217857143 -0.388717622 1.60435297 -0.427810247 1.6858668 -0.529214202 1.66230456 -0.388717622 1.60435297 -0.529214202 1.66230456 -0.480855444 1.58310833 -0.480855444 1.58310833 -0.529214202 1.66230456 -0.427810247 1.6858668 -0.480855444 1.58310833 -0.427810247 1.6858668 -0.388717622 1.60435297 -0.217857143 1.60435297 0.217857143 1.60435297 0.217857143 1.6858668 -0.217857143 1.60435297 0.217857143 1.6858668 -0.217857143 1.6858668 -0.427810247 -0.217857143 -0.427810247 0.217857143 -0.529214202 0.217857143 -0.427810247 -0.217857143 -0.529214202 0.217857143 -0.529214202 -0.217857143 -0.217857143 1.66230456 0.217857143 1.66230456 0.217857143 1.58310833 -0.217857143 1.66230456 0.217857143 1.58310833 -0.217857143 1.58310833 -0.480855444 -0.217857143 -0.480855444 0.217857143 -0.388717622 0.217857143 -0.480855444 -0.217857143 -0.388717622 0.217857143 -0.388717622 -0.217857143 -0.481320024 1.58298805 -0.529725503 1.66217117 -0.627881717 1.63367051 -0.481320024 1.58298805 -0.627881717 1.63367051 -0.570506878 1.55729074 -0.570506878 1.55729074 -0.627881717 1.63367051 -0.529725503 1.66217117 -0.570506878 1.55729074 -0.529725503 1.66217117 -0.481320024 1.58298805 -0.217857143 1.58298805 0.217857143 1.58298805 0.217857143 1.66217117 -0.217857143 1.58298805 0.217857143 1.66217117 -0.217857143 1.66217117 -0.529725503 -0.217857143 -0.529725503 0.217857143 -0.627881717 0.217857143 -0.529725503 -0.217857143 -0.627881717 0.217857143 -0.627881717 -0.217857143 -0.217857143 1.63367051 0.217857143 1.63367051 0.217857143 1.55729074 -0.217857143 1.63367051 0.217857143 1.55729074 -0.217857143 1.55729074 -0.570506878 -0.217857143 -0.570506878 0.217857143 -0.481320024 0.217857143 -0.570506878 -0.217857143 -0.481320024 0.217857143 -0.481320024 -0.217857143 -0.570954927 1.55714806 -0.628374826 1.63351226 -0.722678133 1.60024891 -0.570954927 1.55714806 -0.722678133 1.60024891 -0.656640947 1.52715651 -0.656640947 1.52715651 -0.722678133 1.60024891 -0.628374826 1.63351226 -0.656640947 1.52715651 -0.628374826 1.63351226 -0.570954927 1.55714806 -0.217857143 1.55714806 0.217857143 1.55714806 0.217857143 1.63351226 -0.217857143 1.55714806 0.217857143 1.63351226 -0.217857143 1.63351226 -0.628374826 -0.217857143 -0.628374826 0.217857143 -0.722678133 0.217857143 -0.628374826 -0.217857143 -0.722678133 0.217857143 -0.722678133 -0.217857143 -0.217857143 1.60024891 0.217857143 1.60024891 0.217857143 1.52715651 -0.217857143 1.60024891 0.217857143 1.52715651 -0.217857143 1.52715651 -0.656640947 -0.217857143 -0.656640947 0.217857143 -0.570954927 0.217857143 -0.656640947 -0.217857143 -0.570954927 0.217857143 -0.570954927 -0.217857143 -0.657069703 1.52699229 -0.723150009 1.60006678 -0.813018998 1.56224581 -0.657069703 1.52699229 -0.813018998 1.56224581 -0.738726607 1.49289142 -0.738726607 1.49289142 -0.813018998 1.56224581 -0.723150009 1.60006678 -0.738726607 1.49289142 -0.723150009 1.60006678 -0.657069703 1.52699229 -0.217857143 1.52699229 0.217857143 1.52699229 0.217857143 1.60006678 -0.217857143 1.52699229 0.217857143 1.60006678 -0.217857143 1.60006678 -0.723150009 -0.217857143 -0.723150009 0.217857143 -0.813018998 0.217857143 -0.723150009 -0.217857143 -0.813018998 0.217857143 -0.813018998 -0.217857143 -0.813018998 -0.217857143 -0.813018998 0.217857143 -0.738726607 0.217857143 -0.813018998 -0.217857143 -0.738726607 0.217857143 -0.738726607 -0.217857143 -0.738726607 -0.217857143 -0.738726607 0.217857143 -0.657069703 0.217857143 -0.738726607 -0.217857143 -0.657069703 0.217857143 -0.657069703 -0.217857143 -0.739133427 1.49270669 -0.813466732 1.56204092 -0.898347331 1.51989552 -0.739133427 1.49270669 -0.898347331 1.51989552 -0.816257771 1.45470673 -0.816257771 1.45470673 -0.898347331 1.51989552 -0.813466732 1.56204092 -0.816257771 1.45470673 -0.813466732 1.56204092 -0.739133427 1.49270669 -0.739133427 -0.217857143 -0.739133427 0.217857143 -0.813466732 0.217857143 -0.739133427 -0.217857143 -0.813466732 0.217857143 -0.813466732 -0.217857143 -0.813466732 -0.217857143 -0.813466732 0.217857143 -0.898347331 0.217857143 -0.813466732 -0.217857143 -0.898347331 0.217857143 -0.898347331 -0.217857143 -0.898347331 -0.217857143 -0.898347331 0.217857143 -0.816257771 0.217857143 -0.898347331 -0.217857143 -0.816257771 0.217857143 -0.816257771 -0.217857143 -0.816257771 -0.217857143 -0.816257771 0.217857143 -0.739133427 0.217857143 -0.816257771 -0.217857143 -0.739133427 0.217857143 -0.739133427 -0.217857143 -0.816640146 1.45450262 -0.898768161 1.51966914 -0.978137053 1.47345914 -0.816640146 1.45450262 -0.978137053 1.47345914 -0.888756435 1.41283786 -0.888756435 1.41283786 -0.978137053 1.47345914 -0.898768161 1.51966914 -0.888756435 1.41283786 -0.898768161 1.51966914 -0.816640146 1.45450262 -0.816640146 -0.217857143 -0.816640146 0.217857143 -0.898768161 0.217857143 -0.816640146 -0.217857143 -0.898768161 0.217857143 -0.898768161 -0.217857143 -0.898768161 -0.217857143 -0.898768161 0.217857143 -0.978137053 0.217857143 -0.898768161 -0.217857143 -0.978137053 0.217857143 -0.978137053 -0.217857143 -0.978137053 -0.217857143 -0.978137053 0.217857143 -0.888756435 0.217857143 -0.978137053 -0.217857143 -0.888756435 0.217857143 -0.888756435 -0.217857143 -0.888756435 -0.217857143 -0.888756435 0.217857143 -0.816640146 0.217857143 -0.888756435 -0.217857143 -0.816640146 0.217857143 -0.816640146 -0.217857143 -0.889112008 1.41261563 -0.978528386 1.47321266 -1.05189624 1.42322296 -0.889112008 1.41261563 -1.05189624 1.42322296 -0.955775619 1.36754295 -0.955775619 1.36754295 -1.05189624 1.42322296 -0.978528386 1.47321266 -0.955775619 1.36754295 -0.978528386 1.47321266 -0.889112008 1.41261563 -0.889112008 -0.217857143 -0.889112008 0.217857143 -0.978528386 0.217857143 -0.889112008 -0.217857143 -0.978528386 0.217857143 -0.978528386 -0.217857143 -0.978528386 -0.217857143 -0.978528386 0.217857143 -1.05189624 0.217857143 -0.978528386 -0.217857143 -1.05189624 0.217857143 -1.05189624 -0.217857143 -1.05189624 -0.217857143 -1.05189624 0.217857143 -0.955775619 0.217857143 -1.05189624 -0.217857143 -0.955775619 0.217857143 -0.955775619 -0.217857143 -0.955775619 -0.217857143 -0.955775619 0.217857143 -0.889112008 0.217857143 -0.955775619 -0.217857143 -0.889112008 0.217857143 -0.889112008 -0.217857143 -0.956102199 1.36730396 -1.05225566 1.4229579 -1.11917013 1.36949671 -0.956102199 1.36730396 -1.11917013 1.36949671 -1.01690213 1.31910125 -1.01690213 1.31910125 -1.11917013 1.36949671 -1.05225566 1.4229579 -1.01690213 1.31910125 -1.05225566 1.4229579 -0.956102199 1.36730396 -0.956102199 -0.217857143 -0.956102199 0.217857143 -1.05225566 0.217857143 -0.956102199 -0.217857143 -1.05225566 0.217857143 -1.05225566 -0.217857143 -1.05225566 -0.217857143 -1.05225566 0.217857143 -1.11917013 0.217857143 -1.05225566 -0.217857143 -1.11917013 0.217857143 -1.11917013 -0.217857143 -1.11917013 -0.217857143 -1.11917013 0.217857143 -1.01690213 0.217857143 -1.11917013 -0.217857143 -1.01690213 0.217857143 -1.01690213 -0.217857143 -1.01690213 -0.217857143 -1.01690213 0.217857143 -0.956102199 0.217857143 -1.01690213 -0.217857143 -0.956102199 0.217857143 -0.956102199 -0.217857143 -1.0171977 1.31884699 -1.11949542 1.36921471 -1.17954396 1.31261163 -1.0171977 1.31884699 -1.17954396 1.31261163 -1.0717591 1.26781142 -1.0717591 1.26781142 -1.17954396 1.31261163 -1.11949542 1.36921471 -1.0717591 1.26781142 -1.11949542 1.36921471 -1.0171977 1.31884699 -1.0171977 -0.217857143 -1.0171977 0.217857143 -1.11949542 0.217857143 -1.0171977 -0.217857143 -1.11949542 0.217857143 -1.11949542 -0.217857143 -1.11949542 -0.217857143 -1.11949542 0.217857143 -1.17954396 0.217857143 -1.11949542 -0.217857143 -1.17954396 0.217857143 -1.17954396 -0.217857143 -1.17954396 -0.217857143 -1.17954396 0.217857143 -1.0717591 0.217857143 -1.17954396 -0.217857143 -1.0717591 0.217857143 -1.0717591 -0.217857143 -1.0717591 -0.217857143 -1.0717591 0.217857143 -1.0171977 0.217857143 -1.0717591 -0.217857143 -1.0171977 0.217857143 -1.0171977 -0.217857143 -1.07202184 1.26754345 -1.17983313 1.31231442 -1.23264552 1.25291843 -1.07202184 1.26754345 -1.23264552 1.25291843 -1.12000832 1.21398969 -1.12000832 1.21398969 -1.23264552 1.25291843 -1.17983313 1.31231442 -1.12000832 1.21398969 -1.17983313 1.31231442 -1.07202184 1.26754345 -1.07202184 -0.217857143 -1.07202184 0.217857143 -1.17983313 0.217857143 -1.07202184 -0.217857143 -1.17983313 0.217857143 -1.17983313 -0.217857143 -0.217857143 1.31231442 0.217857143 1.31231442 0.217857143 1.25291843 -0.217857143 1.31231442 0.217857143 1.25291843 -0.217857143 1.25291843 -1.23264552 -0.217857143 -1.23264552 0.217857143 -1.12000832 0.217857143 -1.23264552 -0.217857143 -1.12000832 0.217857143 -1.12000832 -0.217857143 -0.217857143 1.21398969 0.217857143 1.21398969 0.217857143 1.26754345 -0.217857143 1.21398969 0.217857143 1.26754345 -0.217857143 1.26754345 -1.12023661 1.21370966 -1.23289677 1.25260785 -1.27814741 1.19078515 -1.12023661 1.21370966 -1.27814741 1.19078515 -1.16135231 1.15796787 -1.16135231 1.15796787 -1.27814741 1.19078515 -1.23289677 1.25260785 -1.16135231 1.15796787 -1.23289677 1.25260785 -1.12023661 1.21370966 -1.12023661 -0.217857143 -1.12023661 0.217857143 -1.23289677 0.217857143 -1.12023661 -0.217857143 -1.23289677 0.217857143 -1.23289677 -0.217857143 -0.217857143 1.25260785 0.217857143 1.25260785 0.217857143 1.19078515 -0.217857143 1.25260785 0.217857143 1.19078515 -0.217857143 1.19078515 -1.27814741 -0.217857143 -1.27814741 0.217857143 -1.16135231 0.217857143 -1.27814741 -0.217857143 -1.16135231 0.217857143 -1.16135231 -0.217857143 -0.217857143 1.15796787 0.217857143 1.15796787 0.217857143 1.21370966 -0.217857143 1.15796787 0.217857143 1.21370966 -0.217857143 1.21370966 -1.16154475 1.15767751 -1.27835919 1.19046311 -1.31576909 1.12659485 -1.16154475 1.15767751 -1.31576909 1.12659485 -1.19553619 1.10009137 -1.19553619 1.10009137 -1.31576909 1.12659485 -1.27835919 1.19046311 -1.19553619 1.10009137 -1.27835919 1.19046311 -1.16154475 1.15767751 -1.16154475 -0.217857143 -1.16154475 0.217857143 -1.27835919 0.217857143 -1.16154475 -0.217857143 -1.27835919 0.217857143 -1.27835919 -0.217857143 -0.217857143 1.19046311 0.217857143 1.19046311 0.217857143 1.12659485 -0.217857143 1.19046311 0.217857143 1.12659485 -0.217857143 1.12659485 -1.31576909 -0.217857143 -1.31576909 0.217857143 -1.19553619 0.217857143 -1.31576909 -0.217857143 -1.19553619 0.217857143 -1.19553619 -0.217857143 -0.217857143 1.10009137 0.217857143 1.10009137 0.217857143 1.15767751 -0.217857143 1.10009137 0.217857143 1.15767751 -0.217857143 1.15767751 -1.19569158 1.09979247 -1.31594011 1.12626333 -1.34527862 1.06074328 -1.19569158 1.09979247 -1.34527862 1.06074328 -1.22234918 1.04071701 -1.22234918 1.04071701 -1.34527862 1.06074328 -1.31594011 1.12626333 -1.22234918 1.04071701 -1.31594011 1.12626333 -1.19569158 1.09979247 -1.19569158 -0.217857143 -1.19569158 0.217857143 -1.31594011 0.217857143 -1.19569158 -0.217857143 -1.31594011 0.217857143 -1.31594011 -0.217857143 -0.217857143 1.12626333 0.217857143 1.12626333 0.217857143 1.06074328 -0.217857143 1.12626333 0.217857143 1.06074328 -0.217857143 1.06074328 -1.34527862 -0.217857143 -1.34527862 0.217857143 -1.22234918 0.217857143 -1.34527862 -0.217857143 -1.22234918 0.217857143 -1.22234918 -0.217857143 -0.217857143 1.04071701 0.217857143 1.04071701 0.217857143 1.09979247 -0.217857143 1.04071701 0.217857143 1.09979247 -0.217857143 1.09979247 -1.22246657 1.04041141 -1.34540781 1.06040434 -1.36649405 0.993636457 -1.22246657 1.04041141 -1.36649405 0.993636457 -1.24162599 0.980210857 -1.24162599 0.980210857 -1.36649405 0.993636457 -1.34540781 1.06040434 -1.24162599 0.980210857 -1.34540781 1.06040434 -1.22246657 1.04041141 -1.22246657 -0.217857143 -1.22246657 0.217857143 -1.34540781 0.217857143 -1.22246657 -0.217857143 -1.34540781 0.217857143 -1.34540781 -0.217857143 -0.217857143 1.06040434 0.217857143 1.06040434 0.217857143 0.993636457 -0.217857143 1.06040434 0.217857143 0.993636457 -0.217857143 0.993636457 -1.36649405 -0.217857143 -1.36649405 0.217857143 -1.24162599 0.217857143 -1.36649405 -0.217857143 -1.24162599 0.217857143 -1.24162599 -0.217857143 -0.217857143 0.980210857 0.217857143 0.980210857 0.217857143 1.04041141 -0.217857143 0.980210857 0.217857143 1.04041141 -0.217857143 1.04041141 -1.24170465 0.97990044 -1.36658063 0.993292177 -1.3792846 0.925688102 -1.24170465 0.97990044 -1.3792846 0.925688102 -1.25324775 0.918945947 -1.25324775 0.918945947 -1.3792846 0.925688102 -1.36658063 0.993292177 -1.25324775 0.918945947 -1.36658063 0.993292177 -1.24170465 0.97990044 -1.24170465 -0.217857143 -1.24170465 0.217857143 -1.36658063 0.217857143 -1.24170465 -0.217857143 -1.36658063 0.217857143 -1.36658063 -0.217857143 -0.217857143 0.993292177 0.217857143 0.993292177 0.217857143 0.925688102 -0.217857143 0.993292177 0.217857143 0.925688102 -0.217857143 0.925688102 -1.3792846 -0.217857143 -1.3792846 0.217857143 -1.25324775 0.217857143 -1.3792846 -0.217857143 -1.25324775 0.217857143 -1.25324775 -0.217857143 -0.217857143 0.918945947 0.217857143 0.918945947 0.217857143 0.97990044 -0.217857143 0.918945947 0.217857143 0.97990044 -0.217857143 0.97990044 -1.25328721 0.91863263 -1.37932802 0.925340605 -1.3835714 0.857317143 -1.25328721 0.91863263 -1.3835714 0.857317143 -1.25714283 0.8573 -1.25714283 0.8573 -1.3835714 0.857317143 -1.37932802 0.925340605 -1.25714283 0.8573 -1.37932802 0.925340605 -1.25328721 0.91863263 -1.25328721 -0.217857143 -1.25328721 0.217857143 -1.37932802 0.217857143 -1.25328721 -0.217857143 -1.37932802 0.217857143 -1.37932802 -0.217857143 -0.217857143 0.925340605 0.217857143 0.925340605 0.217857143 0.857317143 -0.217857143 0.925340605 0.217857143 0.857317143 -0.217857143 0.857317143 -1.3835714 -0.217857143 -1.3835714 0.217857143 -1.25714283 0.217857143 -1.3835714 -0.217857143 -1.25714283 0.217857143 -1.25714283 -0.217857143 -0.217857143 0.8573 0.217857143 0.8573 0.217857143 0.91863263 -0.217857143 0.8573 0.217857143 0.91863263 -0.217857143 0.91863263 -0.914285357 -1.38392857 -0.914285357 -1.27321429 -0.479186071 -1.27321429 -0.914285357 -1.38392857 -0.479186071 -1.27321429 -0.479186071 -1.38392857 -0.914285357 -1.38392857 -0.479186071 -1.38392857 -0.479186071 -1.27321429 -0.914285357 -1.38392857 -0.479186071 -1.27321429 -0.914285357 -1.27321429 -0.914285357 -0.914285714 -0.479186071 -0.914285714 -0.479186071 0.857142857 -0.914285357 -0.914285714 -0.479186071 0.857142857 -0.914285357 0.857142857 -1.38392857 -0.914285714 -1.27321429 -0.914285714 -1.27321429 0.857142857 -1.38392857 -0.914285714 -1.27321429 0.857142857 -1.38392857 0.857142857 -0.479186071 -0.914285714 -0.914285357 -0.914285714 -0.914285357 0.857142857 -0.479186071 -0.914285714 -0.914285357 0.857142857 -0.479186071 0.857142857 -1.27321429 -0.914285714 -1.38392857 -0.914285714 -1.38392857 0.857142857 -1.27321429 -0.914285714 -1.38392857 0.857142857 -1.27321429 0.857142857 -0.914285357 1.27321429 -0.914285357 1.38392857 -0.479186071 1.38392857 -0.914285357 1.27321429 -0.479186071 1.38392857 -0.479186071 1.27321429 -0.914285357 1.27321429 -0.479186071 1.27321429 -0.479186071 1.38392857 -0.914285357 1.27321429 -0.479186071 1.38392857 -0.914285357 1.38392857 -0.914285357 -0.914285714 -0.479186071 -0.914285714 -0.479186071 0.857142857 -0.914285357 -0.914285714 -0.479186071 0.857142857 -0.914285357 0.857142857 1.27321429 -0.914285714 1.38392857 -0.914285714 1.38392857 0.857142857 1.27321429 -0.914285714 1.38392857 0.857142857 1.27321429 0.857142857 -0.479186071 -0.914285714 -0.914285357 -0.914285714 -0.914285357 0.857142857 -0.479186071 -0.914285714 -0.914285357 0.857142857 -0.479186071 0.857142857 1.38392857 -0.914285714 1.27321429 -0.914285714 1.27321429 0.857142857 1.38392857 -0.914285714 1.27321429 0.857142857 1.38392857 0.857142857</float_array><technique_common><accessor source="#rezero-plaster-uv-array" count="1512" stride="2"><param name="S" type="float" /><param name="T" type="float" /></accessor></technique_common></source><vertices id="rezero-plaster-vertices"><input semantic="POSITION" source="#rezero-plaster-p" /></vertices><triangles count="504" material="plaster-slot"><input offset="0" semantic="VERTEX" source="#rezero-plaster-vertices" /><input offset="1" semantic="NORMAL" source="#rezero-plaster-n" /><input offset="2" semantic="TEXCOORD" source="#rezero-plaster-uv" set="0" /><p>0 0 0 1 1 1 2 2 2 3 3 3 4 4 4 5 5 5 6 6 6 7 7 7 8 8 8 9 9 9 10 10 10 11 11 11 12 12 12 13 13 13 14 14 14 15 15 15 16 16 16 17 17 17 18 18 18 19 19 19 20 20 20 21 21 21 22 22 22 23 23 23 24 24 24 25 25 25 26 26 26 27 27 27 28 28 28 29 29 29 30 30 30 31 31 31 32 32 32 33 33 33 34 34 34 35 35 35 36 36 36 37 37 37 38 38 38 39 39 39 40 40 40 41 41 41 42 42 42 43 43 43 44 44 44 45 45 45 46 46 46 47 47 47 48 48 48 49 49 49 50 50 50 51 51 51 52 52 52 53 53 53 54 54 54 55 55 55 56 56 56 57 57 57 58 58 58 59 59 59 60 60 60 61 61 61 62 62 62 63 63 63 64 64 64 65 65 65 66 66 66 67 67 67 68 68 68 69 69 69 70 70 70 71 71 71 72 72 72 73 73 73 74 74 74 75 75 75 76 76 76 77 77 77 78 78 78 79 79 79 80 80 80 81 81 81 82 82 82 83 83 83 84 84 84 85 85 85 86 86 86 87 87 87 88 88 88 89 89 89 90 90 90 91 91 91 92 92 92 93 93 93 94 94 94 95 95 95 96 96 96 97 97 97 98 98 98 99 99 99 100 100 100 101 101 101 102 102 102 103 103 103 104 104 104 105 105 105 106 106 106 107 107 107 108 108 108 109 109 109 110 110 110 111 111 111 112 112 112 113 113 113 114 114 114 115 115 115 116 116 116 117 117 117 118 118 118 119 119 119 120 120 120 121 121 121 122 122 122 123 123 123 124 124 124 125 125 125 126 126 126 127 127 127 128 128 128 129 129 129 130 130 130 131 131 131 132 132 132 133 133 133 134 134 134 135 135 135 136 136 136 137 137 137 138 138 138 139 139 139 140 140 140 141 141 141 142 142 142 143 143 143 144 144 144 145 145 145 146 146 146 147 147 147 148 148 148 149 149 149 150 150 150 151 151 151 152 152 152 153 153 153 154 154 154 155 155 155 156 156 156 157 157 157 158 158 158 159 159 159 160 160 160 161 161 161 162 162 162 163 163 163 164 164 164 165 165 165 166 166 166 167 167 167 168 168 168 169 169 169 170 170 170 171 171 171 172 172 172 173 173 173 174 174 174 175 175 175 176 176 176 177 177 177 178 178 178 179 179 179 180 180 180 181 181 181 182 182 182 183 183 183 184 184 184 185 185 185 186 186 186 187 187 187 188 188 188 189 189 189 190 190 190 191 191 191 192 192 192 193 193 193 194 194 194 195 195 195 196 196 196 197 197 197 198 198 198 199 199 199 200 200 200 201 201 201 202 202 202 203 203 203 204 204 204 205 205 205 206 206 206 207 207 207 208 208 208 209 209 209 210 210 210 211 211 211 212 212 212 213 213 213 214 214 214 215 215 215 216 216 216 217 217 217 218 218 218 219 219 219 220 220 220 221 221 221 222 222 222 223 223 223 224 224 224 225 225 225 226 226 226 227 227 227 228 228 228 229 229 229 230 230 230 231 231 231 232 232 232 233 233 233 234 234 234 235 235 235 236 236 236 237 237 237 238 238 238 239 239 239 240 240 240 241 241 241 242 242 242 243 243 243 244 244 244 245 245 245 246 246 246 247 247 247 248 248 248 249 249 249 250 250 250 251 251 251 252 252 252 253 253 253 254 254 254 255 255 255 256 256 256 257 257 257 258 258 258 259 259 259 260 260 260 261 261 261 262 262 262 263 263 263 264 264 264 265 265 265 266 266 266 267 267 267 268 268 268 269 269 269 270 270 270 271 271 271 272 272 272 273 273 273 274 274 274 275 275 275 276 276 276 277 277 277 278 278 278 279 279 279 280 280 280 281 281 281 282 282 282 283 283 283 284 284 284 285 285 285 286 286 286 287 287 287 288 288 288 289 289 289 290 290 290 291 291 291 292 292 292 293 293 293 294 294 294 295 295 295 296 296 296 297 297 297 298 298 298 299 299 299 300 300 300 301 301 301 302 302 302 303 303 303 304 304 304 305 305 305 306 306 306 307 307 307 308 308 308 309 309 309 310 310 310 311 311 311 312 312 312 313 313 313 314 314 314 315 315 315 316 316 316 317 317 317 318 318 318 319 319 319 320 320 320 321 321 321 322 322 322 323 323 323 324 324 324 325 325 325 326 326 326 327 327 327 328 328 328 329 329 329 330 330 330 331 331 331 332 332 332 333 333 333 334 334 334 335 335 335 336 336 336 337 337 337 338 338 338 339 339 339 340 340 340 341 341 341 342 342 342 343 343 343 344 344 344 345 345 345 346 346 346 347 347 347 348 348 348 349 349 349 350 350 350 351 351 351 352 352 352 353 353 353 354 354 354 355 355 355 356 356 356 357 357 357 358 358 358 359 359 359 360 360 360 361 361 361 362 362 362 363 363 363 364 364 364 365 365 365 366 366 366 367 367 367 368 368 368 369 369 369 370 370 370 371 371 371 372 372 372 373 373 373 374 374 374 375 375 375 376 376 376 377 377 377 378 378 378 379 379 379 380 380 380 381 381 381 382 382 382 383 383 383 384 384 384 385 385 385 386 386 386 387 387 387 388 388 388 389 389 389 390 390 390 391 391 391 392 392 392 393 393 393 394 394 394 395 395 395 396 396 396 397 397 397 398 398 398 399 399 399 400 400 400 401 401 401 402 402 402 403 403 403 404 404 404 405 405 405 406 406 406 407 407 407 408 408 408 409 409 409 410 410 410 411 411 411 412 412 412 413 413 413 414 414 414 415 415 415 416 416 416 417 417 417 418 418 418 419 419 419 420 420 420 421 421 421 422 422 422 423 423 423 424 424 424 425 425 425 426 426 426 427 427 427 428 428 428 429 429 429 430 430 430 431 431 431 432 432 432 433 433 433 434 434 434 435 435 435 436 436 436 437 437 437 438 438 438 439 439 439 440 440 440 441 441 441 442 442 442 443 443 443 444 444 444 445 445 445 446 446 446 447 447 447 448 448 448 449 449 449 450 450 450 451 451 451 452 452 452 453 453 453 454 454 454 455 455 455 456 456 456 457 457 457 458 458 458 459 459 459 460 460 460 461 461 461 462 462 462 463 463 463 464 464 464 465 465 465 466 466 466 467 467 467 468 468 468 469 469 469 470 470 470 471 471 471 472 472 472 473 473 473 474 474 474 475 475 475 476 476 476 477 477 477 478 478 478 479 479 479 480 480 480 481 481 481 482 482 482 483 483 483 484 484 484 485 485 485 486 486 486 487 487 487 488 488 488 489 489 489 490 490 490 491 491 491 492 492 492 493 493 493 494 494 494 495 495 495 496 496 496 497 497 497 498 498 498 499 499 499 500 500 500 501 501 501 502 502 502 503 503 503 504 504 504 505 505 505 506 506 506 507 507 507 508 508 508 509 509 509 510 510 510 511 511 511 512 512 512 513 513 513 514 514 514 515 515 515 516 516 516 517 517 517 518 518 518 519 519 519 520 520 520 521 521 521 522 522 522 523 523 523 524 524 524 525 525 525 526 526 526 527 527 527 528 528 528 529 529 529 530 530 530 531 531 531 532 532 532 533 533 533 534 534 534 535 535 535 536 536 536 537 537 537 538 538 538 539 539 539 540 540 540 541 541 541 542 542 542 543 543 543 544 544 544 545 545 545 546 546 546 547 547 547 548 548 548 549 549 549 550 550 550 551 551 551 552 552 552 553 553 553 554 554 554 555 555 555 556 556 556 557 557 557 558 558 558 559 559 559 560 560 560 561 561 561 562 562 562 563 563 563 564 564 564 565 565 565 566 566 566 567 567 567 568 568 568 569 569 569 570 570 570 571 571 571 572 572 572 573 573 573 574 574 574 575 575 575 576 576 576 577 577 577 578 578 578 579 579 579 580 580 580 581 581 581 582 582 582 583 583 583 584 584 584 585 585 585 586 586 586 587 587 587 588 588 588 589 589 589 590 590 590 591 591 591 592 592 592 593 593 593 594 594 594 595 595 595 596 596 596 597 597 597 598 598 598 599 599 599 600 600 600 601 601 601 602 602 602 603 603 603 604 604 604 605 605 605 606 606 606 607 607 607 608 608 608 609 609 609 610 610 610 611 611 611 612 612 612 613 613 613 614 614 614 615 615 615 616 616 616 617 617 617 618 618 618 619 619 619 620 620 620 621 621 621 622 622 622 623 623 623 624 624 624 625 625 625 626 626 626 627 627 627 628 628 628 629 629 629 630 630 630 631 631 631 632 632 632 633 633 633 634 634 634 635 635 635 636 636 636 637 637 637 638 638 638 639 639 639 640 640 640 641 641 641 642 642 642 643 643 643 644 644 644 645 645 645 646 646 646 647 647 647 648 648 648 649 649 649 650 650 650 651 651 651 652 652 652 653 653 653 654 654 654 655 655 655 656 656 656 657 657 657 658 658 658 659 659 659 660 660 660 661 661 661 662 662 662 663 663 663 664 664 664 665 665 665 666 666 666 667 667 667 668 668 668 669 669 669 670 670 670 671 671 671 672 672 672 673 673 673 674 674 674 675 675 675 676 676 676 677 677 677 678 678 678 679 679 679 680 680 680 681 681 681 682 682 682 683 683 683 684 684 684 685 685 685 686 686 686 687 687 687 688 688 688 689 689 689 690 690 690 691 691 691 692 692 692 693 693 693 694 694 694 695 695 695 696 696 696 697 697 697 698 698 698 699 699 699 700 700 700 701 701 701 702 702 702 703 703 703 704 704 704 705 705 705 706 706 706 707 707 707 708 708 708 709 709 709 710 710 710 711 711 711 712 712 712 713 713 713 714 714 714 715 715 715 716 716 716 717 717 717 718 718 718 719 719 719 720 720 720 721 721 721 722 722 722 723 723 723 724 724 724 725 725 725 726 726 726 727 727 727 728 728 728 729 729 729 730 730 730 731 731 731 732 732 732 733 733 733 734 734 734 735 735 735 736 736 736 737 737 737 738 738 738 739 739 739 740 740 740 741 741 741 742 742 742 743 743 743 744 744 744 745 745 745 746 746 746 747 747 747 748 748 748 749 749 749 750 750 750 751 751 751 752 752 752 753 753 753 754 754 754 755 755 755 756 756 756 757 757 757 758 758 758 759 759 759 760 760 760 761 761 761 762 762 762 763 763 763 764 764 764 765 765 765 766 766 766 767 767 767 768 768 768 769 769 769 770 770 770 771 771 771 772 772 772 773 773 773 774 774 774 775 775 775 776 776 776 777 777 777 778 778 778 779 779 779 780 780 780 781 781 781 782 782 782 783 783 783 784 784 784 785 785 785 786 786 786 787 787 787 788 788 788 789 789 789 790 790 790 791 791 791 792 792 792 793 793 793 794 794 794 795 795 795 796 796 796 797 797 797 798 798 798 799 799 799 800 800 800 801 801 801 802 802 802 803 803 803 804 804 804 805 805 805 806 806 806 807 807 807 808 808 808 809 809 809 810 810 810 811 811 811 812 812 812 813 813 813 814 814 814 815 815 815 816 816 816 817 817 817 818 818 818 819 819 819 820 820 820 821 821 821 822 822 822 823 823 823 824 824 824 825 825 825 826 826 826 827 827 827 828 828 828 829 829 829 830 830 830 831 831 831 832 832 832 833 833 833 834 834 834 835 835 835 836 836 836 837 837 837 838 838 838 839 839 839 840 840 840 841 841 841 842 842 842 843 843 843 844 844 844 845 845 845 846 846 846 847 847 847 848 848 848 849 849 849 850 850 850 851 851 851 852 852 852 853 853 853 854 854 854 855 855 855 856 856 856 857 857 857 858 858 858 859 859 859 860 860 860 861 861 861 862 862 862 863 863 863 864 864 864 865 865 865 866 866 866 867 867 867 868 868 868 869 869 869 870 870 870 871 871 871 872 872 872 873 873 873 874 874 874 875 875 875 876 876 876 877 877 877 878 878 878 879 879 879 880 880 880 881 881 881 882 882 882 883 883 883 884 884 884 885 885 885 886 886 886 887 887 887 888 888 888 889 889 889 890 890 890 891 891 891 892 892 892 893 893 893 894 894 894 895 895 895 896 896 896 897 897 897 898 898 898 899 899 899 900 900 900 901 901 901 902 902 902 903 903 903 904 904 904 905 905 905 906 906 906 907 907 907 908 908 908 909 909 909 910 910 910 911 911 911 912 912 912 913 913 913 914 914 914 915 915 915 916 916 916 917 917 917 918 918 918 919 919 919 920 920 920 921 921 921 922 922 922 923 923 923 924 924 924 925 925 925 926 926 926 927 927 927 928 928 928 929 929 929 930 930 930 931 931 931 932 932 932 933 933 933 934 934 934 935 935 935 936 936 936 937 937 937 938 938 938 939 939 939 940 940 940 941 941 941 942 942 942 943 943 943 944 944 944 945 945 945 946 946 946 947 947 947 948 948 948 949 949 949 950 950 950 951 951 951 952 952 952 953 953 953 954 954 954 955 955 955 956 956 956 957 957 957 958 958 958 959 959 959 960 960 960 961 961 961 962 962 962 963 963 963 964 964 964 965 965 965 966 966 966 967 967 967 968 968 968 969 969 969 970 970 970 971 971 971 972 972 972 973 973 973 974 974 974 975 975 975 976 976 976 977 977 977 978 978 978 979 979 979 980 980 980 981 981 981 982 982 982 983 983 983 984 984 984 985 985 985 986 986 986 987 987 987 988 988 988 989 989 989 990 990 990 991 991 991 992 992 992 993 993 993 994 994 994 995 995 995 996 996 996 997 997 997 998 998 998 999 999 999 1000 1000 1000 1001 1001 1001 1002 1002 1002 1003 1003 1003 1004 1004 1004 1005 1005 1005 1006 1006 1006 1007 1007 1007 1008 1008 1008 1009 1009 1009 1010 1010 1010 1011 1011 1011 1012 1012 1012 1013 1013 1013 1014 1014 1014 1015 1015 1015 1016 1016 1016 1017 1017 1017 1018 1018 1018 1019 1019 1019 1020 1020 1020 1021 1021 1021 1022 1022 1022 1023 1023 1023 1024 1024 1024 1025 1025 1025 1026 1026 1026 1027 1027 1027 1028 1028 1028 1029 1029 1029 1030 1030 1030 1031 1031 1031 1032 1032 1032 1033 1033 1033 1034 1034 1034 1035 1035 1035 1036 1036 1036 1037 1037 1037 1038 1038 1038 1039 1039 1039 1040 1040 1040 1041 1041 1041 1042 1042 1042 1043 1043 1043 1044 1044 1044 1045 1045 1045 1046 1046 1046 1047 1047 1047 1048 1048 1048 1049 1049 1049 1050 1050 1050 1051 1051 1051 1052 1052 1052 1053 1053 1053 1054 1054 1054 1055 1055 1055 1056 1056 1056 1057 1057 1057 1058 1058 1058 1059 1059 1059 1060 1060 1060 1061 1061 1061 1062 1062 1062 1063 1063 1063 1064 1064 1064 1065 1065 1065 1066 1066 1066 1067 1067 1067 1068 1068 1068 1069 1069 1069 1070 1070 1070 1071 1071 1071 1072 1072 1072 1073 1073 1073 1074 1074 1074 1075 1075 1075 1076 1076 1076 1077 1077 1077 1078 1078 1078 1079 1079 1079 1080 1080 1080 1081 1081 1081 1082 1082 1082 1083 1083 1083 1084 1084 1084 1085 1085 1085 1086 1086 1086 1087 1087 1087 1088 1088 1088 1089 1089 1089 1090 1090 1090 1091 1091 1091 1092 1092 1092 1093 1093 1093 1094 1094 1094 1095 1095 1095 1096 1096 1096 1097 1097 1097 1098 1098 1098 1099 1099 1099 1100 1100 1100 1101 1101 1101 1102 1102 1102 1103 1103 1103 1104 1104 1104 1105 1105 1105 1106 1106 1106 1107 1107 1107 1108 1108 1108 1109 1109 1109 1110 1110 1110 1111 1111 1111 1112 1112 1112 1113 1113 1113 1114 1114 1114 1115 1115 1115 1116 1116 1116 1117 1117 1117 1118 1118 1118 1119 1119 1119 1120 1120 1120 1121 1121 1121 1122 1122 1122 1123 1123 1123 1124 1124 1124 1125 1125 1125 1126 1126 1126 1127 1127 1127 1128 1128 1128 1129 1129 1129 1130 1130 1130 1131 1131 1131 1132 1132 1132 1133 1133 1133 1134 1134 1134 1135 1135 1135 1136 1136 1136 1137 1137 1137 1138 1138 1138 1139 1139 1139 1140 1140 1140 1141 1141 1141 1142 1142 1142 1143 1143 1143 1144 1144 1144 1145 1145 1145 1146 1146 1146 1147 1147 1147 1148 1148 1148 1149 1149 1149 1150 1150 1150 1151 1151 1151 1152 1152 1152 1153 1153 1153 1154 1154 1154 1155 1155 1155 1156 1156 1156 1157 1157 1157 1158 1158 1158 1159 1159 1159 1160 1160 1160 1161 1161 1161 1162 1162 1162 1163 1163 1163 1164 1164 1164 1165 1165 1165 1166 1166 1166 1167 1167 1167 1168 1168 1168 1169 1169 1169 1170 1170 1170 1171 1171 1171 1172 1172 1172 1173 1173 1173 1174 1174 1174 1175 1175 1175 1176 1176 1176 1177 1177 1177 1178 1178 1178 1179 1179 1179 1180 1180 1180 1181 1181 1181 1182 1182 1182 1183 1183 1183 1184 1184 1184 1185 1185 1185 1186 1186 1186 1187 1187 1187 1188 1188 1188 1189 1189 1189 1190 1190 1190 1191 1191 1191 1192 1192 1192 1193 1193 1193 1194 1194 1194 1195 1195 1195 1196 1196 1196 1197 1197 1197 1198 1198 1198 1199 1199 1199 1200 1200 1200 1201 1201 1201 1202 1202 1202 1203 1203 1203 1204 1204 1204 1205 1205 1205 1206 1206 1206 1207 1207 1207 1208 1208 1208 1209 1209 1209 1210 1210 1210 1211 1211 1211 1212 1212 1212 1213 1213 1213 1214 1214 1214 1215 1215 1215 1216 1216 1216 1217 1217 1217 1218 1218 1218 1219 1219 1219 1220 1220 1220 1221 1221 1221 1222 1222 1222 1223 1223 1223 1224 1224 1224 1225 1225 1225 1226 1226 1226 1227 1227 1227 1228 1228 1228 1229 1229 1229 1230 1230 1230 1231 1231 1231 1232 1232 1232 1233 1233 1233 1234 1234 1234 1235 1235 1235 1236 1236 1236 1237 1237 1237 1238 1238 1238 1239 1239 1239 1240 1240 1240 1241 1241 1241 1242 1242 1242 1243 1243 1243 1244 1244 1244 1245 1245 1245 1246 1246 1246 1247 1247 1247 1248 1248 1248 1249 1249 1249 1250 1250 1250 1251 1251 1251 1252 1252 1252 1253 1253 1253 1254 1254 1254 1255 1255 1255 1256 1256 1256 1257 1257 1257 1258 1258 1258 1259 1259 1259 1260 1260 1260 1261 1261 1261 1262 1262 1262 1263 1263 1263 1264 1264 1264 1265 1265 1265 1266 1266 1266 1267 1267 1267 1268 1268 1268 1269 1269 1269 1270 1270 1270 1271 1271 1271 1272 1272 1272 1273 1273 1273 1274 1274 1274 1275 1275 1275 1276 1276 1276 1277 1277 1277 1278 1278 1278 1279 1279 1279 1280 1280 1280 1281 1281 1281 1282 1282 1282 1283 1283 1283 1284 1284 1284 1285 1285 1285 1286 1286 1286 1287 1287 1287 1288 1288 1288 1289 1289 1289 1290 1290 1290 1291 1291 1291 1292 1292 1292 1293 1293 1293 1294 1294 1294 1295 1295 1295 1296 1296 1296 1297 1297 1297 1298 1298 1298 1299 1299 1299 1300 1300 1300 1301 1301 1301 1302 1302 1302 1303 1303 1303 1304 1304 1304 1305 1305 1305 1306 1306 1306 1307 1307 1307 1308 1308 1308 1309 1309 1309 1310 1310 1310 1311 1311 1311 1312 1312 1312 1313 1313 1313 1314 1314 1314 1315 1315 1315 1316 1316 1316 1317 1317 1317 1318 1318 1318 1319 1319 1319 1320 1320 1320 1321 1321 1321 1322 1322 1322 1323 1323 1323 1324 1324 1324 1325 1325 1325 1326 1326 1326 1327 1327 1327 1328 1328 1328 1329 1329 1329 1330 1330 1330 1331 1331 1331 1332 1332 1332 1333 1333 1333 1334 1334 1334 1335 1335 1335 1336 1336 1336 1337 1337 1337 1338 1338 1338 1339 1339 1339 1340 1340 1340 1341 1341 1341 1342 1342 1342 1343 1343 1343 1344 1344 1344 1345 1345 1345 1346 1346 1346 1347 1347 1347 1348 1348 1348 1349 1349 1349 1350 1350 1350 1351 1351 1351 1352 1352 1352 1353 1353 1353 1354 1354 1354 1355 1355 1355 1356 1356 1356 1357 1357 1357 1358 1358 1358 1359 1359 1359 1360 1360 1360 1361 1361 1361 1362 1362 1362 1363 1363 1363 1364 1364 1364 1365 1365 1365 1366 1366 1366 1367 1367 1367 1368 1368 1368 1369 1369 1369 1370 1370 1370 1371 1371 1371 1372 1372 1372 1373 1373 1373 1374 1374 1374 1375 1375 1375 1376 1376 1376 1377 1377 1377 1378 1378 1378 1379 1379 1379 1380 1380 1380 1381 1381 1381 1382 1382 1382 1383 1383 1383 1384 1384 1384 1385 1385 1385 1386 1386 1386 1387 1387 1387 1388 1388 1388 1389 1389 1389 1390 1390 1390 1391 1391 1391 1392 1392 1392 1393 1393 1393 1394 1394 1394 1395 1395 1395 1396 1396 1396 1397 1397 1397 1398 1398 1398 1399 1399 1399 1400 1400 1400 1401 1401 1401 1402 1402 1402 1403 1403 1403 1404 1404 1404 1405 1405 1405 1406 1406 1406 1407 1407 1407 1408 1408 1408 1409 1409 1409 1410 1410 1410 1411 1411 1411 1412 1412 1412 1413 1413 1413 1414 1414 1414 1415 1415 1415 1416 1416 1416 1417 1417 1417 1418 1418 1418 1419 1419 1419 1420 1420 1420 1421 1421 1421 1422 1422 1422 1423 1423 1423 1424 1424 1424 1425 1425 1425 1426 1426 1426 1427 1427 1427 1428 1428 1428 1429 1429 1429 1430 1430 1430 1431 1431 1431 1432 1432 1432 1433 1433 1433 1434 1434 1434 1435 1435 1435 1436 1436 1436 1437 1437 1437 1438 1438 1438 1439 1439 1439 1440 1440 1440 1441 1441 1441 1442 1442 1442 1443 1443 1443 1444 1444 1444 1445 1445 1445 1446 1446 1446 1447 1447 1447 1448 1448 1448 1449 1449 1449 1450 1450 1450 1451 1451 1451 1452 1452 1452 1453 1453 1453 1454 1454 1454 1455 1455 1455 1456 1456 1456 1457 1457 1457 1458 1458 1458 1459 1459 1459 1460 1460 1460 1461 1461 1461 1462 1462 1462 1463 1463 1463 1464 1464 1464 1465 1465 1465 1466 1466 1466 1467 1467 1467 1468 1468 1468 1469 1469 1469 1470 1470 1470 1471 1471 1471 1472 1472 1472 1473 1473 1473 1474 1474 1474 1475 1475 1475 1476 1476 1476 1477 1477 1477 1478 1478 1478 1479 1479 1479 1480 1480 1480 1481 1481 1481 1482 1482 1482 1483 1483 1483 1484 1484 1484 1485 1485 1485 1486 1486 1486 1487 1487 1487 1488 1488 1488 1489 1489 1489 1490 1490 1490 1491 1491 1491 1492 1492 1492 1493 1493 1493 1494 1494 1494 1495 1495 1495 1496 1496 1496 1497 1497 1497 1498 1498 1498 1499 1499 1499 1500 1500 1500 1501 1501 1501 1502 1502 1502 1503 1503 1503 1504 1504 1504 1505 1505 1505 1506 1506 1506 1507 1507 1507 1508 1508 1508 1509 1509 1509 1510 1510 1510 1511 1511 1511</p></triangles></mesh></geometry><geometry id="rezero-stone"><mesh><source id="rezero-stone-p"><float_array id="rezero-stone-p-array" count="108">-127.99995 -193.704 -138 -127.99995 193.704 -138 -67.08605 193.704 -138 -127.99995 -193.704 -138 -67.08605 193.704 -138 -67.08605 -193.704 -138 -127.99995 -193.704 -128 -67.08605 -193.704 -128 -67.08605 193.704 -128 -127.99995 -193.704 -128 -67.08605 193.704 -128 -127.99995 193.704 -128 -127.99995 -193.704 -138 -67.08605 -193.704 -138 -67.08605 -193.704 -128 -127.99995 -193.704 -138 -67.08605 -193.704 -128 -127.99995 -193.704 -128 -67.08605 -193.704 -138 -67.08605 193.704 -138 -67.08605 193.704 -128 -67.08605 -193.704 -138 -67.08605 193.704 -128 -67.08605 -193.704 -128 -67.08605 193.704 -138 -127.99995 193.704 -138 -127.99995 193.704 -128 -67.08605 193.704 -138 -127.99995 193.704 -128 -67.08605 193.704 -128 -127.99995 193.704 -138 -127.99995 -193.704 -138 -127.99995 -193.704 -128 -127.99995 193.704 -138 -127.99995 -193.704 -128 -127.99995 193.704 -128</float_array><technique_common><accessor source="#rezero-stone-p-array" count="36" stride="3"><param name="X" type="float" /><param name="Y" type="float" /><param name="Z" type="float" /></accessor></technique_common></source><source id="rezero-stone-n"><float_array id="rezero-stone-n-array" count="108">0 0 -1 0 0 -1 0 0 -1 0 0 -1 0 0 -1 0 0 -1 0 0 1 0 0 1 0 0 1 0 0 1 0 0 1 0 0 1 0 -1 0 0 -1 0 0 -1 0 0 -1 0 0 -1 0 0 -1 0 1 0 0 1 0 0 1 0 0 1 0 0 1 0 0 1 0 0 0 1 0 0 1 0 0 1 0 0 1 -0 0 1 -0 0 1 -0 -1 0 0 -1 0 0 -1 0 0 -1 0 0 -1 0 0 -1 0 0</float_array><technique_common><accessor source="#rezero-stone-n-array" count="36" stride="3"><param name="X" type="float" /><param name="Y" type="float" /><param name="Z" type="float" /></accessor></technique_common></source><source id="rezero-stone-uv"><float_array id="rezero-stone-uv-array" count="72">-0.571428348 -0.86475 -0.571428348 0.86475 -0.299491295 0.86475 -0.571428348 -0.86475 -0.299491295 0.86475 -0.299491295 -0.86475 -0.571428348 -0.86475 -0.299491295 -0.86475 -0.299491295 0.86475 -0.571428348 -0.86475 -0.299491295 0.86475 -0.571428348 0.86475 -0.571428348 -0.616071429 -0.299491295 -0.616071429 -0.299491295 -0.571428571 -0.571428348 -0.616071429 -0.299491295 -0.571428571 -0.571428348 -0.571428571 -0.86475 -0.616071429 0.86475 -0.616071429 0.86475 -0.571428571 -0.86475 -0.616071429 0.86475 -0.571428571 -0.86475 -0.571428571 -0.299491295 -0.616071429 -0.571428348 -0.616071429 -0.571428348 -0.571428571 -0.299491295 -0.616071429 -0.571428348 -0.571428571 -0.299491295 -0.571428571 0.86475 -0.616071429 -0.86475 -0.616071429 -0.86475 -0.571428571 0.86475 -0.616071429 -0.86475 -0.571428571 0.86475 -0.571428571</float_array><technique_common><accessor source="#rezero-stone-uv-array" count="36" stride="2"><param name="S" type="float" /><param name="T" type="float" /></accessor></technique_common></source><vertices id="rezero-stone-vertices"><input semantic="POSITION" source="#rezero-stone-p" /></vertices><triangles count="12" material="stone-slot"><input offset="0" semantic="VERTEX" source="#rezero-stone-vertices" /><input offset="1" semantic="NORMAL" source="#rezero-stone-n" /><input offset="2" semantic="TEXCOORD" source="#rezero-stone-uv" set="0" /><p>0 0 0 1 1 1 2 2 2 3 3 3 4 4 4 5 5 5 6 6 6 7 7 7 8 8 8 9 9 9 10 10 10 11 11 11 12 12 12 13 13 13 14 14 14 15 15 15 16 16 16 17 17 17 18 18 18 19 19 19 20 20 20 21 21 21 22 22 22 23 23 23 24 24 24 25 25 25 26 26 26 27 27 27 28 28 28 29 29 29 30 30 30 31 31 31 32 32 32 33 33 33 34 34 34 35 35 35</p></triangles></mesh></geometry><geometry id="rezero-collision"><mesh><source id="rezero-collision-p"><float_array id="rezero-collision-p-array" count="4644">-67.043 175.999996 120.022 -67.043 193.699996 120.0244 -67.043 193.105923 129.547685 -67.043 175.999996 120.022 -67.043 193.105923 129.547685 -67.043 175.460209 128.608568 -128.043 175.460209 128.608568 -128.043 193.105923 129.547685 -128.043 193.699996 120.0244 -128.043 175.460209 128.608568 -128.043 193.699996 120.0244 -128.043 175.999996 120.022 -67.043 175.999996 120.022 -128.043 175.999996 120.022 -128.043 193.699996 120.0244 -67.043 175.999996 120.022 -128.043 193.699996 120.0244 -67.043 193.699996 120.0244 -67.043 193.699996 120.0244 -128.043 193.699996 120.0244 -128.043 193.105923 129.547685 -67.043 193.699996 120.0244 -128.043 193.105923 129.547685 -67.043 193.105923 129.547685 -67.043 193.105923 129.547685 -128.043 193.105923 129.547685 -128.043 175.460209 128.608568 -67.043 193.105923 129.547685 -128.043 175.460209 128.608568 -67.043 175.460209 128.608568 -67.043 175.460209 128.608568 -128.043 175.460209 128.608568 -128.043 175.999996 120.022 -67.043 175.460209 128.608568 -128.043 175.999996 120.022 -67.043 175.999996 120.022 -67.043 175.454685 128.652433 -67.043 193.099844 129.596334 -67.043 191.321288 139.060905 -67.043 175.454685 128.652433 -67.043 191.321288 139.060905 -67.043 173.838651 137.186062 -128.043 173.838651 137.186062 -128.043 191.321288 139.060905 -128.043 193.099844 129.596334 -128.043 173.838651 137.186062 -128.043 193.099844 129.596334 -128.043 175.454685 128.652433 -67.043 175.454685 128.652433 -128.043 175.454685 128.652433 -128.043 193.099844 129.596334 -67.043 175.454685 128.652433 -128.043 193.099844 129.596334 -67.043 193.099844 129.596334 -67.043 193.099844 129.596334 -128.043 193.099844 129.596334 -128.043 191.321288 139.060905 -67.043 193.099844 129.596334 -128.043 191.321288 139.060905 -67.043 191.321288 139.060905 -67.043 191.321288 139.060905 -128.043 191.321288 139.060905 -128.043 173.838651 137.186062 -67.043 191.321288 139.060905 -128.043 173.838651 137.186062 -67.043 173.838651 137.186062 -67.043 173.838651 137.186062 -128.043 173.838651 137.186062 -128.043 175.454685 128.652433 -67.043 173.838651 137.186062 -128.043 175.454685 128.652433 -67.043 175.454685 128.652433 -67.043 173.827638 137.22952 -67.043 191.309167 139.109104 -67.043 188.357093 148.456608 -67.043 173.827638 137.22952 -67.043 188.357093 148.456608 -67.043 171.14532 145.657597 -128.043 171.14532 145.657597 -128.043 188.357093 148.456608 -128.043 191.309167 139.109104 -128.043 171.14532 145.657597 -128.043 191.309167 139.109104 -128.043 173.827638 137.22952 -67.043 173.827638 137.22952 -128.043 173.827638 137.22952 -128.043 191.309167 139.109104 -67.043 173.827638 137.22952 -128.043 191.309167 139.109104 -67.043 191.309167 139.109104 -67.043 191.309167 139.109104 -128.043 191.309167 139.109104 -128.043 188.357093 148.456608 -67.043 191.309167 139.109104 -128.043 188.357093 148.456608 -67.043 188.357093 148.456608 -67.043 188.357093 148.456608 -128.043 188.357093 148.456608 -128.043 171.14532 145.657597 -67.043 188.357093 148.456608 -128.043 171.14532 145.657597 -67.043 171.14532 145.657597 -67.043 171.14532 145.657597 -128.043 171.14532 145.657597 -128.043 173.827638 137.22952 -67.043 171.14532 145.657597 -128.043 173.827638 137.22952 -67.043 173.827638 137.22952 -67.043 171.128885 145.700382 -67.043 188.339006 148.50406 -67.043 184.231615 157.676867 -67.043 171.128885 145.700382 -67.043 184.231615 157.676867 -67.043 167.396821 153.970945 -128.043 167.396821 153.970945 -128.043 184.231615 157.676867 -128.043 188.339006 148.50406 -128.043 167.396821 153.970945 -128.043 188.339006 148.50406 -128.043 171.128885 145.700382 -67.043 171.128885 145.700382 -128.043 171.128885 145.700382 -128.043 188.339006 148.50406 -67.043 171.128885 145.700382 -128.043 188.339006 148.50406 -67.043 188.339006 148.50406 -67.043 188.339006 148.50406 -128.043 188.339006 148.50406 -128.043 184.231615 157.676867 -67.043 188.339006 148.50406 -128.043 184.231615 157.676867 -67.043 184.231615 157.676867 -67.043 184.231615 157.676867 -128.043 184.231615 157.676867 -128.043 167.396821 153.970945 -67.043 184.231615 157.676867 -128.043 167.396821 153.970945 -67.043 167.396821 153.970945 -67.043 167.396821 153.970945 -128.043 167.396821 153.970945 -128.043 171.128885 145.700382 -67.043 167.396821 153.970945 -128.043 171.128885 145.700382 -67.043 171.128885 145.700382 -67.043 167.375066 154.012792 -67.043 184.207672 157.723278 -67.043 178.970287 166.664835 -67.043 167.375066 154.012792 -67.043 178.970287 166.664835 -67.043 162.616265 162.074851 -128.043 162.616265 162.074851 -128.043 178.970287 166.664835 -128.043 184.207672 157.723278 -128.043 162.616265 162.074851 -128.043 184.207672 157.723278 -128.043 167.375066 154.012792 -67.043 167.375066 154.012792 -128.043 167.375066 154.012792 -128.043 184.207672 157.723278 -67.043 167.375066 154.012792 -128.043 184.207672 157.723278 -67.043 184.207672 157.723278 -67.043 184.207672 157.723278 -128.043 184.207672 157.723278 -128.043 178.970287 166.664835 -67.043 184.207672 157.723278 -128.043 178.970287 166.664835 -67.043 178.970287 166.664835 -67.043 178.970287 166.664835 -128.043 178.970287 166.664835 -128.043 162.616265 162.074851 -67.043 178.970287 166.664835 -128.043 162.616265 162.074851 -67.043 162.616265 162.074851 -67.043 162.616265 162.074851 -128.043 162.616265 162.074851 -128.043 167.375066 154.012792 -67.043 162.616265 162.074851 -128.043 167.375066 154.012792 -67.043 167.375066 154.012792 -67.043 162.589324 162.115502 -67.043 178.940637 166.70992 -67.043 172.605548 175.365099 -67.043 162.589324 162.115502 -67.043 172.605548 175.365099 -67.043 156.833126 169.919352 -128.043 156.833126 169.919352 -128.043 172.605548 175.365099 -128.043 178.940637 166.70992 -128.043 156.833126 169.919352 -128.043 178.940637 166.70992 -128.043 162.589324 162.115502 -67.043 162.589324 162.115502 -128.043 162.589324 162.115502 -128.043 178.940637 166.70992 -67.043 162.589324 162.115502 -128.043 178.940637 166.70992 -67.043 178.940637 166.70992 -67.043 178.940637 166.70992 -128.043 178.940637 166.70992 -128.043 172.605548 175.365099 -67.043 178.940637 166.70992 -128.043 172.605548 175.365099 -67.043 172.605548 175.365099 -67.043 172.605548 175.365099 -128.043 172.605548 175.365099 -128.043 156.833126 169.919352 -67.043 172.605548 175.365099 -128.043 156.833126 169.919352 -67.043 156.833126 169.919352 -67.043 156.833126 169.919352 -128.043 156.833126 169.919352 -128.043 162.589324 162.115502 -67.043 156.833126 169.919352 -128.043 162.589324 162.115502 -67.043 162.589324 162.115502 -67.043 156.801165 169.958556 -67.043 172.570373 175.40858 -67.043 165.176638 183.724019 -67.043 156.801165 169.958556 -67.043 165.176638 183.724019 -67.043 150.083058 177.456083 -128.043 150.083058 177.456083 -128.043 165.176638 183.724019 -128.043 172.570373 175.40858 -128.043 150.083058 177.456083 -128.043 172.570373 175.40858 -128.043 156.801165 169.958556 -67.043 156.801165 169.958556 -128.043 156.801165 169.958556 -128.043 172.570373 175.40858 -67.043 156.801165 169.958556 -128.043 172.570373 175.40858 -67.043 172.570373 175.40858 -67.043 172.570373 175.40858 -128.043 172.570373 175.40858 -128.043 165.176638 183.724019 -67.043 172.570373 175.40858 -128.043 165.176638 183.724019 -67.043 165.176638 183.724019 -67.043 165.176638 183.724019 -128.043 165.176638 183.724019 -128.043 150.083058 177.456083 -67.043 165.176638 183.724019 -128.043 150.083058 177.456083 -67.043 150.083058 177.456083 -67.043 150.083058 177.456083 -128.043 150.083058 177.456083 -128.043 156.801165 169.958556 -67.043 150.083058 177.456083 -128.043 156.801165 169.958556 -67.043 156.801165 169.958556 -67.043 150.046274 177.493599 -67.043 165.136155 183.765628 -67.043 156.729359 191.690059 -67.043 150.046274 177.493599 -67.043 156.729359 191.690059 -67.043 142.407678 184.638578 -128.043 142.407678 184.638578 -128.043 156.729359 191.690059 -128.043 165.136155 183.765628 -128.043 142.407678 184.638578 -128.043 165.136155 183.765628 -128.043 150.046274 177.493599 -67.043 150.046274 177.493599 -128.043 150.046274 177.493599 -128.043 165.136155 183.765628 -67.043 150.046274 177.493599 -128.043 165.136155 183.765628 -67.043 165.136155 183.765628 -67.043 165.136155 183.765628 -128.043 165.136155 183.765628 -128.043 156.729359 191.690059 -67.043 165.136155 183.765628 -128.043 156.729359 191.690059 -67.043 156.729359 191.690059 -67.043 156.729359 191.690059 -128.043 156.729359 191.690059 -128.043 142.407678 184.638578 -67.043 156.729359 191.690059 -128.043 142.407678 184.638578 -67.043 142.407678 184.638578 -67.043 142.407678 184.638578 -128.043 142.407678 184.638578 -128.043 150.046274 177.493599 -67.043 142.407678 184.638578 -128.043 150.046274 177.493599 -67.043 150.046274 177.493599 -67.043 142.366298 184.674175 -67.043 156.683818 191.729539 -67.043 147.315792 199.214106 -67.043 142.366298 184.674175 -67.043 147.315792 199.214106 -67.043 133.854308 191.422555 -128.043 133.854308 191.422555 -128.043 147.315792 199.214106 -128.043 156.683818 191.729539 -128.043 133.854308 191.422555 -128.043 156.683818 191.729539 -128.043 142.366298 184.674175 -67.043 142.366298 184.674175 -128.043 142.366298 184.674175 -128.043 156.683818 191.729539 -67.043 142.366298 184.674175 -128.043 156.683818 191.729539 -67.043 156.683818 191.729539 -67.043 156.683818 191.729539 -128.043 156.683818 191.729539 -128.043 147.315792 199.214106 -67.043 156.683818 191.729539 -128.043 147.315792 199.214106 -67.043 147.315792 199.214106 -67.043 147.315792 199.214106 -128.043 147.315792 199.214106 -128.043 133.854308 191.422555 -67.043 147.315792 199.214106 -128.043 133.854308 191.422555 -67.043 133.854308 191.422555 -67.043 133.854308 191.422555 -128.043 133.854308 191.422555 -128.043 142.366298 184.674175 -67.043 133.854308 191.422555 -128.043 142.366298 184.674175 -67.043 142.366298 184.674175 -67.043 133.808587 191.456013 -67.043 147.265473 199.251214 -67.043 136.993974 206.249772 -67.043 133.808587 191.456013 -67.043 136.993974 206.249772 -67.043 124.475681 197.766188 -128.043 124.475681 197.766188 -128.043 136.993974 206.249772 -128.043 147.265473 199.251214 -128.043 124.475681 197.766188 -128.043 147.265473 199.251214 -128.043 133.808587 191.456013 -67.043 133.808587 191.456013 -128.043 133.808587 191.456013 -128.043 147.265473 199.251214 -67.043 133.808587 191.456013 -128.043 147.265473 199.251214 -67.043 147.265473 199.251214 -67.043 147.265473 199.251214 -128.043 147.265473 199.251214 -128.043 136.993974 206.249772 -67.043 147.265473 199.251214 -128.043 136.993974 206.249772 -67.043 136.993974 206.249772 -67.043 136.993974 206.249772 -128.043 136.993974 206.249772 -128.043 124.475681 197.766188 -67.043 136.993974 206.249772 -128.043 124.475681 197.766188 -67.043 124.475681 197.766188 -67.043 124.475681 197.766188 -128.043 124.475681 197.766188 -128.043 133.808587 191.456013 -67.043 124.475681 197.766188 -128.043 133.808587 191.456013 -67.043 133.808587 191.456013 -67.043 124.425901 197.797301 -67.043 136.939187 206.284279 -67.043 125.827543 212.753679 -67.043 124.425901 197.797301 -67.043 125.827543 212.753679 -67.043 114.329621 203.630367 -128.043 114.329621 203.630367 -128.043 125.827543 212.753679 -128.043 136.939187 206.284279 -128.043 114.329621 203.630367 -128.043 136.939187 206.284279 -128.043 124.425901 197.797301 -67.043 124.425901 197.797301 -128.043 124.425901 197.797301 -128.043 136.939187 206.284279 -67.043 124.425901 197.797301 -128.043 136.939187 206.284279 -67.043 136.939187 206.284279 -67.043 136.939187 206.284279 -128.043 136.939187 206.284279 -128.043 125.827543 212.753679 -67.043 136.939187 206.284279 -128.043 125.827543 212.753679 -67.043 125.827543 212.753679 -67.043 125.827543 212.753679 -128.043 125.827543 212.753679 -128.043 114.329621 203.630367 -67.043 125.827543 212.753679 -128.043 114.329621 203.630367 -67.043 114.329621 203.630367 -67.043 114.329621 203.630367 -128.043 114.329621 203.630367 -128.043 124.425901 197.797301 -67.043 114.329621 203.630367 -128.043 124.425901 197.797301 -67.043 124.425901 197.797301 -67.043 114.276088 203.658942 -67.043 125.768626 212.785372 -67.043 113.885342 218.685729 -67.043 114.276088 203.658942 -67.043 113.885342 218.685729 -67.043 103.47868 208.978936 -128.043 103.47868 208.978936 -128.043 113.885342 218.685729 -128.043 125.768626 212.785372 -128.043 103.47868 208.978936 -128.043 125.768626 212.785372 -128.043 114.276088 203.658942 -67.043 114.276088 203.658942 -128.043 114.276088 203.658942 -128.043 125.768626 212.785372 -67.043 114.276088 203.658942 -128.043 125.768626 212.785372 -67.043 125.768626 212.785372 -67.043 125.768626 212.785372 -128.043 125.768626 212.785372 -128.043 113.885342 218.685729 -67.043 125.768626 212.785372 -128.043 113.885342 218.685729 -67.043 113.885342 218.685729 -67.043 113.885342 218.685729 -128.043 113.885342 218.685729 -128.043 103.47868 208.978936 -67.043 113.885342 218.685729 -128.043 103.47868 208.978936 -67.043 103.47868 208.978936 -67.043 103.47868 208.978936 -128.043 103.47868 208.978936 -128.043 114.276088 203.658942 -67.043 103.47868 208.978936 -128.043 114.276088 203.658942 -67.043 114.276088 203.658942 -67.043 103.421725 209.004799 -67.043 113.82266 218.714413 -67.043 101.241001 224.009349 -67.043 103.421725 209.004799 -67.043 101.241001 224.009349 -67.043 91.9897585 213.778921 -128.043 91.9897585 213.778921 -128.043 101.241001 224.009349 -128.043 113.82266 218.714413 -128.043 91.9897585 213.778921 -128.043 113.82266 218.714413 -128.043 103.421725 209.004799 -67.043 103.421725 209.004799 -128.043 103.421725 209.004799 -128.043 113.82266 218.714413 -67.043 103.421725 209.004799 -128.043 113.82266 218.714413 -67.043 113.82266 218.714413 -67.043 113.82266 218.714413 -128.043 113.82266 218.714413 -128.043 101.241001 224.009349 -67.043 113.82266 218.714413 -128.043 101.241001 224.009349 -67.043 101.241001 224.009349 -67.043 101.241001 224.009349 -128.043 101.241001 224.009349 -128.043 91.9897585 213.778921 -67.043 101.241001 224.009349 -128.043 91.9897585 213.778921 -67.043 91.9897585 213.778921 -67.043 91.9897585 213.778921 -128.043 91.9897585 213.778921 -128.043 103.421725 209.004799 -67.043 91.9897585 213.778921 -128.043 103.421725 209.004799 -67.043 103.421725 209.004799 -67.043 91.9297326 213.801911 -67.043 101.174939 224.034847 -67.043 87.9724756 228.691716 -67.043 91.9297326 213.801911 -67.043 87.9724756 228.691716 -67.043 79.9336898 218.000728 -128.043 79.9336898 218.000728 -128.043 87.9724756 228.691716 -128.043 101.174939 224.034847 -128.043 79.9336898 218.000728 -128.043 101.174939 224.034847 -128.043 91.9297326 213.801911 -67.043 91.9297326 213.801911 -128.043 91.9297326 213.801911 -128.043 101.174939 224.034847 -67.043 91.9297326 213.801911 -128.043 101.174939 224.034847 -67.043 101.174939 224.034847 -67.043 101.174939 224.034847 -128.043 101.174939 224.034847 -128.043 87.9724756 228.691716 -67.043 101.174939 224.034847 -128.043 87.9724756 228.691716 -67.043 87.9724756 228.691716 -67.043 87.9724756 228.691716 -128.043 87.9724756 228.691716 -128.043 79.9336898 218.000728 -67.043 87.9724756 228.691716 -128.043 79.9336898 218.000728 -67.043 79.9336898 218.000728 -67.043 79.9336898 218.000728 -128.043 79.9336898 218.000728 -128.043 91.9297326 213.801911 -67.043 79.9336898 218.000728 -128.043 91.9297326 213.801911 -67.043 91.9297326 213.801911 -67.043 79.8709629 218.020703 -67.043 87.9034404 228.713871 -67.043 74.1615705 232.703963 -67.043 79.8709629 218.020703 -67.043 74.1615705 232.703963 -67.043 67.3848033 221.618328 -128.043 67.3848033 221.618328 -128.043 74.1615705 232.703963 -128.043 87.9034404 228.713871 -128.043 67.3848033 221.618328 -128.043 87.9034404 228.713871 -128.043 79.8709629 218.020703 -67.043 79.8709629 218.020703 -128.043 79.8709629 218.020703 -128.043 87.9034404 228.713871 -67.043 79.8709629 218.020703 -128.043 87.9034404 228.713871 -67.043 87.9034404 228.713871 -67.043 87.9034404 228.713871 -128.043 87.9034404 228.713871 -128.043 74.1615705 232.703963 -67.043 87.9034404 228.713871 -128.043 74.1615705 232.703963 -67.043 74.1615705 232.703963 -67.043 74.1615705 232.703963 -128.043 74.1615705 232.703963 -128.043 67.3848033 221.618328 -67.043 74.1615705 232.703963 -128.043 67.3848033 221.618328 -67.043 67.3848033 221.618328 -67.043 67.3848033 221.618328 -128.043 67.3848033 221.618328 -128.043 79.8709629 218.020703 -67.043 67.3848033 221.618328 -128.043 79.8709629 218.020703 -67.043 79.8709629 218.020703 -67.043 67.3197622 221.635166 -67.043 74.0899883 232.722638 -67.043 59.8934345 236.021353 -67.043 67.3197622 221.635166 -67.043 59.8934345 236.021353 -67.043 54.4204671 224.609416 -128.043 54.4204671 224.609416 -128.043 59.8934345 236.021353 -128.043 74.0899883 232.722638 -128.043 54.4204671 224.609416 -128.043 74.0899883 232.722638 -128.043 67.3197622 221.635166 -67.043 67.3197622 221.635166 -128.043 67.3197622 221.635166 -128.043 74.0899883 232.722638 -67.043 67.3197622 221.635166 -128.043 74.0899883 232.722638 -67.043 74.0899883 232.722638 -67.043 74.0899883 232.722638 -128.043 74.0899883 232.722638 -128.043 59.8934345 236.021353 -67.043 74.0899883 232.722638 -128.043 59.8934345 236.021353 -67.043 59.8934345 236.021353 -67.043 59.8934345 236.021353 -128.043 59.8934345 236.021353 -128.043 54.4204671 224.609416 -67.043 59.8934345 236.021353 -128.043 54.4204671 224.609416 -67.043 54.4204671 224.609416 -67.043 54.4204671 224.609416 -128.043 54.4204671 224.609416 -128.043 67.3197622 221.635166 -67.043 54.4204671 224.609416 -128.043 67.3197622 221.635166 -67.043 67.3197622 221.635166 -67.043 54.3535127 224.623013 -67.043 59.8197467 236.036433 -67.043 45.2560357 238.623432 -67.043 54.3535127 224.623013 -67.043 45.2560357 238.623432 -67.043 41.1206106 226.955553 -128.043 41.1206106 226.955553 -128.043 45.2560357 238.623432 -128.043 59.8197467 236.036433 -128.043 41.1206106 226.955553 -128.043 59.8197467 236.036433 -128.043 54.3535127 224.623013 -67.043 54.3535127 224.623013 -128.043 54.3535127 224.623013 -128.043 59.8197467 236.036433 -67.043 54.3535127 224.623013 -128.043 59.8197467 236.036433 -67.043 59.8197467 236.036433 -67.043 59.8197467 236.036433 -128.043 59.8197467 236.036433 -128.043 45.2560357 238.623432 -67.043 59.8197467 236.036433 -128.043 45.2560357 238.623432 -67.043 45.2560357 238.623432 -67.043 45.2560357 238.623432 -128.043 45.2560357 238.623432 -128.043 41.1206106 226.955553 -67.043 45.2560357 238.623432 -128.043 41.1206106 226.955553 -67.043 41.1206106 226.955553 -67.043 41.1206106 226.955553 -128.043 41.1206106 226.955553 -128.043 54.3535127 224.623013 -67.043 41.1206106 226.955553 -128.043 54.3535127 224.623013 -67.043 54.3535127 224.623013 -67.043 41.0521558 226.965825 -67.043 45.1806965 238.634824 -67.043 30.3396183 240.494158 -67.043 41.0521558 226.965825 -67.043 30.3396183 240.494158 -67.043 27.5672319 228.642274 -128.043 27.5672319 228.642274 -128.043 30.3396183 240.494158 -128.043 45.1806965 238.634824 -128.043 27.5672319 228.642274 -128.043 45.1806965 238.634824 -128.043 41.0521558 226.965825 -67.043 41.0521558 226.965825 -128.043 41.0521558 226.965825 -128.043 45.1806965 238.634824 -67.043 41.0521558 226.965825 -128.043 45.1806965 238.634824 -67.043 45.1806965 238.634824 -67.043 45.1806965 238.634824 -128.043 45.1806965 238.634824 -128.043 30.3396183 240.494158 -67.043 45.1806965 238.634824 -128.043 30.3396183 240.494158 -67.043 30.3396183 240.494158 -67.043 30.3396183 240.494158 -128.043 30.3396183 240.494158 -128.043 27.5672319 228.642274 -67.043 30.3396183 240.494158 -128.043 27.5672319 228.642274 -67.043 27.5672319 228.642274 -67.043 27.5672319 228.642274 -128.043 27.5672319 228.642274 -128.043 41.0521558 226.965825 -67.043 27.5672319 228.642274 -128.043 41.0521558 226.965825 -67.043 41.0521558 226.965825 -67.043 27.4976987 228.649157 -67.043 30.2630922 240.501792 -67.043 15.2361471 241.621998 -67.043 27.4976987 228.649157 -67.043 15.2361471 241.621998 -67.043 13.8438921 229.659178 -128.043 13.8438921 229.659178 -128.043 15.2361471 241.621998 -128.043 30.2630922 240.501792 -128.043 13.8438921 229.659178 -128.043 30.2630922 240.501792 -128.043 27.4976987 228.649157 -67.043 27.4976987 228.649157 -128.043 27.4976987 228.649157 -128.043 30.2630922 240.501792 -67.043 27.4976987 228.649157 -128.043 30.2630922 240.501792 -67.043 30.2630922 240.501792 -67.043 30.2630922 240.501792 -128.043 30.2630922 240.501792 -128.043 15.2361471 241.621998 -67.043 30.2630922 240.501792 -128.043 15.2361471 241.621998 -67.043 15.2361471 241.621998 -67.043 15.2361471 241.621998 -128.043 15.2361471 241.621998 -128.043 13.8438921 229.659178 -67.043 15.2361471 241.621998 -128.043 13.8438921 229.659178 -67.043 13.8438921 229.659178 -67.043 13.8438921 229.659178 -128.043 13.8438921 229.659178 -128.043 27.4976987 228.649157 -67.043 13.8438921 229.659178 -128.043 27.4976987 228.649157 -67.043 27.4976987 228.649157 -67.043 13.7737091 229.662631 -67.043 15.158906 241.625827 -67.043 0.0387399997 241.999998 -67.043 13.7737091 229.662631 -67.043 0.0387399997 241.999998 -67.043 0.0351999998 229.999998 -128.043 0.0351999998 229.999998 -128.043 0.0387399997 241.999998 -128.043 15.158906 241.625827 -128.043 0.0351999998 229.999998 -128.043 15.158906 241.625827 -128.043 13.7737091 229.662631 -67.043 13.7737091 229.662631 -128.043 13.7737091 229.662631 -128.043 15.158906 241.625827 -67.043 13.7737091 229.662631 -128.043 15.158906 241.625827 -67.043 15.158906 241.625827 -67.043 15.158906 241.625827 -128.043 15.158906 241.625827 -128.043 0.0387399997 241.999998 -67.043 15.158906 241.625827 -128.043 0.0387399997 241.999998 -67.043 0.0387399997 241.999998 -67.043 0.0387399997 241.999998 -128.043 0.0387399997 241.999998 -128.043 0.0351999998 229.999998 -67.043 0.0387399997 241.999998 -128.043 0.0351999998 229.999998 -67.043 0.0351999998 229.999998 -67.043 0.0351999998 229.999998 -128.043 0.0351999998 229.999998 -128.043 13.7737091 229.662631 -67.043 0.0351999998 229.999998 -128.043 13.7737091 229.662631 -67.043 13.7737091 229.662631 -67.043 -0.0351999998 229.999998 -67.043 -0.0387399997 241.999998 -67.043 -15.158906 241.625827 -67.043 -0.0351999998 229.999998 -67.043 -15.158906 241.625827 -67.043 -13.7737091 229.662631 -128.043 -13.7737091 229.662631 -128.043 -15.158906 241.625827 -128.043 -0.0387399997 241.999998 -128.043 -13.7737091 229.662631 -128.043 -0.0387399997 241.999998 -128.043 -0.0351999998 229.999998 -67.043 -0.0351999998 229.999998 -128.043 -0.0351999998 229.999998 -128.043 -0.0387399997 241.999998 -67.043 -0.0351999998 229.999998 -128.043 -0.0387399997 241.999998 -67.043 -0.0387399997 241.999998 -67.043 -0.0387399997 241.999998 -128.043 -0.0387399997 241.999998 -128.043 -15.158906 241.625827 -67.043 -0.0387399997 241.999998 -128.043 -15.158906 241.625827 -67.043 -15.158906 241.625827 -67.043 -15.158906 241.625827 -128.043 -15.158906 241.625827 -128.043 -13.7737091 229.662631 -67.043 -15.158906 241.625827 -128.043 -13.7737091 229.662631 -67.043 -13.7737091 229.662631 -67.043 -13.7737091 229.662631 -128.043 -13.7737091 229.662631 -128.043 -0.0351999998 229.999998 -67.043 -13.7737091 229.662631 -128.043 -0.0351999998 229.999998 -67.043 -0.0351999998 229.999998 -67.043 -13.8438921 229.659178 -67.043 -15.2361471 241.621998 -67.043 -30.2630922 240.501792 -67.043 -13.8438921 229.659178 -67.043 -30.2630922 240.501792 -67.043 -27.4976987 228.649157 -128.043 -27.4976987 228.649157 -128.043 -30.2630922 240.501792 -128.043 -15.2361471 241.621998 -128.043 -27.4976987 228.649157 -128.043 -15.2361471 241.621998 -128.043 -13.8438921 229.659178 -67.043 -13.8438921 229.659178 -128.043 -13.8438921 229.659178 -128.043 -15.2361471 241.621998 -67.043 -13.8438921 229.659178 -128.043 -15.2361471 241.621998 -67.043 -15.2361471 241.621998 -67.043 -15.2361471 241.621998 -128.043 -15.2361471 241.621998 -128.043 -30.2630922 240.501792 -67.043 -15.2361471 241.621998 -128.043 -30.2630922 240.501792 -67.043 -30.2630922 240.501792 -67.043 -30.2630922 240.501792 -128.043 -30.2630922 240.501792 -128.043 -27.4976987 228.649157 -67.043 -30.2630922 240.501792 -128.043 -27.4976987 228.649157 -67.043 -27.4976987 228.649157 -67.043 -27.4976987 228.649157 -128.043 -27.4976987 228.649157 -128.043 -13.8438921 229.659178 -67.043 -27.4976987 228.649157 -128.043 -13.8438921 229.659178 -67.043 -13.8438921 229.659178 -67.043 -27.5672319 228.642274 -67.043 -30.3396183 240.494158 -67.043 -45.1806965 238.634824 -67.043 -27.5672319 228.642274 -67.043 -45.1806965 238.634824 -67.043 -41.0521558 226.965825 -128.043 -41.0521558 226.965825 -128.043 -45.1806965 238.634824 -128.043 -30.3396183 240.494158 -128.043 -41.0521558 226.965825 -128.043 -30.3396183 240.494158 -128.043 -27.5672319 228.642274 -67.043 -27.5672319 228.642274 -128.043 -27.5672319 228.642274 -128.043 -30.3396183 240.494158 -67.043 -27.5672319 228.642274 -128.043 -30.3396183 240.494158 -67.043 -30.3396183 240.494158 -67.043 -30.3396183 240.494158 -128.043 -30.3396183 240.494158 -128.043 -45.1806965 238.634824 -67.043 -30.3396183 240.494158 -128.043 -45.1806965 238.634824 -67.043 -45.1806965 238.634824 -67.043 -45.1806965 238.634824 -128.043 -45.1806965 238.634824 -128.043 -41.0521558 226.965825 -67.043 -45.1806965 238.634824 -128.043 -41.0521558 226.965825 -67.043 -41.0521558 226.965825 -67.043 -41.0521558 226.965825 -128.043 -41.0521558 226.965825 -128.043 -27.5672319 228.642274 -67.043 -41.0521558 226.965825 -128.043 -27.5672319 228.642274 -67.043 -27.5672319 228.642274 -67.043 -41.1206106 226.955553 -67.043 -45.2560357 238.623432 -67.043 -59.8197467 236.036433 -67.043 -41.1206106 226.955553 -67.043 -59.8197467 236.036433 -67.043 -54.3535127 224.623013 -128.043 -54.3535127 224.623013 -128.043 -59.8197467 236.036433 -128.043 -45.2560357 238.623432 -128.043 -54.3535127 224.623013 -128.043 -45.2560357 238.623432 -128.043 -41.1206106 226.955553 -67.043 -41.1206106 226.955553 -128.043 -41.1206106 226.955553 -128.043 -45.2560357 238.623432 -67.043 -41.1206106 226.955553 -128.043 -45.2560357 238.623432 -67.043 -45.2560357 238.623432 -67.043 -45.2560357 238.623432 -128.043 -45.2560357 238.623432 -128.043 -59.8197467 236.036433 -67.043 -45.2560357 238.623432 -128.043 -59.8197467 236.036433 -67.043 -59.8197467 236.036433 -67.043 -59.8197467 236.036433 -128.043 -59.8197467 236.036433 -128.043 -54.3535127 224.623013 -67.043 -59.8197467 236.036433 -128.043 -54.3535127 224.623013 -67.043 -54.3535127 224.623013 -67.043 -54.3535127 224.623013 -128.043 -54.3535127 224.623013 -128.043 -41.1206106 226.955553 -67.043 -54.3535127 224.623013 -128.043 -41.1206106 226.955553 -67.043 -41.1206106 226.955553 -67.043 -54.4204671 224.609416 -67.043 -59.8934345 236.021353 -67.043 -74.0899883 232.722638 -67.043 -54.4204671 224.609416 -67.043 -74.0899883 232.722638 -67.043 -67.3197622 221.635166 -128.043 -67.3197622 221.635166 -128.043 -74.0899883 232.722638 -128.043 -59.8934345 236.021353 -128.043 -67.3197622 221.635166 -128.043 -59.8934345 236.021353 -128.043 -54.4204671 224.609416 -67.043 -54.4204671 224.609416 -128.043 -54.4204671 224.609416 -128.043 -59.8934345 236.021353 -67.043 -54.4204671 224.609416 -128.043 -59.8934345 236.021353 -67.043 -59.8934345 236.021353 -67.043 -59.8934345 236.021353 -128.043 -59.8934345 236.021353 -128.043 -74.0899883 232.722638 -67.043 -59.8934345 236.021353 -128.043 -74.0899883 232.722638 -67.043 -74.0899883 232.722638 -67.043 -74.0899883 232.722638 -128.043 -74.0899883 232.722638 -128.043 -67.3197622 221.635166 -67.043 -74.0899883 232.722638 -128.043 -67.3197622 221.635166 -67.043 -67.3197622 221.635166 -67.043 -67.3197622 221.635166 -128.043 -67.3197622 221.635166 -128.043 -54.4204671 224.609416 -67.043 -67.3197622 221.635166 -128.043 -54.4204671 224.609416 -67.043 -54.4204671 224.609416 -67.043 -67.3848033 221.618328 -67.043 -74.1615705 232.703963 -67.043 -87.9034404 228.713871 -67.043 -67.3848033 221.618328 -67.043 -87.9034404 228.713871 -67.043 -79.8709629 218.020703 -128.043 -79.8709629 218.020703 -128.043 -87.9034404 228.713871 -128.043 -74.1615705 232.703963 -128.043 -79.8709629 218.020703 -128.043 -74.1615705 232.703963 -128.043 -67.3848033 221.618328 -67.043 -67.3848033 221.618328 -128.043 -67.3848033 221.618328 -128.043 -74.1615705 232.703963 -67.043 -67.3848033 221.618328 -128.043 -74.1615705 232.703963 -67.043 -74.1615705 232.703963 -67.043 -74.1615705 232.703963 -128.043 -74.1615705 232.703963 -128.043 -87.9034404 228.713871 -67.043 -74.1615705 232.703963 -128.043 -87.9034404 228.713871 -67.043 -87.9034404 228.713871 -67.043 -87.9034404 228.713871 -128.043 -87.9034404 228.713871 -128.043 -79.8709629 218.020703 -67.043 -87.9034404 228.713871 -128.043 -79.8709629 218.020703 -67.043 -79.8709629 218.020703 -67.043 -79.8709629 218.020703 -128.043 -79.8709629 218.020703 -128.043 -67.3848033 221.618328 -67.043 -79.8709629 218.020703 -128.043 -67.3848033 221.618328 -67.043 -67.3848033 221.618328 -67.043 -79.9336898 218.000728 -67.043 -87.9724756 228.691716 -67.043 -101.174939 224.034847 -67.043 -79.9336898 218.000728 -67.043 -101.174939 224.034847 -67.043 -91.9297326 213.801911 -128.043 -91.9297326 213.801911 -128.043 -101.174939 224.034847 -128.043 -87.9724756 228.691716 -128.043 -91.9297326 213.801911 -128.043 -87.9724756 228.691716 -128.043 -79.9336898 218.000728 -67.043 -79.9336898 218.000728 -128.043 -79.9336898 218.000728 -128.043 -87.9724756 228.691716 -67.043 -79.9336898 218.000728 -128.043 -87.9724756 228.691716 -67.043 -87.9724756 228.691716 -67.043 -87.9724756 228.691716 -128.043 -87.9724756 228.691716 -128.043 -101.174939 224.034847 -67.043 -87.9724756 228.691716 -128.043 -101.174939 224.034847 -67.043 -101.174939 224.034847 -67.043 -101.174939 224.034847 -128.043 -101.174939 224.034847 -128.043 -91.9297326 213.801911 -67.043 -101.174939 224.034847 -128.043 -91.9297326 213.801911 -67.043 -91.9297326 213.801911 -67.043 -91.9297326 213.801911 -128.043 -91.9297326 213.801911 -128.043 -79.9336898 218.000728 -67.043 -91.9297326 213.801911 -128.043 -79.9336898 218.000728 -67.043 -79.9336898 218.000728 -67.043 -91.9897585 213.778921 -67.043 -101.241001 224.009349 -67.043 -113.82266 218.714413 -67.043 -91.9897585 213.778921 -67.043 -113.82266 218.714413 -67.043 -103.421725 209.004799 -128.043 -103.421725 209.004799 -128.043 -113.82266 218.714413 -128.043 -101.241001 224.009349 -128.043 -103.421725 209.004799 -128.043 -101.241001 224.009349 -128.043 -91.9897585 213.778921 -67.043 -91.9897585 213.778921 -128.043 -91.9897585 213.778921 -128.043 -101.241001 224.009349 -67.043 -91.9897585 213.778921 -128.043 -101.241001 224.009349 -67.043 -101.241001 224.009349 -67.043 -101.241001 224.009349 -128.043 -101.241001 224.009349 -128.043 -113.82266 218.714413 -67.043 -101.241001 224.009349 -128.043 -113.82266 218.714413 -67.043 -113.82266 218.714413 -67.043 -113.82266 218.714413 -128.043 -113.82266 218.714413 -128.043 -103.421725 209.004799 -67.043 -113.82266 218.714413 -128.043 -103.421725 209.004799 -67.043 -103.421725 209.004799 -67.043 -103.421725 209.004799 -128.043 -103.421725 209.004799 -128.043 -91.9897585 213.778921 -67.043 -103.421725 209.004799 -128.043 -91.9897585 213.778921 -67.043 -91.9897585 213.778921 -67.043 -103.47868 208.978936 -67.043 -113.885342 218.685729 -67.043 -125.768626 212.785372 -67.043 -103.47868 208.978936 -67.043 -125.768626 212.785372 -67.043 -114.276088 203.658942 -128.043 -114.276088 203.658942 -128.043 -125.768626 212.785372 -128.043 -113.885342 218.685729 -128.043 -114.276088 203.658942 -128.043 -113.885342 218.685729 -128.043 -103.47868 208.978936 -67.043 -103.47868 208.978936 -128.043 -103.47868 208.978936 -128.043 -113.885342 218.685729 -67.043 -103.47868 208.978936 -128.043 -113.885342 218.685729 -67.043 -113.885342 218.685729 -67.043 -113.885342 218.685729 -128.043 -113.885342 218.685729 -128.043 -125.768626 212.785372 -67.043 -113.885342 218.685729 -128.043 -125.768626 212.785372 -67.043 -125.768626 212.785372 -67.043 -125.768626 212.785372 -128.043 -125.768626 212.785372 -128.043 -114.276088 203.658942 -67.043 -125.768626 212.785372 -128.043 -114.276088 203.658942 -67.043 -114.276088 203.658942 -67.043 -114.276088 203.658942 -128.043 -114.276088 203.658942 -128.043 -103.47868 208.978936 -67.043 -114.276088 203.658942 -128.043 -103.47868 208.978936 -67.043 -103.47868 208.978936 -67.043 -114.329621 203.630367 -67.043 -125.827543 212.753679 -67.043 -136.939187 206.284279 -67.043 -114.329621 203.630367 -67.043 -136.939187 206.284279 -67.043 -124.425901 197.797301 -128.043 -124.425901 197.797301 -128.043 -136.939187 206.284279 -128.043 -125.827543 212.753679 -128.043 -124.425901 197.797301 -128.043 -125.827543 212.753679 -128.043 -114.329621 203.630367 -67.043 -114.329621 203.630367 -128.043 -114.329621 203.630367 -128.043 -125.827543 212.753679 -67.043 -114.329621 203.630367 -128.043 -125.827543 212.753679 -67.043 -125.827543 212.753679 -67.043 -125.827543 212.753679 -128.043 -125.827543 212.753679 -128.043 -136.939187 206.284279 -67.043 -125.827543 212.753679 -128.043 -136.939187 206.284279 -67.043 -136.939187 206.284279 -67.043 -136.939187 206.284279 -128.043 -136.939187 206.284279 -128.043 -124.425901 197.797301 -67.043 -136.939187 206.284279 -128.043 -124.425901 197.797301 -67.043 -124.425901 197.797301 -67.043 -124.425901 197.797301 -128.043 -124.425901 197.797301 -128.043 -114.329621 203.630367 -67.043 -124.425901 197.797301 -128.043 -114.329621 203.630367 -67.043 -114.329621 203.630367 -67.043 -124.475681 197.766188 -67.043 -136.993974 206.249772 -67.043 -147.265473 199.251214 -67.043 -124.475681 197.766188 -67.043 -147.265473 199.251214 -67.043 -133.808587 191.456013 -128.043 -133.808587 191.456013 -128.043 -147.265473 199.251214 -128.043 -136.993974 206.249772 -128.043 -133.808587 191.456013 -128.043 -136.993974 206.249772 -128.043 -124.475681 197.766188 -67.043 -124.475681 197.766188 -128.043 -124.475681 197.766188 -128.043 -136.993974 206.249772 -67.043 -124.475681 197.766188 -128.043 -136.993974 206.249772 -67.043 -136.993974 206.249772 -67.043 -136.993974 206.249772 -128.043 -136.993974 206.249772 -128.043 -147.265473 199.251214 -67.043 -136.993974 206.249772 -128.043 -147.265473 199.251214 -67.043 -147.265473 199.251214 -67.043 -147.265473 199.251214 -128.043 -147.265473 199.251214 -128.043 -133.808587 191.456013 -67.043 -147.265473 199.251214 -128.043 -133.808587 191.456013 -67.043 -133.808587 191.456013 -67.043 -133.808587 191.456013 -128.043 -133.808587 191.456013 -128.043 -124.475681 197.766188 -67.043 -133.808587 191.456013 -128.043 -124.475681 197.766188 -67.043 -124.475681 197.766188 -67.043 -133.854308 191.422555 -67.043 -147.315792 199.214106 -67.043 -156.683818 191.729539 -67.043 -133.854308 191.422555 -67.043 -156.683818 191.729539 -67.043 -142.366298 184.674175 -128.043 -142.366298 184.674175 -128.043 -156.683818 191.729539 -128.043 -147.315792 199.214106 -128.043 -142.366298 184.674175 -128.043 -147.315792 199.214106 -128.043 -133.854308 191.422555 -67.043 -133.854308 191.422555 -128.043 -133.854308 191.422555 -128.043 -147.315792 199.214106 -67.043 -133.854308 191.422555 -128.043 -147.315792 199.214106 -67.043 -147.315792 199.214106 -67.043 -147.315792 199.214106 -128.043 -147.315792 199.214106 -128.043 -156.683818 191.729539 -67.043 -147.315792 199.214106 -128.043 -156.683818 191.729539 -67.043 -156.683818 191.729539 -67.043 -156.683818 191.729539 -128.043 -156.683818 191.729539 -128.043 -142.366298 184.674175 -67.043 -156.683818 191.729539 -128.043 -142.366298 184.674175 -67.043 -142.366298 184.674175 -67.043 -142.366298 184.674175 -128.043 -142.366298 184.674175 -128.043 -133.854308 191.422555 -67.043 -142.366298 184.674175 -128.043 -133.854308 191.422555 -67.043 -133.854308 191.422555 -67.043 -142.407678 184.638578 -67.043 -156.729359 191.690059 -67.043 -165.136155 183.765628 -67.043 -142.407678 184.638578 -67.043 -165.136155 183.765628 -67.043 -150.046274 177.493599 -128.043 -150.046274 177.493599 -128.043 -165.136155 183.765628 -128.043 -156.729359 191.690059 -128.043 -150.046274 177.493599 -128.043 -156.729359 191.690059 -128.043 -142.407678 184.638578 -67.043 -142.407678 184.638578 -128.043 -142.407678 184.638578 -128.043 -156.729359 191.690059 -67.043 -142.407678 184.638578 -128.043 -156.729359 191.690059 -67.043 -156.729359 191.690059 -67.043 -156.729359 191.690059 -128.043 -156.729359 191.690059 -128.043 -165.136155 183.765628 -67.043 -156.729359 191.690059 -128.043 -165.136155 183.765628 -67.043 -165.136155 183.765628 -67.043 -165.136155 183.765628 -128.043 -165.136155 183.765628 -128.043 -150.046274 177.493599 -67.043 -165.136155 183.765628 -128.043 -150.046274 177.493599 -67.043 -150.046274 177.493599 -67.043 -150.046274 177.493599 -128.043 -150.046274 177.493599 -128.043 -142.407678 184.638578 -67.043 -150.046274 177.493599 -128.043 -142.407678 184.638578 -67.043 -142.407678 184.638578 -67.043 -150.083058 177.456083 -67.043 -165.176638 183.724019 -67.043 -172.570373 175.40858 -67.043 -150.083058 177.456083 -67.043 -172.570373 175.40858 -67.043 -156.801165 169.958556 -128.043 -156.801165 169.958556 -128.043 -172.570373 175.40858 -128.043 -165.176638 183.724019 -128.043 -156.801165 169.958556 -128.043 -165.176638 183.724019 -128.043 -150.083058 177.456083 -67.043 -150.083058 177.456083 -128.043 -150.083058 177.456083 -128.043 -165.176638 183.724019 -67.043 -150.083058 177.456083 -128.043 -165.176638 183.724019 -67.043 -165.176638 183.724019 -67.043 -165.176638 183.724019 -128.043 -165.176638 183.724019 -128.043 -172.570373 175.40858 -67.043 -165.176638 183.724019 -128.043 -172.570373 175.40858 -67.043 -172.570373 175.40858 -67.043 -172.570373 175.40858 -128.043 -172.570373 175.40858 -128.043 -156.801165 169.958556 -67.043 -172.570373 175.40858 -128.043 -156.801165 169.958556 -67.043 -156.801165 169.958556 -67.043 -156.801165 169.958556 -128.043 -156.801165 169.958556 -128.043 -150.083058 177.456083 -67.043 -156.801165 169.958556 -128.043 -150.083058 177.456083 -67.043 -150.083058 177.456083 -67.043 -156.833126 169.919352 -67.043 -172.605548 175.365099 -67.043 -178.940637 166.70992 -67.043 -156.833126 169.919352 -67.043 -178.940637 166.70992 -67.043 -162.589324 162.115502 -128.043 -162.589324 162.115502 -128.043 -178.940637 166.70992 -128.043 -172.605548 175.365099 -128.043 -162.589324 162.115502 -128.043 -172.605548 175.365099 -128.043 -156.833126 169.919352 -67.043 -156.833126 169.919352 -128.043 -156.833126 169.919352 -128.043 -172.605548 175.365099 -67.043 -156.833126 169.919352 -128.043 -172.605548 175.365099 -67.043 -172.605548 175.365099 -67.043 -172.605548 175.365099 -128.043 -172.605548 175.365099 -128.043 -178.940637 166.70992 -67.043 -172.605548 175.365099 -128.043 -178.940637 166.70992 -67.043 -178.940637 166.70992 -67.043 -178.940637 166.70992 -128.043 -178.940637 166.70992 -128.043 -162.589324 162.115502 -67.043 -178.940637 166.70992 -128.043 -162.589324 162.115502 -67.043 -162.589324 162.115502 -67.043 -162.589324 162.115502 -128.043 -162.589324 162.115502 -128.043 -156.833126 169.919352 -67.043 -162.589324 162.115502 -128.043 -156.833126 169.919352 -67.043 -156.833126 169.919352 -67.043 -162.616265 162.074851 -67.043 -178.970287 166.664835 -67.043 -184.207672 157.723278 -67.043 -162.616265 162.074851 -67.043 -184.207672 157.723278 -67.043 -167.375066 154.012792 -128.043 -167.375066 154.012792 -128.043 -184.207672 157.723278 -128.043 -178.970287 166.664835 -128.043 -167.375066 154.012792 -128.043 -178.970287 166.664835 -128.043 -162.616265 162.074851 -67.043 -162.616265 162.074851 -128.043 -162.616265 162.074851 -128.043 -178.970287 166.664835 -67.043 -162.616265 162.074851 -128.043 -178.970287 166.664835 -67.043 -178.970287 166.664835 -67.043 -178.970287 166.664835 -128.043 -178.970287 166.664835 -128.043 -184.207672 157.723278 -67.043 -178.970287 166.664835 -128.043 -184.207672 157.723278 -67.043 -184.207672 157.723278 -67.043 -184.207672 157.723278 -128.043 -184.207672 157.723278 -128.043 -167.375066 154.012792 -67.043 -184.207672 157.723278 -128.043 -167.375066 154.012792 -67.043 -167.375066 154.012792 -67.043 -167.375066 154.012792 -128.043 -167.375066 154.012792 -128.043 -162.616265 162.074851 -67.043 -167.375066 154.012792 -128.043 -162.616265 162.074851 -67.043 -162.616265 162.074851 -67.043 -167.396821 153.970945 -67.043 -184.231615 157.676867 -67.043 -188.339006 148.50406 -67.043 -167.396821 153.970945 -67.043 -188.339006 148.50406 -67.043 -171.128885 145.700382 -128.043 -171.128885 145.700382 -128.043 -188.339006 148.50406 -128.043 -184.231615 157.676867 -128.043 -171.128885 145.700382 -128.043 -184.231615 157.676867 -128.043 -167.396821 153.970945 -67.043 -167.396821 153.970945 -128.043 -167.396821 153.970945 -128.043 -184.231615 157.676867 -67.043 -167.396821 153.970945 -128.043 -184.231615 157.676867 -67.043 -184.231615 157.676867 -67.043 -184.231615 157.676867 -128.043 -184.231615 157.676867 -128.043 -188.339006 148.50406 -67.043 -184.231615 157.676867 -128.043 -188.339006 148.50406 -67.043 -188.339006 148.50406 -67.043 -188.339006 148.50406 -128.043 -188.339006 148.50406 -128.043 -171.128885 145.700382 -67.043 -188.339006 148.50406 -128.043 -171.128885 145.700382 -67.043 -171.128885 145.700382 -67.043 -171.128885 145.700382 -128.043 -171.128885 145.700382 -128.043 -167.396821 153.970945 -67.043 -171.128885 145.700382 -128.043 -167.396821 153.970945 -67.043 -167.396821 153.970945 -67.043 -171.14532 145.657597 -67.043 -188.357093 148.456608 -67.043 -191.309167 139.109104 -67.043 -171.14532 145.657597 -67.043 -191.309167 139.109104 -67.043 -173.827638 137.22952 -128.043 -173.827638 137.22952 -128.043 -191.309167 139.109104 -128.043 -188.357093 148.456608 -128.043 -173.827638 137.22952 -128.043 -188.357093 148.456608 -128.043 -171.14532 145.657597 -67.043 -171.14532 145.657597 -128.043 -171.14532 145.657597 -128.043 -188.357093 148.456608 -67.043 -171.14532 145.657597 -128.043 -188.357093 148.456608 -67.043 -188.357093 148.456608 -67.043 -188.357093 148.456608 -128.043 -188.357093 148.456608 -128.043 -191.309167 139.109104 -67.043 -188.357093 148.456608 -128.043 -191.309167 139.109104 -67.043 -191.309167 139.109104 -67.043 -191.309167 139.109104 -128.043 -191.309167 139.109104 -128.043 -173.827638 137.22952 -67.043 -191.309167 139.109104 -128.043 -173.827638 137.22952 -67.043 -173.827638 137.22952 -67.043 -173.827638 137.22952 -128.043 -173.827638 137.22952 -128.043 -171.14532 145.657597 -67.043 -173.827638 137.22952 -128.043 -171.14532 145.657597 -67.043 -171.14532 145.657597 -67.043 -173.838651 137.186062 -67.043 -191.321288 139.060905 -67.043 -193.099844 129.596334 -67.043 -173.838651 137.186062 -67.043 -193.099844 129.596334 -67.043 -175.454685 128.652433 -128.043 -175.454685 128.652433 -128.043 -193.099844 129.596334 -128.043 -191.321288 139.060905 -128.043 -175.454685 128.652433 -128.043 -191.321288 139.060905 -128.043 -173.838651 137.186062 -67.043 -173.838651 137.186062 -128.043 -173.838651 137.186062 -128.043 -191.321288 139.060905 -67.043 -173.838651 137.186062 -128.043 -191.321288 139.060905 -67.043 -191.321288 139.060905 -67.043 -191.321288 139.060905 -128.043 -191.321288 139.060905 -128.043 -193.099844 129.596334 -67.043 -191.321288 139.060905 -128.043 -193.099844 129.596334 -67.043 -193.099844 129.596334 -67.043 -193.099844 129.596334 -128.043 -193.099844 129.596334 -128.043 -175.454685 128.652433 -67.043 -193.099844 129.596334 -128.043 -175.454685 128.652433 -67.043 -175.454685 128.652433 -67.043 -175.454685 128.652433 -128.043 -175.454685 128.652433 -128.043 -173.838651 137.186062 -67.043 -175.454685 128.652433 -128.043 -173.838651 137.186062 -67.043 -173.838651 137.186062 -67.043 -175.460209 128.608568 -67.043 -193.105923 129.547685 -67.043 -193.699996 120.0244 -67.043 -175.460209 128.608568 -67.043 -193.699996 120.0244 -67.043 -175.999996 120.022 -128.043 -175.999996 120.022 -128.043 -193.699996 120.0244 -128.043 -193.105923 129.547685 -128.043 -175.999996 120.022 -128.043 -193.105923 129.547685 -128.043 -175.460209 128.608568 -67.043 -175.460209 128.608568 -128.043 -175.460209 128.608568 -128.043 -193.105923 129.547685 -67.043 -175.460209 128.608568 -128.043 -193.105923 129.547685 -67.043 -193.105923 129.547685 -67.043 -193.105923 129.547685 -128.043 -193.105923 129.547685 -128.043 -193.699996 120.0244 -67.043 -193.105923 129.547685 -128.043 -193.699996 120.0244 -67.043 -193.699996 120.0244 -67.043 -193.699996 120.0244 -128.043 -193.699996 120.0244 -128.043 -175.999996 120.022 -67.043 -193.699996 120.0244 -128.043 -175.999996 120.022 -67.043 -175.999996 120.022 -67.043 -175.999996 120.022 -128.043 -175.999996 120.022 -128.043 -175.460209 128.608568 -67.043 -175.999996 120.022 -128.043 -175.460209 128.608568 -67.043 -175.460209 128.608568 -127.99995 -193.75 -128 -127.99995 -178.25 -128 -67.08605 -178.25 -128 -127.99995 -193.75 -128 -67.08605 -178.25 -128 -67.08605 -193.75 -128 -127.99995 -193.75 120 -67.08605 -193.75 120 -67.08605 -178.25 120 -127.99995 -193.75 120 -67.08605 -178.25 120 -127.99995 -178.25 120 -127.99995 -193.75 -128 -67.08605 -193.75 -128 -67.08605 -193.75 120 -127.99995 -193.75 -128 -67.08605 -193.75 120 -127.99995 -193.75 120 -67.08605 -193.75 -128 -67.08605 -178.25 -128 -67.08605 -178.25 120 -67.08605 -193.75 -128 -67.08605 -178.25 120 -67.08605 -193.75 120 -67.08605 -178.25 -128 -127.99995 -178.25 -128 -127.99995 -178.25 120 -67.08605 -178.25 -128 -127.99995 -178.25 120 -67.08605 -178.25 120 -127.99995 -178.25 -128 -127.99995 -193.75 -128 -127.99995 -193.75 120 -127.99995 -178.25 -128 -127.99995 -193.75 120 -127.99995 -178.25 120 -127.99995 178.25 -128 -127.99995 193.75 -128 -67.08605 193.75 -128 -127.99995 178.25 -128 -67.08605 193.75 -128 -67.08605 178.25 -128 -127.99995 178.25 120 -67.08605 178.25 120 -67.08605 193.75 120 -127.99995 178.25 120 -67.08605 193.75 120 -127.99995 193.75 120 -127.99995 178.25 -128 -67.08605 178.25 -128 -67.08605 178.25 120 -127.99995 178.25 -128 -67.08605 178.25 120 -127.99995 178.25 120 -67.08605 178.25 -128 -67.08605 193.75 -128 -67.08605 193.75 120 -67.08605 178.25 -128 -67.08605 193.75 120 -67.08605 178.25 120 -67.08605 193.75 -128 -127.99995 193.75 -128 -127.99995 193.75 120 -67.08605 193.75 -128 -127.99995 193.75 120 -67.08605 193.75 120 -127.99995 193.75 -128 -127.99995 178.25 -128 -127.99995 178.25 120 -127.99995 193.75 -128 -127.99995 178.25 120 -127.99995 193.75 120 -127.99995 -193.704 -138 -127.99995 193.704 -138 -67.08605 193.704 -138 -127.99995 -193.704 -138 -67.08605 193.704 -138 -67.08605 -193.704 -138 -127.99995 -193.704 -128 -67.08605 -193.704 -128 -67.08605 193.704 -128 -127.99995 -193.704 -128 -67.08605 193.704 -128 -127.99995 193.704 -128 -127.99995 -193.704 -138 -67.08605 -193.704 -138 -67.08605 -193.704 -128 -127.99995 -193.704 -138 -67.08605 -193.704 -128 -127.99995 -193.704 -128 -67.08605 -193.704 -138 -67.08605 193.704 -138 -67.08605 193.704 -128 -67.08605 -193.704 -138 -67.08605 193.704 -128 -67.08605 -193.704 -128 -67.08605 193.704 -138 -127.99995 193.704 -138 -127.99995 193.704 -128 -67.08605 193.704 -138 -127.99995 193.704 -128 -67.08605 193.704 -128 -127.99995 193.704 -138 -127.99995 -193.704 -138 -127.99995 -193.704 -128 -127.99995 193.704 -138 -127.99995 -193.704 -128 -127.99995 193.704 -128</float_array><technique_common><accessor source="#rezero-collision-p-array" count="1548" stride="3"><param name="X" type="float" /><param name="Y" type="float" /><param name="Z" type="float" /></accessor></technique_common></source><source id="rezero-collision-n"><float_array id="rezero-collision-n-array" count="4644">1 0 0 1 0 0 1 0 0 1 0 0 1 0 0 1 0 0 -1 -0 0 -1 -0 0 -1 -0 0 -1 0 0 -1 0 0 -1 0 0 -0 0.000135593221 -0.999999991 -0 0.000135593221 -0.999999991 -0 0.000135593221 -0.999999991 -0 0.000135593221 -0.999999991 -0 0.000135593221 -0.999999991 -0 0.000135593221 -0.999999991 0 0.99805996 0.0622600743 0 0.99805996 0.0622600743 0 0.99805996 0.0622600743 -0 0.99805996 0.0622600743 -0 0.99805996 0.0622600743 -0 0.99805996 0.0622600743 -0 -0.0531454461 0.998586782 -0 -0.0531454461 0.998586782 -0 -0.0531454461 0.998586782 -0 -0.0531454461 0.998586782 -0 -0.0531454461 0.998586782 -0 -0.0531454461 0.998586782 -0 -0.998029885 -0.0627403216 -0 -0.998029885 -0.0627403216 -0 -0.998029885 -0.0627403216 -0 -0.998029885 -0.0627403216 -0 -0.998029885 -0.0627403216 -0 -0.998029885 -0.0627403216 1 0 0 1 0 0 1 0 0 1 0 0 1 0 0 1 0 0 -1 -0 0 -1 -0 0 -1 -0 0 -1 0 0 -1 0 0 -1 0 0 -0 0.0534171511 -0.998572285 -0 0.0534171511 -0.998572285 -0 0.0534171511 -0.998572285 -0 0.0534171511 -0.998572285 -0 0.0534171511 -0.998572285 -0 0.0534171511 -0.998572285 0 0.982797828 0.184684676 0 0.982797828 0.184684676 0 0.982797828 0.184684676 -0 0.982797828 0.184684676 -0 0.982797828 0.184684676 -0 0.982797828 0.184684676 -0 -0.106628902 0.994298887 -0 -0.106628902 0.994298887 -0 -0.106628902 0.994298887 -0 -0.106628902 0.994298887 -0 -0.106628902 0.994298887 -0 -0.106628902 0.994298887 -0 -0.982537337 -0.186065532 -0 -0.982537337 -0.186065532 -0 -0.982537337 -0.186065532 -0 -0.982537337 -0.186065532 -0 -0.982537337 -0.186065532 -0 -0.982537337 -0.186065532 1 0 0 1 0 0 1 0 0 1 0 0 1 0 0 1 0 0 -1 -0 0 -1 -0 0 -1 -0 0 -1 0 0 -1 0 0 -1 0 0 -0 0.106902152 -0.994269546 -0 0.106902152 -0.994269546 -0 0.106902152 -0.994269546 -0 0.106902152 -0.994269546 -0 0.106902152 -0.994269546 -0 0.106902152 -0.994269546 0 0.95357591 0.30115276 0 0.95357591 0.30115276 0 0.95357591 0.30115276 -0 0.95357591 0.30115276 -0 0.95357591 0.30115276 -0 0.95357591 0.30115276 -0 -0.160513253 0.987033685 -0 -0.160513253 0.987033685 -0 -0.160513253 0.987033685 -0 -0.160513253 0.987033685 -0 -0.160513253 0.987033685 -0 -0.160513253 0.987033685 -0 -0.952904311 -0.303271124 -0 -0.952904311 -0.303271124 -0 -0.952904311 -0.303271124 -0 -0.952904311 -0.303271124 -0 -0.952904311 -0.303271124 -0 -0.952904311 -0.303271124 1 0 0 1 0 0 1 0 0 1 0 0 1 0 0 1 0 0 -1 -0 0 -1 -0 0 -1 -0 0 -1 0 0 -1 0 0 -1 0 0 -0 0.160789038 -0.986988797 -0 0.160789038 -0.986988797 -0 0.160789038 -0.986988797 -0 0.160789038 -0.986988797 -0 0.160789038 -0.986988797 -0 0.160789038 -0.986988797 0 0.912678481 0.408678346 0 0.912678481 0.408678346 0 0.912678481 0.408678346 -0 0.912678481 0.408678346 -0 0.912678481 0.408678346 -0 0.912678481 0.408678346 -0 -0.214987203 0.976616866 -0 -0.214987203 0.976616866 -0 -0.214987203 0.976616866 -0 -0.214987203 0.976616866 -0 -0.214987203 0.976616866 -0 -0.214987203 0.976616866 -0 -0.911495776 -0.411309433 -0 -0.911495776 -0.411309433 -0 -0.911495776 -0.411309433 -0 -0.911495776 -0.411309433 -0 -0.911495776 -0.411309433 -0 -0.911495776 -0.411309433 1 0 0 1 0 0 1 0 0 1 0 0 1 0 0 1 0 0 -1 -0 0 -1 -0 0 -1 -0 0 -1 0 0 -1 0 0 -1 0 0 -0 0.215266449 -0.976555352 -0 0.215266449 -0.976555352 -0 0.215266449 -0.976555352 -0 0.215266449 -0.976555352 -0 0.215266449 -0.976555352 -0 0.215266449 -0.976555352 0 0.862875465 0.505416592 0 0.862875465 0.505416592 0 0.862875465 0.505416592 -0 0.862875465 0.505416592 -0 0.862875465 0.505416592 -0 0.862875465 0.505416592 -0 -0.270222615 0.96279787 -0 -0.270222615 0.96279787 -0 -0.270222615 0.96279787 -0 -0.270222615 0.96279787 -0 -0.270222615 0.96279787 -0 -0.270222615 0.96279787 -0 -0.861167041 -0.508322071 -0 -0.861167041 -0.508322071 -0 -0.861167041 -0.508322071 -0 -0.861167041 -0.508322071 -0 -0.861167041 -0.508322071 -0 -0.861167041 -0.508322071 1 0 0 1 0 0 1 0 0 1 0 0 1 0 0 1 0 0 -1 -0 0 -1 -0 0 -1 -0 0 -1 0 0 -1 0 0 -1 0 0 -0 0.270506138 -0.96271825 -0 0.270506138 -0.96271825 -0 0.270506138 -0.96271825 -0 0.270506138 -0.96271825 -0 0.270506138 -0.96271825 -0 0.270506138 -0.96271825 0 0.806940071 0.590633323 0 0.806940071 0.590633323 0 0.806940071 0.590633323 -0 0.806940071 0.590633323 -0 0.806940071 0.590633323 -0 0.806940071 0.590633323 -0 -0.326364579 0.945243969 -0 -0.326364579 0.945243969 -0 -0.326364579 0.945243969 -0 -0.326364579 0.945243969 -0 -0.326364579 0.945243969 -0 -0.326364579 0.945243969 -0 -0.804760581 -0.593599535 -0 -0.804760581 -0.593599535 -0 -0.804760581 -0.593599535 -0 -0.804760581 -0.593599535 -0 -0.804760581 -0.593599535 -0 -0.804760581 -0.593599535 1 0 0 1 0 0 1 0 0 1 0 0 1 0 0 1 0 0 -1 -0 0 -1 -0 0 -1 -0 0 -1 0 0 -1 0 0 -1 0 0 -0 0.326653028 -0.945144327 -0 0.326653028 -0.945144327 -0 0.326653028 -0.945144327 -0 0.326653028 -0.945144327 -0 0.326653028 -0.945144327 -0 0.326653028 -0.945144327 0 0.747309643 0.664475957 0 0.747309643 0.664475957 0 0.747309643 0.664475957 -0 0.747309643 0.664475957 -0 0.747309643 0.664475957 -0 0.747309643 0.664475957 -0 -0.383517369 0.923533664 -0 -0.383517369 0.923533664 -0 -0.383517369 0.923533664 -0 -0.383517369 0.923533664 -0 -0.383517369 0.923533664 -0 -0.383517369 0.923533664 -0 -0.744757705 -0.667334969 -0 -0.744757705 -0.667334969 -0 -0.744757705 -0.667334969 -0 -0.744757705 -0.667334969 -0 -0.744757705 -0.667334969 -0 -0.744757705 -0.667334969 1 0 0 1 0 0 1 0 0 1 0 0 1 0 0 1 0 0 -1 -0 0 -1 -0 0 -1 -0 0 -1 0 0 -1 0 0 -1 0 0 -0 0.38381114 -0.923411614 -0 0.38381114 -0.923411614 -0 0.38381114 -0.923411614 -0 0.38381114 -0.923411614 -0 0.38381114 -0.923411614 -0 0.38381114 -0.923411614 0 0.685922324 0.727674766 0 0.685922324 0.727674766 0 0.685922324 0.727674766 -0 0.685922324 0.727674766 -0 0.685922324 0.727674766 -0 0.685922324 0.727674766 -0 -0.441724735 0.897150633 -0 -0.441724735 0.897150633 -0 -0.441724735 0.897150633 -0 -0.441724735 0.897150633 -0 -0.441724735 0.897150633 -0 -0.441724735 0.897150633 -0 -0.683116128 -0.730309767 -0 -0.683116128 -0.730309767 -0 -0.683116128 -0.730309767 -0 -0.683116128 -0.730309767 -0 -0.683116128 -0.730309767 -0 -0.683116128 -0.730309767 1 0 0 1 0 0 1 0 0 1 0 0 1 0 0 1 0 0 -1 0 0 -1 0 0 -1 0 0 -1 -0 0 -1 -0 0 -1 -0 0 -0 0.442023852 -0.897003296 -0 0.442023852 -0.897003296 -0 0.442023852 -0.897003296 -0 0.442023852 -0.897003296 -0 0.442023852 -0.897003296 -0 0.442023852 -0.897003296 0 0.624193848 0.781269505 0 0.624193848 0.781269505 0 0.624193848 0.781269505 -0 0.624193848 0.781269505 -0 0.624193848 0.781269505 -0 0.624193848 0.781269505 -0 -0.500942875 0.86548035 -0 -0.500942875 0.86548035 -0 -0.500942875 0.86548035 -0 -0.500942875 0.86548035 -0 -0.500942875 0.86548035 -0 -0.500942875 0.86548035 -0 -0.621252927 -0.783610108 -0 -0.621252927 -0.783610108 -0 -0.621252927 -0.783610108 -0 -0.621252927 -0.783610108 -0 -0.621252927 -0.783610108 -0 -0.621252927 -0.783610108 1 0 0 1 0 0 1 0 0 1 0 0 1 0 0 1 0 0 -1 0 0 -1 0 0 -1 0 0 -1 -0 0 -1 -0 0 -1 -0 0 -0 0.501246834 -0.865304346 -0 0.501246834 -0.865304346 -0 0.501246834 -0.865304346 -0 0.501246834 -0.865304346 -0 0.501246834 -0.865304346 -0 0.501246834 -0.865304346 0 0.563076639 0.826404682 0 0.563076639 0.826404682 0 0.563076639 0.826404682 -0 0.563076639 0.826404682 -0 0.563076639 0.826404682 -0 0.563076639 0.826404682 -0 -0.561004525 0.827812734 -0 -0.561004525 0.827812734 -0 -0.561004525 0.827812734 -0 -0.561004525 0.827812734 -0 -0.561004525 0.827812734 -0 -0.561004525 0.827812734 -0 -0.560110775 -0.82841772 -0 -0.560110775 -0.82841772 -0 -0.560110775 -0.82841772 -0 -0.560110775 -0.82841772 -0 -0.560110775 -0.82841772 -0 -0.560110775 -0.82841772 1 0 0 1 0 0 1 0 0 1 0 0 1 0 0 1 0 0 -1 0 0 -1 0 0 -1 0 0 -1 -0 0 -1 -0 0 -1 -0 0 -0 0.561312086 -0.827604218 -0 0.561312086 -0.827604218 -0 0.561312086 -0.827604218 -0 0.561312086 -0.827604218 -0 0.561312086 -0.827604218 -0 0.561312086 -0.827604218 0 0.503151739 0.864198083 0 0.503151739 0.864198083 0 0.503151739 0.864198083 -0 0.503151739 0.864198083 -0 0.503151739 0.864198083 -0 0.503151739 0.864198083 -0 -0.621573325 0.783355987 -0 -0.621573325 0.783355987 -0 -0.621573325 0.783355987 -0 -0.621573325 0.783355987 -0 -0.621573325 0.783355987 -0 -0.621573325 0.783355987 -0 -0.500255707 -0.865877721 -0 -0.500255707 -0.865877721 -0 -0.500255707 -0.865877721 -0 -0.500255707 -0.865877721 -0 -0.500255707 -0.865877721 -0 -0.500255707 -0.865877721 1 0 0 1 0 0 1 0 0 1 0 0 1 0 0 1 0 0 -1 0 0 -1 0 0 -1 0 0 -1 -0 0 -1 -0 0 -1 -0 0 -0 0.62188225 -0.783110763 -0 0.62188225 -0.783110763 -0 0.62188225 -0.783110763 -0 0.62188225 -0.783110763 -0 0.62188225 -0.783110763 -0 0.62188225 -0.783110763 0 0.444722469 0.895668424 0 0.444722469 0.895668424 0 0.444722469 0.895668424 -0 0.444722469 0.895668424 -0 0.444722469 0.895668424 -0 0.444722469 0.895668424 -0 -0.682089429 0.731268768 -0 -0.682089429 0.731268768 -0 -0.682089429 0.731268768 -0 -0.682089429 0.731268768 -0 -0.682089429 0.731268768 -0 -0.682089429 0.731268768 -0 -0.441974677 -0.897027528 -0 -0.441974677 -0.897027528 -0 -0.441974677 -0.897027528 -0 -0.441974677 -0.897027528 -0 -0.441974677 -0.897027528 -0 -0.441974677 -0.897027528 1 0 0 1 0 0 1 0 0 1 0 0 1 0 0 1 0 0 -1 0 0 -1 0 0 -1 0 0 -1 -0 0 -1 -0 0 -1 -0 0 -0 0.682396194 -0.730982513 -0 0.682396194 -0.730982513 -0 0.682396194 -0.730982513 -0 0.682396194 -0.730982513 -0 0.682396194 -0.730982513 -0 0.682396194 -0.730982513 0 0.387894912 0.921703606 0 0.387894912 0.921703606 0 0.387894912 0.921703606 -0 0.387894912 0.921703606 -0 0.387894912 0.921703606 -0 0.387894912 0.921703606 -0 -0.741710999 0.670719609 -0 -0.741710999 0.670719609 -0 -0.741710999 0.670719609 -0 -0.741710999 0.670719609 -0 -0.741710999 0.670719609 -0 -0.741710999 0.670719609 -0 -0.385358264 -0.922767039 -0 -0.385358264 -0.922767039 -0 -0.385358264 -0.922767039 -0 -0.385358264 -0.922767039 -0 -0.385358264 -0.922767039 -0 -0.385358264 -0.922767039 1 0 0 1 0 0 1 0 0 1 0 0 1 0 0 1 0 0 -1 0 0 -1 0 0 -1 0 0 -1 -0 0 -1 -0 0 -1 -0 0 -0 0.742010501 -0.670388258 -0 0.742010501 -0.670388258 -0 0.742010501 -0.670388258 -0 0.742010501 -0.670388258 -0 0.742010501 -0.670388258 -0 0.742010501 -0.670388258 0 0.332640777 0.943053611 0 0.332640777 0.943053611 0 0.332640777 0.943053611 -0 0.332640777 0.943053611 -0 0.332640777 0.943053611 -0 0.332640777 0.943053611 -0 -0.799262158 0.600982531 -0 -0.799262158 0.600982531 -0 -0.799262158 0.600982531 -0 -0.799262158 0.600982531 -0 -0.799262158 0.600982531 -0 -0.799262158 0.600982531 -0 -0.330364566 -0.943853407 -0 -0.330364566 -0.943853407 -0 -0.330364566 -0.943853407 -0 -0.330364566 -0.943853407 -0 -0.330364566 -0.943853407 -0 -0.330364566 -0.943853407 1 0 0 1 0 0 1 0 0 1 0 0 1 0 0 1 0 0 -1 0 0 -1 0 0 -1 0 0 -1 -0 0 -1 -0 0 -1 -0 0 -0 0.799547489 -0.600602875 -0 0.799547489 -0.600602875 -0 0.799547489 -0.600602875 -0 0.799547489 -0.600602875 -0 0.799547489 -0.600602875 -0 0.799547489 -0.600602875 0 0.278843512 0.960336553 0 0.278843512 0.960336553 0 0.278843512 0.960336553 -0 0.278843512 0.960336553 -0 0.278843512 0.960336553 -0 0.278843512 0.960336553 -0 -0.853206075 0.521573958 -0 -0.853206075 0.521573958 -0 -0.853206075 0.521573958 -0 -0.853206075 0.521573958 -0 -0.853206075 0.521573958 -0 -0.853206075 0.521573958 -0 -0.276865598 -0.960908654 -0 -0.276865598 -0.960908654 -0 -0.276865598 -0.960908654 -0 -0.276865598 -0.960908654 -0 -0.276865598 -0.960908654 -0 -0.276865598 -0.960908654 1 0 0 1 0 0 1 0 0 1 0 0 1 0 0 1 0 0 -1 0 0 -1 0 0 -1 0 0 -1 -0 0 -1 -0 0 -1 -0 0 -0 0.853468497 -0.521144438 -0 0.853468497 -0.521144438 -0 0.853468497 -0.521144438 -0 0.853468497 -0.521144438 -0 0.853468497 -0.521144438 -0 0.853468497 -0.521144438 0 0.226330606 0.974050541 0 0.226330606 0.974050541 0 0.226330606 0.974050541 -0 0.226330606 0.974050541 -0 0.226330606 0.974050541 -0 0.226330606 0.974050541 -0 -0.901669788 0.432425247 -0 -0.901669788 0.432425247 -0 -0.901669788 0.432425247 -0 -0.901669788 0.432425247 -0 -0.901669788 0.432425247 -0 -0.901669788 0.432425247 -0 -0.224679505 -0.974432717 -0 -0.224679505 -0.974432717 -0 -0.224679505 -0.974432717 -0 -0.224679505 -0.974432717 -0 -0.224679505 -0.974432717 -0 -0.224679505 -0.974432717 1 0 0 1 0 0 1 0 0 1 0 0 1 0 0 1 0 0 -1 0 0 -1 0 0 -1 0 0 -1 -0 0 -1 -0 0 -1 -0 0 -0 0.901899041 -0.431946895 -0 0.901899041 -0.431946895 -0 0.901899041 -0.431946895 -0 0.901899041 -0.431946895 -0 0.901899041 -0.431946895 -0 0.901899041 -0.431946895 0 0.174895383 0.984587023 0 0.174895383 0.984587023 0 0.174895383 0.984587023 -0 0.174895383 0.984587023 -0 0.174895383 0.984587023 -0 0.174895383 0.984587023 -0 -0.942549629 0.334066157 -0 -0.942549629 0.334066157 -0 -0.942549629 0.334066157 -0 -0.942549629 0.334066157 -0 -0.942549629 0.334066157 -0 -0.942549629 0.334066157 -0 -0.173592063 -0.984817646 -0 -0.173592063 -0.984817646 -0 -0.173592063 -0.984817646 -0 -0.173592063 -0.984817646 -0 -0.173592063 -0.984817646 -0 -0.173592063 -0.984817646 1 0 0 1 0 0 1 0 0 1 0 0 1 0 0 1 0 0 -1 0 0 -1 0 0 -1 0 0 -1 -0 0 -1 -0 0 -1 -0 0 -0 0.942734716 -0.333543484 -0 0.942734716 -0.333543484 -0 0.942734716 -0.333543484 -0 0.942734716 -0.333543484 -0 0.942734716 -0.333543484 -0 0.942734716 -0.333543484 0 0.124311173 0.992243283 0 0.124311173 0.992243283 0 0.124311173 0.992243283 -0 0.124311173 0.992243283 -0 0.124311173 0.992243283 -0 0.124311173 0.992243283 -0 -0.973714767 0.227770832 -0 -0.973714767 0.227770832 -0 -0.973714767 0.227770832 -0 -0.973714767 0.227770832 -0 -0.973714767 0.227770832 -0 -0.973714767 0.227770832 -0 -0.123370508 -0.992360679 -0 -0.123370508 -0.992360679 -0 -0.123370508 -0.992360679 -0 -0.123370508 -0.992360679 -0 -0.123370508 -0.992360679 -0 -0.123370508 -0.992360679 1 0 0 1 0 0 1 0 0 1 0 0 1 0 0 1 0 0 -1 0 0 -1 0 0 -1 0 0 -1 -0 0 -1 -0 0 -1 -0 0 -0 0.973845234 -0.227212368 -0 0.973845234 -0.227212368 -0 0.973845234 -0.227212368 -0 0.973845234 -0.227212368 -0 0.973845234 -0.227212368 -0 0.973845234 -0.227212368 0 0.074340197 0.997232939 0 0.074340197 0.997232939 0 0.074340197 0.997232939 -0 0.074340197 0.997232939 -0 0.074340197 0.997232939 -0 0.074340197 0.997232939 -0 -0.993295663 0.115601586 -0 -0.993295663 0.115601586 -0 -0.993295663 0.115601586 -0 -0.993295663 0.115601586 -0 -0.993295663 0.115601586 -0 -0.993295663 0.115601586 -0 -0.0737720562 -0.997275129 -0 -0.0737720562 -0.997275129 -0 -0.0737720562 -0.997275129 -0 -0.0737720562 -0.997275129 -0 -0.0737720562 -0.997275129 -0 -0.0737720562 -0.997275129 1 0 0 1 0 0 1 0 0 1 0 0 1 0 0 1 0 0 -1 0 0 -1 0 0 -1 0 0 -1 -0 0 -1 -0 0 -1 -0 0 -0 0.993363207 -0.115019733 -0 0.993363207 -0.115019733 -0 0.993363207 -0.115019733 -0 0.993363207 -0.115019733 -0 0.993363207 -0.115019733 -0 0.993363207 -0.115019733 0 0.0247389056 0.999693946 0 0.0247389056 0.999693946 0 0.0247389056 0.999693946 -0 0.0247389056 0.999693946 -0 0.0247389056 0.999693946 -0 0.0247389056 0.999693946 -0 -0.999999956 0.000294999991 -0 -0.999999956 0.000294999991 -0 -0.999999956 0.000294999991 -0 -0.999999956 0.000294999991 -0 -0.999999956 0.000294999991 -0 -0.999999956 0.000294999991 -0 -0.0245489163 -0.99969863 -0 -0.0245489163 -0.99969863 -0 -0.0245489163 -0.99969863 -0 -0.0245489163 -0.99969863 -0 -0.0245489163 -0.99969863 -0 -0.0245489163 -0.99969863 1 0 0 1 0 0 1 0 0 1 -0 0 1 -0 0 1 -0 0 -1 0 -0 -1 0 -0 -1 0 -0 -1 0 0 -1 0 0 -1 0 0 0 0.999999956 0.000294999991 0 0.999999956 0.000294999991 0 0.999999956 0.000294999991 -0 0.999999956 0.000294999991 -0 0.999999956 0.000294999991 -0 0.999999956 0.000294999991 -0 -0.0247389056 0.999693946 -0 -0.0247389056 0.999693946 -0 -0.0247389056 0.999693946 -0 -0.0247389056 0.999693946 -0 -0.0247389056 0.999693946 -0 -0.0247389056 0.999693946 -0 -0.993363207 -0.115019733 -0 -0.993363207 -0.115019733 -0 -0.993363207 -0.115019733 -0 -0.993363207 -0.115019733 -0 -0.993363207 -0.115019733 -0 -0.993363207 -0.115019733 -0 0.0245489163 -0.99969863 -0 0.0245489163 -0.99969863 -0 0.0245489163 -0.99969863 -0 0.0245489163 -0.99969863 -0 0.0245489163 -0.99969863 -0 0.0245489163 -0.99969863 1 0 0 1 0 0 1 0 0 1 -0 0 1 -0 0 1 -0 0 -1 0 -0 -1 0 -0 -1 0 -0 -1 0 0 -1 0 0 -1 0 0 0 0.993295663 0.115601586 0 0.993295663 0.115601586 0 0.993295663 0.115601586 -0 0.993295663 0.115601586 -0 0.993295663 0.115601586 -0 0.993295663 0.115601586 -0 -0.074340197 0.997232939 -0 -0.074340197 0.997232939 -0 -0.074340197 0.997232939 -0 -0.074340197 0.997232939 -0 -0.074340197 0.997232939 -0 -0.074340197 0.997232939 -0 -0.973845234 -0.227212368 -0 -0.973845234 -0.227212368 -0 -0.973845234 -0.227212368 -0 -0.973845234 -0.227212368 -0 -0.973845234 -0.227212368 -0 -0.973845234 -0.227212368 -0 0.0737720562 -0.997275129 -0 0.0737720562 -0.997275129 -0 0.0737720562 -0.997275129 -0 0.0737720562 -0.997275129 -0 0.0737720562 -0.997275129 -0 0.0737720562 -0.997275129 1 0 0 1 0 0 1 0 0 1 -0 0 1 -0 0 1 -0 0 -1 0 -0 -1 0 -0 -1 0 -0 -1 0 0 -1 0 0 -1 0 0 0 0.973714767 0.227770832 0 0.973714767 0.227770832 0 0.973714767 0.227770832 -0 0.973714767 0.227770832 -0 0.973714767 0.227770832 -0 0.973714767 0.227770832 -0 -0.124311173 0.992243283 -0 -0.124311173 0.992243283 -0 -0.124311173 0.992243283 -0 -0.124311173 0.992243283 -0 -0.124311173 0.992243283 -0 -0.124311173 0.992243283 -0 -0.942734716 -0.333543484 -0 -0.942734716 -0.333543484 -0 -0.942734716 -0.333543484 -0 -0.942734716 -0.333543484 -0 -0.942734716 -0.333543484 -0 -0.942734716 -0.333543484 -0 0.123370508 -0.992360679 -0 0.123370508 -0.992360679 -0 0.123370508 -0.992360679 -0 0.123370508 -0.992360679 -0 0.123370508 -0.992360679 -0 0.123370508 -0.992360679 1 0 0 1 0 0 1 0 0 1 -0 0 1 -0 0 1 -0 0 -1 0 -0 -1 0 -0 -1 0 -0 -1 0 0 -1 0 0 -1 0 0 0 0.942549629 0.334066157 0 0.942549629 0.334066157 0 0.942549629 0.334066157 -0 0.942549629 0.334066157 -0 0.942549629 0.334066157 -0 0.942549629 0.334066157 -0 -0.174895383 0.984587023 -0 -0.174895383 0.984587023 -0 -0.174895383 0.984587023 -0 -0.174895383 0.984587023 -0 -0.174895383 0.984587023 -0 -0.174895383 0.984587023 -0 -0.901899041 -0.431946895 -0 -0.901899041 -0.431946895 -0 -0.901899041 -0.431946895 -0 -0.901899041 -0.431946895 -0 -0.901899041 -0.431946895 -0 -0.901899041 -0.431946895 -0 0.173592063 -0.984817646 -0 0.173592063 -0.984817646 -0 0.173592063 -0.984817646 -0 0.173592063 -0.984817646 -0 0.173592063 -0.984817646 -0 0.173592063 -0.984817646 1 0 0 1 0 0 1 0 0 1 -0 0 1 -0 0 1 -0 0 -1 0 -0 -1 0 -0 -1 0 -0 -1 0 0 -1 0 0 -1 0 0 0 0.901669788 0.432425247 0 0.901669788 0.432425247 0 0.901669788 0.432425247 -0 0.901669788 0.432425247 -0 0.901669788 0.432425247 -0 0.901669788 0.432425247 -0 -0.226330606 0.974050541 -0 -0.226330606 0.974050541 -0 -0.226330606 0.974050541 -0 -0.226330606 0.974050541 -0 -0.226330606 0.974050541 -0 -0.226330606 0.974050541 -0 -0.853468497 -0.521144438 -0 -0.853468497 -0.521144438 -0 -0.853468497 -0.521144438 -0 -0.853468497 -0.521144438 -0 -0.853468497 -0.521144438 -0 -0.853468497 -0.521144438 -0 0.224679505 -0.974432717 -0 0.224679505 -0.974432717 -0 0.224679505 -0.974432717 -0 0.224679505 -0.974432717 -0 0.224679505 -0.974432717 -0 0.224679505 -0.974432717 1 0 0 1 0 0 1 0 0 1 -0 0 1 -0 0 1 -0 0 -1 0 -0 -1 0 -0 -1 0 -0 -1 0 0 -1 0 0 -1 0 0 0 0.853206075 0.521573958 0 0.853206075 0.521573958 0 0.853206075 0.521573958 -0 0.853206075 0.521573958 -0 0.853206075 0.521573958 -0 0.853206075 0.521573958 -0 -0.278843512 0.960336553 -0 -0.278843512 0.960336553 -0 -0.278843512 0.960336553 -0 -0.278843512 0.960336553 -0 -0.278843512 0.960336553 -0 -0.278843512 0.960336553 -0 -0.799547489 -0.600602875 -0 -0.799547489 -0.600602875 -0 -0.799547489 -0.600602875 -0 -0.799547489 -0.600602875 -0 -0.799547489 -0.600602875 -0 -0.799547489 -0.600602875 -0 0.276865598 -0.960908654 -0 0.276865598 -0.960908654 -0 0.276865598 -0.960908654 -0 0.276865598 -0.960908654 -0 0.276865598 -0.960908654 -0 0.276865598 -0.960908654 1 0 0 1 0 0 1 0 0 1 -0 0 1 -0 0 1 -0 0 -1 0 -0 -1 0 -0 -1 0 -0 -1 0 0 -1 0 0 -1 0 0 0 0.799262158 0.600982531 0 0.799262158 0.600982531 0 0.799262158 0.600982531 -0 0.799262158 0.600982531 -0 0.799262158 0.600982531 -0 0.799262158 0.600982531 -0 -0.332640777 0.943053611 -0 -0.332640777 0.943053611 -0 -0.332640777 0.943053611 -0 -0.332640777 0.943053611 -0 -0.332640777 0.943053611 -0 -0.332640777 0.943053611 -0 -0.742010501 -0.670388258 -0 -0.742010501 -0.670388258 -0 -0.742010501 -0.670388258 -0 -0.742010501 -0.670388258 -0 -0.742010501 -0.670388258 -0 -0.742010501 -0.670388258 -0 0.330364566 -0.943853407 -0 0.330364566 -0.943853407 -0 0.330364566 -0.943853407 -0 0.330364566 -0.943853407 -0 0.330364566 -0.943853407 -0 0.330364566 -0.943853407 1 0 0 1 0 0 1 0 0 1 -0 0 1 -0 0 1 -0 0 -1 0 -0 -1 0 -0 -1 0 -0 -1 0 0 -1 0 0 -1 0 0 0 0.741710999 0.670719609 0 0.741710999 0.670719609 0 0.741710999 0.670719609 -0 0.741710999 0.670719609 -0 0.741710999 0.670719609 -0 0.741710999 0.670719609 -0 -0.387894912 0.921703606 -0 -0.387894912 0.921703606 -0 -0.387894912 0.921703606 -0 -0.387894912 0.921703606 -0 -0.387894912 0.921703606 -0 -0.387894912 0.921703606 -0 -0.682396194 -0.730982513 -0 -0.682396194 -0.730982513 -0 -0.682396194 -0.730982513 -0 -0.682396194 -0.730982513 -0 -0.682396194 -0.730982513 -0 -0.682396194 -0.730982513 -0 0.385358264 -0.922767039 -0 0.385358264 -0.922767039 -0 0.385358264 -0.922767039 -0 0.385358264 -0.922767039 -0 0.385358264 -0.922767039 -0 0.385358264 -0.922767039 1 0 0 1 0 0 1 0 0 1 -0 0 1 -0 0 1 -0 0 -1 0 -0 -1 0 -0 -1 0 -0 -1 0 0 -1 0 0 -1 0 0 0 0.682089429 0.731268768 0 0.682089429 0.731268768 0 0.682089429 0.731268768 -0 0.682089429 0.731268768 -0 0.682089429 0.731268768 -0 0.682089429 0.731268768 -0 -0.444722469 0.895668424 -0 -0.444722469 0.895668424 -0 -0.444722469 0.895668424 -0 -0.444722469 0.895668424 -0 -0.444722469 0.895668424 -0 -0.444722469 0.895668424 -0 -0.62188225 -0.783110763 -0 -0.62188225 -0.783110763 -0 -0.62188225 -0.783110763 -0 -0.62188225 -0.783110763 -0 -0.62188225 -0.783110763 -0 -0.62188225 -0.783110763 -0 0.441974677 -0.897027528 -0 0.441974677 -0.897027528 -0 0.441974677 -0.897027528 -0 0.441974677 -0.897027528 -0 0.441974677 -0.897027528 -0 0.441974677 -0.897027528 1 0 0 1 0 0 1 0 0 1 -0 0 1 -0 0 1 -0 0 -1 0 0 -1 0 0 -1 0 0 -1 0 -0 -1 0 -0 -1 0 -0 0 0.621573325 0.783355987 0 0.621573325 0.783355987 0 0.621573325 0.783355987 -0 0.621573325 0.783355987 -0 0.621573325 0.783355987 -0 0.621573325 0.783355987 -0 -0.503151739 0.864198083 -0 -0.503151739 0.864198083 -0 -0.503151739 0.864198083 -0 -0.503151739 0.864198083 -0 -0.503151739 0.864198083 -0 -0.503151739 0.864198083 -0 -0.561312086 -0.827604218 -0 -0.561312086 -0.827604218 -0 -0.561312086 -0.827604218 -0 -0.561312086 -0.827604218 -0 -0.561312086 -0.827604218 -0 -0.561312086 -0.827604218 -0 0.500255707 -0.865877721 -0 0.500255707 -0.865877721 -0 0.500255707 -0.865877721 -0 0.500255707 -0.865877721 -0 0.500255707 -0.865877721 -0 0.500255707 -0.865877721 1 0 0 1 0 0 1 0 0 1 -0 0 1 -0 0 1 -0 0 -1 0 0 -1 0 0 -1 0 0 -1 0 -0 -1 0 -0 -1 0 -0 0 0.561004525 0.827812734 0 0.561004525 0.827812734 0 0.561004525 0.827812734 -0 0.561004525 0.827812734 -0 0.561004525 0.827812734 -0 0.561004525 0.827812734 -0 -0.563076639 0.826404682 -0 -0.563076639 0.826404682 -0 -0.563076639 0.826404682 -0 -0.563076639 0.826404682 -0 -0.563076639 0.826404682 -0 -0.563076639 0.826404682 -0 -0.501246834 -0.865304346 -0 -0.501246834 -0.865304346 -0 -0.501246834 -0.865304346 -0 -0.501246834 -0.865304346 -0 -0.501246834 -0.865304346 -0 -0.501246834 -0.865304346 -0 0.560110775 -0.82841772 -0 0.560110775 -0.82841772 -0 0.560110775 -0.82841772 -0 0.560110775 -0.82841772 -0 0.560110775 -0.82841772 -0 0.560110775 -0.82841772 1 0 0 1 0 0 1 0 0 1 -0 0 1 -0 0 1 -0 0 -1 0 0 -1 0 0 -1 0 0 -1 0 -0 -1 0 -0 -1 0 -0 0 0.500942875 0.86548035 0 0.500942875 0.86548035 0 0.500942875 0.86548035 -0 0.500942875 0.86548035 -0 0.500942875 0.86548035 -0 0.500942875 0.86548035 -0 -0.624193848 0.781269505 -0 -0.624193848 0.781269505 -0 -0.624193848 0.781269505 -0 -0.624193848 0.781269505 -0 -0.624193848 0.781269505 -0 -0.624193848 0.781269505 -0 -0.442023852 -0.897003296 -0 -0.442023852 -0.897003296 -0 -0.442023852 -0.897003296 -0 -0.442023852 -0.897003296 -0 -0.442023852 -0.897003296 -0 -0.442023852 -0.897003296 -0 0.621252927 -0.783610108 -0 0.621252927 -0.783610108 -0 0.621252927 -0.783610108 -0 0.621252927 -0.783610108 -0 0.621252927 -0.783610108 -0 0.621252927 -0.783610108 1 -0 0 1 -0 0 1 -0 0 1 0 0 1 0 0 1 0 0 -1 0 0 -1 0 0 -1 0 0 -1 0 -0 -1 0 -0 -1 0 -0 0 0.441724735 0.897150633 0 0.441724735 0.897150633 0 0.441724735 0.897150633 -0 0.441724735 0.897150633 -0 0.441724735 0.897150633 -0 0.441724735 0.897150633 -0 -0.685922324 0.727674766 -0 -0.685922324 0.727674766 -0 -0.685922324 0.727674766 -0 -0.685922324 0.727674766 -0 -0.685922324 0.727674766 -0 -0.685922324 0.727674766 -0 -0.38381114 -0.923411614 -0 -0.38381114 -0.923411614 -0 -0.38381114 -0.923411614 -0 -0.38381114 -0.923411614 -0 -0.38381114 -0.923411614 -0 -0.38381114 -0.923411614 -0 0.683116128 -0.730309767 -0 0.683116128 -0.730309767 -0 0.683116128 -0.730309767 -0 0.683116128 -0.730309767 -0 0.683116128 -0.730309767 -0 0.683116128 -0.730309767 1 -0 0 1 -0 0 1 -0 0 1 0 0 1 0 0 1 0 0 -1 0 0 -1 0 0 -1 0 0 -1 0 -0 -1 0 -0 -1 0 -0 0 0.383517369 0.923533664 0 0.383517369 0.923533664 0 0.383517369 0.923533664 -0 0.383517369 0.923533664 -0 0.383517369 0.923533664 -0 0.383517369 0.923533664 -0 -0.747309643 0.664475957 -0 -0.747309643 0.664475957 -0 -0.747309643 0.664475957 -0 -0.747309643 0.664475957 -0 -0.747309643 0.664475957 -0 -0.747309643 0.664475957 -0 -0.326653028 -0.945144327 -0 -0.326653028 -0.945144327 -0 -0.326653028 -0.945144327 -0 -0.326653028 -0.945144327 -0 -0.326653028 -0.945144327 -0 -0.326653028 -0.945144327 -0 0.744757705 -0.667334969 -0 0.744757705 -0.667334969 -0 0.744757705 -0.667334969 -0 0.744757705 -0.667334969 -0 0.744757705 -0.667334969 -0 0.744757705 -0.667334969 1 -0 0 1 -0 0 1 -0 0 1 0 0 1 0 0 1 0 0 -1 0 0 -1 0 0 -1 0 0 -1 0 -0 -1 0 -0 -1 0 -0 0 0.326364579 0.945243969 0 0.326364579 0.945243969 0 0.326364579 0.945243969 -0 0.326364579 0.945243969 -0 0.326364579 0.945243969 -0 0.326364579 0.945243969 -0 -0.806940071 0.590633323 -0 -0.806940071 0.590633323 -0 -0.806940071 0.590633323 -0 -0.806940071 0.590633323 -0 -0.806940071 0.590633323 -0 -0.806940071 0.590633323 -0 -0.270506138 -0.96271825 -0 -0.270506138 -0.96271825 -0 -0.270506138 -0.96271825 -0 -0.270506138 -0.96271825 -0 -0.270506138 -0.96271825 -0 -0.270506138 -0.96271825 -0 0.804760581 -0.593599535 -0 0.804760581 -0.593599535 -0 0.804760581 -0.593599535 -0 0.804760581 -0.593599535 -0 0.804760581 -0.593599535 -0 0.804760581 -0.593599535 1 -0 0 1 -0 0 1 -0 0 1 0 0 1 0 0 1 0 0 -1 0 0 -1 0 0 -1 0 0 -1 0 -0 -1 0 -0 -1 0 -0 0 0.270222615 0.96279787 0 0.270222615 0.96279787 0 0.270222615 0.96279787 -0 0.270222615 0.96279787 -0 0.270222615 0.96279787 -0 0.270222615 0.96279787 -0 -0.862875465 0.505416592 -0 -0.862875465 0.505416592 -0 -0.862875465 0.505416592 -0 -0.862875465 0.505416592 -0 -0.862875465 0.505416592 -0 -0.862875465 0.505416592 -0 -0.215266449 -0.976555352 -0 -0.215266449 -0.976555352 -0 -0.215266449 -0.976555352 -0 -0.215266449 -0.976555352 -0 -0.215266449 -0.976555352 -0 -0.215266449 -0.976555352 -0 0.861167041 -0.508322071 -0 0.861167041 -0.508322071 -0 0.861167041 -0.508322071 -0 0.861167041 -0.508322071 -0 0.861167041 -0.508322071 -0 0.861167041 -0.508322071 1 -0 0 1 -0 0 1 -0 0 1 0 0 1 0 0 1 0 0 -1 0 0 -1 0 0 -1 0 0 -1 0 -0 -1 0 -0 -1 0 -0 0 0.214987203 0.976616866 0 0.214987203 0.976616866 0 0.214987203 0.976616866 -0 0.214987203 0.976616866 -0 0.214987203 0.976616866 -0 0.214987203 0.976616866 -0 -0.912678481 0.408678346 -0 -0.912678481 0.408678346 -0 -0.912678481 0.408678346 -0 -0.912678481 0.408678346 -0 -0.912678481 0.408678346 -0 -0.912678481 0.408678346 -0 -0.160789038 -0.986988797 -0 -0.160789038 -0.986988797 -0 -0.160789038 -0.986988797 -0 -0.160789038 -0.986988797 -0 -0.160789038 -0.986988797 -0 -0.160789038 -0.986988797 -0 0.911495776 -0.411309433 -0 0.911495776 -0.411309433 -0 0.911495776 -0.411309433 -0 0.911495776 -0.411309433 -0 0.911495776 -0.411309433 -0 0.911495776 -0.411309433 1 -0 0 1 -0 0 1 -0 0 1 0 0 1 0 0 1 0 0 -1 0 0 -1 0 0 -1 0 0 -1 0 -0 -1 0 -0 -1 0 -0 0 0.160513253 0.987033685 0 0.160513253 0.987033685 0 0.160513253 0.987033685 -0 0.160513253 0.987033685 -0 0.160513253 0.987033685 -0 0.160513253 0.987033685 -0 -0.95357591 0.30115276 -0 -0.95357591 0.30115276 -0 -0.95357591 0.30115276 -0 -0.95357591 0.30115276 -0 -0.95357591 0.30115276 -0 -0.95357591 0.30115276 -0 -0.106902152 -0.994269546 -0 -0.106902152 -0.994269546 -0 -0.106902152 -0.994269546 -0 -0.106902152 -0.994269546 -0 -0.106902152 -0.994269546 -0 -0.106902152 -0.994269546 -0 0.952904311 -0.303271124 -0 0.952904311 -0.303271124 -0 0.952904311 -0.303271124 -0 0.952904311 -0.303271124 -0 0.952904311 -0.303271124 -0 0.952904311 -0.303271124 1 -0 0 1 -0 0 1 -0 0 1 0 0 1 0 0 1 0 0 -1 0 0 -1 0 0 -1 0 0 -1 0 -0 -1 0 -0 -1 0 -0 0 0.106628902 0.994298887 0 0.106628902 0.994298887 0 0.106628902 0.994298887 -0 0.106628902 0.994298887 -0 0.106628902 0.994298887 -0 0.106628902 0.994298887 -0 -0.982797828 0.184684676 -0 -0.982797828 0.184684676 -0 -0.982797828 0.184684676 -0 -0.982797828 0.184684676 -0 -0.982797828 0.184684676 -0 -0.982797828 0.184684676 -0 -0.0534171511 -0.998572285 -0 -0.0534171511 -0.998572285 -0 -0.0534171511 -0.998572285 -0 -0.0534171511 -0.998572285 -0 -0.0534171511 -0.998572285 -0 -0.0534171511 -0.998572285 -0 0.982537337 -0.186065532 -0 0.982537337 -0.186065532 -0 0.982537337 -0.186065532 -0 0.982537337 -0.186065532 -0 0.982537337 -0.186065532 -0 0.982537337 -0.186065532 1 -0 0 1 -0 0 1 -0 0 1 0 0 1 0 0 1 0 0 -1 0 0 -1 0 0 -1 0 0 -1 0 -0 -1 0 -0 -1 0 -0 0 0.0531454461 0.998586782 0 0.0531454461 0.998586782 0 0.0531454461 0.998586782 -0 0.0531454461 0.998586782 -0 0.0531454461 0.998586782 -0 0.0531454461 0.998586782 -0 -0.99805996 0.0622600743 -0 -0.99805996 0.0622600743 -0 -0.99805996 0.0622600743 -0 -0.99805996 0.0622600743 -0 -0.99805996 0.0622600743 -0 -0.99805996 0.0622600743 -0 -0.000135593221 -0.999999991 -0 -0.000135593221 -0.999999991 -0 -0.000135593221 -0.999999991 -0 -0.000135593221 -0.999999991 -0 -0.000135593221 -0.999999991 -0 -0.000135593221 -0.999999991 -0 0.998029885 -0.0627403216 -0 0.998029885 -0.0627403216 -0 0.998029885 -0.0627403216 -0 0.998029885 -0.0627403216 -0 0.998029885 -0.0627403216 -0 0.998029885 -0.0627403216 0 0 -1 0 0 -1 0 0 -1 0 0 -1 0 0 -1 0 0 -1 0 0 1 0 0 1 0 0 1 0 0 1 0 0 1 0 0 1 0 -1 0 0 -1 0 0 -1 0 0 -1 0 0 -1 0 0 -1 0 1 0 0 1 0 0 1 0 0 1 0 0 1 0 0 1 0 0 0 1 0 0 1 0 0 1 0 0 1 -0 0 1 -0 0 1 -0 -1 0 0 -1 0 0 -1 0 0 -1 0 0 -1 0 0 -1 0 0 0 0 -1 0 0 -1 0 0 -1 0 0 -1 0 0 -1 0 0 -1 0 0 1 0 0 1 0 0 1 0 0 1 0 0 1 0 0 1 0 -1 0 0 -1 0 0 -1 0 0 -1 0 0 -1 0 0 -1 0 1 0 0 1 0 0 1 0 0 1 0 0 1 0 0 1 0 0 0 1 0 0 1 0 0 1 0 0 1 -0 0 1 -0 0 1 -0 -1 0 0 -1 0 0 -1 0 0 -1 0 0 -1 0 0 -1 0 0 0 0 -1 0 0 -1 0 0 -1 0 0 -1 0 0 -1 0 0 -1 0 0 1 0 0 1 0 0 1 0 0 1 0 0 1 0 0 1 0 -1 0 0 -1 0 0 -1 0 0 -1 0 0 -1 0 0 -1 0 1 0 0 1 0 0 1 0 0 1 0 0 1 0 0 1 0 0 0 1 0 0 1 0 0 1 0 0 1 -0 0 1 -0 0 1 -0 -1 0 0 -1 0 0 -1 0 0 -1 0 0 -1 0 0 -1 0 0</float_array><technique_common><accessor source="#rezero-collision-n-array" count="1548" stride="3"><param name="X" type="float" /><param name="Y" type="float" /><param name="Z" type="float" /></accessor></technique_common></source><source id="rezero-collision-uv"><float_array id="rezero-collision-uv-array" count="3096">1.25714283 0.8573 1.3835714 0.857317143 1.37932802 0.925340605 1.25714283 0.8573 1.37932802 0.925340605 1.25328721 0.91863263 1.25328721 0.91863263 1.37932802 0.925340605 1.3835714 0.857317143 1.25328721 0.91863263 1.3835714 0.857317143 1.25714283 0.8573 1.25714283 -0.217857143 1.25714283 0.217857143 1.3835714 0.217857143 1.25714283 -0.217857143 1.3835714 0.217857143 1.3835714 -0.217857143 -0.217857143 0.857317143 0.217857143 0.857317143 0.217857143 0.925340605 -0.217857143 0.857317143 0.217857143 0.925340605 -0.217857143 0.925340605 1.37932802 -0.217857143 1.37932802 0.217857143 1.25328721 0.217857143 1.37932802 -0.217857143 1.25328721 0.217857143 1.25328721 -0.217857143 -0.217857143 0.91863263 0.217857143 0.91863263 0.217857143 0.8573 -0.217857143 0.91863263 0.217857143 0.8573 -0.217857143 0.8573 1.25324775 0.918945947 1.3792846 0.925688102 1.36658063 0.993292177 1.25324775 0.918945947 1.36658063 0.993292177 1.24170465 0.97990044 1.24170465 0.97990044 1.36658063 0.993292177 1.3792846 0.925688102 1.24170465 0.97990044 1.3792846 0.925688102 1.25324775 0.918945947 1.25324775 -0.217857143 1.25324775 0.217857143 1.3792846 0.217857143 1.25324775 -0.217857143 1.3792846 0.217857143 1.3792846 -0.217857143 -0.217857143 0.925688102 0.217857143 0.925688102 0.217857143 0.993292177 -0.217857143 0.925688102 0.217857143 0.993292177 -0.217857143 0.993292177 1.36658063 -0.217857143 1.36658063 0.217857143 1.24170465 0.217857143 1.36658063 -0.217857143 1.24170465 0.217857143 1.24170465 -0.217857143 -0.217857143 0.97990044 0.217857143 0.97990044 0.217857143 0.918945947 -0.217857143 0.97990044 0.217857143 0.918945947 -0.217857143 0.918945947 1.24162599 0.980210857 1.36649405 0.993636457 1.34540781 1.06040434 1.24162599 0.980210857 1.34540781 1.06040434 1.22246657 1.04041141 1.22246657 1.04041141 1.34540781 1.06040434 1.36649405 0.993636457 1.22246657 1.04041141 1.36649405 0.993636457 1.24162599 0.980210857 1.24162599 -0.217857143 1.24162599 0.217857143 1.36649405 0.217857143 1.24162599 -0.217857143 1.36649405 0.217857143 1.36649405 -0.217857143 -0.217857143 0.993636457 0.217857143 0.993636457 0.217857143 1.06040434 -0.217857143 0.993636457 0.217857143 1.06040434 -0.217857143 1.06040434 1.34540781 -0.217857143 1.34540781 0.217857143 1.22246657 0.217857143 1.34540781 -0.217857143 1.22246657 0.217857143 1.22246657 -0.217857143 -0.217857143 1.04041141 0.217857143 1.04041141 0.217857143 0.980210857 -0.217857143 1.04041141 0.217857143 0.980210857 -0.217857143 0.980210857 1.22234918 1.04071701 1.34527862 1.06074328 1.31594011 1.12626333 1.22234918 1.04071701 1.31594011 1.12626333 1.19569158 1.09979247 1.19569158 1.09979247 1.31594011 1.12626333 1.34527862 1.06074328 1.19569158 1.09979247 1.34527862 1.06074328 1.22234918 1.04071701 1.22234918 -0.217857143 1.22234918 0.217857143 1.34527862 0.217857143 1.22234918 -0.217857143 1.34527862 0.217857143 1.34527862 -0.217857143 -0.217857143 1.06074328 0.217857143 1.06074328 0.217857143 1.12626333 -0.217857143 1.06074328 0.217857143 1.12626333 -0.217857143 1.12626333 1.31594011 -0.217857143 1.31594011 0.217857143 1.19569158 0.217857143 1.31594011 -0.217857143 1.19569158 0.217857143 1.19569158 -0.217857143 -0.217857143 1.09979247 0.217857143 1.09979247 0.217857143 1.04071701 -0.217857143 1.09979247 0.217857143 1.04071701 -0.217857143 1.04071701 1.19553619 1.10009137 1.31576909 1.12659485 1.27835919 1.19046311 1.19553619 1.10009137 1.27835919 1.19046311 1.16154475 1.15767751 1.16154475 1.15767751 1.27835919 1.19046311 1.31576909 1.12659485 1.16154475 1.15767751 1.31576909 1.12659485 1.19553619 1.10009137 1.19553619 -0.217857143 1.19553619 0.217857143 1.31576909 0.217857143 1.19553619 -0.217857143 1.31576909 0.217857143 1.31576909 -0.217857143 -0.217857143 1.12659485 0.217857143 1.12659485 0.217857143 1.19046311 -0.217857143 1.12659485 0.217857143 1.19046311 -0.217857143 1.19046311 1.27835919 -0.217857143 1.27835919 0.217857143 1.16154475 0.217857143 1.27835919 -0.217857143 1.16154475 0.217857143 1.16154475 -0.217857143 -0.217857143 1.15767751 0.217857143 1.15767751 0.217857143 1.10009137 -0.217857143 1.15767751 0.217857143 1.10009137 -0.217857143 1.10009137 1.16135231 1.15796787 1.27814741 1.19078515 1.23289677 1.25260785 1.16135231 1.15796787 1.23289677 1.25260785 1.12023661 1.21370966 1.12023661 1.21370966 1.23289677 1.25260785 1.27814741 1.19078515 1.12023661 1.21370966 1.27814741 1.19078515 1.16135231 1.15796787 1.16135231 -0.217857143 1.16135231 0.217857143 1.27814741 0.217857143 1.16135231 -0.217857143 1.27814741 0.217857143 1.27814741 -0.217857143 -0.217857143 1.19078515 0.217857143 1.19078515 0.217857143 1.25260785 -0.217857143 1.19078515 0.217857143 1.25260785 -0.217857143 1.25260785 1.23289677 -0.217857143 1.23289677 0.217857143 1.12023661 0.217857143 1.23289677 -0.217857143 1.12023661 0.217857143 1.12023661 -0.217857143 -0.217857143 1.21370966 0.217857143 1.21370966 0.217857143 1.15796787 -0.217857143 1.21370966 0.217857143 1.15796787 -0.217857143 1.15796787 1.12000832 1.21398969 1.23264552 1.25291843 1.17983313 1.31231442 1.12000832 1.21398969 1.17983313 1.31231442 1.07202184 1.26754345 1.07202184 1.26754345 1.17983313 1.31231442 1.23264552 1.25291843 1.07202184 1.26754345 1.23264552 1.25291843 1.12000832 1.21398969 1.12000832 -0.217857143 1.12000832 0.217857143 1.23264552 0.217857143 1.12000832 -0.217857143 1.23264552 0.217857143 1.23264552 -0.217857143 -0.217857143 1.25291843 0.217857143 1.25291843 0.217857143 1.31231442 -0.217857143 1.25291843 0.217857143 1.31231442 -0.217857143 1.31231442 1.17983313 -0.217857143 1.17983313 0.217857143 1.07202184 0.217857143 1.17983313 -0.217857143 1.07202184 0.217857143 1.07202184 -0.217857143 -0.217857143 1.26754345 0.217857143 1.26754345 0.217857143 1.21398969 -0.217857143 1.26754345 0.217857143 1.21398969 -0.217857143 1.21398969 1.0717591 1.26781142 1.17954396 1.31261163 1.11949542 1.36921471 1.0717591 1.26781142 1.11949542 1.36921471 1.0171977 1.31884699 1.0171977 1.31884699 1.11949542 1.36921471 1.17954396 1.31261163 1.0171977 1.31884699 1.17954396 1.31261163 1.0717591 1.26781142 1.0717591 -0.217857143 1.0717591 0.217857143 1.17954396 0.217857143 1.0717591 -0.217857143 1.17954396 0.217857143 1.17954396 -0.217857143 1.17954396 -0.217857143 1.17954396 0.217857143 1.11949542 0.217857143 1.17954396 -0.217857143 1.11949542 0.217857143 1.11949542 -0.217857143 1.11949542 -0.217857143 1.11949542 0.217857143 1.0171977 0.217857143 1.11949542 -0.217857143 1.0171977 0.217857143 1.0171977 -0.217857143 1.0171977 -0.217857143 1.0171977 0.217857143 1.0717591 0.217857143 1.0171977 -0.217857143 1.0717591 0.217857143 1.0717591 -0.217857143 1.01690213 1.31910125 1.11917013 1.36949671 1.05225566 1.4229579 1.01690213 1.31910125 1.05225566 1.4229579 0.956102199 1.36730396 0.956102199 1.36730396 1.05225566 1.4229579 1.11917013 1.36949671 0.956102199 1.36730396 1.11917013 1.36949671 1.01690213 1.31910125 1.01690213 -0.217857143 1.01690213 0.217857143 1.11917013 0.217857143 1.01690213 -0.217857143 1.11917013 0.217857143 1.11917013 -0.217857143 1.11917013 -0.217857143 1.11917013 0.217857143 1.05225566 0.217857143 1.11917013 -0.217857143 1.05225566 0.217857143 1.05225566 -0.217857143 1.05225566 -0.217857143 1.05225566 0.217857143 0.956102199 0.217857143 1.05225566 -0.217857143 0.956102199 0.217857143 0.956102199 -0.217857143 0.956102199 -0.217857143 0.956102199 0.217857143 1.01690213 0.217857143 0.956102199 -0.217857143 1.01690213 0.217857143 1.01690213 -0.217857143 0.955775619 1.36754295 1.05189624 1.42322296 0.978528386 1.47321266 0.955775619 1.36754295 0.978528386 1.47321266 0.889112008 1.41261563 0.889112008 1.41261563 0.978528386 1.47321266 1.05189624 1.42322296 0.889112008 1.41261563 1.05189624 1.42322296 0.955775619 1.36754295 0.955775619 -0.217857143 0.955775619 0.217857143 1.05189624 0.217857143 0.955775619 -0.217857143 1.05189624 0.217857143 1.05189624 -0.217857143 1.05189624 -0.217857143 1.05189624 0.217857143 0.978528386 0.217857143 1.05189624 -0.217857143 0.978528386 0.217857143 0.978528386 -0.217857143 0.978528386 -0.217857143 0.978528386 0.217857143 0.889112008 0.217857143 0.978528386 -0.217857143 0.889112008 0.217857143 0.889112008 -0.217857143 0.889112008 -0.217857143 0.889112008 0.217857143 0.955775619 0.217857143 0.889112008 -0.217857143 0.955775619 0.217857143 0.955775619 -0.217857143 0.888756435 1.41283786 0.978137053 1.47345914 0.898768161 1.51966914 0.888756435 1.41283786 0.898768161 1.51966914 0.816640146 1.45450262 0.816640146 1.45450262 0.898768161 1.51966914 0.978137053 1.47345914 0.816640146 1.45450262 0.978137053 1.47345914 0.888756435 1.41283786 0.888756435 -0.217857143 0.888756435 0.217857143 0.978137053 0.217857143 0.888756435 -0.217857143 0.978137053 0.217857143 0.978137053 -0.217857143 0.978137053 -0.217857143 0.978137053 0.217857143 0.898768161 0.217857143 0.978137053 -0.217857143 0.898768161 0.217857143 0.898768161 -0.217857143 0.898768161 -0.217857143 0.898768161 0.217857143 0.816640146 0.217857143 0.898768161 -0.217857143 0.816640146 0.217857143 0.816640146 -0.217857143 0.816640146 -0.217857143 0.816640146 0.217857143 0.888756435 0.217857143 0.816640146 -0.217857143 0.888756435 0.217857143 0.888756435 -0.217857143 0.816257771 1.45470673 0.898347331 1.51989552 0.813466732 1.56204092 0.816257771 1.45470673 0.813466732 1.56204092 0.739133427 1.49270669 0.739133427 1.49270669 0.813466732 1.56204092 0.898347331 1.51989552 0.739133427 1.49270669 0.898347331 1.51989552 0.816257771 1.45470673 0.816257771 -0.217857143 0.816257771 0.217857143 0.898347331 0.217857143 0.816257771 -0.217857143 0.898347331 0.217857143 0.898347331 -0.217857143 0.898347331 -0.217857143 0.898347331 0.217857143 0.813466732 0.217857143 0.898347331 -0.217857143 0.813466732 0.217857143 0.813466732 -0.217857143 0.813466732 -0.217857143 0.813466732 0.217857143 0.739133427 0.217857143 0.813466732 -0.217857143 0.739133427 0.217857143 0.739133427 -0.217857143 0.739133427 -0.217857143 0.739133427 0.217857143 0.816257771 0.217857143 0.739133427 -0.217857143 0.816257771 0.217857143 0.816257771 -0.217857143 0.738726607 1.49289142 0.813018998 1.56224581 0.723150009 1.60006678 0.738726607 1.49289142 0.723150009 1.60006678 0.657069703 1.52699229 0.657069703 1.52699229 0.723150009 1.60006678 0.813018998 1.56224581 0.657069703 1.52699229 0.813018998 1.56224581 0.738726607 1.49289142 0.738726607 -0.217857143 0.738726607 0.217857143 0.813018998 0.217857143 0.738726607 -0.217857143 0.813018998 0.217857143 0.813018998 -0.217857143 0.813018998 -0.217857143 0.813018998 0.217857143 0.723150009 0.217857143 0.813018998 -0.217857143 0.723150009 0.217857143 0.723150009 -0.217857143 -0.217857143 1.60006678 0.217857143 1.60006678 0.217857143 1.52699229 -0.217857143 1.60006678 0.217857143 1.52699229 -0.217857143 1.52699229 0.657069703 -0.217857143 0.657069703 0.217857143 0.738726607 0.217857143 0.657069703 -0.217857143 0.738726607 0.217857143 0.738726607 -0.217857143 0.656640947 1.52715651 0.722678133 1.60024891 0.628374826 1.63351226 0.656640947 1.52715651 0.628374826 1.63351226 0.570954927 1.55714806 0.570954927 1.55714806 0.628374826 1.63351226 0.722678133 1.60024891 0.570954927 1.55714806 0.722678133 1.60024891 0.656640947 1.52715651 -0.217857143 1.52715651 0.217857143 1.52715651 0.217857143 1.60024891 -0.217857143 1.52715651 0.217857143 1.60024891 -0.217857143 1.60024891 0.722678133 -0.217857143 0.722678133 0.217857143 0.628374826 0.217857143 0.722678133 -0.217857143 0.628374826 0.217857143 0.628374826 -0.217857143 -0.217857143 1.63351226 0.217857143 1.63351226 0.217857143 1.55714806 -0.217857143 1.63351226 0.217857143 1.55714806 -0.217857143 1.55714806 0.570954927 -0.217857143 0.570954927 0.217857143 0.656640947 0.217857143 0.570954927 -0.217857143 0.656640947 0.217857143 0.656640947 -0.217857143 0.570506878 1.55729074 0.627881717 1.63367051 0.529725503 1.66217117 0.570506878 1.55729074 0.529725503 1.66217117 0.481320024 1.58298805 0.481320024 1.58298805 0.529725503 1.66217117 0.627881717 1.63367051 0.481320024 1.58298805 0.627881717 1.63367051 0.570506878 1.55729074 -0.217857143 1.55729074 0.217857143 1.55729074 0.217857143 1.63367051 -0.217857143 1.55729074 0.217857143 1.63367051 -0.217857143 1.63367051 0.627881717 -0.217857143 0.627881717 0.217857143 0.529725503 0.217857143 0.627881717 -0.217857143 0.529725503 0.217857143 0.529725503 -0.217857143 -0.217857143 1.66217117 0.217857143 1.66217117 0.217857143 1.58298805 -0.217857143 1.66217117 0.217857143 1.58298805 -0.217857143 1.58298805 0.481320024 -0.217857143 0.481320024 0.217857143 0.570506878 0.217857143 0.481320024 -0.217857143 0.570506878 0.217857143 0.570506878 -0.217857143 0.480855444 1.58310833 0.529214202 1.66230456 0.427810247 1.6858668 0.480855444 1.58310833 0.427810247 1.6858668 0.388717622 1.60435297 0.388717622 1.60435297 0.427810247 1.6858668 0.529214202 1.66230456 0.388717622 1.60435297 0.529214202 1.66230456 0.480855444 1.58310833 -0.217857143 1.58310833 0.217857143 1.58310833 0.217857143 1.66230456 -0.217857143 1.58310833 0.217857143 1.66230456 -0.217857143 1.66230456 0.529214202 -0.217857143 0.529214202 0.217857143 0.427810247 0.217857143 0.529214202 -0.217857143 0.427810247 0.217857143 0.427810247 -0.217857143 -0.217857143 1.6858668 0.217857143 1.6858668 0.217857143 1.60435297 -0.217857143 1.6858668 0.217857143 1.60435297 -0.217857143 1.60435297 0.388717622 -0.217857143 0.388717622 0.217857143 0.480855444 0.217857143 0.388717622 -0.217857143 0.480855444 0.217857143 0.480855444 -0.217857143 0.388239377 1.60445009 0.427283905 1.68597452 0.323257398 1.70445308 0.388239377 1.60445009 0.323257398 1.70445308 0.293718647 1.6211111 0.293718647 1.6211111 0.323257398 1.70445308 0.427283905 1.68597452 0.293718647 1.6211111 0.427283905 1.68597452 0.388239377 1.60445009 -0.217857143 1.60445009 0.217857143 1.60445009 0.217857143 1.68597452 -0.217857143 1.60445009 0.217857143 1.68597452 -0.217857143 1.68597452 0.427283905 -0.217857143 0.427283905 0.217857143 0.323257398 0.217857143 0.427283905 -0.217857143 0.323257398 0.217857143 0.323257398 -0.217857143 -0.217857143 1.70445308 0.217857143 1.70445308 0.217857143 1.6211111 -0.217857143 1.70445308 0.217857143 1.6211111 -0.217857143 1.6211111 0.293718647 -0.217857143 0.293718647 0.217857143 0.388239377 0.217857143 0.293718647 -0.217857143 0.388239377 0.217857143 0.388239377 -0.217857143 0.293229684 1.62118446 0.32271926 1.70453446 0.216711559 1.71781542 0.293229684 1.62118446 0.216711559 1.71781542 0.196908799 1.6331591 0.196908799 1.6331591 0.216711559 1.71781542 0.32271926 1.70453446 0.196908799 1.6331591 0.32271926 1.70453446 0.293229684 1.62118446 -0.217857143 1.62118446 0.217857143 1.62118446 0.217857143 1.70453446 -0.217857143 1.62118446 0.217857143 1.70453446 -0.217857143 1.70453446 0.32271926 -0.217857143 0.32271926 0.217857143 0.216711559 0.217857143 0.32271926 -0.217857143 0.216711559 0.217857143 0.216711559 -0.217857143 -0.217857143 1.71781542 0.217857143 1.71781542 0.217857143 1.6331591 -0.217857143 1.71781542 0.217857143 1.6331591 -0.217857143 1.6331591 0.196908799 -0.217857143 0.196908799 0.217857143 0.293229684 0.217857143 0.196908799 -0.217857143 0.293229684 0.217857143 0.293229684 -0.217857143 0.196412133 1.63320826 0.216164944 1.71786994 0.108829622 1.72587141 0.196412133 1.63320826 0.108829622 1.72587141 0.0988849433 1.6404227 0.0988849433 1.6404227 0.108829622 1.72587141 0.216164944 1.71786994 0.0988849433 1.6404227 0.216164944 1.71786994 0.196412133 1.63320826 -0.217857143 1.63320826 0.217857143 1.63320826 0.217857143 1.71786994 -0.217857143 1.63320826 0.217857143 1.71786994 -0.217857143 1.71786994 0.216164944 -0.217857143 0.216164944 0.217857143 0.108829622 0.217857143 0.216164944 -0.217857143 0.108829622 0.217857143 0.108829622 -0.217857143 -0.217857143 1.72587141 0.217857143 1.72587141 0.217857143 1.6404227 -0.217857143 1.72587141 0.217857143 1.6404227 -0.217857143 1.6404227 0.0988849433 -0.217857143 0.0988849433 0.217857143 0.196412133 0.217857143 0.0988849433 -0.217857143 0.196412133 0.217857143 0.196412133 -0.217857143 0.0983836363 1.64044736 0.1082779 1.72589876 0.000276714284 1.72857141 0.0983836363 1.64044736 0.000276714284 1.72857141 0.00025142857 1.64285713 0.00025142857 1.64285713 0.000276714284 1.72857141 0.1082779 1.72589876 0.00025142857 1.64285713 0.1082779 1.72589876 0.0983836363 1.64044736 -0.217857143 1.64044736 0.217857143 1.64044736 0.217857143 1.72589876 -0.217857143 1.64044736 0.217857143 1.72589876 -0.217857143 1.72589876 0.1082779 -0.217857143 0.1082779 0.217857143 0.000276714284 0.217857143 0.1082779 -0.217857143 0.000276714284 0.217857143 0.000276714284 -0.217857143 -0.217857143 1.72857141 0.217857143 1.72857141 0.217857143 1.64285713 -0.217857143 1.72857141 0.217857143 1.64285713 -0.217857143 1.64285713 0.00025142857 -0.217857143 0.00025142857 0.217857143 0.0983836363 0.217857143 0.00025142857 -0.217857143 0.0983836363 0.217857143 0.0983836363 -0.217857143 -0.00025142857 1.64285713 -0.000276714284 1.72857141 -0.1082779 1.72589876 -0.00025142857 1.64285713 -0.1082779 1.72589876 -0.0983836363 1.64044736 -0.0983836363 1.64044736 -0.1082779 1.72589876 -0.000276714284 1.72857141 -0.0983836363 1.64044736 -0.000276714284 1.72857141 -0.00025142857 1.64285713 -0.217857143 1.64285713 0.217857143 1.64285713 0.217857143 1.72857141 -0.217857143 1.64285713 0.217857143 1.72857141 -0.217857143 1.72857141 -0.000276714284 -0.217857143 -0.000276714284 0.217857143 -0.1082779 0.217857143 -0.000276714284 -0.217857143 -0.1082779 0.217857143 -0.1082779 -0.217857143 -0.217857143 1.72589876 0.217857143 1.72589876 0.217857143 1.64044736 -0.217857143 1.72589876 0.217857143 1.64044736 -0.217857143 1.64044736 -0.0983836363 -0.217857143 -0.0983836363 0.217857143 -0.00025142857 0.217857143 -0.0983836363 -0.217857143 -0.00025142857 0.217857143 -0.00025142857 -0.217857143 -0.0988849433 1.6404227 -0.108829622 1.72587141 -0.216164944 1.71786994 -0.0988849433 1.6404227 -0.216164944 1.71786994 -0.196412133 1.63320826 -0.196412133 1.63320826 -0.216164944 1.71786994 -0.108829622 1.72587141 -0.196412133 1.63320826 -0.108829622 1.72587141 -0.0988849433 1.6404227 -0.217857143 1.6404227 0.217857143 1.6404227 0.217857143 1.72587141 -0.217857143 1.6404227 0.217857143 1.72587141 -0.217857143 1.72587141 -0.108829622 -0.217857143 -0.108829622 0.217857143 -0.216164944 0.217857143 -0.108829622 -0.217857143 -0.216164944 0.217857143 -0.216164944 -0.217857143 -0.217857143 1.71786994 0.217857143 1.71786994 0.217857143 1.63320826 -0.217857143 1.71786994 0.217857143 1.63320826 -0.217857143 1.63320826 -0.196412133 -0.217857143 -0.196412133 0.217857143 -0.0988849433 0.217857143 -0.196412133 -0.217857143 -0.0988849433 0.217857143 -0.0988849433 -0.217857143 -0.196908799 1.6331591 -0.216711559 1.71781542 -0.32271926 1.70453446 -0.196908799 1.6331591 -0.32271926 1.70453446 -0.293229684 1.62118446 -0.293229684 1.62118446 -0.32271926 1.70453446 -0.216711559 1.71781542 -0.293229684 1.62118446 -0.216711559 1.71781542 -0.196908799 1.6331591 -0.217857143 1.6331591 0.217857143 1.6331591 0.217857143 1.71781542 -0.217857143 1.6331591 0.217857143 1.71781542 -0.217857143 1.71781542 -0.216711559 -0.217857143 -0.216711559 0.217857143 -0.32271926 0.217857143 -0.216711559 -0.217857143 -0.32271926 0.217857143 -0.32271926 -0.217857143 -0.217857143 1.70453446 0.217857143 1.70453446 0.217857143 1.62118446 -0.217857143 1.70453446 0.217857143 1.62118446 -0.217857143 1.62118446 -0.293229684 -0.217857143 -0.293229684 0.217857143 -0.196908799 0.217857143 -0.293229684 -0.217857143 -0.196908799 0.217857143 -0.196908799 -0.217857143 -0.293718647 1.6211111 -0.323257398 1.70445308 -0.427283905 1.68597452 -0.293718647 1.6211111 -0.427283905 1.68597452 -0.388239377 1.60445009 -0.388239377 1.60445009 -0.427283905 1.68597452 -0.323257398 1.70445308 -0.388239377 1.60445009 -0.323257398 1.70445308 -0.293718647 1.6211111 -0.217857143 1.6211111 0.217857143 1.6211111 0.217857143 1.70445308 -0.217857143 1.6211111 0.217857143 1.70445308 -0.217857143 1.70445308 -0.323257398 -0.217857143 -0.323257398 0.217857143 -0.427283905 0.217857143 -0.323257398 -0.217857143 -0.427283905 0.217857143 -0.427283905 -0.217857143 -0.217857143 1.68597452 0.217857143 1.68597452 0.217857143 1.60445009 -0.217857143 1.68597452 0.217857143 1.60445009 -0.217857143 1.60445009 -0.388239377 -0.217857143 -0.388239377 0.217857143 -0.293718647 0.217857143 -0.388239377 -0.217857143 -0.293718647 0.217857143 -0.293718647 -0.217857143 -0.388717622 1.60435297 -0.427810247 1.6858668 -0.529214202 1.66230456 -0.388717622 1.60435297 -0.529214202 1.66230456 -0.480855444 1.58310833 -0.480855444 1.58310833 -0.529214202 1.66230456 -0.427810247 1.6858668 -0.480855444 1.58310833 -0.427810247 1.6858668 -0.388717622 1.60435297 -0.217857143 1.60435297 0.217857143 1.60435297 0.217857143 1.6858668 -0.217857143 1.60435297 0.217857143 1.6858668 -0.217857143 1.6858668 -0.427810247 -0.217857143 -0.427810247 0.217857143 -0.529214202 0.217857143 -0.427810247 -0.217857143 -0.529214202 0.217857143 -0.529214202 -0.217857143 -0.217857143 1.66230456 0.217857143 1.66230456 0.217857143 1.58310833 -0.217857143 1.66230456 0.217857143 1.58310833 -0.217857143 1.58310833 -0.480855444 -0.217857143 -0.480855444 0.217857143 -0.388717622 0.217857143 -0.480855444 -0.217857143 -0.388717622 0.217857143 -0.388717622 -0.217857143 -0.481320024 1.58298805 -0.529725503 1.66217117 -0.627881717 1.63367051 -0.481320024 1.58298805 -0.627881717 1.63367051 -0.570506878 1.55729074 -0.570506878 1.55729074 -0.627881717 1.63367051 -0.529725503 1.66217117 -0.570506878 1.55729074 -0.529725503 1.66217117 -0.481320024 1.58298805 -0.217857143 1.58298805 0.217857143 1.58298805 0.217857143 1.66217117 -0.217857143 1.58298805 0.217857143 1.66217117 -0.217857143 1.66217117 -0.529725503 -0.217857143 -0.529725503 0.217857143 -0.627881717 0.217857143 -0.529725503 -0.217857143 -0.627881717 0.217857143 -0.627881717 -0.217857143 -0.217857143 1.63367051 0.217857143 1.63367051 0.217857143 1.55729074 -0.217857143 1.63367051 0.217857143 1.55729074 -0.217857143 1.55729074 -0.570506878 -0.217857143 -0.570506878 0.217857143 -0.481320024 0.217857143 -0.570506878 -0.217857143 -0.481320024 0.217857143 -0.481320024 -0.217857143 -0.570954927 1.55714806 -0.628374826 1.63351226 -0.722678133 1.60024891 -0.570954927 1.55714806 -0.722678133 1.60024891 -0.656640947 1.52715651 -0.656640947 1.52715651 -0.722678133 1.60024891 -0.628374826 1.63351226 -0.656640947 1.52715651 -0.628374826 1.63351226 -0.570954927 1.55714806 -0.217857143 1.55714806 0.217857143 1.55714806 0.217857143 1.63351226 -0.217857143 1.55714806 0.217857143 1.63351226 -0.217857143 1.63351226 -0.628374826 -0.217857143 -0.628374826 0.217857143 -0.722678133 0.217857143 -0.628374826 -0.217857143 -0.722678133 0.217857143 -0.722678133 -0.217857143 -0.217857143 1.60024891 0.217857143 1.60024891 0.217857143 1.52715651 -0.217857143 1.60024891 0.217857143 1.52715651 -0.217857143 1.52715651 -0.656640947 -0.217857143 -0.656640947 0.217857143 -0.570954927 0.217857143 -0.656640947 -0.217857143 -0.570954927 0.217857143 -0.570954927 -0.217857143 -0.657069703 1.52699229 -0.723150009 1.60006678 -0.813018998 1.56224581 -0.657069703 1.52699229 -0.813018998 1.56224581 -0.738726607 1.49289142 -0.738726607 1.49289142 -0.813018998 1.56224581 -0.723150009 1.60006678 -0.738726607 1.49289142 -0.723150009 1.60006678 -0.657069703 1.52699229 -0.217857143 1.52699229 0.217857143 1.52699229 0.217857143 1.60006678 -0.217857143 1.52699229 0.217857143 1.60006678 -0.217857143 1.60006678 -0.723150009 -0.217857143 -0.723150009 0.217857143 -0.813018998 0.217857143 -0.723150009 -0.217857143 -0.813018998 0.217857143 -0.813018998 -0.217857143 -0.813018998 -0.217857143 -0.813018998 0.217857143 -0.738726607 0.217857143 -0.813018998 -0.217857143 -0.738726607 0.217857143 -0.738726607 -0.217857143 -0.738726607 -0.217857143 -0.738726607 0.217857143 -0.657069703 0.217857143 -0.738726607 -0.217857143 -0.657069703 0.217857143 -0.657069703 -0.217857143 -0.739133427 1.49270669 -0.813466732 1.56204092 -0.898347331 1.51989552 -0.739133427 1.49270669 -0.898347331 1.51989552 -0.816257771 1.45470673 -0.816257771 1.45470673 -0.898347331 1.51989552 -0.813466732 1.56204092 -0.816257771 1.45470673 -0.813466732 1.56204092 -0.739133427 1.49270669 -0.739133427 -0.217857143 -0.739133427 0.217857143 -0.813466732 0.217857143 -0.739133427 -0.217857143 -0.813466732 0.217857143 -0.813466732 -0.217857143 -0.813466732 -0.217857143 -0.813466732 0.217857143 -0.898347331 0.217857143 -0.813466732 -0.217857143 -0.898347331 0.217857143 -0.898347331 -0.217857143 -0.898347331 -0.217857143 -0.898347331 0.217857143 -0.816257771 0.217857143 -0.898347331 -0.217857143 -0.816257771 0.217857143 -0.816257771 -0.217857143 -0.816257771 -0.217857143 -0.816257771 0.217857143 -0.739133427 0.217857143 -0.816257771 -0.217857143 -0.739133427 0.217857143 -0.739133427 -0.217857143 -0.816640146 1.45450262 -0.898768161 1.51966914 -0.978137053 1.47345914 -0.816640146 1.45450262 -0.978137053 1.47345914 -0.888756435 1.41283786 -0.888756435 1.41283786 -0.978137053 1.47345914 -0.898768161 1.51966914 -0.888756435 1.41283786 -0.898768161 1.51966914 -0.816640146 1.45450262 -0.816640146 -0.217857143 -0.816640146 0.217857143 -0.898768161 0.217857143 -0.816640146 -0.217857143 -0.898768161 0.217857143 -0.898768161 -0.217857143 -0.898768161 -0.217857143 -0.898768161 0.217857143 -0.978137053 0.217857143 -0.898768161 -0.217857143 -0.978137053 0.217857143 -0.978137053 -0.217857143 -0.978137053 -0.217857143 -0.978137053 0.217857143 -0.888756435 0.217857143 -0.978137053 -0.217857143 -0.888756435 0.217857143 -0.888756435 -0.217857143 -0.888756435 -0.217857143 -0.888756435 0.217857143 -0.816640146 0.217857143 -0.888756435 -0.217857143 -0.816640146 0.217857143 -0.816640146 -0.217857143 -0.889112008 1.41261563 -0.978528386 1.47321266 -1.05189624 1.42322296 -0.889112008 1.41261563 -1.05189624 1.42322296 -0.955775619 1.36754295 -0.955775619 1.36754295 -1.05189624 1.42322296 -0.978528386 1.47321266 -0.955775619 1.36754295 -0.978528386 1.47321266 -0.889112008 1.41261563 -0.889112008 -0.217857143 -0.889112008 0.217857143 -0.978528386 0.217857143 -0.889112008 -0.217857143 -0.978528386 0.217857143 -0.978528386 -0.217857143 -0.978528386 -0.217857143 -0.978528386 0.217857143 -1.05189624 0.217857143 -0.978528386 -0.217857143 -1.05189624 0.217857143 -1.05189624 -0.217857143 -1.05189624 -0.217857143 -1.05189624 0.217857143 -0.955775619 0.217857143 -1.05189624 -0.217857143 -0.955775619 0.217857143 -0.955775619 -0.217857143 -0.955775619 -0.217857143 -0.955775619 0.217857143 -0.889112008 0.217857143 -0.955775619 -0.217857143 -0.889112008 0.217857143 -0.889112008 -0.217857143 -0.956102199 1.36730396 -1.05225566 1.4229579 -1.11917013 1.36949671 -0.956102199 1.36730396 -1.11917013 1.36949671 -1.01690213 1.31910125 -1.01690213 1.31910125 -1.11917013 1.36949671 -1.05225566 1.4229579 -1.01690213 1.31910125 -1.05225566 1.4229579 -0.956102199 1.36730396 -0.956102199 -0.217857143 -0.956102199 0.217857143 -1.05225566 0.217857143 -0.956102199 -0.217857143 -1.05225566 0.217857143 -1.05225566 -0.217857143 -1.05225566 -0.217857143 -1.05225566 0.217857143 -1.11917013 0.217857143 -1.05225566 -0.217857143 -1.11917013 0.217857143 -1.11917013 -0.217857143 -1.11917013 -0.217857143 -1.11917013 0.217857143 -1.01690213 0.217857143 -1.11917013 -0.217857143 -1.01690213 0.217857143 -1.01690213 -0.217857143 -1.01690213 -0.217857143 -1.01690213 0.217857143 -0.956102199 0.217857143 -1.01690213 -0.217857143 -0.956102199 0.217857143 -0.956102199 -0.217857143 -1.0171977 1.31884699 -1.11949542 1.36921471 -1.17954396 1.31261163 -1.0171977 1.31884699 -1.17954396 1.31261163 -1.0717591 1.26781142 -1.0717591 1.26781142 -1.17954396 1.31261163 -1.11949542 1.36921471 -1.0717591 1.26781142 -1.11949542 1.36921471 -1.0171977 1.31884699 -1.0171977 -0.217857143 -1.0171977 0.217857143 -1.11949542 0.217857143 -1.0171977 -0.217857143 -1.11949542 0.217857143 -1.11949542 -0.217857143 -1.11949542 -0.217857143 -1.11949542 0.217857143 -1.17954396 0.217857143 -1.11949542 -0.217857143 -1.17954396 0.217857143 -1.17954396 -0.217857143 -1.17954396 -0.217857143 -1.17954396 0.217857143 -1.0717591 0.217857143 -1.17954396 -0.217857143 -1.0717591 0.217857143 -1.0717591 -0.217857143 -1.0717591 -0.217857143 -1.0717591 0.217857143 -1.0171977 0.217857143 -1.0717591 -0.217857143 -1.0171977 0.217857143 -1.0171977 -0.217857143 -1.07202184 1.26754345 -1.17983313 1.31231442 -1.23264552 1.25291843 -1.07202184 1.26754345 -1.23264552 1.25291843 -1.12000832 1.21398969 -1.12000832 1.21398969 -1.23264552 1.25291843 -1.17983313 1.31231442 -1.12000832 1.21398969 -1.17983313 1.31231442 -1.07202184 1.26754345 -1.07202184 -0.217857143 -1.07202184 0.217857143 -1.17983313 0.217857143 -1.07202184 -0.217857143 -1.17983313 0.217857143 -1.17983313 -0.217857143 -0.217857143 1.31231442 0.217857143 1.31231442 0.217857143 1.25291843 -0.217857143 1.31231442 0.217857143 1.25291843 -0.217857143 1.25291843 -1.23264552 -0.217857143 -1.23264552 0.217857143 -1.12000832 0.217857143 -1.23264552 -0.217857143 -1.12000832 0.217857143 -1.12000832 -0.217857143 -0.217857143 1.21398969 0.217857143 1.21398969 0.217857143 1.26754345 -0.217857143 1.21398969 0.217857143 1.26754345 -0.217857143 1.26754345 -1.12023661 1.21370966 -1.23289677 1.25260785 -1.27814741 1.19078515 -1.12023661 1.21370966 -1.27814741 1.19078515 -1.16135231 1.15796787 -1.16135231 1.15796787 -1.27814741 1.19078515 -1.23289677 1.25260785 -1.16135231 1.15796787 -1.23289677 1.25260785 -1.12023661 1.21370966 -1.12023661 -0.217857143 -1.12023661 0.217857143 -1.23289677 0.217857143 -1.12023661 -0.217857143 -1.23289677 0.217857143 -1.23289677 -0.217857143 -0.217857143 1.25260785 0.217857143 1.25260785 0.217857143 1.19078515 -0.217857143 1.25260785 0.217857143 1.19078515 -0.217857143 1.19078515 -1.27814741 -0.217857143 -1.27814741 0.217857143 -1.16135231 0.217857143 -1.27814741 -0.217857143 -1.16135231 0.217857143 -1.16135231 -0.217857143 -0.217857143 1.15796787 0.217857143 1.15796787 0.217857143 1.21370966 -0.217857143 1.15796787 0.217857143 1.21370966 -0.217857143 1.21370966 -1.16154475 1.15767751 -1.27835919 1.19046311 -1.31576909 1.12659485 -1.16154475 1.15767751 -1.31576909 1.12659485 -1.19553619 1.10009137 -1.19553619 1.10009137 -1.31576909 1.12659485 -1.27835919 1.19046311 -1.19553619 1.10009137 -1.27835919 1.19046311 -1.16154475 1.15767751 -1.16154475 -0.217857143 -1.16154475 0.217857143 -1.27835919 0.217857143 -1.16154475 -0.217857143 -1.27835919 0.217857143 -1.27835919 -0.217857143 -0.217857143 1.19046311 0.217857143 1.19046311 0.217857143 1.12659485 -0.217857143 1.19046311 0.217857143 1.12659485 -0.217857143 1.12659485 -1.31576909 -0.217857143 -1.31576909 0.217857143 -1.19553619 0.217857143 -1.31576909 -0.217857143 -1.19553619 0.217857143 -1.19553619 -0.217857143 -0.217857143 1.10009137 0.217857143 1.10009137 0.217857143 1.15767751 -0.217857143 1.10009137 0.217857143 1.15767751 -0.217857143 1.15767751 -1.19569158 1.09979247 -1.31594011 1.12626333 -1.34527862 1.06074328 -1.19569158 1.09979247 -1.34527862 1.06074328 -1.22234918 1.04071701 -1.22234918 1.04071701 -1.34527862 1.06074328 -1.31594011 1.12626333 -1.22234918 1.04071701 -1.31594011 1.12626333 -1.19569158 1.09979247 -1.19569158 -0.217857143 -1.19569158 0.217857143 -1.31594011 0.217857143 -1.19569158 -0.217857143 -1.31594011 0.217857143 -1.31594011 -0.217857143 -0.217857143 1.12626333 0.217857143 1.12626333 0.217857143 1.06074328 -0.217857143 1.12626333 0.217857143 1.06074328 -0.217857143 1.06074328 -1.34527862 -0.217857143 -1.34527862 0.217857143 -1.22234918 0.217857143 -1.34527862 -0.217857143 -1.22234918 0.217857143 -1.22234918 -0.217857143 -0.217857143 1.04071701 0.217857143 1.04071701 0.217857143 1.09979247 -0.217857143 1.04071701 0.217857143 1.09979247 -0.217857143 1.09979247 -1.22246657 1.04041141 -1.34540781 1.06040434 -1.36649405 0.993636457 -1.22246657 1.04041141 -1.36649405 0.993636457 -1.24162599 0.980210857 -1.24162599 0.980210857 -1.36649405 0.993636457 -1.34540781 1.06040434 -1.24162599 0.980210857 -1.34540781 1.06040434 -1.22246657 1.04041141 -1.22246657 -0.217857143 -1.22246657 0.217857143 -1.34540781 0.217857143 -1.22246657 -0.217857143 -1.34540781 0.217857143 -1.34540781 -0.217857143 -0.217857143 1.06040434 0.217857143 1.06040434 0.217857143 0.993636457 -0.217857143 1.06040434 0.217857143 0.993636457 -0.217857143 0.993636457 -1.36649405 -0.217857143 -1.36649405 0.217857143 -1.24162599 0.217857143 -1.36649405 -0.217857143 -1.24162599 0.217857143 -1.24162599 -0.217857143 -0.217857143 0.980210857 0.217857143 0.980210857 0.217857143 1.04041141 -0.217857143 0.980210857 0.217857143 1.04041141 -0.217857143 1.04041141 -1.24170465 0.97990044 -1.36658063 0.993292177 -1.3792846 0.925688102 -1.24170465 0.97990044 -1.3792846 0.925688102 -1.25324775 0.918945947 -1.25324775 0.918945947 -1.3792846 0.925688102 -1.36658063 0.993292177 -1.25324775 0.918945947 -1.36658063 0.993292177 -1.24170465 0.97990044 -1.24170465 -0.217857143 -1.24170465 0.217857143 -1.36658063 0.217857143 -1.24170465 -0.217857143 -1.36658063 0.217857143 -1.36658063 -0.217857143 -0.217857143 0.993292177 0.217857143 0.993292177 0.217857143 0.925688102 -0.217857143 0.993292177 0.217857143 0.925688102 -0.217857143 0.925688102 -1.3792846 -0.217857143 -1.3792846 0.217857143 -1.25324775 0.217857143 -1.3792846 -0.217857143 -1.25324775 0.217857143 -1.25324775 -0.217857143 -0.217857143 0.918945947 0.217857143 0.918945947 0.217857143 0.97990044 -0.217857143 0.918945947 0.217857143 0.97990044 -0.217857143 0.97990044 -1.25328721 0.91863263 -1.37932802 0.925340605 -1.3835714 0.857317143 -1.25328721 0.91863263 -1.3835714 0.857317143 -1.25714283 0.8573 -1.25714283 0.8573 -1.3835714 0.857317143 -1.37932802 0.925340605 -1.25714283 0.8573 -1.37932802 0.925340605 -1.25328721 0.91863263 -1.25328721 -0.217857143 -1.25328721 0.217857143 -1.37932802 0.217857143 -1.25328721 -0.217857143 -1.37932802 0.217857143 -1.37932802 -0.217857143 -0.217857143 0.925340605 0.217857143 0.925340605 0.217857143 0.857317143 -0.217857143 0.925340605 0.217857143 0.857317143 -0.217857143 0.857317143 -1.3835714 -0.217857143 -1.3835714 0.217857143 -1.25714283 0.217857143 -1.3835714 -0.217857143 -1.25714283 0.217857143 -1.25714283 -0.217857143 -0.217857143 0.8573 0.217857143 0.8573 0.217857143 0.91863263 -0.217857143 0.8573 0.217857143 0.91863263 -0.217857143 0.91863263 -1.82857071 -2.76785714 -1.82857071 -2.54642857 -0.958372143 -2.54642857 -1.82857071 -2.76785714 -0.958372143 -2.54642857 -0.958372143 -2.76785714 -1.82857071 -2.76785714 -0.958372143 -2.76785714 -0.958372143 -2.54642857 -1.82857071 -2.76785714 -0.958372143 -2.54642857 -1.82857071 -2.54642857 -1.82857071 -1.82857143 -0.958372143 -1.82857143 -0.958372143 1.71428571 -1.82857071 -1.82857143 -0.958372143 1.71428571 -1.82857071 1.71428571 -2.76785714 -1.82857143 -2.54642857 -1.82857143 -2.54642857 1.71428571 -2.76785714 -1.82857143 -2.54642857 1.71428571 -2.76785714 1.71428571 -0.958372143 -1.82857143 -1.82857071 -1.82857143 -1.82857071 1.71428571 -0.958372143 -1.82857143 -1.82857071 1.71428571 -0.958372143 1.71428571 -2.54642857 -1.82857143 -2.76785714 -1.82857143 -2.76785714 1.71428571 -2.54642857 -1.82857143 -2.76785714 1.71428571 -2.54642857 1.71428571 -1.82857071 2.54642857 -1.82857071 2.76785714 -0.958372143 2.76785714 -1.82857071 2.54642857 -0.958372143 2.76785714 -0.958372143 2.54642857 -1.82857071 2.54642857 -0.958372143 2.54642857 -0.958372143 2.76785714 -1.82857071 2.54642857 -0.958372143 2.76785714 -1.82857071 2.76785714 -1.82857071 -1.82857143 -0.958372143 -1.82857143 -0.958372143 1.71428571 -1.82857071 -1.82857143 -0.958372143 1.71428571 -1.82857071 1.71428571 2.54642857 -1.82857143 2.76785714 -1.82857143 2.76785714 1.71428571 2.54642857 -1.82857143 2.76785714 1.71428571 2.54642857 1.71428571 -0.958372143 -1.82857143 -1.82857071 -1.82857143 -1.82857071 1.71428571 -0.958372143 -1.82857143 -1.82857071 1.71428571 -0.958372143 1.71428571 2.76785714 -1.82857143 2.54642857 -1.82857143 2.54642857 1.71428571 2.76785714 -1.82857143 2.54642857 1.71428571 2.76785714 1.71428571 -1.82857071 -2.7672 -1.82857071 2.7672 -0.958372143 2.7672 -1.82857071 -2.7672 -0.958372143 2.7672 -0.958372143 -2.7672 -1.82857071 -2.7672 -0.958372143 -2.7672 -0.958372143 2.7672 -1.82857071 -2.7672 -0.958372143 2.7672 -1.82857071 2.7672 -1.82857071 -1.97142857 -0.958372143 -1.97142857 -0.958372143 -1.82857143 -1.82857071 -1.97142857 -0.958372143 -1.82857143 -1.82857071 -1.82857143 -2.7672 -1.97142857 2.7672 -1.97142857 2.7672 -1.82857143 -2.7672 -1.97142857 2.7672 -1.82857143 -2.7672 -1.82857143 -0.958372143 -1.97142857 -1.82857071 -1.97142857 -1.82857071 -1.82857143 -0.958372143 -1.97142857 -1.82857071 -1.82857143 -0.958372143 -1.82857143 2.7672 -1.97142857 -2.7672 -1.97142857 -2.7672 -1.82857143 2.7672 -1.97142857 -2.7672 -1.82857143 2.7672 -1.82857143</float_array><technique_common><accessor source="#rezero-collision-uv-array" count="1548" stride="2"><param name="S" type="float" /><param name="T" type="float" /></accessor></technique_common></source><vertices id="rezero-collision-vertices"><input semantic="POSITION" source="#rezero-collision-p" /></vertices><triangles count="516"><input offset="0" semantic="VERTEX" source="#rezero-collision-vertices" /><input offset="1" semantic="NORMAL" source="#rezero-collision-n" /><input offset="2" semantic="TEXCOORD" source="#rezero-collision-uv" set="0" /><p>0 0 0 1 1 1 2 2 2 3 3 3 4 4 4 5 5 5 6 6 6 7 7 7 8 8 8 9 9 9 10 10 10 11 11 11 12 12 12 13 13 13 14 14 14 15 15 15 16 16 16 17 17 17 18 18 18 19 19 19 20 20 20 21 21 21 22 22 22 23 23 23 24 24 24 25 25 25 26 26 26 27 27 27 28 28 28 29 29 29 30 30 30 31 31 31 32 32 32 33 33 33 34 34 34 35 35 35 36 36 36 37 37 37 38 38 38 39 39 39 40 40 40 41 41 41 42 42 42 43 43 43 44 44 44 45 45 45 46 46 46 47 47 47 48 48 48 49 49 49 50 50 50 51 51 51 52 52 52 53 53 53 54 54 54 55 55 55 56 56 56 57 57 57 58 58 58 59 59 59 60 60 60 61 61 61 62 62 62 63 63 63 64 64 64 65 65 65 66 66 66 67 67 67 68 68 68 69 69 69 70 70 70 71 71 71 72 72 72 73 73 73 74 74 74 75 75 75 76 76 76 77 77 77 78 78 78 79 79 79 80 80 80 81 81 81 82 82 82 83 83 83 84 84 84 85 85 85 86 86 86 87 87 87 88 88 88 89 89 89 90 90 90 91 91 91 92 92 92 93 93 93 94 94 94 95 95 95 96 96 96 97 97 97 98 98 98 99 99 99 100 100 100 101 101 101 102 102 102 103 103 103 104 104 104 105 105 105 106 106 106 107 107 107 108 108 108 109 109 109 110 110 110 111 111 111 112 112 112 113 113 113 114 114 114 115 115 115 116 116 116 117 117 117 118 118 118 119 119 119 120 120 120 121 121 121 122 122 122 123 123 123 124 124 124 125 125 125 126 126 126 127 127 127 128 128 128 129 129 129 130 130 130 131 131 131 132 132 132 133 133 133 134 134 134 135 135 135 136 136 136 137 137 137 138 138 138 139 139 139 140 140 140 141 141 141 142 142 142 143 143 143 144 144 144 145 145 145 146 146 146 147 147 147 148 148 148 149 149 149 150 150 150 151 151 151 152 152 152 153 153 153 154 154 154 155 155 155 156 156 156 157 157 157 158 158 158 159 159 159 160 160 160 161 161 161 162 162 162 163 163 163 164 164 164 165 165 165 166 166 166 167 167 167 168 168 168 169 169 169 170 170 170 171 171 171 172 172 172 173 173 173 174 174 174 175 175 175 176 176 176 177 177 177 178 178 178 179 179 179 180 180 180 181 181 181 182 182 182 183 183 183 184 184 184 185 185 185 186 186 186 187 187 187 188 188 188 189 189 189 190 190 190 191 191 191 192 192 192 193 193 193 194 194 194 195 195 195 196 196 196 197 197 197 198 198 198 199 199 199 200 200 200 201 201 201 202 202 202 203 203 203 204 204 204 205 205 205 206 206 206 207 207 207 208 208 208 209 209 209 210 210 210 211 211 211 212 212 212 213 213 213 214 214 214 215 215 215 216 216 216 217 217 217 218 218 218 219 219 219 220 220 220 221 221 221 222 222 222 223 223 223 224 224 224 225 225 225 226 226 226 227 227 227 228 228 228 229 229 229 230 230 230 231 231 231 232 232 232 233 233 233 234 234 234 235 235 235 236 236 236 237 237 237 238 238 238 239 239 239 240 240 240 241 241 241 242 242 242 243 243 243 244 244 244 245 245 245 246 246 246 247 247 247 248 248 248 249 249 249 250 250 250 251 251 251 252 252 252 253 253 253 254 254 254 255 255 255 256 256 256 257 257 257 258 258 258 259 259 259 260 260 260 261 261 261 262 262 262 263 263 263 264 264 264 265 265 265 266 266 266 267 267 267 268 268 268 269 269 269 270 270 270 271 271 271 272 272 272 273 273 273 274 274 274 275 275 275 276 276 276 277 277 277 278 278 278 279 279 279 280 280 280 281 281 281 282 282 282 283 283 283 284 284 284 285 285 285 286 286 286 287 287 287 288 288 288 289 289 289 290 290 290 291 291 291 292 292 292 293 293 293 294 294 294 295 295 295 296 296 296 297 297 297 298 298 298 299 299 299 300 300 300 301 301 301 302 302 302 303 303 303 304 304 304 305 305 305 306 306 306 307 307 307 308 308 308 309 309 309 310 310 310 311 311 311 312 312 312 313 313 313 314 314 314 315 315 315 316 316 316 317 317 317 318 318 318 319 319 319 320 320 320 321 321 321 322 322 322 323 323 323 324 324 324 325 325 325 326 326 326 327 327 327 328 328 328 329 329 329 330 330 330 331 331 331 332 332 332 333 333 333 334 334 334 335 335 335 336 336 336 337 337 337 338 338 338 339 339 339 340 340 340 341 341 341 342 342 342 343 343 343 344 344 344 345 345 345 346 346 346 347 347 347 348 348 348 349 349 349 350 350 350 351 351 351 352 352 352 353 353 353 354 354 354 355 355 355 356 356 356 357 357 357 358 358 358 359 359 359 360 360 360 361 361 361 362 362 362 363 363 363 364 364 364 365 365 365 366 366 366 367 367 367 368 368 368 369 369 369 370 370 370 371 371 371 372 372 372 373 373 373 374 374 374 375 375 375 376 376 376 377 377 377 378 378 378 379 379 379 380 380 380 381 381 381 382 382 382 383 383 383 384 384 384 385 385 385 386 386 386 387 387 387 388 388 388 389 389 389 390 390 390 391 391 391 392 392 392 393 393 393 394 394 394 395 395 395 396 396 396 397 397 397 398 398 398 399 399 399 400 400 400 401 401 401 402 402 402 403 403 403 404 404 404 405 405 405 406 406 406 407 407 407 408 408 408 409 409 409 410 410 410 411 411 411 412 412 412 413 413 413 414 414 414 415 415 415 416 416 416 417 417 417 418 418 418 419 419 419 420 420 420 421 421 421 422 422 422 423 423 423 424 424 424 425 425 425 426 426 426 427 427 427 428 428 428 429 429 429 430 430 430 431 431 431 432 432 432 433 433 433 434 434 434 435 435 435 436 436 436 437 437 437 438 438 438 439 439 439 440 440 440 441 441 441 442 442 442 443 443 443 444 444 444 445 445 445 446 446 446 447 447 447 448 448 448 449 449 449 450 450 450 451 451 451 452 452 452 453 453 453 454 454 454 455 455 455 456 456 456 457 457 457 458 458 458 459 459 459 460 460 460 461 461 461 462 462 462 463 463 463 464 464 464 465 465 465 466 466 466 467 467 467 468 468 468 469 469 469 470 470 470 471 471 471 472 472 472 473 473 473 474 474 474 475 475 475 476 476 476 477 477 477 478 478 478 479 479 479 480 480 480 481 481 481 482 482 482 483 483 483 484 484 484 485 485 485 486 486 486 487 487 487 488 488 488 489 489 489 490 490 490 491 491 491 492 492 492 493 493 493 494 494 494 495 495 495 496 496 496 497 497 497 498 498 498 499 499 499 500 500 500 501 501 501 502 502 502 503 503 503 504 504 504 505 505 505 506 506 506 507 507 507 508 508 508 509 509 509 510 510 510 511 511 511 512 512 512 513 513 513 514 514 514 515 515 515 516 516 516 517 517 517 518 518 518 519 519 519 520 520 520 521 521 521 522 522 522 523 523 523 524 524 524 525 525 525 526 526 526 527 527 527 528 528 528 529 529 529 530 530 530 531 531 531 532 532 532 533 533 533 534 534 534 535 535 535 536 536 536 537 537 537 538 538 538 539 539 539 540 540 540 541 541 541 542 542 542 543 543 543 544 544 544 545 545 545 546 546 546 547 547 547 548 548 548 549 549 549 550 550 550 551 551 551 552 552 552 553 553 553 554 554 554 555 555 555 556 556 556 557 557 557 558 558 558 559 559 559 560 560 560 561 561 561 562 562 562 563 563 563 564 564 564 565 565 565 566 566 566 567 567 567 568 568 568 569 569 569 570 570 570 571 571 571 572 572 572 573 573 573 574 574 574 575 575 575 576 576 576 577 577 577 578 578 578 579 579 579 580 580 580 581 581 581 582 582 582 583 583 583 584 584 584 585 585 585 586 586 586 587 587 587 588 588 588 589 589 589 590 590 590 591 591 591 592 592 592 593 593 593 594 594 594 595 595 595 596 596 596 597 597 597 598 598 598 599 599 599 600 600 600 601 601 601 602 602 602 603 603 603 604 604 604 605 605 605 606 606 606 607 607 607 608 608 608 609 609 609 610 610 610 611 611 611 612 612 612 613 613 613 614 614 614 615 615 615 616 616 616 617 617 617 618 618 618 619 619 619 620 620 620 621 621 621 622 622 622 623 623 623 624 624 624 625 625 625 626 626 626 627 627 627 628 628 628 629 629 629 630 630 630 631 631 631 632 632 632 633 633 633 634 634 634 635 635 635 636 636 636 637 637 637 638 638 638 639 639 639 640 640 640 641 641 641 642 642 642 643 643 643 644 644 644 645 645 645 646 646 646 647 647 647 648 648 648 649 649 649 650 650 650 651 651 651 652 652 652 653 653 653 654 654 654 655 655 655 656 656 656 657 657 657 658 658 658 659 659 659 660 660 660 661 661 661 662 662 662 663 663 663 664 664 664 665 665 665 666 666 666 667 667 667 668 668 668 669 669 669 670 670 670 671 671 671 672 672 672 673 673 673 674 674 674 675 675 675 676 676 676 677 677 677 678 678 678 679 679 679 680 680 680 681 681 681 682 682 682 683 683 683 684 684 684 685 685 685 686 686 686 687 687 687 688 688 688 689 689 689 690 690 690 691 691 691 692 692 692 693 693 693 694 694 694 695 695 695 696 696 696 697 697 697 698 698 698 699 699 699 700 700 700 701 701 701 702 702 702 703 703 703 704 704 704 705 705 705 706 706 706 707 707 707 708 708 708 709 709 709 710 710 710 711 711 711 712 712 712 713 713 713 714 714 714 715 715 715 716 716 716 717 717 717 718 718 718 719 719 719 720 720 720 721 721 721 722 722 722 723 723 723 724 724 724 725 725 725 726 726 726 727 727 727 728 728 728 729 729 729 730 730 730 731 731 731 732 732 732 733 733 733 734 734 734 735 735 735 736 736 736 737 737 737 738 738 738 739 739 739 740 740 740 741 741 741 742 742 742 743 743 743 744 744 744 745 745 745 746 746 746 747 747 747 748 748 748 749 749 749 750 750 750 751 751 751 752 752 752 753 753 753 754 754 754 755 755 755 756 756 756 757 757 757 758 758 758 759 759 759 760 760 760 761 761 761 762 762 762 763 763 763 764 764 764 765 765 765 766 766 766 767 767 767 768 768 768 769 769 769 770 770 770 771 771 771 772 772 772 773 773 773 774 774 774 775 775 775 776 776 776 777 777 777 778 778 778 779 779 779 780 780 780 781 781 781 782 782 782 783 783 783 784 784 784 785 785 785 786 786 786 787 787 787 788 788 788 789 789 789 790 790 790 791 791 791 792 792 792 793 793 793 794 794 794 795 795 795 796 796 796 797 797 797 798 798 798 799 799 799 800 800 800 801 801 801 802 802 802 803 803 803 804 804 804 805 805 805 806 806 806 807 807 807 808 808 808 809 809 809 810 810 810 811 811 811 812 812 812 813 813 813 814 814 814 815 815 815 816 816 816 817 817 817 818 818 818 819 819 819 820 820 820 821 821 821 822 822 822 823 823 823 824 824 824 825 825 825 826 826 826 827 827 827 828 828 828 829 829 829 830 830 830 831 831 831 832 832 832 833 833 833 834 834 834 835 835 835 836 836 836 837 837 837 838 838 838 839 839 839 840 840 840 841 841 841 842 842 842 843 843 843 844 844 844 845 845 845 846 846 846 847 847 847 848 848 848 849 849 849 850 850 850 851 851 851 852 852 852 853 853 853 854 854 854 855 855 855 856 856 856 857 857 857 858 858 858 859 859 859 860 860 860 861 861 861 862 862 862 863 863 863 864 864 864 865 865 865 866 866 866 867 867 867 868 868 868 869 869 869 870 870 870 871 871 871 872 872 872 873 873 873 874 874 874 875 875 875 876 876 876 877 877 877 878 878 878 879 879 879 880 880 880 881 881 881 882 882 882 883 883 883 884 884 884 885 885 885 886 886 886 887 887 887 888 888 888 889 889 889 890 890 890 891 891 891 892 892 892 893 893 893 894 894 894 895 895 895 896 896 896 897 897 897 898 898 898 899 899 899 900 900 900 901 901 901 902 902 902 903 903 903 904 904 904 905 905 905 906 906 906 907 907 907 908 908 908 909 909 909 910 910 910 911 911 911 912 912 912 913 913 913 914 914 914 915 915 915 916 916 916 917 917 917 918 918 918 919 919 919 920 920 920 921 921 921 922 922 922 923 923 923 924 924 924 925 925 925 926 926 926 927 927 927 928 928 928 929 929 929 930 930 930 931 931 931 932 932 932 933 933 933 934 934 934 935 935 935 936 936 936 937 937 937 938 938 938 939 939 939 940 940 940 941 941 941 942 942 942 943 943 943 944 944 944 945 945 945 946 946 946 947 947 947 948 948 948 949 949 949 950 950 950 951 951 951 952 952 952 953 953 953 954 954 954 955 955 955 956 956 956 957 957 957 958 958 958 959 959 959 960 960 960 961 961 961 962 962 962 963 963 963 964 964 964 965 965 965 966 966 966 967 967 967 968 968 968 969 969 969 970 970 970 971 971 971 972 972 972 973 973 973 974 974 974 975 975 975 976 976 976 977 977 977 978 978 978 979 979 979 980 980 980 981 981 981 982 982 982 983 983 983 984 984 984 985 985 985 986 986 986 987 987 987 988 988 988 989 989 989 990 990 990 991 991 991 992 992 992 993 993 993 994 994 994 995 995 995 996 996 996 997 997 997 998 998 998 999 999 999 1000 1000 1000 1001 1001 1001 1002 1002 1002 1003 1003 1003 1004 1004 1004 1005 1005 1005 1006 1006 1006 1007 1007 1007 1008 1008 1008 1009 1009 1009 1010 1010 1010 1011 1011 1011 1012 1012 1012 1013 1013 1013 1014 1014 1014 1015 1015 1015 1016 1016 1016 1017 1017 1017 1018 1018 1018 1019 1019 1019 1020 1020 1020 1021 1021 1021 1022 1022 1022 1023 1023 1023 1024 1024 1024 1025 1025 1025 1026 1026 1026 1027 1027 1027 1028 1028 1028 1029 1029 1029 1030 1030 1030 1031 1031 1031 1032 1032 1032 1033 1033 1033 1034 1034 1034 1035 1035 1035 1036 1036 1036 1037 1037 1037 1038 1038 1038 1039 1039 1039 1040 1040 1040 1041 1041 1041 1042 1042 1042 1043 1043 1043 1044 1044 1044 1045 1045 1045 1046 1046 1046 1047 1047 1047 1048 1048 1048 1049 1049 1049 1050 1050 1050 1051 1051 1051 1052 1052 1052 1053 1053 1053 1054 1054 1054 1055 1055 1055 1056 1056 1056 1057 1057 1057 1058 1058 1058 1059 1059 1059 1060 1060 1060 1061 1061 1061 1062 1062 1062 1063 1063 1063 1064 1064 1064 1065 1065 1065 1066 1066 1066 1067 1067 1067 1068 1068 1068 1069 1069 1069 1070 1070 1070 1071 1071 1071 1072 1072 1072 1073 1073 1073 1074 1074 1074 1075 1075 1075 1076 1076 1076 1077 1077 1077 1078 1078 1078 1079 1079 1079 1080 1080 1080 1081 1081 1081 1082 1082 1082 1083 1083 1083 1084 1084 1084 1085 1085 1085 1086 1086 1086 1087 1087 1087 1088 1088 1088 1089 1089 1089 1090 1090 1090 1091 1091 1091 1092 1092 1092 1093 1093 1093 1094 1094 1094 1095 1095 1095 1096 1096 1096 1097 1097 1097 1098 1098 1098 1099 1099 1099 1100 1100 1100 1101 1101 1101 1102 1102 1102 1103 1103 1103 1104 1104 1104 1105 1105 1105 1106 1106 1106 1107 1107 1107 1108 1108 1108 1109 1109 1109 1110 1110 1110 1111 1111 1111 1112 1112 1112 1113 1113 1113 1114 1114 1114 1115 1115 1115 1116 1116 1116 1117 1117 1117 1118 1118 1118 1119 1119 1119 1120 1120 1120 1121 1121 1121 1122 1122 1122 1123 1123 1123 1124 1124 1124 1125 1125 1125 1126 1126 1126 1127 1127 1127 1128 1128 1128 1129 1129 1129 1130 1130 1130 1131 1131 1131 1132 1132 1132 1133 1133 1133 1134 1134 1134 1135 1135 1135 1136 1136 1136 1137 1137 1137 1138 1138 1138 1139 1139 1139 1140 1140 1140 1141 1141 1141 1142 1142 1142 1143 1143 1143 1144 1144 1144 1145 1145 1145 1146 1146 1146 1147 1147 1147 1148 1148 1148 1149 1149 1149 1150 1150 1150 1151 1151 1151 1152 1152 1152 1153 1153 1153 1154 1154 1154 1155 1155 1155 1156 1156 1156 1157 1157 1157 1158 1158 1158 1159 1159 1159 1160 1160 1160 1161 1161 1161 1162 1162 1162 1163 1163 1163 1164 1164 1164 1165 1165 1165 1166 1166 1166 1167 1167 1167 1168 1168 1168 1169 1169 1169 1170 1170 1170 1171 1171 1171 1172 1172 1172 1173 1173 1173 1174 1174 1174 1175 1175 1175 1176 1176 1176 1177 1177 1177 1178 1178 1178 1179 1179 1179 1180 1180 1180 1181 1181 1181 1182 1182 1182 1183 1183 1183 1184 1184 1184 1185 1185 1185 1186 1186 1186 1187 1187 1187 1188 1188 1188 1189 1189 1189 1190 1190 1190 1191 1191 1191 1192 1192 1192 1193 1193 1193 1194 1194 1194 1195 1195 1195 1196 1196 1196 1197 1197 1197 1198 1198 1198 1199 1199 1199 1200 1200 1200 1201 1201 1201 1202 1202 1202 1203 1203 1203 1204 1204 1204 1205 1205 1205 1206 1206 1206 1207 1207 1207 1208 1208 1208 1209 1209 1209 1210 1210 1210 1211 1211 1211 1212 1212 1212 1213 1213 1213 1214 1214 1214 1215 1215 1215 1216 1216 1216 1217 1217 1217 1218 1218 1218 1219 1219 1219 1220 1220 1220 1221 1221 1221 1222 1222 1222 1223 1223 1223 1224 1224 1224 1225 1225 1225 1226 1226 1226 1227 1227 1227 1228 1228 1228 1229 1229 1229 1230 1230 1230 1231 1231 1231 1232 1232 1232 1233 1233 1233 1234 1234 1234 1235 1235 1235 1236 1236 1236 1237 1237 1237 1238 1238 1238 1239 1239 1239 1240 1240 1240 1241 1241 1241 1242 1242 1242 1243 1243 1243 1244 1244 1244 1245 1245 1245 1246 1246 1246 1247 1247 1247 1248 1248 1248 1249 1249 1249 1250 1250 1250 1251 1251 1251 1252 1252 1252 1253 1253 1253 1254 1254 1254 1255 1255 1255 1256 1256 1256 1257 1257 1257 1258 1258 1258 1259 1259 1259 1260 1260 1260 1261 1261 1261 1262 1262 1262 1263 1263 1263 1264 1264 1264 1265 1265 1265 1266 1266 1266 1267 1267 1267 1268 1268 1268 1269 1269 1269 1270 1270 1270 1271 1271 1271 1272 1272 1272 1273 1273 1273 1274 1274 1274 1275 1275 1275 1276 1276 1276 1277 1277 1277 1278 1278 1278 1279 1279 1279 1280 1280 1280 1281 1281 1281 1282 1282 1282 1283 1283 1283 1284 1284 1284 1285 1285 1285 1286 1286 1286 1287 1287 1287 1288 1288 1288 1289 1289 1289 1290 1290 1290 1291 1291 1291 1292 1292 1292 1293 1293 1293 1294 1294 1294 1295 1295 1295 1296 1296 1296 1297 1297 1297 1298 1298 1298 1299 1299 1299 1300 1300 1300 1301 1301 1301 1302 1302 1302 1303 1303 1303 1304 1304 1304 1305 1305 1305 1306 1306 1306 1307 1307 1307 1308 1308 1308 1309 1309 1309 1310 1310 1310 1311 1311 1311 1312 1312 1312 1313 1313 1313 1314 1314 1314 1315 1315 1315 1316 1316 1316 1317 1317 1317 1318 1318 1318 1319 1319 1319 1320 1320 1320 1321 1321 1321 1322 1322 1322 1323 1323 1323 1324 1324 1324 1325 1325 1325 1326 1326 1326 1327 1327 1327 1328 1328 1328 1329 1329 1329 1330 1330 1330 1331 1331 1331 1332 1332 1332 1333 1333 1333 1334 1334 1334 1335 1335 1335 1336 1336 1336 1337 1337 1337 1338 1338 1338 1339 1339 1339 1340 1340 1340 1341 1341 1341 1342 1342 1342 1343 1343 1343 1344 1344 1344 1345 1345 1345 1346 1346 1346 1347 1347 1347 1348 1348 1348 1349 1349 1349 1350 1350 1350 1351 1351 1351 1352 1352 1352 1353 1353 1353 1354 1354 1354 1355 1355 1355 1356 1356 1356 1357 1357 1357 1358 1358 1358 1359 1359 1359 1360 1360 1360 1361 1361 1361 1362 1362 1362 1363 1363 1363 1364 1364 1364 1365 1365 1365 1366 1366 1366 1367 1367 1367 1368 1368 1368 1369 1369 1369 1370 1370 1370 1371 1371 1371 1372 1372 1372 1373 1373 1373 1374 1374 1374 1375 1375 1375 1376 1376 1376 1377 1377 1377 1378 1378 1378 1379 1379 1379 1380 1380 1380 1381 1381 1381 1382 1382 1382 1383 1383 1383 1384 1384 1384 1385 1385 1385 1386 1386 1386 1387 1387 1387 1388 1388 1388 1389 1389 1389 1390 1390 1390 1391 1391 1391 1392 1392 1392 1393 1393 1393 1394 1394 1394 1395 1395 1395 1396 1396 1396 1397 1397 1397 1398 1398 1398 1399 1399 1399 1400 1400 1400 1401 1401 1401 1402 1402 1402 1403 1403 1403 1404 1404 1404 1405 1405 1405 1406 1406 1406 1407 1407 1407 1408 1408 1408 1409 1409 1409 1410 1410 1410 1411 1411 1411 1412 1412 1412 1413 1413 1413 1414 1414 1414 1415 1415 1415 1416 1416 1416 1417 1417 1417 1418 1418 1418 1419 1419 1419 1420 1420 1420 1421 1421 1421 1422 1422 1422 1423 1423 1423 1424 1424 1424 1425 1425 1425 1426 1426 1426 1427 1427 1427 1428 1428 1428 1429 1429 1429 1430 1430 1430 1431 1431 1431 1432 1432 1432 1433 1433 1433 1434 1434 1434 1435 1435 1435 1436 1436 1436 1437 1437 1437 1438 1438 1438 1439 1439 1439 1440 1440 1440 1441 1441 1441 1442 1442 1442 1443 1443 1443 1444 1444 1444 1445 1445 1445 1446 1446 1446 1447 1447 1447 1448 1448 1448 1449 1449 1449 1450 1450 1450 1451 1451 1451 1452 1452 1452 1453 1453 1453 1454 1454 1454 1455 1455 1455 1456 1456 1456 1457 1457 1457 1458 1458 1458 1459 1459 1459 1460 1460 1460 1461 1461 1461 1462 1462 1462 1463 1463 1463 1464 1464 1464 1465 1465 1465 1466 1466 1466 1467 1467 1467 1468 1468 1468 1469 1469 1469 1470 1470 1470 1471 1471 1471 1472 1472 1472 1473 1473 1473 1474 1474 1474 1475 1475 1475 1476 1476 1476 1477 1477 1477 1478 1478 1478 1479 1479 1479 1480 1480 1480 1481 1481 1481 1482 1482 1482 1483 1483 1483 1484 1484 1484 1485 1485 1485 1486 1486 1486 1487 1487 1487 1488 1488 1488 1489 1489 1489 1490 1490 1490 1491 1491 1491 1492 1492 1492 1493 1493 1493 1494 1494 1494 1495 1495 1495 1496 1496 1496 1497 1497 1497 1498 1498 1498 1499 1499 1499 1500 1500 1500 1501 1501 1501 1502 1502 1502 1503 1503 1503 1504 1504 1504 1505 1505 1505 1506 1506 1506 1507 1507 1507 1508 1508 1508 1509 1509 1509 1510 1510 1510 1511 1511 1511 1512 1512 1512 1513 1513 1513 1514 1514 1514 1515 1515 1515 1516 1516 1516 1517 1517 1517 1518 1518 1518 1519 1519 1519 1520 1520 1520 1521 1521 1521 1522 1522 1522 1523 1523 1523 1524 1524 1524 1525 1525 1525 1526 1526 1526 1527 1527 1527 1528 1528 1528 1529 1529 1529 1530 1530 1530 1531 1531 1531 1532 1532 1532 1533 1533 1533 1534 1534 1534 1535 1535 1535 1536 1536 1536 1537 1537 1537 1538 1538 1538 1539 1539 1539 1540 1540 1540 1541 1541 1541 1542 1542 1542 1543 1543 1543 1544 1544 1544 1545 1545 1545 1546 1546 1546 1547 1547 1547</p></triangles></mesh></geometry></library_geometries><library_visual_scenes><visual_scene id="Scene"><node id="rezero-visual" name="OwnRezeroGeometry"><node id="node-plaster" name="plaster"><instance_geometry url="#rezero-plaster"><bind_material><technique_common><instance_material symbol="plaster-slot" target="#plaster-material"><bind_vertex_input semantic="UVMap" input_semantic="TEXCOORD" input_set="0" /></instance_material></technique_common></bind_material></instance_geometry></node><node id="node-stone" name="stone"><instance_geometry url="#rezero-stone"><bind_material><technique_common><instance_material symbol="stone-slot" target="#stone-material"><bind_vertex_input semantic="UVMap" input_semantic="TEXCOORD" input_set="0" /></instance_material></technique_common></bind_material></instance_geometry></node></node><node id="collision" name="collision"><instance_geometry url="#rezero-collision" /></node></visual_scene></library_visual_scenes><scene><instance_visual_scene url="#Scene" /></scene></COLLADA>