<?xml version='1.0' encoding='utf-8'?>
<COLLADA xmlns="http://www.collada.org/2005/11/COLLADASchema" version="1.4.1"><asset><created>2026-10-03T00:00:00Z</created><modified>2026-10-03T00:00:00Z</modified><up_axis>Z_UP</up_axis></asset><library_images><image id="m0-image"><init_from>textures/veyra/frontier/frontier_stone.dds</init_from></image><image id="m1-image"><init_from>textures/veyra/crown_leaf_01.dds</init_from></image></library_images><library_effects><effect id="m0-effect"><profile_COMMON><newparam sid="m0-surface"><surface type="2D"><init_from>m0-image</init_from></surface></newparam><newparam sid="m0-sampler"><sampler2D><source>m0-surface</source></sampler2D></newparam><technique sid="common"><phong><emission><color>0 0 0 1</color></emission><ambient><color>.55 .55 .55 1</color></ambient><diffuse><texture texture="m0-sampler" texcoord="UVMap" /></diffuse><specular><color>.008 .008 .008 1</color></specular><shininess><float>2</float></shininess></phong></technique></profile_COMMON></effect><effect id="m1-effect"><profile_COMMON><newparam sid="m1-surface"><surface type="2D"><init_from>m1-image</init_from></surface></newparam><newparam sid="m1-sampler"><sampler2D><source>m1-surface</source></sampler2D></newparam><technique sid="common"><phong><emission><color>0 0 0 1</color></emission><ambient><color>.55 .55 .55 1</color></ambient><diffuse><texture texture="m1-sampler" texcoord="UVMap" /></diffuse><specular><color>.008 .008 .008 1</color></specular><shininess><float>2</float></shininess></phong></technique></profile_COMMON></effect></library_effects><library_materials><material id="m0-material"><instance_effect url="#m0-effect" /></material><material id="m1-material"><instance_effect url="#m1-effect" /></material></library_materials><library_geometries><geometry id="g0"><mesh><source id="g0p"><float_array id="g0p-array" count="4536">0 0 95 54.25004 0 87.07751 55.71606 20.8689 87.07751 0 0 -65 51.32582 19.2245 -57.07751 53.52163 0 -57.07751 54.25004 0 87.07751 115.2901 0 64.87918 98.1813 36.77459 64.87918 54.25004 0 87.07751 98.1813 36.77459 64.87918 55.71606 20.8689 87.07751 115.2901 0 64.87918 123.4544 0 32.80167 107.811 40.38146 32.80167 115.2901 0 64.87918 107.811 40.38146 32.80167 98.1813 36.77459 64.87918 123.4544 0 32.80167 130.8332 0 -2.801675 113.027 42.33517 -2.801675 123.4544 0 32.80167 113.027 42.33517 -2.801675 107.811 40.38146 32.80167 130.8332 0 -2.801675 106.7883 0 -34.87918 88.19256 33.03323 -34.87918 130.8332 0 -2.801675 88.19256 33.03323 -34.87918 113.027 42.33517 -2.801675 106.7883 0 -34.87918 53.52163 0 -57.07751 51.32582 19.2245 -57.07751 106.7883 0 -34.87918 51.32582 19.2245 -57.07751 88.19256 33.03323 -34.87918 0 0 95 55.71606 20.8689 87.07751 35.26699 34.39599 87.07751 0 0 -65 36.27418 35.37829 -57.07751 51.32582 19.2245 -57.07751 55.71606 20.8689 87.07751 98.1813 36.77459 64.87918 69.44988 67.73464 64.87918 55.71606 20.8689 87.07751 69.44988 67.73464 64.87918 35.26699 34.39599 87.07751 98.1813 36.77459 64.87918 107.811 40.38146 32.80167 83.49374 81.43165 32.80167 98.1813 36.77459 64.87918 83.49374 81.43165 32.80167 69.44988 67.73464 64.87918 107.811 40.38146 32.80167 113.027 42.33517 -2.801675 74.52133 72.68084 -2.801675 107.811 40.38146 32.80167 74.52133 72.68084 -2.801675 83.49374 81.43165 32.80167 113.027 42.33517 -2.801675 88.19256 33.03323 -34.87918 70.59316 68.84968 -34.87918 113.027 42.33517 -2.801675 70.59316 68.84968 -34.87918 74.52133 72.68084 -2.801675 88.19256 33.03323 -34.87918 51.32582 19.2245 -57.07751 36.27418 35.37829 -57.07751 88.19256 33.03323 -34.87918 36.27418 35.37829 -57.07751 70.59316 68.84968 -34.87918 0 0 95 35.26699 34.39599 87.07751 11.95743 40.74695 87.07751 0 0 -65 12.36659 42.14123 -57.07751 36.27418 35.37829 -57.07751 35.26699 34.39599 87.07751 69.44988 67.73464 64.87918 21.99791 74.96154 64.87918 35.26699 34.39599 87.07751 21.99791 74.96154 64.87918 11.95743 40.74695 87.07751 69.44988 67.73464 64.87918 83.49374 81.43165 32.80167 30.61505 104.3259 32.80167 69.44988 67.73464 64.87918 30.61505 104.3259 32.80167 21.99791 74.96154 64.87918 83.49374 81.43165 32.80167 74.52133 72.68084 -2.801675 31.88427 108.651 -2.801675 83.49374 81.43165 32.80167 31.88427 108.651 -2.801675 30.61505 104.3259 32.80167 74.52133 72.68084 -2.801675 70.59316 68.84968 -34.87918 24.94708 85.01135 -34.87918 74.52133 72.68084 -2.801675 24.94708 85.01135 -34.87918 31.88427 108.651 -2.801675 70.59316 68.84968 -34.87918 36.27418 35.37829 -57.07751 12.36659 42.14123 -57.07751 70.59316 68.84968 -34.87918 12.36659 42.14123 -57.07751 24.94708 85.01135 -34.87918 0 0 95 11.95743 40.74695 87.07751 -12.30262 41.92323 87.07751 0 0 -65 -14.08764 48.00599 -57.07751 12.36659 42.14123 -57.07751 11.95743 40.74695 87.07751 21.99791 74.96154 64.87918 -24.8718 84.75483 64.87918 11.95743 40.74695 87.07751 -24.8718 84.75483 64.87918 -12.30262 41.92323 87.07751 21.99791 74.96154 64.87918 30.61505 104.3259 32.80167 -32.13348 109.5002 32.80167 21.99791 74.96154 64.87918 -32.13348 109.5002 32.80167 -24.8718 84.75483 64.87918 30.61505 104.3259 32.80167 31.88427 108.651 -2.801675 -30.24913 103.079 -2.801675 30.61505 104.3259 32.80167 -30.24913 103.079 -2.801675 -32.13348 109.5002 32.80167 31.88427 108.651 -2.801675 24.94708 85.01135 -34.87918 -24.37709 83.06901 -34.87918 31.88427 108.651 -2.801675 -24.37709 83.06901 -34.87918 -30.24913 103.079 -2.801675 24.94708 85.01135 -34.87918 12.36659 42.14123 -57.07751 -14.08764 48.00599 -57.07751 24.94708 85.01135 -34.87918 -14.08764 48.00599 -57.07751 -24.37709 83.06901 -34.87918 0 0 95 -12.30262 41.92323 87.07751 -34.48552 33.63381 87.07751 0 0 -65 -34.38669 33.53742 -57.07751 -14.08764 48.00599 -57.07751 -12.30262 41.92323 87.07751 -24.8718 84.75483 64.87918 -63.06767 61.51006 64.87918 -12.30262 41.92323 87.07751 -63.06767 61.51006 64.87918 -34.48552 33.63381 87.07751 -24.8718 84.75483 64.87918 -32.13348 109.5002 32.80167 -76.06196 74.18342 32.80167 -24.8718 84.75483 64.87918 -76.06196 74.18342 32.80167 -63.06767 61.51006 64.87918 -32.13348 109.5002 32.80167 -30.24913 103.079 -2.801675 -80.38495 78.39964 -2.801675 -32.13348 109.5002 32.80167 -80.38495 78.39964 -2.801675 -76.06196 74.18342 32.80167 -30.24913 103.079 -2.801675 -24.37709 83.06901 -34.87918 -61.50948 59.99035 -34.87918 -30.24913 103.079 -2.801675 -61.50948 59.99035 -34.87918 -80.38495 78.39964 -2.801675 -24.37709 83.06901 -34.87918 -14.08764 48.00599 -57.07751 -34.38669 33.53742 -57.07751 -24.37709 83.06901 -34.87918 -34.38669 33.53742 -57.07751 -61.50948 59.99035 -34.87918 0 0 95 -34.48552 33.63381 87.07751 -56.1737 21.04031 87.07751 0 0 -65 -54.68194 20.48156 -57.07751 -34.38669 33.53742 -57.07751 -34.48552 33.63381 87.07751 -63.06767 61.51006 64.87918 -96.95923 36.31686 64.87918 -34.48552 33.63381 87.07751 -96.95923 36.31686 64.87918 -56.1737 21.04031 87.07751 -63.06767 61.51006 64.87918 -76.06196 74.18342 32.80167 -129.7668 48.6052 32.80167 -63.06767 61.51006 64.87918 -129.7668 48.6052 32.80167 -96.95923 36.31686 64.87918 -76.06196 74.18342 32.80167 -80.38495 78.39964 -2.801675 -112.0617 41.97359 -2.801675 -76.06196 74.18342 32.80167 -112.0617 41.97359 -2.801675 -129.7668 48.6052 32.80167 -80.38495 78.39964 -2.801675 -61.50948 59.99035 -34.87918 -86.94645 32.56649 -34.87918 -80.38495 78.39964 -2.801675 -86.94645 32.56649 -34.87918 -112.0617 41.97359 -2.801675 -61.50948 59.99035 -34.87918 -34.38669 33.53742 -57.07751 -54.68194 20.48156 -57.07751 -61.50948 59.99035 -34.87918 -54.68194 20.48156 -57.07751 -86.94645 32.56649 -34.87918 0 0 95 -56.1737 21.04031 87.07751 -64.17266 6.112465e-15 87.07751 0 0 -65 -62.49667 5.952827e-15 -57.07751 -54.68194 20.48156 -57.07751 -56.1737 21.04031 87.07751 -96.95923 36.31686 64.87918 -97.12883 9.251551e-15 64.87918 -56.1737 21.04031 87.07751 -97.12883 9.251551e-15 64.87918 -64.17266 6.112465e-15 87.07751 -96.95923 36.31686 64.87918 -129.7668 48.6052 32.80167 -136.1254 1.296598e-14 32.80167 -96.95923 36.31686 64.87918 -136.1254 1.296598e-14 32.80167 -97.12883 9.251551e-15 64.87918 -129.7668 48.6052 32.80167 -112.0617 41.97359 -2.801675 -119.904 1.142089e-14 -2.801675 -129.7668 48.6052 32.80167 -119.904 1.142089e-14 -2.801675 -136.1254 1.296598e-14 32.80167 -112.0617 41.97359 -2.801675 -86.94645 32.56649 -34.87918 -98.14243 9.348097e-15 -34.87918 -112.0617 41.97359 -2.801675 -98.14243 9.348097e-15 -34.87918 -119.904 1.142089e-14 -2.801675 -86.94645 32.56649 -34.87918 -54.68194 20.48156 -57.07751 -62.49667 5.952827e-15 -57.07751 -86.94645 32.56649 -34.87918 -62.49667 5.952827e-15 -57.07751 -98.14243 9.348097e-15 -34.87918 0 0 95 -64.17266 6.112465e-15 87.07751 -55.46115 -20.77342 87.07751 0 0 -65 -50.64782 -18.97055 -57.07751 -62.49667 5.952827e-15 -57.07751 -64.17266 6.112465e-15 87.07751 -97.12883 9.251551e-15 64.87918 -90.02147 -33.71826 64.87918 -64.17266 6.112465e-15 87.07751 -90.02147 -33.71826 64.87918 -55.46115 -20.77342 87.07751 -97.12883 9.251551e-15 64.87918 -136.1254 1.296598e-14 32.80167 -120.7314 -45.22092 32.80167 -97.12883 9.251551e-15 64.87918 -120.7314 -45.22092 32.80167 -90.02147 -33.71826 64.87918 -136.1254 1.296598e-14 32.80167 -119.904 1.142089e-14 -2.801675 -129.735 -48.59328 -2.801675 -136.1254 1.296598e-14 32.80167 -129.735 -48.59328 -2.801675 -120.7314 -45.22092 32.80167 -119.904 1.142089e-14 -2.801675 -98.14243 9.348097e-15 -34.87918 -100.724 -37.72699 -34.87918 -119.904 1.142089e-14 -2.801675 -100.724 -37.72699 -34.87918 -129.735 -48.59328 -2.801675 -98.14243 9.348097e-15 -34.87918 -62.49667 5.952827e-15 -57.07751 -50.64782 -18.97055 -57.07751 -98.14243 9.348097e-15 -34.87918 -50.64782 -18.97055 -57.07751 -100.724 -37.72699 -34.87918 0 0 95 -55.46115 -20.77342 87.07751 -35.47663 -34.60044 87.07751 0 0 -65 -33.70348 -32.87109 -57.07751 -50.64782 -18.97055 -57.07751 -55.46115 -20.77342 87.07751 -90.02147 -33.71826 64.87918 -69.06359 -67.35789 64.87918 -55.46115 -20.77342 87.07751 -69.06359 -67.35789 64.87918 -35.47663 -34.60044 87.07751 -90.02147 -33.71826 64.87918 -120.7314 -45.22092 32.80167 -78.43201 -76.49494 32.80167 -90.02147 -33.71826 64.87918 -78.43201 -76.49494 32.80167 -69.06359 -67.35789 64.87918 -120.7314 -45.22092 32.80167 -129.735 -48.59328 -2.801675 -74.76743 -72.92086 -2.801675 -120.7314 -45.22092 32.80167 -74.76743 -72.92086 -2.801675 -78.43201 -76.49494 32.80167 -129.735 -48.59328 -2.801675 -100.724 -37.72699 -34.87918 -60.98054 -59.47447 -34.87918 -129.735 -48.59328 -2.801675 -60.98054 -59.47447 -34.87918 -74.76743 -72.92086 -2.801675 -100.724 -37.72699 -34.87918 -50.64782 -18.97055 -57.07751 -33.70348 -32.87109 -57.07751 -100.724 -37.72699 -34.87918 -33.70348 -32.87109 -57.07751 -60.98054 -59.47447 -34.87918 0 0 95 -35.47663 -34.60044 87.07751 -12.95288 -44.13911 87.07751 0 0 -65 -13.08245 -44.58064 -57.07751 -33.70348 -32.87109 -57.07751 -35.47663 -34.60044 87.07751 -69.06359 -67.35789 64.87918 -24.94732 -85.01215 64.87918 -35.47663 -34.60044 87.07751 -24.94732 -85.01215 64.87918 -12.95288 -44.13911 87.07751 -69.06359 -67.35789 64.87918 -78.43201 -76.49494 32.80167 -26.78998 -91.29132 32.80167 -69.06359 -67.35789 64.87918 -26.78998 -91.29132 32.80167 -24.94732 -85.01215 64.87918 -78.43201 -76.49494 32.80167 -74.76743 -72.92086 -2.801675 -26.74379 -91.13392 -2.801675 -78.43201 -76.49494 32.80167 -26.74379 -91.13392 -2.801675 -26.78998 -91.29132 32.80167 -74.76743 -72.92086 -2.801675 -60.98054 -59.47447 -34.87918 -23.98636 -81.73754 -34.87918 -74.76743 -72.92086 -2.801675 -23.98636 -81.73754 -34.87918 -26.74379 -91.13392 -2.801675 -60.98054 -59.47447 -34.87918 -33.70348 -32.87109 -57.07751 -13.08245 -44.58064 -57.07751 -60.98054 -59.47447 -34.87918 -13.08245 -44.58064 -57.07751 -23.98636 -81.73754 -34.87918 0 0 95 -12.95288 -44.13911 87.07751 13.73299 -46.79746 87.07751 0 0 -65 12.79342 -43.59572 -57.07751 -13.08245 -44.58064 -57.07751 -12.95288 -44.13911 87.07751 -24.94732 -85.01215 64.87918 24.56552 -83.7111 64.87918 -12.95288 -44.13911 87.07751 24.56552 -83.7111 64.87918 13.73299 -46.79746 87.07751 -24.94732 -85.01215 64.87918 -26.78998 -91.29132 32.80167 28.40937 -96.80966 32.80167 -24.94732 -85.01215 64.87918 28.40937 -96.80966 32.80167 24.56552 -83.7111 64.87918 -26.78998 -91.29132 32.80167 -26.74379 -91.13392 -2.801675 31.85749 -108.5597 -2.801675 -26.78998 -91.29132 32.80167 31.85749 -108.5597 -2.801675 28.40937 -96.80966 32.80167 -26.74379 -91.13392 -2.801675 -23.98636 -81.73754 -34.87918 22.24292 -75.79647 -34.87918 -26.74379 -91.13392 -2.801675 22.24292 -75.79647 -34.87918 31.85749 -108.5597 -2.801675 -23.98636 -81.73754 -34.87918 -13.08245 -44.58064 -57.07751 12.79342 -43.59572 -57.07751 -23.98636 -81.73754 -34.87918 12.79342 -43.59572 -57.07751 22.24292 -75.79647 -34.87918 0 0 95 13.73299 -46.79746 87.07751 35.84922 -34.96383 87.07751 0 0 -65 37.05532 -36.14014 -57.07751 12.79342 -43.59572 -57.07751 13.73299 -46.79746 87.07751 24.56552 -83.7111 64.87918 63.71371 -62.14014 64.87918 13.73299 -46.79746 87.07751 63.71371 -62.14014 64.87918 35.84922 -34.96383 87.07751 24.56552 -83.7111 64.87918 28.40937 -96.80966 32.80167 79.43822 -77.47629 32.80167 24.56552 -83.7111 64.87918 79.43822 -77.47629 32.80167 63.71371 -62.14014 64.87918 28.40937 -96.80966 32.80167 31.85749 -108.5597 -2.801675 89.42641 -87.2178 -2.801675 28.40937 -96.80966 32.80167 89.42641 -87.2178 -2.801675 79.43822 -77.47629 32.80167 31.85749 -108.5597 -2.801675 22.24292 -75.79647 -34.87918 65.33064 -63.71713 -34.87918 31.85749 -108.5597 -2.801675 65.33064 -63.71713 -34.87918 89.42641 -87.2178 -2.801675 22.24292 -75.79647 -34.87918 12.79342 -43.59572 -57.07751 37.05532 -36.14014 -57.07751 22.24292 -75.79647 -34.87918 37.05532 -36.14014 -57.07751 65.33064 -63.71713 -34.87918 0 0 95 35.84922 -34.96383 87.07751 56.62568 -21.2096 87.07751 0 0 -65 49.97034 -18.71679 -57.07751 37.05532 -36.14014 -57.07751 35.84922 -34.96383 87.07751 63.71371 -62.14014 64.87918 94.86623 -35.53291 64.87918 35.84922 -34.96383 87.07751 94.86623 -35.53291 64.87918 56.62568 -21.2096 87.07751 63.71371 -62.14014 64.87918 79.43822 -77.47629 32.80167 128.3661 -48.08055 32.80167 63.71371 -62.14014 64.87918 128.3661 -48.08055 32.80167 94.86623 -35.53291 64.87918 79.43822 -77.47629 32.80167 89.42641 -87.2178 -2.801675 125.532 -47.01904 -2.801675 79.43822 -77.47629 32.80167 125.532 -47.01904 -2.801675 128.3661 -48.08055 32.80167 89.42641 -87.2178 -2.801675 65.33064 -63.71713 -34.87918 89.78756 -33.63065 -34.87918 89.42641 -87.2178 -2.801675 89.78756 -33.63065 -34.87918 125.532 -47.01904 -2.801675 65.33064 -63.71713 -34.87918 37.05532 -36.14014 -57.07751 49.97034 -18.71679 -57.07751 65.33064 -63.71713 -34.87918 49.97034 -18.71679 -57.07751 89.78756 -33.63065 -34.87918 0 0 95 56.62568 -21.2096 87.07751 54.25004 0 87.07751 0 0 -65 53.52163 0 -57.07751 49.97034 -18.71679 -57.07751 56.62568 -21.2096 87.07751 94.86623 -35.53291 64.87918 115.2901 0 64.87918 56.62568 -21.2096 87.07751 115.2901 0 64.87918 54.25004 0 87.07751 94.86623 -35.53291 64.87918 128.3661 -48.08055 32.80167 123.4544 0 32.80167 94.86623 -35.53291 64.87918 123.4544 0 32.80167 115.2901 0 64.87918 128.3661 -48.08055 32.80167 125.532 -47.01904 -2.801675 130.8332 0 -2.801675 128.3661 -48.08055 32.80167 130.8332 0 -2.801675 123.4544 0 32.80167 125.532 -47.01904 -2.801675 89.78756 -33.63065 -34.87918 106.7883 0 -34.87918 125.532 -47.01904 -2.801675 106.7883 0 -34.87918 130.8332 0 -2.801675 89.78756 -33.63065 -34.87918 49.97034 -18.71679 -57.07751 53.52163 0 -57.07751 89.78756 -33.63065 -34.87918 53.52163 0 -57.07751 106.7883 0 -34.87918 130 40 54 163.2756 40 48.25619 157.7851 51.5965 48.25619 130 40 -62 158.9433 52.07991 -56.25619 165.7334 40 -56.25619 163.2756 40 48.25619 187.9942 40 32.16241 186.1551 63.43717 32.16241 163.2756 40 48.25619 186.1551 63.43717 32.16241 157.7851 51.5965 48.25619 187.9942 40 32.16241 204.9859 40 8.906214 201.274 69.74725 8.906214 187.9942 40 32.16241 201.274 69.74725 8.906214 186.1551 63.43717 32.16241 204.9859 40 8.906214 208.3562 40 -16.90621 197.4418 68.14783 -16.90621 204.9859 40 8.906214 197.4418 68.14783 -16.90621 201.274 69.74725 8.906214 208.3562 40 -16.90621 190.8248 40 -40.16241 182.4998 61.91157 -40.16241 208.3562 40 -16.90621 182.4998 61.91157 -40.16241 197.4418 68.14783 -16.90621 190.8248 40 -40.16241 165.7334 40 -56.25619 158.9433 52.07991 -56.25619 190.8248 40 -40.16241 158.9433 52.07991 -56.25619 182.4998 61.91157 -40.16241 130 40 54 157.7851 51.5965 48.25619 148.4374 60.03716 48.25619 130 40 -62 151.157 62.99272 -56.25619 158.9433 52.07991 -56.25619 157.7851 51.5965 48.25619 186.1551 63.43717 32.16241 165.6858 78.78207 32.16241 157.7851 51.5965 48.25619 165.6858 78.78207 32.16241 148.4374 60.03716 48.25619 186.1551 63.43717 32.16241 201.274 69.74725 8.906214 176.6315 90.67749 8.906214 186.1551 63.43717 32.16241 176.6315 90.67749 8.906214 165.6858 78.78207 32.16241 201.274 69.74725 8.906214 197.4418 68.14783 -16.90621 175.9321 89.91744 -16.90621 201.274 69.74725 8.906214 175.9321 89.91744 -16.90621 176.6315 90.67749 8.906214 197.4418 68.14783 -16.90621 182.4998 61.91157 -40.16241 166.4229 79.5831 -40.16241 197.4418 68.14783 -16.90621 166.4229 79.5831 -40.16241 175.9321 89.91744 -16.90621 182.4998 61.91157 -40.16241 158.9433 52.07991 -56.25619 151.157 62.99272 -56.25619 182.4998 61.91157 -40.16241 151.157 62.99272 -56.25619 166.4229 79.5831 -40.16241 130 40 54 148.4374 60.03716 48.25619 136.8865 66.14878 48.25619 130 40 -62 137.105 66.9784 -56.25619 151.157 62.99272 -56.25619 148.4374 60.03716 48.25619 165.6858 78.78207 32.16241 142.8824 88.9158 32.16241 148.4374 60.03716 48.25619 142.8824 88.9158 32.16241 136.8865 66.14878 48.25619 165.6858 78.78207 32.16241 176.6315 90.67749 8.906214 146.9915 104.5187 8.906214 165.6858 78.78207 32.16241 146.9915 104.5187 8.906214 142.8824 88.9158 32.16241 176.6315 90.67749 8.906214 175.9321 89.91744 -16.90621 145.2557 97.92755 -16.90621 176.6315 90.67749 8.906214 145.2557 97.92755 -16.90621 146.9915 104.5187 8.906214 175.9321 89.91744 -16.90621 166.4229 79.5831 -40.16241 143.9999 93.15933 -40.16241 175.9321 89.91744 -16.90621 143.9999 93.15933 -40.16241 145.2557 97.92755 -16.90621 166.4229 79.5831 -40.16241 151.157 62.99272 -56.25619 137.105 66.9784 -56.25619 166.4229 79.5831 -40.16241 137.105 66.9784 -56.25619 143.9999 93.15933 -40.16241 130 40 54 136.8865 66.14878 48.25619 123.132 66.07848 48.25619 130 40 -62 122.0586 70.15424 -56.25619 137.105 66.9784 -56.25619 136.8865 66.14878 48.25619 142.8824 88.9158 32.16241 116.2829 92.08552 32.16241 136.8865 66.14878 48.25619 116.2829 92.08552 32.16241 123.132 66.07848 48.25619 142.8824 88.9158 32.16241 146.9915 104.5187 8.906214 113.2049 103.7731 8.906214 142.8824 88.9158 32.16241 113.2049 103.7731 8.906214 116.2829 92.08552 32.16241 146.9915 104.5187 8.906214 145.2557 97.92755 -16.90621 112.555 106.2407 -16.90621 146.9915 104.5187 8.906214 112.555 106.2407 -16.90621 113.2049 103.7731 8.906214 145.2557 97.92755 -16.90621 143.9999 93.15933 -40.16241 116.0984 92.78605 -40.16241 145.2557 97.92755 -16.90621 116.0984 92.78605 -40.16241 112.555 106.2407 -16.90621 143.9999 93.15933 -40.16241 137.105 66.9784 -56.25619 122.0586 70.15424 -56.25619 143.9999 93.15933 -40.16241 122.0586 70.15424 -56.25619 116.0984 92.78605 -40.16241 130 40 54 123.132 66.07848 48.25619 109.4247 62.36052 48.25619 130 40 -62 108.1821 63.71097 -56.25619 122.0586 70.15424 -56.25619 123.132 66.07848 48.25619 116.2829 92.08552 32.16241 91.7036 81.61921 32.16241 123.132 66.07848 48.25619 91.7036 81.61921 32.16241 109.4247 62.36052 48.25619 116.2829 92.08552 32.16241 113.2049 103.7731 8.906214 83.67513 90.34428 8.906214 116.2829 92.08552 32.16241 83.67513 90.34428 8.906214 91.7036 81.61921 32.16241 113.2049 103.7731 8.906214 112.555 106.2407 -16.90621 82.76945 91.32854 -16.90621 113.2049 103.7731 8.906214 82.76945 91.32854 -16.90621 83.67513 90.34428 8.906214 112.555 106.2407 -16.90621 116.0984 92.78605 -40.16241 94.48121 78.6006 -40.16241 112.555 106.2407 -16.90621 94.48121 78.6006 -40.16241 82.76945 91.32854 -16.90621 116.0984 92.78605 -40.16241 122.0586 70.15424 -56.25619 108.1821 63.71097 -56.25619 116.0984 92.78605 -40.16241 108.1821 63.71097 -56.25619 94.48121 78.6006 -40.16241 130 40 54 109.4247 62.36052 48.25619 101.0365 52.08834 48.25619 130 40 -62 103.2975 51.14467 -56.25619 108.1821 63.71097 -56.25619 109.4247 62.36052 48.25619 91.7036 81.61921 32.16241 81.98053 60.04163 32.16241 109.4247 62.36052 48.25619 81.98053 60.04163 32.16241 101.0365 52.08834 48.25619 91.7036 81.61921 32.16241 83.67513 90.34428 8.906214 60.50511 69.00471 8.906214 91.7036 81.61921 32.16241 60.50511 69.00471 8.906214 81.98053 60.04163 32.16241 83.67513 90.34428 8.906214 82.76945 91.32854 -16.90621 61.17209 68.72634 -16.90621 83.67513 90.34428 8.906214 61.17209 68.72634 -16.90621 60.50511 69.00471 8.906214 82.76945 91.32854 -16.90621 94.48121 78.6006 -40.16241 74.16065 63.30537 -40.16241 82.76945 91.32854 -16.90621 74.16065 63.30537 -40.16241 61.17209 68.72634 -16.90621 94.48121 78.6006 -40.16241 108.1821 63.71097 -56.25619 103.2975 51.14467 -56.25619 94.48121 78.6006 -40.16241 103.2975 51.14467 -56.25619 74.16065 63.30537 -40.16241 130 40 54 101.0365 52.08834 48.25619 100.5937 40 48.25619 130 40 -62 99.66083 40 -56.25619 103.2975 51.14467 -56.25619 101.0365 52.08834 48.25619 81.98053 60.04163 32.16241 68.093 40 32.16241 101.0365 52.08834 48.25619 68.093 40 32.16241 100.5937 40 48.25619 81.98053 60.04163 32.16241 60.50511 69.00471 8.906214 51.25378 40 8.906214 81.98053 60.04163 32.16241 51.25378 40 8.906214 68.093 40 32.16241 60.50511 69.00471 8.906214 61.17209 68.72634 -16.90621 54.27834 40 -16.90621 60.50511 69.00471 8.906214 54.27834 40 -16.90621 51.25378 40 8.906214 61.17209 68.72634 -16.90621 74.16065 63.30537 -40.16241 69.75466 40 -40.16241 61.17209 68.72634 -16.90621 69.75466 40 -40.16241 54.27834 40 -16.90621 74.16065 63.30537 -40.16241 103.2975 51.14467 -56.25619 99.66083 40 -56.25619 74.16065 63.30537 -40.16241 99.66083 40 -56.25619 69.75466 40 -40.16241 130 40 54 100.5937 40 48.25619 98.27293 26.75824 48.25619 130 40 -62 99.56981 27.29952 -56.25619 99.66083 40 -56.25619 100.5937 40 48.25619 68.093 40 32.16241 79.92834 19.10186 32.16241 100.5937 40 48.25619 79.92834 19.10186 32.16241 98.27293 26.75824 48.25619 68.093 40 32.16241 51.25378 40 8.906214 67.98639 14.11771 8.906214 68.093 40 32.16241 67.98639 14.11771 8.906214 79.92834 19.10186 32.16241 51.25378 40 8.906214 54.27834 40 -16.90621 66.38379 13.44884 -16.90621 51.25378 40 8.906214 66.38379 13.44884 -16.90621 67.98639 14.11771 8.906214 54.27834 40 -16.90621 69.75466 40 -40.16241 74.23557 16.7259 -40.16241 54.27834 40 -16.90621 74.23557 16.7259 -40.16241 66.38379 13.44884 -16.90621 69.75466 40 -40.16241 99.66083 40 -56.25619 99.56981 27.29952 -56.25619 69.75466 40 -40.16241 99.56981 27.29952 -56.25619 74.23557 16.7259 -40.16241 130 40 54 98.27293 26.75824 48.25619 109.7055 17.94459 48.25619 130 40 -62 111.457 19.84805 -56.25619 99.56981 27.29952 -56.25619 98.27293 26.75824 48.25619 79.92834 19.10186 32.16241 94.99055 1.952928 32.16241 98.27293 26.75824 48.25619 94.99055 1.952928 32.16241 109.7055 17.94459 48.25619 79.92834 19.10186 32.16241 67.98639 14.11771 8.906214 80.77348 -13.49768 8.906214 79.92834 19.10186 32.16241 80.77348 -13.49768 8.906214 94.99055 1.952928 32.16241 67.98639 14.11771 8.906214 66.38379 13.44884 -16.90621 86.83478 -6.910482 -16.90621 67.98639 14.11771 8.906214 86.83478 -6.910482 -16.90621 80.77348 -13.49768 8.906214 66.38379 13.44884 -16.90621 74.23557 16.7259 -40.16241 96.36022 3.441448 -40.16241 66.38379 13.44884 -16.90621 96.36022 3.441448 -40.16241 86.83478 -6.910482 -16.90621 74.23557 16.7259 -40.16241 99.56981 27.29952 -56.25619 111.457 19.84805 -56.25619 74.23557 16.7259 -40.16241 111.457 19.84805 -56.25619 96.36022 3.441448 -40.16241 130 40 54 109.7055 17.94459 48.25619 122.3527 10.9625 48.25619 130 40 -62 123.1389 13.94743 -56.25619 111.457 19.84805 -56.25619 109.7055 17.94459 48.25619 94.99055 1.952928 32.16241 117.6371 -6.943287 32.16241 109.7055 17.94459 48.25619 117.6371 -6.943287 32.16241 122.3527 10.9625 48.25619 94.99055 1.952928 32.16241 80.77348 -13.49768 8.906214 113.3991 -23.03549 8.906214 94.99055 1.952928 32.16241 113.3991 -23.03549 8.906214 117.6371 -6.943287 32.16241 80.77348 -13.49768 8.906214 86.83478 -6.910482 -16.90621 112.1746 -27.68509 -16.90621 80.77348 -13.49768 8.906214 112.1746 -27.68509 -16.90621 113.3991 -23.03549 8.906214 86.83478 -6.910482 -16.90621 96.36022 3.441448 -40.16241 115.9646 -13.29396 -40.16241 86.83478 -6.910482 -16.90621 115.9646 -13.29396 -40.16241 112.1746 -27.68509 -16.90621 96.36022 3.441448 -40.16241 111.457 19.84805 -56.25619 123.1389 13.94743 -56.25619 96.36022 3.441448 -40.16241 123.1389 13.94743 -56.25619 115.9646 -13.29396 -40.16241 130 40 54 122.3527 10.9625 48.25619 137.8836 10.06509 48.25619 130 40 -62 136.7987 14.18458 -56.25619 123.1389 13.94743 -56.25619 122.3527 10.9625 48.25619 117.6371 -6.943287 32.16241 143.3991 -10.87783 32.16241 122.3527 10.9625 48.25619 143.3991 -10.87783 32.16241 137.8836 10.06509 48.25619 117.6371 -6.943287 32.16241 113.3991 -23.03549 8.906214 145.4699 -18.74113 8.906214 117.6371 -6.943287 32.16241 145.4699 -18.74113 8.906214 143.3991 -10.87783 32.16241 113.3991 -23.03549 8.906214 112.1746 -27.68509 -16.90621 145.5048 -18.87346 -16.90621 113.3991 -23.03549 8.906214 145.5048 -18.87346 -16.90621 145.4699 -18.74113 8.906214 112.1746 -27.68509 -16.90621 115.9646 -13.29396 -40.16241 142.8887 -8.940019 -40.16241 112.1746 -27.68509 -16.90621 142.8887 -8.940019 -40.16241 145.5048 -18.87346 -16.90621 115.9646 -13.29396 -40.16241 123.1389 13.94743 -56.25619 136.7987 14.18458 -56.25619 115.9646 -13.29396 -40.16241 136.7987 14.18458 -56.25619 142.8887 -8.940019 -40.16241 130 40 54 137.8836 10.06509 48.25619 150.5535 17.66312 48.25619 130 40 -62 150.6038 17.60853 -56.25619 136.7987 14.18458 -56.25619 137.8836 10.06509 48.25619 143.3991 -10.87783 32.16241 164.2565 2.771199 32.16241 137.8836 10.06509 48.25619 164.2565 2.771199 32.16241 150.5535 17.66312 48.25619 143.3991 -10.87783 32.16241 145.4699 -18.74113 8.906214 174.4329 -8.288134 8.906214 143.3991 -10.87783 32.16241 174.4329 -8.288134 8.906214 164.2565 2.771199 32.16241 145.4699 -18.74113 8.906214 145.5048 -18.87346 -16.90621 178.7511 -12.98098 -16.90621 145.4699 -18.74113 8.906214 178.7511 -12.98098 -16.90621 174.4329 -8.288134 8.906214 145.5048 -18.87346 -16.90621 142.8887 -8.940019 -40.16241 166.8868 -0.08735189 -40.16241 145.5048 -18.87346 -16.90621 166.8868 -0.08735189 -40.16241 178.7511 -12.98098 -16.90621 142.8887 -8.940019 -40.16241 136.7987 14.18458 -56.25619 150.6038 17.60853 -56.25619 142.8887 -8.940019 -40.16241 150.6038 17.60853 -56.25619 166.8868 -0.08735189 -40.16241 130 40 54 150.5535 17.66312 48.25619 159.4525 27.70756 48.25619 130 40 -62 159.4843 27.69428 -56.25619 150.6038 17.60853 -56.25619 150.5535 17.66312 48.25619 164.2565 2.771199 32.16241 185.9134 16.6637 32.16241 150.5535 17.66312 48.25619 185.9134 16.6637 32.16241 159.4525 27.70756 48.25619 164.2565 2.771199 32.16241 174.4329 -8.288134 8.906214 199.8098 10.86387 8.906214 164.2565 2.771199 32.16241 199.8098 10.86387 8.906214 185.9134 16.6637 32.16241 174.4329 -8.288134 8.906214 178.7511 -12.98098 -16.90621 202.3626 9.798412 -16.90621 174.4329 -8.288134 8.906214 202.3626 9.798412 -16.90621 199.8098 10.86387 8.906214 178.7511 -12.98098 -16.90621 166.8868 -0.08735189 -40.16241 182.5002 18.08827 -40.16241 178.7511 -12.98098 -16.90621 182.5002 18.08827 -40.16241 202.3626 9.798412 -16.90621 166.8868 -0.08735189 -40.16241 150.6038 17.60853 -56.25619 159.4843 27.69428 -56.25619 166.8868 -0.08735189 -40.16241 159.4843 27.69428 -56.25619 182.5002 18.08827 -40.16241 130 40 54 159.4525 27.70756 48.25619 163.2756 40 48.25619 130 40 -62 165.7334 40 -56.25619 159.4843 27.69428 -56.25619 159.4525 27.70756 48.25619 185.9134 16.6637 32.16241 187.9942 40 32.16241 159.4525 27.70756 48.25619 187.9942 40 32.16241 163.2756 40 48.25619 185.9134 16.6637 32.16241 199.8098 10.86387 8.906214 204.9859 40 8.906214 185.9134 16.6637 32.16241 204.9859 40 8.906214 187.9942 40 32.16241 199.8098 10.86387 8.906214 202.3626 9.798412 -16.90621 208.3562 40 -16.90621 199.8098 10.86387 8.906214 208.3562 40 -16.90621 204.9859 40 8.906214 202.3626 9.798412 -16.90621 182.5002 18.08827 -40.16241 190.8248 40 -40.16241 202.3626 9.798412 -16.90621 190.8248 40 -40.16241 208.3562 40 -16.90621 182.5002 18.08827 -40.16241 159.4843 27.69428 -56.25619 165.7334 40 -56.25619 182.5002 18.08827 -40.16241 165.7334 40 -56.25619 190.8248 40 -40.16241 -110 60 30 -84.38971 60 26.03875 -87.02469 68.85146 26.03875 -110 60 -50 -84.27567 69.91055 -46.03875 -83.45239 60 -46.03875 -84.38971 60 26.03875 -64.4568 60 14.93959 -64.7467 77.43427 14.93959 -84.38971 60 26.03875 -64.7467 77.43427 14.93959 -87.02469 68.85146 26.03875 -64.4568 60 14.93959 -51.67845 60 -1.099163 -54.38754 81.42524 -1.099163 -64.4568 60 14.93959 -54.38754 81.42524 -1.099163 -64.7467 77.43427 14.93959 -51.67845 60 -1.099163 -53.24698 60 -18.90084 -55.29619 81.07517 -18.90084 -51.67845 60 -1.099163 -55.29619 81.07517 -18.90084 -54.38754 81.42524 -1.099163 -53.24698 60 -18.90084 -63.3834 60 -34.93959 -66.77173 76.65411 -34.93959 -53.24698 60 -18.90084 -66.77173 76.65411 -34.93959 -55.29619 81.07517 -18.90084 -63.3834 60 -34.93959 -83.45239 60 -46.03875 -84.27567 69.91055 -46.03875 -63.3834 60 -34.93959 -84.27567 69.91055 -46.03875 -66.77173 76.65411 -34.93959 -110 60 30 -87.02469 68.85146 26.03875 -93.17452 76.87879 26.03875 -110 60 -50 -94.29445 75.75531 -46.03875 -84.27567 69.91055 -46.03875 -87.02469 68.85146 26.03875 -64.7467 77.43427 14.93959 -83.12044 86.96472 14.93959 -87.02469 68.85146 26.03875 -83.12044 86.96472 14.93959 -93.17452 76.87879 26.03875 -64.7467 77.43427 14.93959 -54.38754 81.42524 -1.099163 -70.79684 99.32737 -1.099163 -64.7467 77.43427 14.93959 -70.79684 99.32737 -1.099163 -83.12044 86.96472 14.93959 -54.38754 81.42524 -1.099163 -55.29619 81.07517 -18.90084 -70.40975 99.71568 -18.90084 -54.38754 81.42524 -1.099163 -70.40975 99.71568 -18.90084 -70.79684 99.32737 -1.099163 -55.29619 81.07517 -18.90084 -66.77173 76.65411 -34.93959 -82.37025 87.71729 -34.93959 -55.29619 81.07517 -18.90084 -82.37025 87.71729 -34.93959 -70.40975 99.71568 -18.90084 -66.77173 76.65411 -34.93959 -84.27567 69.91055 -46.03875 -94.29445 75.75531 -46.03875 -66.77173 76.65411 -34.93959 -94.29445 75.75531 -46.03875 -82.37025 87.71729 -34.93959 -110 60 30 -93.17452 76.87879 26.03875 -104.4437 79.47507 26.03875 -110 60 -50 -103.9029 81.37068 -46.03875 -94.29445 75.75531 -46.03875 -93.17452 76.87879 26.03875 -83.12044 86.96472 14.93959 -99.37382 97.24506 14.93959 -93.17452 76.87879 26.03875 -99.37382 97.24506 14.93959 -104.4437 79.47507 26.03875 -83.12044 86.96472 14.93959 -70.79684 99.32737 -1.099163 -96.16348 108.4974 -1.099163 -83.12044 86.96472 14.93959 -96.16348 108.4974 -1.099163 -99.37382 97.24506 14.93959 -70.79684 99.32737 -1.099163 -70.40975 99.71568 -18.90084 -97.75994 102.9018 -18.90084 -70.79684 99.32737 -1.099163 -97.75994 102.9018 -18.90084 -96.16348 108.4974 -1.099163 -70.40975 99.71568 -18.90084 -82.37025 87.71729 -34.93959 -98.59484 99.9754 -34.93959 -70.40975 99.71568 -18.90084 -98.59484 99.9754 -34.93959 -97.75994 102.9018 -18.90084 -82.37025 87.71729 -34.93959 -94.29445 75.75531 -46.03875 -103.9029 81.37068 -46.03875 -82.37025 87.71729 -34.93959 -103.9029 81.37068 -46.03875 -98.59484 99.9754 -34.93959 -110 60 30 -104.4437 79.47507 26.03875 -115.5748 79.53975 26.03875 -110 60 -50 -116.1612 81.59512 -46.03875 -103.9029 81.37068 -46.03875 -104.4437 79.47507 26.03875 -99.37382 97.24506 14.93959 -120.071 95.29908 14.93959 -104.4437 79.47507 26.03875 -120.071 95.29908 14.93959 -115.5748 79.53975 26.03875 -99.37382 97.24506 14.93959 -96.16348 108.4974 -1.099163 -123.74 108.1589 -1.099163 -99.37382 97.24506 14.93959 -123.74 108.1589 -1.099163 -120.071 95.29908 14.93959 -96.16348 108.4974 -1.099163 -97.75994 102.9018 -18.90084 -122.4094 103.4952 -18.90084 -96.16348 108.4974 -1.099163 -122.4094 103.4952 -18.90084 -123.74 108.1589 -1.099163 -97.75994 102.9018 -18.90084 -98.59484 99.9754 -34.93959 -119.6663 93.8805 -34.93959 -97.75994 102.9018 -18.90084 -119.6663 93.8805 -34.93959 -122.4094 103.4952 -18.90084 -98.59484 99.9754 -34.93959 -103.9029 81.37068 -46.03875 -116.1612 81.59512 -46.03875 -98.59484 99.9754 -34.93959 -116.1612 81.59512 -46.03875 -119.6663 93.8805 -34.93959 -110 60 30 -115.5748 79.53975 26.03875 -127.3651 77.42007 26.03875 -110 60 -50 -126.8727 76.92612 -46.03875 -116.1612 81.59512 -46.03875 -115.5748 79.53975 26.03875 -120.071 95.29908 14.93959 -138.1079 88.19697 14.93959 -115.5748 79.53975 26.03875 -138.1079 88.19697 14.93959 -127.3651 77.42007 26.03875 -120.071 95.29908 14.93959 -123.74 108.1589 -1.099163 -146.5057 96.6214 -1.099163 -120.071 95.29908 14.93959 -146.5057 96.6214 -1.099163 -138.1079 88.19697 14.93959 -123.74 108.1589 -1.099163 -122.4094 103.4952 -18.90084 -146.8406 96.95735 -18.90084 -123.74 108.1589 -1.099163 -146.8406 96.95735 -18.90084 -146.5057 96.6214 -1.099163 -122.4094 103.4952 -18.90084 -119.6663 93.8805 -34.93959 -136.9226 87.00788 -34.93959 -122.4094 103.4952 -18.90084 -136.9226 87.00788 -34.93959 -146.8406 96.95735 -18.90084 -119.6663 93.8805 -34.93959 -116.1612 81.59512 -46.03875 -126.8727 76.92612 -46.03875 -119.6663 93.8805 -34.93959 -126.8727 76.92612 -46.03875 -136.9226 87.00788 -34.93959 -110 60 30 -127.3651 77.42007 26.03875 -133.9679 69.23385 26.03875 -110 60 -50 -131.8565 68.42043 -46.03875 -126.8727 76.92612 -46.03875 -127.3651 77.42007 26.03875 -138.1079 88.19697 14.93959 -153.9656 76.93816 14.93959 -127.3651 77.42007 26.03875 -153.9656 76.93816 14.93959 -133.9679 69.23385 26.03875 -138.1079 88.19697 14.93959 -146.5057 96.6214 -1.099163 -167.6406 82.2066 -1.099163 -138.1079 88.19697 14.93959 -167.6406 82.2066 -1.099163 -153.9656 76.93816 14.93959 -146.5057 96.6214 -1.099163 -146.8406 96.95735 -18.90084 -162.7797 80.33391 -18.90084 -146.5057 96.6214 -1.099163 -162.7797 80.33391 -18.90084 -167.6406 82.2066 -1.099163 -146.8406 96.95735 -18.90084 -136.9226 87.00788 -34.93959 -152.5622 76.39749 -34.93959 -146.8406 96.95735 -18.90084 -152.5622 76.39749 -34.93959 -162.7797 80.33391 -18.90084 -136.9226 87.00788 -34.93959 -126.8727 76.92612 -46.03875 -131.8565 68.42043 -46.03875 -136.9226 87.00788 -34.93959 -131.8565 68.42043 -46.03875 -152.5622 76.39749 -34.93959 -110 60 30 -133.9679 69.23385 26.03875 -137.4909 60 26.03875 -110 60 -50 -134.274 60 -46.03875 -131.8565 68.42043 -46.03875 -133.9679 69.23385 26.03875 -153.9656 76.93816 14.93959 -157.5083 60 14.93959 -133.9679 69.23385 26.03875 -157.5083 60 14.93959 -137.4909 60 26.03875 -153.9656 76.93816 14.93959 -167.6406 82.2066 -1.099163 -166.3964 60 -1.099163 -153.9656 76.93816 14.93959 -166.3964 60 -1.099163 -157.5083 60 14.93959 -167.6406 82.2066 -1.099163 -162.7797 80.33391 -18.90084 -163.6854 60 -18.90084 -167.6406 82.2066 -1.099163 -163.6854 60 -18.90084 -166.3964 60 -1.099163 -162.7797 80.33391 -18.90084 -152.5622 76.39749 -34.93959 -156.6379 60 -34.93959 -162.7797 80.33391 -18.90084 -156.6379 60 -34.93959 -163.6854 60 -18.90084 -152.5622 76.39749 -34.93959 -131.8565 68.42043 -46.03875 -134.274 60 -46.03875 -152.5622 76.39749 -34.93959 -134.274 60 -46.03875 -156.6379 60 -34.93959 -110 60 30 -137.4909 60 26.03875 -132.5258 51.32171 26.03875 -110 60 -50 -134.2036 50.67535 -46.03875 -134.274 60 -46.03875 -137.4909 60 26.03875 -157.5083 60 14.93959 -156.4877 42.09015 14.93959 -137.4909 60 26.03875 -156.4877 42.09015 14.93959 -132.5258 51.32171 26.03875 -157.5083 60 14.93959 -166.3964 60 -1.099163 -158.2923 41.39492 -1.099163 -157.5083 60 14.93959 -158.2923 41.39492 -1.099163 -156.4877 42.09015 14.93959 -166.3964 60 -1.099163 -163.6854 60 -18.90084 -166.0711 38.39805 -18.90084 -166.3964 60 -1.099163 -166.0711 38.39805 -18.90084 -158.2923 41.39492 -1.099163 -163.6854 60 -18.90084 -156.6379 60 -34.93959 -148.8143 45.04642 -34.93959 -163.6854 60 -18.90084 -148.8143 45.04642 -34.93959 -166.0711 38.39805 -18.90084 -156.6379 60 -34.93959 -134.274 60 -46.03875 -134.2036 50.67535 -46.03875 -156.6379 60 -34.93959 -134.2036 50.67535 -46.03875 -148.8143 45.04642 -34.93959 -110 60 30 -132.5258 51.32171 26.03875 -126.1472 43.80165 26.03875 -110 60 -50 -124.8786 45.07431 -46.03875 -134.2036 50.67535 -46.03875 -132.5258 51.32171 26.03875 -156.4877 42.09015 14.93959 -136.4712 33.44496 14.93959 -132.5258 51.32171 26.03875 -136.4712 33.44496 14.93959 -126.1472 43.80165 26.03875 -156.4877 42.09015 14.93959 -158.2923 41.39492 -1.099163 -145.2861 24.60212 -1.099163 -156.4877 42.09015 14.93959 -145.2861 24.60212 -1.099163 -136.4712 33.44496 14.93959 -158.2923 41.39492 -1.099163 -166.0711 38.39805 -18.90084 -148.3606 21.51782 -18.90084 -158.2923 41.39492 -1.099163 -148.3606 21.51782 -18.90084 -145.2861 24.60212 -1.099163 -166.0711 38.39805 -18.90084 -148.8143 45.04642 -34.93959 -138.0529 31.85817 -34.93959 -166.0711 38.39805 -18.90084 -138.0529 31.85817 -34.93959 -148.3606 21.51782 -18.90084 -148.8143 45.04642 -34.93959 -134.2036 50.67535 -46.03875 -124.8786 45.07431 -46.03875 -148.8143 45.04642 -34.93959 -124.8786 45.07431 -46.03875 -138.0529 31.85817 -34.93959 -110 60 30 -126.1472 43.80165 26.03875 -115.6736 40.11403 26.03875 -110 60 -50 -115.4158 41.01744 -46.03875 -124.8786 45.07431 -46.03875 -126.1472 43.80165 26.03875 -136.4712 33.44496 14.93959 -120.9281 21.6968 14.93959 -126.1472 43.80165 26.03875 -120.9281 21.6968 14.93959 -115.6736 40.11403 26.03875 -136.4712 33.44496 14.93959 -145.2861 24.60212 -1.099163 -123.503 12.67169 -1.099163 -136.4712 33.44496 14.93959 -123.503 12.67169 -1.099163 -120.9281 21.6968 14.93959 -145.2861 24.60212 -1.099163 -148.3606 21.51782 -18.90084 -123.9098 11.24561 -18.90084 -145.2861 24.60212 -1.099163 -123.9098 11.24561 -18.90084 -123.503 12.67169 -1.099163 -148.3606 21.51782 -18.90084 -138.0529 31.85817 -34.93959 -120.087 24.64482 -34.93959 -148.3606 21.51782 -18.90084 -120.087 24.64482 -34.93959 -123.9098 11.24561 -18.90084 -138.0529 31.85817 -34.93959 -124.8786 45.07431 -46.03875 -115.4158 41.01744 -46.03875 -138.0529 31.85817 -34.93959 -115.4158 41.01744 -46.03875 -120.087 24.64482 -34.93959 -110 60 30 -115.6736 40.11403 26.03875 -103.714 37.96745 26.03875 -110 60 -50 -104.5994 41.07063 -46.03875 -115.4158 41.01744 -46.03875 -115.6736 40.11403 26.03875 -120.9281 21.6968 14.93959 -99.52485 23.2843 14.93959 -115.6736 40.11403 26.03875 -99.52485 23.2843 14.93959 -103.714 37.96745 26.03875 -120.9281 21.6968 14.93959 -123.503 12.67169 -1.099163 -96.06201 11.14694 -1.099163 -120.9281 21.6968 14.93959 -96.06201 11.14694 -1.099163 -99.52485 23.2843 14.93959 -123.503 12.67169 -1.099163 -123.9098 11.24561 -18.90084 -96.96252 14.30324 -18.90084 -123.503 12.67169 -1.099163 -96.96252 14.30324 -18.90084 -96.06201 11.14694 -1.099163 -123.9098 11.24561 -18.90084 -120.087 24.64482 -34.93959 -100.431 26.46024 -34.93959 -123.9098 11.24561 -18.90084 -100.431 26.46024 -34.93959 -96.96252 14.30324 -18.90084 -120.087 24.64482 -34.93959 -115.4158 41.01744 -46.03875 -104.5994 41.07063 -46.03875 -120.087 24.64482 -34.93959 -104.5994 41.07063 -46.03875 -100.431 26.46024 -34.93959 -110 60 30 -103.714 37.96745 26.03875 -93.35171 43.29897 26.03875 -110 60 -50 -93.87882 43.82775 -46.03875 -104.5994 41.07063 -46.03875 -103.714 37.96745 26.03875 -99.52485 23.2843 14.93959 -78.93259 28.83416 14.93959 -103.714 37.96745 26.03875 -78.93259 28.83416 14.93959 -93.35171 43.29897 26.03875 -99.52485 23.2843 14.93959 -96.06201 11.14694 -1.099163 -75.00312 24.89224 -1.099163 -99.52485 23.2843 14.93959 -75.00312 24.89224 -1.099163 -78.93259 28.83416 14.93959 -96.06201 11.14694 -1.099163 -96.96252 14.30324 -18.90084 -70.94372 20.81998 -18.90084 -96.06201 11.14694 -1.099163 -70.94372 20.81998 -18.90084 -75.00312 24.89224 -1.099163 -96.96252 14.30324 -18.90084 -100.431 26.46024 -34.93959 -80.22865 30.13432 -34.93959 -96.96252 14.30324 -18.90084 -80.22865 30.13432 -34.93959 -70.94372 20.81998 -18.90084 -100.431 26.46024 -34.93959 -104.5994 41.07063 -46.03875 -93.87882 43.82775 -46.03875 -100.431 26.46024 -34.93959 -93.87882 43.82775 -46.03875 -80.22865 30.13432 -34.93959 -110 60 30 -93.35171 43.29897 26.03875 -85.09084 50.4035 26.03875 -110 60 -50 -85.13 50.41859 -46.03875 -93.87882 43.82775 -46.03875 -93.35171 43.29897 26.03875 -78.93259 28.83416 14.93959 -70.37738 44.735 14.93959 -93.35171 43.29897 26.03875 -70.37738 44.735 14.93959 -85.09084 50.4035 26.03875 -78.93259 28.83416 14.93959 -75.00312 24.89224 -1.099163 -60.64434 40.98525 -1.099163 -78.93259 28.83416 14.93959 -60.64434 40.98525 -1.099163 -70.37738 44.735 14.93959 -75.00312 24.89224 -1.099163 -70.94372 20.81998 -18.90084 -57.61322 39.81749 -18.90084 -75.00312 24.89224 -1.099163 -57.61322 39.81749 -18.90084 -60.64434 40.98525 -1.099163 -70.94372 20.81998 -18.90084 -80.22865 30.13432 -34.93959 -65.27214 42.76816 -34.93959 -70.94372 20.81998 -18.90084 -65.27214 42.76816 -34.93959 -57.61322 39.81749 -18.90084 -80.22865 30.13432 -34.93959 -93.87882 43.82775 -46.03875 -85.13 50.41859 -46.03875 -80.22865 30.13432 -34.93959 -85.13 50.41859 -46.03875 -65.27214 42.76816 -34.93959 -110 60 30 -85.09084 50.4035 26.03875 -84.38971 60 26.03875 -110 60 -50 -83.45239 60 -46.03875 -85.13 50.41859 -46.03875 -85.09084 50.4035 26.03875 -70.37738 44.735 14.93959 -64.4568 60 14.93959 -85.09084 50.4035 26.03875 -64.4568 60 14.93959 -84.38971 60 26.03875 -70.37738 44.735 14.93959 -60.64434 40.98525 -1.099163 -51.67845 60 -1.099163 -70.37738 44.735 14.93959 -51.67845 60 -1.099163 -64.4568 60 14.93959 -60.64434 40.98525 -1.099163 -57.61322 39.81749 -18.90084 -53.24698 60 -18.90084 -60.64434 40.98525 -1.099163 -53.24698 60 -18.90084 -51.67845 60 -1.099163 -57.61322 39.81749 -18.90084 -65.27214 42.76816 -34.93959 -63.3834 60 -34.93959 -57.61322 39.81749 -18.90084 -63.3834 60 -34.93959 -53.24698 60 -18.90084 -65.27214 42.76816 -34.93959 -85.13 50.41859 -46.03875 -83.45239 60 -46.03875 -65.27214 42.76816 -34.93959 -83.45239 60 -46.03875 -63.3834 60 -34.93959</float_array><technique_common><accessor source="#g0p-array" count="1512" stride="3"><param name="X" type="float" /><param name="Y" type="float" /><param name="Z" type="float" /></accessor></technique_common></source><source id="g0n"><float_array id="g0n-array" count="4536">0.1444964 -0.01015075 0.9894533 0.1444964 -0.01015075 0.9894533 0.1444964 -0.01015075 0.9894533 0.1464081 0.01672266 -0.9890829 0.1464081 0.01672266 -0.9890829 0.1464081 0.01672266 -0.9890829 0.3375296 0.15703 0.9281247 0.3375296 0.15703 0.9281247 0.3375296 0.15703 0.9281247 0.4727497 -0.03321025 0.8805707 0.4727497 -0.03321025 0.8805707 0.4727497 -0.03321025 0.8805707 0.9072732 0.3514706 0.2309195 0.9072732 0.3514706 0.2309195 0.9072732 0.3514706 0.2309195 0.8636407 0.4017943 0.3044438 0.8636407 0.4017943 0.3044438 0.8636407 0.4017943 0.3044438 0.9054103 0.3808163 0.187646 0.9054103 0.3808163 0.187646 0.9054103 0.3808163 0.187646 0.921271 0.3568932 0.1545543 0.921271 0.3568932 0.1545543 0.921271 0.3568932 0.1545543 0.7295608 0.4106983 -0.546871 0.7295608 0.4106983 -0.546871 0.7295608 0.4106983 -0.546871 0.710665 0.2989063 -0.6368755 0.710665 0.2989063 -0.6368755 0.710665 0.2989063 -0.6368755 0.3843021 0.0438948 -0.9221633 0.3843021 0.0438948 -0.9221633 0.3843021 0.0438948 -0.9221633 0.4318975 0.243132 -0.8685341 0.4318975 0.243132 -0.8685341 0.4318975 0.243132 -0.8685341 0.08958301 0.1354237 0.9867296 0.08958301 0.1354237 0.9867296 0.08958301 0.1354237 0.9867296 0.1130488 0.1053355 -0.9879901 0.1130488 0.1053355 -0.9879901 0.1130488 0.1053355 -0.9879901 0.3428562 0.3181759 0.883863 0.3428562 0.3181759 0.883863 0.3428562 0.3181759 0.883863 0.2370005 0.3582765 0.903033 0.2370005 0.3582765 0.903033 0.2370005 0.3582765 0.903033 0.8204828 0.4860359 0.3009601 0.8204828 0.4860359 0.3009601 0.8204828 0.4860359 0.3009601 0.6253804 0.5803628 0.5216113 0.6253804 0.5803628 0.5216113 0.6253804 0.5803628 0.5216113 0.6135054 0.7784783 0.1325996 0.6135054 0.7784783 0.1325996 0.6135054 0.7784783 0.1325996 0.8140569 0.4822293 -0.3236761 0.8140569 0.4822293 -0.3236761 0.8140569 0.4822293 -0.3236761 0.6930792 0.3405637 -0.6353405 0.6930792 0.3405637 -0.6353405 0.6930792 0.3405637 -0.6353405 0.6102562 0.7743554 -0.1672159 0.6102562 0.7743554 -0.1672159 0.6102562 0.7743554 -0.1672159 0.3810352 0.3550375 -0.8536747 0.3810352 0.3550375 -0.8536747 0.3810352 0.3550375 -0.8536747 0.3930946 0.1931579 -0.8989809 0.3930946 0.1931579 -0.8989809 0.3930946 0.1931579 -0.8989809 0.04822076 0.1769817 0.9830322 0.04822076 0.1769817 0.9830322 0.04822076 0.1769817 0.9830322 0.04832441 0.170831 -0.9841146 0.04832441 0.170831 -0.9841146 0.04832441 0.170831 -0.9841146 0.07578853 0.4976293 0.8640725 0.07578853 0.4976293 0.8640725 0.07578853 0.4976293 0.8640725 0.1389503 0.5099808 0.8488889 0.1389503 0.5099808 0.8488889 0.1389503 0.5099808 0.8488889 0.3458037 0.7987009 0.4924395 0.3458037 0.7987009 0.4924395 0.3458037 0.7987009 0.4924395 0.1094075 0.7183721 0.6870019 0.1094075 0.7183721 0.6870019 0.1094075 0.7183721 0.6870019 0.6085496 0.7213415 -0.3306566 0.6085496 0.7213415 -0.3306566 0.6085496 0.7213415 -0.3306566 0.3942177 0.9105225 0.1246639 0.3942177 0.9105225 0.1246639 0.3942177 0.9105225 0.1246639 0.3298999 0.9317503 -0.1516822 0.3298999 0.9317503 -0.1516822 0.3298999 0.9317503 -0.1516822 0.5275796 0.625364 -0.5749606 0.5275796 0.625364 -0.5749606 0.5275796 0.625364 -0.5749606 0.1282674 0.4534366 -0.8820106 0.1282674 0.4534366 -0.8820106 0.1282674 0.4534366 -0.8820106 0.148689 0.4199485 -0.8952848 0.148689 0.4199485 -0.8952848 0.148689 0.4199485 -0.8952848 0.009128381 0.1882676 0.9820753 0.009128381 0.1882676 0.9820753 0.009128381 0.1882676 0.9820753 0.03850805 0.1736987 -0.9840457 0.03850805 0.1736987 -0.9840457 0.03850805 0.1736987 -0.9840457 0.1083402 0.5185056 0.848183 0.1083402 0.5185056 0.848183 0.1083402 0.5185056 0.848183 0.02255753 0.4652361 0.8848991 0.02255753 0.4652361 0.8848991 0.02255753 0.4652361 0.8848991 0.06004788 0.7281951 0.6827343 0.06004788 0.7281951 0.6827343 0.06004788 0.7281951 0.6827343 0.1668635 0.7985922 0.5782794 0.1668635 0.7985922 0.5782794 0.1668635 0.7985922 0.5782794 -0.08870627 0.9891622 0.1170013 -0.08870627 0.9891622 0.1170013 -0.08870627 0.9891622 0.1170013 0.08094664 0.9816325 -0.1727579 0.08094664 0.9816325 -0.1727579 0.08094664 0.9816325 -0.1727579 -0.03181347 0.8078788 -0.5884893 -0.03181347 0.8078788 -0.5884893 -0.03181347 0.8078788 -0.5884893 -0.07531144 0.8397967 -0.5376521 -0.07531144 0.8397967 -0.5376521 -0.07531144 0.8397967 -0.5376521 0.09648128 0.4351993 -0.8951497 0.09648128 0.4351993 -0.8951497 0.09648128 0.4351993 -0.8951497 -0.02088705 0.5304106 -0.8474835 -0.02088705 0.5304106 -0.8474835 -0.02088705 0.5304106 -0.8474835 -0.06261259 0.1675544 0.9838725 -0.06261259 0.1675544 0.9838725 -0.06261259 0.1675544 0.9838725 -0.09594317 0.1346059 -0.9862435 -0.09594317 0.1346059 -0.9862435 -0.09594317 0.1346059 -0.9862435 -0.237936 0.3909771 0.8891138 -0.237936 0.3909771 0.8891138 -0.237936 0.3909771 0.8891138 -0.1832897 0.4904925 0.8519519 -0.1832897 0.4904925 0.8519519 -0.1832897 0.4904925 0.8519519 -0.5029306 0.6255656 0.5964298 -0.5029306 0.6255656 0.5964298 -0.5029306 0.6255656 0.5964298 -0.4558824 0.749107 0.4806349 -0.4558824 0.749107 0.4806349 -0.4558824 0.749107 0.4806349 -0.4342586 0.8821917 -0.1820911 -0.4342586 0.8821917 -0.1820911 -0.4342586 0.8821917 -0.1820911 -0.6178787 0.7685428 0.1660358 -0.6178787 0.7685428 0.1660358 -0.6178787 0.7685428 0.1660358 -0.4473467 0.719758 -0.5308759 -0.4473467 0.719758 -0.5308759 -0.4473467 0.719758 -0.5308759 -0.3491186 0.7092307 -0.6124607 -0.3491186 0.7092307 -0.6124607 -0.3491186 0.7092307 -0.6124607 -0.3139064 0.4404031 -0.8411349 -0.3139064 0.4404031 -0.8411349 -0.3139064 0.4404031 -0.8411349 -0.2727412 0.4388267 -0.8561795 -0.2727412 0.4388267 -0.8561795 -0.2727412 0.4388267 -0.8561795 -0.08451022 0.1455413 0.9857362 -0.08451022 0.1455413 0.9857362 -0.08451022 0.1455413 0.9857362 -0.0902839 0.1403457 -0.9859776 -0.0902839 0.1403457 -0.9859776 -0.0902839 0.1403457 -0.9859776 -0.2927041 0.3937649 0.871363 -0.2927041 0.3937649 0.871363 -0.2927041 0.3937649 0.871363 -0.276275 0.4757935 0.8350405 -0.276275 0.4757935 0.8350405 -0.276275 0.4757935 0.8350405 -0.3797931 0.797426 0.468902 -0.3797931 0.797426 0.468902 -0.3797931 0.797426 0.468902 -0.439565 0.5913319 0.6760985 -0.439565 0.5913319 0.6760985 -0.439565 0.5913319 0.6760985 -0.7439953 0.6469909 0.1669546 -0.7439953 0.6469909 0.1669546 -0.7439953 0.6469909 0.1669546 -0.4016852 0.8433915 -0.3568469 -0.4016852 0.8433915 -0.3568469 -0.4016852 0.8433915 -0.3568469 -0.5664621 0.5254214 -0.6348646 -0.5664621 0.5254214 -0.6348646 -0.5664621 0.5254214 -0.6348646 -0.5940571 0.516602 -0.6166186 -0.5940571 0.516602 -0.6166186 -0.5940571 0.516602 -0.6166186 -0.2787734 0.4333513 -0.8570251 -0.2787734 0.4333513 -0.8570251 -0.2787734 0.4333513 -0.8570251 -0.4190084 0.3886509 -0.8205989 -0.4190084 0.3886509 -0.8205989 -0.4190084 0.3886509 -0.8205989 -0.122393 0.04653046 0.9913904 -0.122393 0.04653046 0.9913904 -0.122393 0.04653046 0.9913904 -0.1256156 0.04792858 -0.9909206 -0.1256156 0.04792858 -0.9909206 -0.1256156 0.04792858 -0.9909206 -0.4774043 0.002229459 0.8786809 -0.4774043 0.002229459 0.8786809 -0.4774043 0.002229459 0.8786809 -0.5464693 0.2077527 0.8113015 -0.5464693 0.2077527 0.8113015 -0.5464693 0.2077527 0.8113015 -0.67913 0.08884384 0.7286214 -0.67913 0.08884384 0.7286214 -0.67913 0.08884384 0.7286214 -0.6352645 0.002966659 0.772289 -0.6352645 0.002966659 0.772289 -0.6352645 0.002966659 0.772289 -0.8710387 0.1627445 -0.4634715 -0.8710387 0.1627445 -0.4634715 -0.8710387 0.1627445 -0.4634715 -0.9036194 0.1182116 -0.4117013 -0.9036194 0.1182116 -0.4117013 -0.9036194 0.1182116 -0.4117013 -0.7256203 0.2494597 -0.6412839 -0.7256203 0.2494597 -0.6412839 -0.7256203 0.2494597 -0.6412839 -0.8178218 0.1528015 -0.5548146 -0.8178218 0.1528015 -0.5548146 -0.8178218 0.1528015 -0.5548146 -0.506038 0.1930785 -0.8406225 -0.506038 0.1930785 -0.8406225 -0.506038 0.1930785 -0.8406225 -0.5201045 0.1788058 -0.8351765 -0.5201045 0.1788058 -0.8351765 -0.5201045 0.1788058 -0.8351765 -0.1223642 -0.05131445 0.9911578 -0.1223642 -0.05131445 0.9911578 -0.1223642 -0.05131445 0.9911578 -0.125374 -0.0783076 -0.9890143 -0.125374 -0.0783076 -0.9890143 -0.125374 -0.0783076 -0.9890143 -0.5548248 -0.1169497 0.8237064 -0.5548248 -0.1169497 0.8237064 -0.5548248 -0.1169497 0.8237064 -0.4755961 -0.1994451 0.8567555 -0.4755961 -0.1994451 0.8567555 -0.4755961 -0.1994451 0.8567555 -0.6209142 -0.2113696 0.7548433 -0.6209142 -0.2113696 0.7548433 -0.6209142 -0.2113696 0.7548433 -0.6881966 -0.1450627 0.7108743 -0.6881966 -0.1450627 0.7108743 -0.6881966 -0.1450627 0.7108743 -0.8949593 0.1810611 -0.4077556 -0.8949593 0.1810611 -0.4077556 -0.8949593 0.1810611 -0.4077556 -0.9139443 -0.3111219 0.2605935 -0.9139443 -0.3111219 0.2605935 -0.9139443 -0.3111219 0.2605935 -0.826216 0.0565364 -0.5605093 -0.826216 0.0565364 -0.5605093 -0.826216 0.0565364 -0.5605093 -0.7581837 0.1533897 -0.6337422 -0.7581837 0.1533897 -0.6337422 -0.7581837 0.1533897 -0.6337422 -0.5019701 -0.3135265 -0.8060565 -0.5019701 -0.3135265 -0.8060565 -0.5019701 -0.3135265 -0.8060565 -0.413943 0.02832534 -0.909862 -0.413943 0.02832534 -0.909862 -0.413943 0.02832534 -0.909862 -0.091471 -0.1322052 0.9869928 -0.091471 -0.1322052 0.9869928 -0.091471 -0.1322052 0.9869928 -0.105884 -0.1290693 -0.9859664 -0.105884 -0.1290693 -0.9859664 -0.105884 -0.1290693 -0.9859664 -0.443884 -0.2765449 0.8523438 -0.443884 -0.2765449 0.8523438 -0.443884 -0.2765449 0.8523438 -0.2470734 -0.357101 0.9007961 -0.2470734 -0.357101 0.9007961 -0.2470734 -0.357101 0.9007961 -0.4513026 -0.6104051 0.6509467 -0.4513026 -0.6104051 0.6509467 -0.4513026 -0.6104051 0.6509467 -0.7884561 -0.4912172 0.3701927 -0.7884561 -0.4912172 0.3701927 -0.7884561 -0.4912172 0.3701927 -0.397677 -0.8985416 0.1856774 -0.397677 -0.8985416 0.1856774 -0.397677 -0.8985416 0.1856774 -0.5886075 -0.7961156 -0.1405032 -0.5886075 -0.7961156 -0.1405032 -0.5886075 -0.7961156 -0.1405032 -0.3874716 -0.7081034 -0.5903011 -0.3874716 -0.7081034 -0.5903011 -0.3874716 -0.7081034 -0.5903011 -0.3535272 -0.7987863 -0.4867843 -0.3535272 -0.7987863 -0.4867843 -0.3535272 -0.7987863 -0.4867843 -0.2743848 -0.3344665 -0.9015793 -0.2743848 -0.3344665 -0.9015793 -0.2743848 -0.3344665 -0.9015793 -0.2497747 -0.4564627 -0.8539639 -0.2497747 -0.4564627 -0.8539639 -0.2497747 -0.4564627 -0.8539639 -0.06661636 -0.1573019 0.9853012 -0.06661636 -0.1573019 0.9853012 -0.06661636 -0.1573019 0.9853012 -0.08520127 -0.1500432 -0.9850014 -0.08520127 -0.1500432 -0.9850014 -0.08520127 -0.1500432 -0.9850014 -0.1707699 -0.4267374 0.8881063 -0.1707699 -0.4267374 0.8881063 -0.1707699 -0.4267374 0.8881063 -0.1811617 -0.427779 0.8855425 -0.1811617 -0.427779 0.8855425 -0.1811617 -0.427779 0.8855425 -0.2596248 -0.9061373 0.3339315 -0.2596248 -0.9061373 0.3339315 -0.2596248 -0.9061373 0.3339315 -0.3640991 -0.9098482 0.1990179 -0.3640991 -0.9098482 0.1990179 -0.3640991 -0.9098482 0.1990179 -0.3516314 -0.9271705 -0.1292677 -0.3516314 -0.9271705 -0.1292677 -0.3516314 -0.9271705 -0.1292677 -0.2754326 -0.9613093 -0.00460711 -0.2754326 -0.9613093 -0.00460711 -0.2754326 -0.9613093 -0.00460711 -0.4458843 -0.7409185 -0.502222 -0.4458843 -0.7409185 -0.502222 -0.4458843 -0.7409185 -0.502222 -0.3392404 -0.8944984 -0.2911846 -0.3392404 -0.8944984 -0.2911846 -0.3392404 -0.8944984 -0.2911846 -0.2560554 -0.4509251 -0.8550451 -0.2560554 -0.4509251 -0.8550451 -0.2560554 -0.4509251 -0.8550451 -0.2628731 -0.4368119 -0.8602867 -0.2628731 -0.4368119 -0.8602867 -0.2628731 -0.4368119 -0.8602867 -0.01711145 -0.1717732 0.9849879 -0.01711145 -0.1717732 0.9849879 -0.01711145 -0.1717732 0.9849879 0.006732688 -0.176881 -0.9842092 0.006732688 -0.176881 -0.9842092 0.006732688 -0.176881 -0.9842092 0.01261506 -0.4800778 0.8771352 0.01261506 -0.4800778 0.8771352 0.01261506 -0.4800778 0.8771352 -0.05238729 -0.5258894 0.8489381 -0.05238729 -0.5258894 0.8489381 -0.05238729 -0.5258894 0.8489381 -0.0975343 -0.9756244 0.196581 -0.0975343 -0.9756244 0.196581 -0.0975343 -0.9756244 0.196581 0.02429305 -0.9244947 0.3804201 0.02429305 -0.9244947 0.3804201 0.02429305 -0.9244947 0.3804201 -0.2850241 -0.9585093 -0.004607174 -0.2850241 -0.9585093 -0.004607174 -0.2850241 -0.9585093 -0.004607174 -0.09477686 -0.9480421 0.3036999 -0.09477686 -0.9480421 0.3036999 -0.09477686 -0.9480421 0.3036999 0.1227574 -0.9552131 -0.2692557 0.1227574 -0.9552131 -0.2692557 0.1227574 -0.9552131 -0.2692557 -0.2125362 -0.7147394 -0.6663152 -0.2125362 -0.7147394 -0.6663152 -0.2125362 -0.7147394 -0.6663152 0.01967943 -0.5170175 -0.8557486 0.01967943 -0.5170175 -0.8557486 0.01967943 -0.5170175 -0.8557486 0.0709331 -0.551952 -0.8308535 0.0709331 -0.551952 -0.8308535 0.0709331 -0.551952 -0.8308535 0.07723375 -0.1443445 0.9865088 0.07723375 -0.1443445 0.9865088 0.07723375 -0.1443445 0.9865088 0.05046282 -0.164216 -0.9851328 0.05046282 -0.164216 -0.9851328 0.05046282 -0.164216 -0.9851328 0.2455501 -0.4456383 0.8608784 0.2455501 -0.4456383 0.8608784 0.2455501 -0.4456383 0.8608784 0.2421953 -0.4526461 0.8581684 0.2421953 -0.4526461 0.8581684 0.2421953 -0.4526461 0.8581684 0.3261501 -0.8608464 0.3906015 0.3261501 -0.8608464 0.3906015 0.3261501 -0.8608464 0.3906015 0.4036479 -0.7325632 0.5481055 0.4036479 -0.7325632 0.5481055 0.4036479 -0.7325632 0.5481055 0.328787 -0.8868897 0.3245394 0.328787 -0.8868897 0.3245394 0.328787 -0.8868897 0.3245394 0.3338536 -0.8811792 0.334761 0.3338536 -0.8811792 0.334761 0.3338536 -0.8811792 0.334761 0.1848322 -0.6593073 -0.728801 0.1848322 -0.6593073 -0.728801 0.1848322 -0.6593073 -0.728801 0.2522571 -0.6804536 -0.6880038 0.2522571 -0.6804536 -0.6880038 0.2522571 -0.6804536 -0.6880038 0.1620654 -0.5273927 -0.8340215 0.1620654 -0.5273927 -0.8340215 0.1620654 -0.5273927 -0.8340215 0.1470075 -0.5243845 -0.8386952 0.1470075 -0.5243845 -0.8386952 0.1470075 -0.5243845 -0.8386952 0.08820612 -0.1332398 0.9871509 0.08820612 -0.1332398 0.9871509 0.08820612 -0.1332398 0.9871509 0.1226368 -0.09090423 -0.9882796 0.1226368 -0.09090423 -0.9882796 0.1226368 -0.09090423 -0.9882796 0.322755 -0.3778907 0.8677718 0.322755 -0.3778907 0.8677718 0.322755 -0.3778907 0.8677718 0.3077659 -0.4648958 0.8301518 0.3077659 -0.4648958 0.8301518 0.3077659 -0.4648958 0.8301518 0.4293729 -0.7146718 0.5521622 0.4293729 -0.7146718 0.5521622 0.4293729 -0.7146718 0.5521622 0.4648481 -0.5442574 0.6983553 0.4648481 -0.5442574 0.6983553 0.4648481 -0.5442574 0.6983553 0.6927581 -0.6222198 0.364594 0.6927581 -0.6222198 0.364594 0.6927581 -0.6222198 0.364594 0.5138615 -0.8552992 -0.0664046 0.5138615 -0.8552992 -0.0664046 0.5138615 -0.8552992 -0.0664046 0.5364865 -0.4361033 -0.7224931 0.5364865 -0.4361033 -0.7224931 0.5364865 -0.4361033 -0.7224931 0.4984807 -0.4477241 -0.7423342 0.4984807 -0.4477241 -0.7423342 0.4984807 -0.4477241 -0.7423342 0.3963461 -0.2937907 -0.8698257 0.3963461 -0.2937907 -0.8698257 0.3963461 -0.2937907 -0.8698257 0.374355 -0.3043086 -0.8759307 0.374355 -0.3043086 -0.8759307 0.374355 -0.3043086 -0.8759307 0.1444849 0.01618344 0.9893747 0.1444849 0.01618344 0.9893747 0.1444849 0.01618344 0.9893747 0.1463721 -0.02777236 -0.9888397 0.1463721 -0.02777236 -0.9888397 0.1463721 -0.02777236 -0.9888397 0.4183644 -0.2404702 0.8758683 0.4183644 -0.2404702 0.8758683 0.4183644 -0.2404702 0.8758683 0.3415195 0.03825286 0.9390959 0.3415195 0.03825286 0.9390959 0.3415195 0.03825286 0.9390959 0.7037337 0.07188979 0.7068173 0.7037337 0.07188979 0.7068173 0.7037337 0.07188979 0.7068173 0.846619 -0.4866251 0.2154817 0.846619 -0.4866251 0.2154817 0.846619 -0.4866251 0.2154817 0.9903445 -0.1116567 -0.08216123 0.9903445 -0.1116567 -0.08216123 0.9903445 -0.1116567 -0.08216123 0.9743294 0.09953245 0.2019295 0.9743294 0.09953245 0.2019295 0.9743294 0.09953245 0.2019295 0.5762015 -0.2912767 -0.7636424 0.5762015 -0.2912767 -0.7636424 0.5762015 -0.2912767 -0.7636424 0.7969214 -0.08984915 -0.5973638 0.7969214 -0.08984915 -0.5973638 0.7969214 -0.08984915 -0.5973638 0.4599499 -0.08727001 -0.8836459 0.4599499 -0.08727001 -0.8836459 0.4599499 -0.08727001 -0.8836459 0.3776 -0.1908813 -0.9060809 0.3776 -0.1908813 -0.9060809 0.3776 -0.1908813 -0.9060809 0.1695489 0.0802749 0.982247 0.1695489 0.0802749 0.982247 0.1695489 0.0802749 0.982247 0.1580757 0.08885389 -0.9834211 0.1580757 0.08885389 -0.9834211 0.1580757 0.08885389 -0.9834211 0.5451245 0.04277426 0.8372632 0.5451245 0.04277426 0.8372632 0.5451245 0.04277426 0.8372632 0.4195513 0.1986414 0.8857304 0.4195513 0.1986414 0.8857304 0.4195513 0.1986414 0.8857304 0.8033773 0.1002457 0.5869717 0.8033773 0.1002457 0.5869717 0.8033773 0.1002457 0.5869717 0.8284797 0.06500828 0.5562332 0.8284797 0.06500828 0.5562332 0.8284797 0.06500828 0.5562332 0.9255294 0.3588754 0.1208459 0.9255294 0.3588754 0.1208459 0.9255294 0.3588754 0.1208459 0.9805964 0.1223591 -0.1531634 0.9805964 0.1223591 -0.1531634 0.9805964 0.1223591 -0.1531634 0.7641339 0.290322 -0.5760317 0.7641339 0.290322 -0.5760317 0.7641339 0.290322 -0.5760317 0.7652625 0.2967316 -0.5712475 0.7652625 0.2967316 -0.5712475 0.7652625 0.2967316 -0.5712475 0.516627 0.2903945 -0.8054611 0.516627 0.2903945 -0.8054611 0.516627 0.2903945 -0.8054611 0.4987479 0.1894923 -0.8457796 0.4987479 0.1894923 -0.8457796 0.4987479 0.1894923 -0.8457796 0.1383323 0.1531966 0.9784656 0.1383323 0.1531966 0.9784656 0.1383323 0.1531966 0.9784656 0.1502856 0.1072286 -0.9828104 0.1502856 0.1072286 -0.9828104 0.1502856 0.1072286 -0.9828104 0.3114341 0.4154387 0.8546458 0.3114341 0.4154387 0.8546458 0.3114341 0.4154387 0.8546458 0.3579722 0.3964375 0.8453953 0.3579722 0.3964375 0.8453953 0.3579722 0.3964375 0.8453953 0.5483081 0.6455581 0.5316135 0.5483081 0.6455581 0.5316135 0.5483081 0.6455581 0.5316135 0.4933374 0.6580894 0.5688027 0.4933374 0.6580894 0.5688027 0.4933374 0.6580894 0.5688027 0.7035568 0.6951575 -0.1475258 0.7035568 0.6951575 -0.1475258 0.7035568 0.6951575 -0.1475258 0.6468462 0.7615733 -0.03995079 0.6468462 0.7615733 -0.03995079 0.6468462 0.7615733 -0.03995079 0.6185727 0.5627571 -0.548336 0.6185727 0.5627571 -0.548336 0.6185727 0.5627571 -0.548336 0.6091116 0.6018399 -0.5164995 0.6091116 0.6018399 -0.5164995 0.6091116 0.6018399 -0.5164995 0.4420506 0.3154025 -0.8397098 0.4420506 0.3154025 -0.8397098 0.4420506 0.3154025 -0.8397098 0.4308841 0.3920042 -0.8128171 0.4308841 0.3920042 -0.8128171 0.4308841 0.3920042 -0.8128171 0.09966441 0.1883654 0.9770289 0.09966441 0.1883654 0.9770289 0.09966441 0.1883654 0.9770289 0.05503537 0.1940346 -0.9794497 0.05503537 0.1940346 -0.9794497 0.05503537 0.1940346 -0.9794497 0.2253062 0.506995 0.8319815 0.2253062 0.506995 0.8319815 0.2253062 0.506995 0.8319815 0.2686887 0.5078208 0.8184891 0.2686887 0.5078208 0.8184891 0.2686887 0.5078208 0.8184891 0.3527146 0.7553167 0.5523487 0.3527146 0.7553167 0.5523487 0.3527146 0.7553167 0.5523487 0.3350579 0.7539636 0.5650444 0.3350579 0.7539636 0.5650444 0.3350579 0.7539636 0.5650444 0.2524878 0.9669555 -0.0353134 0.2524878 0.9669555 -0.0353134 0.2524878 0.9669555 -0.0353134 0.409519 0.8769598 -0.2514672 0.409519 0.8769598 -0.2514672 0.409519 0.8769598 -0.2514672 0.4457035 0.7361382 -0.5093613 0.4457035 0.7361382 -0.5093613 0.4457035 0.7361382 -0.5093613 0.2471513 0.9465185 -0.2074102 0.2471513 0.9465185 -0.2074102 0.2471513 0.9465185 -0.2074102 0.1704149 0.6008208 -0.7810078 0.1704149 0.6008208 -0.7810078 0.1704149 0.6008208 -0.7810078 0.2728466 0.4506422 -0.8499861 0.2728466 0.4506422 -0.8499861 0.2728466 0.4506422 -0.8499861 -0.001097951 0.2148195 0.9766532 -0.001097951 0.2148195 0.9766532 -0.001097951 0.2148195 0.9766532 0.04169467 0.1975391 -0.9794079 0.04169467 0.1975391 -0.9794079 0.04169467 0.1975391 -0.9794079 0.06721647 0.5640628 0.8229915 0.06721647 0.5640628 0.8229915 0.06721647 0.5640628 0.8229915 -0.002686892 0.5257036 0.8506636 -0.002686892 0.5257036 0.8506636 -0.002686892 0.5257036 0.8506636 -0.018355 0.8317773 0.554806 -0.018355 0.8317773 0.554806 -0.018355 0.8317773 0.554806 0.1065349 0.8940126 0.4351918 0.1065349 0.8940126 0.4351918 0.1065349 0.8940126 0.4351918 0.2382172 0.9370581 -0.2552935 0.2382172 0.9370581 -0.2552935 0.2382172 0.9370581 -0.2552935 -0.0219606 0.9951691 0.09568772 -0.0219606 0.9951691 0.09568772 -0.0219606 0.9951691 0.09568772 -0.01310664 0.9796765 -0.2001556 -0.01310664 0.9796765 -0.2001556 -0.01310664 0.9796765 -0.2001556 0.2183102 0.8587514 -0.4635587 0.2183102 0.8587514 -0.4635587 0.2183102 0.8587514 -0.4635587 0.1056234 0.5004176 -0.8593171 0.1056234 0.5004176 -0.8593171 0.1056234 0.5004176 -0.8593171 -0.007734857 0.5781541 -0.815891 -0.007734857 0.5781541 -0.815891 -0.007734857 0.5781541 -0.815891 -0.0545343 0.2010566 0.9780605 -0.0545343 0.2010566 0.9780605 -0.0545343 0.2010566 0.9780605 -0.07746381 0.1668302 -0.982938 -0.07746381 0.1668302 -0.982938 -0.07746381 0.1668302 -0.982938 -0.2027432 0.4761256 0.8556867 -0.2027432 0.4761256 0.8556867 -0.2027432 0.4761256 0.8556867 -0.1490964 0.5496873 0.8219575 -0.1490964 0.5496873 0.8219575 -0.1490964 0.5496873 0.8219575 -0.3684333 0.8101792 0.4559239 -0.3684333 0.8101792 0.4559239 -0.3684333 0.8101792 0.4559239 -0.3531382 0.8293159 0.4330457 -0.3531382 0.8293159 0.4330457 -0.3531382 0.8293159 0.4330457 -0.4455973 0.8900386 0.09630313 -0.4455973 0.8900386 0.09630313 -0.4455973 0.8900386 0.09630313 -0.4134604 0.9091932 0.04917587 -0.4134604 0.9091932 0.04917587 -0.4134604 0.9091932 0.04917587 -0.4771969 0.7271998 -0.4934203 -0.4771969 0.7271998 -0.4934203 -0.4771969 0.7271998 -0.4934203 -0.3641959 0.7274471 -0.5815342 -0.3641959 0.7274471 -0.5815342 -0.3641959 0.7274471 -0.5815342 -0.2411858 0.5194306 -0.819769 -0.2411858 0.5194306 -0.819769 -0.2411858 0.5194306 -0.819769 -0.3443108 0.5246948 -0.7785535 -0.3443108 0.5246948 -0.7785535 -0.3443108 0.5246948 -0.7785535 -0.1452788 0.1186337 0.9822526 -0.1452788 0.1186337 0.9822526 -0.1452788 0.1186337 0.9822526 -0.1815341 0.07056284 -0.9808498 -0.1815341 0.07056284 -0.9808498 -0.1815341 0.07056284 -0.9808498 -0.5067752 0.2283581 0.831283 -0.5067752 0.2283581 0.831283 -0.5067752 0.2283581 0.831283 -0.4886885 0.3990597 0.7758446 -0.4886885 0.3990597 0.7758446 -0.4886885 0.3990597 0.7758446 -0.6035412 0.6553115 0.454208 -0.6035412 0.6553115 0.454208 -0.6035412 0.6553115 0.454208 -0.6446023 0.2904644 0.7071904 -0.6446023 0.2904644 0.7071904 -0.6446023 0.2904644 0.7071904 -0.7220308 0.6899309 0.05164192 -0.7220308 0.6899309 0.05164192 -0.7220308 0.6899309 0.05164192 -0.6772353 0.7353269 -0.02542956 -0.6772353 0.7353269 -0.02542956 -0.6772353 0.7353269 -0.02542956 -0.4833855 0.6422044 -0.5949051 -0.4833855 0.6422044 -0.5949051 -0.4833855 0.6422044 -0.5949051 -0.6295179 0.601531 -0.4918004 -0.6295179 0.601531 -0.4918004 -0.6295179 0.601531 -0.4918004 -0.6181027 0.2402583 -0.7484818 -0.6181027 0.2402583 -0.7484818 -0.6181027 0.2402583 -0.7484818 -0.305917 0.4064277 -0.8609479 -0.305917 0.4064277 -0.8609479 -0.305917 0.4064277 -0.8609479 -0.1916985 0.007021408 0.9814287 -0.1916985 0.007021408 0.9814287 -0.1916985 0.007021408 0.9814287 -0.1856738 0.06058851 -0.9807417 -0.1856738 0.06058851 -0.9807417 -0.1856738 0.06058851 -0.9807417 -0.5122923 0.3549847 0.7820118 -0.5122923 0.3549847 0.7820118 -0.5122923 0.3549847 0.7820118 -0.4436976 0.01625147 0.8960292 -0.4436976 0.01625147 0.8960292 -0.4436976 0.01625147 0.8960292 -0.6747218 0.215209 0.7059997 -0.6747218 0.215209 0.7059997 -0.6747218 0.215209 0.7059997 -0.7063229 0.489435 0.5114306 -0.7063229 0.489435 0.5114306 -0.7063229 0.489435 0.5114306 -0.9720204 0.2332657 -0.02763218 -0.9720204 0.2332657 -0.02763218 -0.9720204 0.2332657 -0.02763218 -0.94683 0.3020006 -0.1109444 -0.94683 0.3020006 -0.1109444 -0.94683 0.3020006 -0.1109444 -0.8455081 0.1598472 -0.5094752 -0.8455081 0.1598472 -0.5094752 -0.8455081 0.1598472 -0.5094752 -0.8163763 0.1959142 -0.5432746 -0.8163763 0.1959142 -0.5432746 -0.8163763 0.1959142 -0.5432746 -0.4328322 0.1412405 -0.8903412 -0.4328322 0.1412405 -0.8903412 -0.4328322 0.1412405 -0.8903412 -0.4719917 0.08923224 -0.8770755 -0.4719917 0.08923224 -0.8770755 -0.4719917 0.08923224 -0.8770755 -0.1915951 0.03357988 0.9808994 -0.1915951 0.03357988 0.9808994 -0.1915951 0.03357988 0.9808994 -0.1860154 0.001333019 -0.9825459 -0.1860154 0.001333019 -0.9825459 -0.1860154 0.001333019 -0.9825459 -0.4303734 -0.2437352 0.8691214 -0.4303734 -0.2437352 0.8691214 -0.4303734 -0.2437352 0.8691214 -0.6824931 0.119617 0.7210374 -0.6824931 0.119617 0.7210374 -0.6824931 0.119617 0.7210374 -0.7175455 -0.4638851 0.5195566 -0.7175455 -0.4638851 0.5195566 -0.7175455 -0.4638851 0.5195566 -0.7616533 -0.4313505 0.4835504 -0.7616533 -0.4313505 0.4835504 -0.7616533 -0.4313505 0.4835504 -0.9047639 -0.4125083 -0.1060154 -0.9047639 -0.4125083 -0.1060154 -0.9047639 -0.4125083 -0.1060154 -0.8379539 -0.5417277 0.06606311 -0.8379539 -0.5417277 0.06606311 -0.8379539 -0.5417277 0.06606311 -0.8220176 -0.1582612 -0.5470287 -0.8220176 -0.1582612 -0.5470287 -0.8220176 -0.1582612 -0.5470287 -0.8545547 -0.3896165 -0.343417 -0.8545547 -0.3896165 -0.343417 -0.8545547 -0.3896165 -0.343417 -0.4738794 0.003395903 -0.8805832 -0.4738794 0.003395903 -0.8805832 -0.4738794 0.003395903 -0.8805832 -0.5044788 -0.09712619 -0.8579439 -0.5044788 -0.09712619 -0.8579439 -0.5044788 -0.09712619 -0.8579439 -0.1153372 -0.1496084 0.9819952 -0.1153372 -0.1496084 0.9819952 -0.1153372 -0.1496084 0.9819952 -0.1108165 -0.1767829 -0.9779916 -0.1108165 -0.1767829 -0.9779916 -0.1108165 -0.1767829 -0.9779916 -0.4880733 -0.4286834 0.760273 -0.4880733 -0.4286834 0.760273 -0.4880733 -0.4286834 0.760273 -0.3642558 -0.4724906 0.8025399 -0.3642558 -0.4724906 0.8025399 -0.3642558 -0.4724906 0.8025399 -0.7930892 -0.3672339 0.4859514 -0.7930892 -0.3672339 0.4859514 -0.7930892 -0.3672339 0.4859514 -0.5590954 -0.4910634 0.6680338 -0.5590954 -0.4910634 0.6680338 -0.5590954 -0.4910634 0.6680338 -0.7041573 -0.7073278 0.0620473 -0.7041573 -0.7073278 0.0620473 -0.7041573 -0.7073278 0.0620473 -0.8641884 -0.4001559 -0.305047 -0.8641884 -0.4001559 -0.305047 -0.8641884 -0.4001559 -0.305047 -0.4937882 -0.8223823 -0.2825961 -0.4937882 -0.8223823 -0.2825961 -0.4937882 -0.8223823 -0.2825961 -0.6037928 -0.6065113 -0.5172798 -0.6037928 -0.6065113 -0.5172798 -0.6037928 -0.6065113 -0.5172798 -0.309772 -0.4941719 -0.8123026 -0.309772 -0.4941719 -0.8123026 -0.309772 -0.4941719 -0.8123026 -0.3054012 -0.508632 -0.8049991 -0.3054012 -0.508632 -0.8049991 -0.3054012 -0.508632 -0.8049991 -0.09353747 -0.1694327 0.9810929 -0.09353747 -0.1694327 0.9810929 -0.09353747 -0.1694327 0.9810929 -0.09603122 -0.1901201 -0.9770529 -0.09603122 -0.1901201 -0.9770529 -0.09603122 -0.1901201 -0.9770529 -0.2273895 -0.578852 0.7830864 -0.2273895 -0.578852 0.7830864 -0.2273895 -0.578852 0.7830864 -0.3225878 -0.5843319 0.7446431 -0.3225878 -0.5843319 0.7446431 -0.3225878 -0.5843319 0.7446431 -0.2181256 -0.7461341 0.629051 -0.2181256 -0.7461341 0.629051 -0.2181256 -0.7461341 0.629051 -0.2980332 -0.7586856 0.5792862 -0.2980332 -0.7586856 0.5792862 -0.2980332 -0.7586856 0.5792862 -0.599113 -0.730768 -0.3271724 -0.599113 -0.730768 -0.3271724 -0.599113 -0.730768 -0.3271724 -0.275855 -0.9436068 0.1830583 -0.275855 -0.9436068 0.1830583 -0.275855 -0.9436068 0.1830583 -0.5556367 -0.6508904 -0.5173099 -0.5556367 -0.6508904 -0.5173099 -0.5556367 -0.6508904 -0.5173099 -0.5479907 -0.6684116 -0.5029236 -0.5479907 -0.6684116 -0.5029236 -0.5479907 -0.6684116 -0.5029236 -0.2705745 -0.5356764 -0.7999001 -0.2705745 -0.5356764 -0.7999001 -0.2705745 -0.5356764 -0.7999001 -0.3477248 -0.4073358 -0.844491 -0.3477248 -0.4073358 -0.844491 -0.3477248 -0.4073358 -0.844491 -0.01104996 -0.1912335 0.9814824 -0.01104996 -0.1912335 0.9814824 -0.01104996 -0.1912335 0.9814824 0.003754118 -0.2162406 -0.9763329 0.003754118 -0.2162406 -0.9763329 0.003754118 -0.2162406 -0.9763329 -0.09935862 -0.6505639 0.7529239 -0.09935862 -0.6505639 0.7529239 -0.09935862 -0.6505639 0.7529239 -0.03552515 -0.6148073 0.7878769 -0.03552515 -0.6148073 0.7878769 -0.03552515 -0.6148073 0.7878769 0.1106836 -0.8265999 0.5517987 0.1106836 -0.8265999 0.5517987 0.1106836 -0.8265999 0.5517987 -0.1437601 -0.9412889 0.3054641 -0.1437601 -0.9412889 0.3054641 -0.1437601 -0.9412889 0.3054641 0.2523025 -0.9543394 0.1599365 0.2523025 -0.9543394 0.1599365 0.2523025 -0.9543394 0.1599365 0.132716 -0.9911402 0.005260078 0.132716 -0.9911402 0.005260078 0.132716 -0.9911402 0.005260078 0.1378004 -0.852136 -0.5048518 0.1378004 -0.852136 -0.5048518 0.1378004 -0.852136 -0.5048518 0.2338015 -0.8843591 -0.404037 0.2338015 -0.8843591 -0.404037 0.2338015 -0.8843591 -0.404037 0.008860246 -0.5103583 -0.8599162 0.008860246 -0.5103583 -0.8599162 0.008860246 -0.5103583 -0.8599162 0.08942227 -0.5529734 -0.8283864 0.08942227 -0.5529734 -0.8283864 0.08942227 -0.5529734 -0.8283864 0.09756757 -0.1626969 0.9818403 0.09756757 -0.1626969 0.9818403 0.09756757 -0.1626969 0.9818403 0.05064082 -0.2041796 -0.9776227 0.05064082 -0.2041796 -0.9776227 0.05064082 -0.2041796 -0.9776227 0.3376766 -0.5160123 0.787214 0.3376766 -0.5160123 0.787214 0.3376766 -0.5160123 0.787214 0.3242036 -0.5406193 0.7762879 0.3242036 -0.5406193 0.7762879 0.3242036 -0.5406193 0.7762879 0.3205908 -0.888286 0.3288913 0.3205908 -0.888286 0.3288913 0.3205908 -0.888286 0.3288913 0.4617233 -0.7055713 0.5375693 0.4617233 -0.7055713 0.5375693 0.4617233 -0.7055713 0.5375693 0.1745149 -0.9846404 0.005283189 0.1745149 -0.9846404 0.005283189 0.1745149 -0.9846404 0.005283189 0.330997 -0.9171194 0.2221102 0.330997 -0.9171194 0.2221102 0.330997 -0.9171194 0.2221102 0.3168231 -0.8588546 -0.4024822 0.3168231 -0.8588546 -0.4024822 0.3168231 -0.8588546 -0.4024822 0.1473285 -0.8312505 -0.5360195 0.1473285 -0.8312505 -0.5360195 0.1473285 -0.8312505 -0.5360195 0.1344171 -0.5419586 -0.829586 0.1344171 -0.5419586 -0.829586 0.1344171 -0.5419586 -0.829586 0.2029091 -0.5500529 -0.8101048 0.2029091 -0.5500529 -0.8101048 0.2029091 -0.5500529 -0.8101048 0.139866 -0.1239158 0.9823861 0.139866 -0.1239158 0.9823861 0.139866 -0.1239158 0.9823861 0.1399581 -0.1232338 -0.9824587 0.1399581 -0.1232338 -0.9824587 0.1399581 -0.1232338 -0.9824587 0.3391834 -0.5287506 0.77806 0.3391834 -0.5287506 0.77806 0.3391834 -0.5287506 0.77806 0.3818845 -0.3383346 0.8600546 0.3818845 -0.3383346 0.8600546 0.3818845 -0.3383346 0.8600546 0.506653 -0.6713277 0.5409453 0.506653 -0.6713277 0.5409453 0.506653 -0.6713277 0.5409453 0.4765721 -0.742925 0.4700442 0.4765721 -0.742925 0.4700442 0.4765721 -0.742925 0.4700442 0.6740553 -0.6986786 0.2397868 0.6740553 -0.6986786 0.2397868 0.6740553 -0.6986786 0.2397868 0.5998378 -0.7947998 0.0921303 0.5998378 -0.7947998 0.0921303 0.5998378 -0.7947998 0.0921303 0.6073517 -0.5217317 -0.5990993 0.6073517 -0.5217317 -0.5990993 0.6073517 -0.5217317 -0.5990993 0.5291475 -0.5484774 -0.6474376 0.5291475 -0.5484774 -0.6474376 0.5291475 -0.5484774 -0.6474376 0.4190244 -0.368953 -0.8296338 0.4190244 -0.368953 -0.8296338 0.4190244 -0.368953 -0.8296338 0.4259152 -0.3658728 -0.8274862 0.4259152 -0.3658728 -0.8274862 0.4259152 -0.3658728 -0.8274862 0.1698604 -0.05282782 0.9840512 0.1698604 -0.05282782 0.9840512 0.1698604 -0.05282782 0.9840512 0.1581905 -0.0803318 -0.9841354 0.1581905 -0.0803318 -0.9841354 0.1581905 -0.0803318 -0.9841354 0.5053219 -0.04505631 0.8617538 0.5053219 -0.04505631 0.8617538 0.5053219 -0.04505631 0.8617538 0.5379338 -0.1673014 0.8262188 0.5379338 -0.1673014 0.8262188 0.5379338 -0.1673014 0.8262188 0.8323183 -0.1478633 0.5342123 0.8323183 -0.1478633 0.5342123 0.8323183 -0.1478633 0.5342123 0.8053601 -0.07180878 0.5884204 0.8053601 -0.07180878 0.5884204 0.8053601 -0.07180878 0.5884204 0.9755044 -0.1935917 0.1044673 0.9755044 -0.1935917 0.1044673 0.9755044 -0.1935917 0.1044673 0.9765472 -0.1734859 0.1275073 0.9765472 -0.1734859 0.1275073 0.9765472 -0.1734859 0.1275073 0.6862474 -0.2607167 -0.6790371 0.6862474 -0.2607167 -0.6790371 0.6862474 -0.2607167 -0.6790371 0.7886856 -0.156517 -0.5945397 0.7886856 -0.156517 -0.5945397 0.7886856 -0.156517 -0.5945397 0.4843933 -0.245983 -0.8395568 0.4843933 -0.245983 -0.8395568 0.4843933 -0.245983 -0.8395568 0.5288817 -0.2009309 -0.8245671 0.5288817 -0.2009309 -0.8245671 0.5288817 -0.2009309 -0.8245671 0.1526983 0.0454565 0.9872269 0.1526983 0.0454565 0.9872269 0.1526983 0.0454565 0.9872269 0.147568 0.01225858 -0.9889759 0.147568 0.01225858 -0.9889759 0.147568 0.01225858 -0.9889759 0.4864749 0.008089045 0.8736571 0.4864749 0.008089045 0.8736571 0.4864749 0.008089045 0.8736571 0.4050719 0.1205851 0.906298 0.4050719 0.1205851 0.906298 0.4050719 0.1205851 0.906298 0.7783229 0.09841432 0.6201033 0.7783229 0.09841432 0.6201033 0.7783229 0.09841432 0.6201033 0.8383544 0.01394005 0.5449473 0.8383544 0.01394005 0.5449473 0.8383544 0.01394005 0.5449473 0.9915006 0.09640708 -0.08736253 0.9915006 0.09640708 -0.08736253 0.9915006 0.09640708 -0.08736253 0.9907045 0.1252687 -0.05303181 0.9907045 0.1252687 -0.05303181 0.9907045 0.1252687 -0.05303181 0.8330987 0.1694966 -0.5265144 0.8330987 0.1694966 -0.5265144 0.8330987 0.1694966 -0.5265144 0.8005255 0.0778379 -0.5942223 0.8005255 0.0778379 -0.5942223 0.8005255 0.0778379 -0.5942223 0.4835761 0.04017101 -0.8743801 0.4835761 0.04017101 -0.8743801 0.4835761 0.04017101 -0.8743801 0.5041992 0.102581 -0.8574732 0.5041992 0.102581 -0.8574732 0.5041992 0.102581 -0.8574732 0.1312887 0.1005817 0.9862285 0.1312887 0.1005817 0.9862285 0.1312887 0.1005817 0.9862285 0.0912102 0.1563476 -0.9834816 0.0912102 0.1563476 -0.9834816 0.0912102 0.1563476 -0.9834816 0.2428734 0.4682354 0.8495694 0.2428734 0.4682354 0.8495694 0.2428734 0.4682354 0.8495694 0.4906811 0.3759162 0.7860783 0.4906811 0.3759162 0.7860783 0.4906811 0.3759162 0.7860783 0.6196982 0.5680223 0.5415948 0.6196982 0.5680223 0.5415948 0.6196982 0.5680223 0.5415948 0.3194538 0.6158746 0.720172 0.3194538 0.6158746 0.720172 0.3194538 0.6158746 0.720172 0.7757139 0.6289419 -0.05196269 0.7757139 0.6289419 -0.05196269 0.7757139 0.6289419 -0.05196269 0.7368258 0.6753828 0.03075409 0.7368258 0.6753828 0.03075409 0.7368258 0.6753828 0.03075409 0.4875392 0.6874058 -0.538311 0.4875392 0.6874058 -0.538311 0.4875392 0.6874058 -0.538311 0.535594 0.4342548 -0.7242665 0.535594 0.4342548 -0.7242665 0.535594 0.4342548 -0.7242665 0.3043615 0.5217201 -0.796977 0.3043615 0.5217201 -0.796977 0.3043615 0.5217201 -0.796977 0.3208127 0.4523298 -0.832152 0.3208127 0.4523298 -0.832152 0.3208127 0.4523298 -0.832152 0.04315102 0.1872973 0.981355 0.04315102 0.1872973 0.981355 0.04315102 0.1872973 0.981355 0.09131376 0.156246 -0.9834882 0.09131376 0.156246 -0.9834882 0.09131376 0.156246 -0.9834882 0.3335735 0.527385 0.7814051 0.3335735 0.527385 0.7814051 0.3335735 0.527385 0.7814051 0.1157101 0.5022404 0.8569514 0.1157101 0.5022404 0.8569514 0.1157101 0.5022404 0.8569514 0.242069 0.6696251 0.7021431 0.242069 0.6696251 0.7021431 0.242069 0.6696251 0.7021431 0.4379387 0.6923881 0.5734181 0.4379387 0.6923881 0.5734181 0.4379387 0.6923881 0.5734181 0.1156759 0.9929928 0.02417569 0.1156759 0.9929928 0.02417569 0.1156759 0.9929928 0.02417569 0.3232161 0.8940989 -0.3100297 0.3232161 0.8940989 -0.3100297 0.3232161 0.8940989 -0.3100297 0.416481 0.5512457 -0.7229604 0.416481 0.5512457 -0.7229604 0.416481 0.5512457 -0.7229604 0.1137329 0.9763139 -0.1840543 0.1137329 0.9763139 -0.1840543 0.1137329 0.9763139 -0.1840543 0.2834658 0.4850355 -0.8272773 0.2834658 0.4850355 -0.8272773 0.2834658 0.4850355 -0.8272773 0.3158349 0.4180326 -0.8517611 0.3158349 0.4180326 -0.8517611 0.3158349 0.4180326 -0.8517611 0.001156389 0.1990025 0.9799983 0.001156389 0.1990025 0.9799983 0.001156389 0.1990025 0.9799983 0.003320154 0.1813375 -0.9834153 0.003320154 0.1813375 -0.9834153 0.003320154 0.1813375 -0.9834153 -0.05071933 0.5394435 0.8404929 -0.05071933 0.5394435 0.8404929 -0.05071933 0.5394435 0.8404929 0.003349709 0.5764502 0.8171254 0.003349709 0.5764502 0.8171254 0.003349709 0.5764502 0.8171254 -0.01005883 0.8195312 0.5729463 -0.01005883 0.8195312 0.5729463 -0.01005883 0.8195312 0.5729463 -0.0723956 0.7699891 0.6339367 -0.0723956 0.7699891 0.6339367 -0.0723956 0.7699891 0.6339367 0.02294789 0.9531394 -0.3016599 0.02294789 0.9531394 -0.3016599 0.02294789 0.9531394 -0.3016599 -0.01186968 0.9670682 -0.2542405 -0.01186968 0.9670682 -0.2542405 -0.01186968 0.9670682 -0.2542405 -0.2743353 0.9484372 -0.158767 -0.2743353 0.9484372 -0.158767 -0.2743353 0.9484372 -0.158767 0.02068299 0.8590666 -0.5114457 0.02068299 0.8590666 -0.5114457 0.02068299 0.8590666 -0.5114457 0.009344004 0.5103433 -0.85992 0.009344004 0.5103433 -0.85992 0.009344004 0.5103433 -0.85992 -0.1822322 0.6300167 -0.7548976 -0.1822322 0.6300167 -0.7548976 -0.1822322 0.6300167 -0.7548976 -0.03402164 0.1892384 0.9813416 -0.03402164 0.1892384 0.9813416 -0.03402164 0.1892384 0.9813416 -0.07001222 0.1606199 -0.9845301 -0.07001222 0.1606199 -0.9845301 -0.07001222 0.1606199 -0.9845301 -0.2061154 0.5234623 0.8267428 -0.2061154 0.5234623 0.8267428 -0.2061154 0.5234623 0.8267428 -0.1174446 0.6532614 0.7479682 -0.1174446 0.6532614 0.7479682 -0.1174446 0.6532614 0.7479682 -0.3497974 0.690219 0.6334346 -0.3497974 0.690219 0.6334346 -0.3497974 0.690219 0.6334346 -0.3028857 0.7692258 0.5626294 -0.3028857 0.7692258 0.5626294 -0.3028857 0.7692258 0.5626294 -0.2494191 0.9320488 -0.2628216 -0.2494191 0.9320488 -0.2628216 -0.2494191 0.9320488 -0.2628216 -0.4519087 0.8917045 0.02532918 -0.4519087 0.8917045 0.02532918 -0.4519087 0.8917045 0.02532918 -0.314437 0.7895128 -0.5270663 -0.314437 0.7895128 -0.5270663 -0.314437 0.7895128 -0.5270663 -0.2059018 0.7694301 -0.6046336 -0.2059018 0.7694301 -0.6046336 -0.2059018 0.7694301 -0.6046336 -0.2633849 0.6042497 -0.7520044 -0.2633849 0.6042497 -0.7520044 -0.2633849 0.6042497 -0.7520044 -0.239345 0.6009659 -0.7625968 -0.239345 0.6009659 -0.7625968 -0.239345 0.6009659 -0.7625968 -0.1244688 0.1003936 0.9871315 -0.1244688 0.1003936 0.9871315 -0.1244688 0.1003936 0.9871315 -0.1457361 0.08539294 -0.9856313 -0.1457361 0.08539294 -0.9856313 -0.1457361 0.08539294 -0.9856313 -0.3442511 0.4848658 0.8039877 -0.3442511 0.4848658 0.8039877 -0.3442511 0.4848658 0.8039877 -0.3719624 0.300016 0.8784272 -0.3719624 0.300016 0.8784272 -0.3719624 0.300016 0.8784272 -0.4553254 0.6675946 0.5890639 -0.4553254 0.6675946 0.5890639 -0.4553254 0.6675946 0.5890639 -0.4605928 0.6487291 0.6058092 -0.4605928 0.6487291 0.6058092 -0.4605928 0.6487291 0.6058092 -0.7215516 0.6918483 0.02663009 -0.7215516 0.6918483 0.02663009 -0.7215516 0.6918483 0.02663009 -0.5478073 0.8031909 -0.2340762 -0.5478073 0.8031909 -0.2340762 -0.5478073 0.8031909 -0.2340762 -0.4255517 0.6272592 -0.6522665 -0.4255517 0.6272592 -0.6522665 -0.4255517 0.6272592 -0.6522665 -0.6108 0.5856558 -0.5328515 -0.6108 0.5856558 -0.5328515 -0.6108 0.5856558 -0.5328515 -0.5415063 0.3172915 -0.7785223 -0.5415063 0.3172915 -0.7785223 -0.5415063 0.3172915 -0.7785223 -0.2920084 0.4304176 -0.8540912 -0.2920084 0.4304176 -0.8540912 -0.2920084 0.4304176 -0.8540912 -0.1424095 0.05433351 0.9883154 -0.1424095 0.05433351 0.9883154 -0.1424095 0.05433351 0.9883154 -0.1608862 0.04619084 -0.9858915 -0.1608862 0.04619084 -0.9858915 -0.1608862 0.04619084 -0.9858915 -0.4548174 0.09512785 0.8854896 -0.4548174 0.09512785 0.8854896 -0.4548174 0.09512785 0.8854896 -0.4768286 0.1819244 0.859964 -0.4768286 0.1819244 0.859964 -0.4768286 0.1819244 0.859964 -0.7671764 -0.04298486 0.6399943 -0.7671764 -0.04298486 0.6399943 -0.7671764 -0.04298486 0.6399943 -0.8603942 0.1799567 0.4767992 -0.8603942 0.1799567 0.4767992 -0.8603942 0.1799567 0.4767992 -0.9626407 0.04287723 -0.2673659 -0.9626407 0.04287723 -0.2673659 -0.9626407 0.04287723 -0.2673659 -0.9870893 -0.05530658 -0.150319 -0.9870893 -0.05530658 -0.150319 -0.9870893 -0.05530658 -0.150319 -0.8034609 0.1997075 -0.5608632 -0.8034609 0.1997075 -0.5608632 -0.8034609 0.1997075 -0.5608632 -0.9147553 0.04074436 -0.4019486 -0.9147553 0.04074436 -0.4019486 -0.9147553 0.04074436 -0.4019486 -0.4313299 0.1238359 -0.893655 -0.4313299 0.1238359 -0.893655 -0.4313299 0.1238359 -0.893655 -0.4418696 0.1098307 -0.8903305 -0.4418696 0.1098307 -0.8903305 -0.4418696 0.1098307 -0.8903305 -0.1421478 -0.08132568 0.9864989 -0.1421478 -0.08132568 0.9864989 -0.1421478 -0.08132568 0.9864989 -0.161058 -0.001217448 -0.9869442 -0.161058 -0.001217448 -0.9869442 -0.161058 -0.001217448 -0.9869442 -0.4847357 -0.02762153 0.8742244 -0.4847357 -0.02762153 0.8742244 -0.4847357 -0.02762153 0.8742244 -0.3477508 -0.1989554 0.9162348 -0.3477508 -0.1989554 0.9162348 -0.3477508 -0.1989554 0.9162348 -0.8173607 -0.3560287 0.4529516 -0.8173607 -0.3560287 0.4529516 -0.8173607 -0.3560287 0.4529516 -0.9918662 -0.05651917 0.1140487 -0.9918662 -0.05651917 0.1140487 -0.9918662 -0.05651917 0.1140487 -0.9827624 0.1085349 -0.1496601 -0.9827624 0.1085349 -0.1496601 -0.9827624 0.1085349 -0.1496601 -0.8304148 -0.3617148 0.4237613 -0.8304148 -0.3617148 0.4237613 -0.8304148 -0.3617148 0.4237613 -0.8256822 -0.4319934 -0.3628094 -0.8256822 -0.4319934 -0.3628094 -0.8256822 -0.4319934 -0.3628094 -0.6944706 0.07669637 -0.7154217 -0.6944706 0.07669637 -0.7154217 -0.6944706 0.07669637 -0.7154217 -0.4445565 -0.003360432 -0.8957445 -0.4445565 -0.003360432 -0.8957445 -0.4445565 -0.003360432 -0.8957445 -0.5146462 -0.2692607 -0.8140257 -0.5146462 -0.2692607 -0.8140257 -0.5146462 -0.2692607 -0.8140257 -0.1305837 -0.1107631 0.9852307 -0.1305837 -0.1107631 0.9852307 -0.1305837 -0.1107631 0.9852307 -0.09789097 -0.1629756 -0.9817618 -0.09789097 -0.1629756 -0.9817618 -0.09789097 -0.1629756 -0.9817618 -0.2083103 -0.4823094 0.8508728 -0.2083103 -0.4823094 0.8508728 -0.2083103 -0.4823094 0.8508728 -0.4620782 -0.3919418 0.7955284 -0.4620782 -0.3919418 0.7955284 -0.4620782 -0.3919418 0.7955284 -0.7853807 -0.6082872 0.1147337 -0.7853807 -0.6082872 0.1147337 -0.7853807 -0.6082872 0.1147337 -0.3211532 -0.7435794 0.5864728 -0.3211532 -0.7435794 0.5864728 -0.3211532 -0.7435794 0.5864728 -0.6353474 -0.6665971 0.3898486 -0.6353474 -0.6665971 0.3898486 -0.6353474 -0.6665971 0.3898486 -0.7683086 -0.5950646 0.2357965 -0.7683086 -0.5950646 0.2357965 -0.7683086 -0.5950646 0.2357965 -0.5222987 -0.4261846 -0.7386276 -0.5222987 -0.4261846 -0.7386276 -0.5222987 -0.4261846 -0.7386276 -0.5102571 -0.5353542 -0.6730777 -0.5102571 -0.5353542 -0.6730777 -0.5102571 -0.5353542 -0.6730777 -0.3442044 -0.5730549 -0.7437281 -0.3442044 -0.5730549 -0.7437281 -0.3442044 -0.5730549 -0.7437281 -0.3976118 -0.3244428 -0.8582784 -0.3976118 -0.3244428 -0.8582784 -0.3976118 -0.3244428 -0.8582784 -0.06259053 -0.1777709 0.9820794 -0.06259053 -0.1777709 0.9820794 -0.06259053 -0.1777709 0.9820794 -0.07813128 -0.1822435 -0.9801443 -0.07813128 -0.1822435 -0.9801443 -0.07813128 -0.1822435 -0.9801443 -0.3667109 -0.4851674 0.7938109 -0.3667109 -0.4851674 0.7938109 -0.3667109 -0.4851674 0.7938109 -0.166749 -0.4736038 0.8648088 -0.166749 -0.4736038 0.8648088 -0.166749 -0.4736038 0.8648088 -0.3847387 -0.7024727 0.5987556 -0.3847387 -0.7024727 0.5987556 -0.3847387 -0.7024727 0.5987556 -0.5292969 -0.7002726 0.479023 -0.5292969 -0.7002726 0.479023 -0.5292969 -0.7002726 0.479023 -0.3777452 -0.8991419 0.2210257 -0.3777452 -0.8991419 0.2210257 -0.3777452 -0.8991419 0.2210257 -0.4787865 -0.8741892 0.08097357 -0.4787865 -0.8741892 0.08097357 -0.4787865 -0.8741892 0.08097357 -0.2856121 -0.7113607 -0.6421774 -0.2856121 -0.7113607 -0.6421774 -0.2856121 -0.7113607 -0.6421774 -0.2932957 -0.6981279 -0.6531425 -0.2932957 -0.6981279 -0.6531425 -0.2932957 -0.6981279 -0.6531425 -0.2124436 -0.4955311 -0.8422094 -0.2124436 -0.4955311 -0.8422094 -0.2124436 -0.4955311 -0.8422094 -0.204246 -0.508706 -0.8363622 -0.204246 -0.508706 -0.8363622 -0.204246 -0.508706 -0.8363622 -0.03339836 -0.1860772 0.9819673 -0.03339836 -0.1860772 0.9819673 -0.03339836 -0.1860772 0.9819673 0.001005821 -0.2045527 -0.978855 0.001005821 -0.2045527 -0.978855 0.001005821 -0.2045527 -0.978855 0.03885692 -0.5238838 0.850903 0.03885692 -0.5238838 0.850903 0.03885692 -0.5238838 0.850903 -0.1111495 -0.6192635 0.7772764 -0.1111495 -0.6192635 0.7772764 -0.1111495 -0.6192635 0.7772764 -0.0481835 -0.8671604 0.4956926 -0.0481835 -0.8671604 0.4956926 -0.0481835 -0.8671604 0.4956926 0.0585884 -0.789911 0.6104163 0.0585884 -0.789911 0.6104163 0.0585884 -0.789911 0.6104163 0.1124106 -0.9906899 0.07679423 0.1124106 -0.9906899 0.07679423 0.1124106 -0.9906899 0.07679423 -0.05465581 -0.9836427 -0.1716387 -0.05465581 -0.9836427 -0.1716387 -0.05465581 -0.9836427 -0.1716387 0.07146635 -0.7737835 -0.6294058 0.07146635 -0.7737835 -0.6294058 0.07146635 -0.7737835 -0.6294058 0.08900528 -0.7844154 -0.6138164 0.08900528 -0.7844154 -0.6138164 0.08900528 -0.7844154 -0.6138164 0.0027618 -0.561664 -0.8273608 0.0027618 -0.561664 -0.8273608 0.0027618 -0.561664 -0.8273608 0.05486497 -0.5940364 -0.802565 0.05486497 -0.5940364 -0.802565 0.05486497 -0.5940364 -0.802565 0.07943818 -0.1543956 0.9848104 0.07943818 -0.1543956 0.9848104 0.07943818 -0.1543956 0.9848104 0.04915375 -0.1911254 -0.9803341 0.04915375 -0.1911254 -0.9803341 0.04915375 -0.1911254 -0.9803341 0.1530183 -0.5677601 0.8088473 0.1530183 -0.5677601 0.8088473 0.1530183 -0.5677601 0.8088473 0.2266743 -0.4405628 0.8686329 0.2266743 -0.4405628 0.8686329 0.2266743 -0.4405628 0.8686329 0.4369044 -0.6693724 0.6008787 0.4369044 -0.6693724 0.6008787 0.4369044 -0.6693724 0.6008787 0.2491791 -0.9245558 0.2882816 0.2491791 -0.9245558 0.2882816 0.2491791 -0.9245558 0.2882816 0.2389347 -0.9539738 -0.1812297 0.2389347 -0.9539738 -0.1812297 0.2389347 -0.9539738 -0.1812297 0.5211486 -0.7984413 0.3014891 0.5211486 -0.7984413 0.3014891 0.5211486 -0.7984413 0.3014891 0.1407825 -0.7741081 -0.6172008 0.1407825 -0.7741081 -0.6172008 0.1407825 -0.7741081 -0.6172008 0.1986658 -0.7931958 -0.5756494 0.1986658 -0.7931958 -0.5756494 0.1986658 -0.7931958 -0.5756494 0.1469596 -0.5714255 -0.8073883 0.1469596 -0.5714255 -0.8073883 0.1469596 -0.5714255 -0.8073883 0.1023538 -0.5628036 -0.8202291 0.1023538 -0.5628036 -0.8202291 0.1023538 -0.5628036 -0.8202291 0.1083028 -0.1259303 0.9861096 0.1083028 -0.1259303 0.9861096 0.1083028 -0.1259303 0.9861096 0.1038043 -0.1377919 -0.9850066 0.1038043 -0.1377919 -0.9850066 0.1038043 -0.1377919 -0.9850066 0.434754 -0.233913 0.86964 0.434754 -0.233913 0.86964 0.434754 -0.233913 0.86964 0.4070157 -0.4732617 0.7812564 0.4070157 -0.4732617 0.7812564 0.4070157 -0.4732617 0.7812564 0.7050564 -0.6290768 0.3273497 0.7050564 -0.6290768 0.3273497 0.7050564 -0.6290768 0.3273497 0.7399829 -0.3981369 0.5421367 0.7399829 -0.3981369 0.5421367 0.7399829 -0.3981369 0.5421367 0.780072 -0.5473742 0.3030992 0.780072 -0.5473742 0.3030992 0.780072 -0.5473742 0.3030992 0.7355257 -0.6562627 0.1682892 0.7355257 -0.6562627 0.1682892 0.7355257 -0.6562627 0.1682892 0.4996696 -0.5915317 -0.6327879 0.4996696 -0.5915317 -0.6327879 0.4996696 -0.5915317 -0.6327879 0.7331639 -0.5144589 -0.4447502 0.7331639 -0.5144589 -0.4447502 0.7331639 -0.5144589 -0.4447502 0.3017208 -0.4005103 -0.8651914 0.3017208 -0.4005103 -0.8651914 0.3017208 -0.4005103 -0.8651914 0.3299016 -0.3905527 -0.8594379 0.3299016 -0.3905527 -0.8594379 0.3299016 -0.3905527 -0.8594379 0.1528468 -0.01116707 0.9881868 0.1528468 -0.01116707 0.9881868 0.1528468 -0.01116707 0.9881868 0.1475298 -0.02583101 -0.9887202 0.1475298 -0.02583101 -0.9887202 0.1475298 -0.02583101 -0.9887202 0.5366619 -0.2081461 0.8177219 0.5366619 -0.2081461 0.8177219 0.5366619 -0.2081461 0.8177219 0.4861839 -0.03552085 0.8731343 0.4861839 -0.03552085 0.8731343 0.4861839 -0.03552085 0.8731343 0.7588521 -0.3578163 0.5441607 0.7588521 -0.3578163 0.5441607 0.7588521 -0.3578163 0.5441607 0.7484416 -0.2902856 0.5962964 0.7484416 -0.2902856 0.5962964 0.7484416 -0.2902856 0.5962964 0.9618815 -0.2080913 0.1774317 0.9618815 -0.2080913 0.1774317 0.9618815 -0.2080913 0.1774317 0.9016338 -0.4251412 -0.07944424 0.9016338 -0.4251412 -0.07944424 0.9016338 -0.4251412 -0.07944424 0.8909736 -0.09765738 -0.4434288 0.8909736 -0.09765738 -0.4434288 0.8909736 -0.09765738 -0.4434288 0.8315394 -0.1798934 -0.5255289 0.8315394 -0.1798934 -0.5255289 0.8315394 -0.1798934 -0.5255289 0.4623459 -0.08095218 -0.8829966 0.4623459 -0.08095218 -0.8829966 0.4623459 -0.08095218 -0.8829966 0.4832872 -0.0529719 -0.8738578 0.4832872 -0.0529719 -0.8738578 0.4832872 -0.0529719 -0.8738578</float_array><technique_common><accessor source="#g0n-array" count="1512" stride="3"><param name="X" type="float" /><param name="Y" type="float" /><param name="Z" type="float" /></accessor></technique_common></source><source id="g0uv"><float_array id="g0uv-array" count="3024">0 0 0.2712502 0 0.2785803 0.1043445 0 0 0.2566291 0.09612248 0.2676081 0 0.2712502 0 0.5764503 0 0.4909065 0.183873 0.2712502 0 0.4909065 0.183873 0.2785803 0.1043445 0.5764503 0 0.6172722 0 0.5390548 0.2019073 0.5764503 0 0.5390548 0.2019073 0.4909065 0.183873 0.6172722 0 0.6541661 0 0.565135 0.2116759 0.6172722 0 0.565135 0.2116759 0.5390548 0.2019073 0.6541661 0 0.5339413 0 0.4409628 0.1651662 0.6541661 0 0.4409628 0.1651662 0.565135 0.2116759 0.5339413 0 0.2676081 0 0.2566291 0.09612248 0.5339413 0 0.2566291 0.09612248 0.4409628 0.1651662 0 0 0.2785803 0.1043445 0.176335 0.1719799 0 0 0.1813709 0.1768915 0.2566291 0.09612248 0.2785803 0.1043445 0.4909065 0.183873 0.3472494 0.3386732 0.2785803 0.1043445 0.3472494 0.3386732 0.176335 0.1719799 0.4909065 0.183873 0.5390548 0.2019073 0.4174687 0.4071583 0.4909065 0.183873 0.4174687 0.4071583 0.3472494 0.3386732 0.5390548 0.2019073 0.565135 0.2116759 0.3726067 0.3634042 0.5390548 0.2019073 0.3726067 0.3634042 0.4174687 0.4071583 0.565135 0.2116759 0.4409628 0.1651662 0.3529658 0.3442484 0.565135 0.2116759 0.3529658 0.3442484 0.3726067 0.3634042 0.4409628 0.1651662 0.2566291 0.09612248 0.1813709 0.1768915 0.4409628 0.1651662 0.1813709 0.1768915 0.3529658 0.3442484 0 0 0.176335 0.1719799 0.05978716 0.2037348 0 0 0.06183297 0.2107062 0.1813709 0.1768915 0.176335 0.1719799 0.3472494 0.3386732 0.1099895 0.3748077 0.176335 0.1719799 0.1099895 0.3748077 0.05978716 0.2037348 0.3472494 0.3386732 0.4174687 0.4071583 0.1530752 0.5216295 0.3472494 0.3386732 0.1530752 0.5216295 0.1099895 0.3748077 0.4174687 0.4071583 0.3726067 0.3634042 0.1594214 0.543255 0.4174687 0.4071583 0.1594214 0.543255 0.1530752 0.5216295 0.3726067 0.3634042 0.3529658 0.3442484 0.1247354 0.4250567 0.3726067 0.3634042 0.1247354 0.4250567 0.1594214 0.543255 0.3529658 0.3442484 0.1813709 0.1768915 0.06183297 0.2107062 0.3529658 0.3442484 0.06183297 0.2107062 0.1247354 0.4250567 0 0 0.05978716 0.2037348 -0.06151309 0.2096161 0 0 -0.07043821 0.24003 0.06183297 0.2107062 0.05978716 0.2037348 0.1099895 0.3748077 -0.124359 0.4237741 0.05978716 0.2037348 -0.124359 0.4237741 -0.06151309 0.2096161 0.1099895 0.3748077 0.1530752 0.5216295 -0.1606674 0.5475011 0.1099895 0.3748077 -0.1606674 0.5475011 -0.124359 0.4237741 0.1530752 0.5216295 0.1594214 0.543255 -0.1512457 0.5153949 0.1530752 0.5216295 -0.1512457 0.5153949 -0.1606674 0.5475011 0.1594214 0.543255 0.1247354 0.4250567 -0.1218855 0.4153451 0.1594214 0.543255 -0.1218855 0.4153451 -0.1512457 0.5153949 0.1247354 0.4250567 0.06183297 0.2107062 -0.07043821 0.24003 0.1247354 0.4250567 -0.07043821 0.24003 -0.1218855 0.4153451 0 0 -0.06151309 0.2096161 -0.1724276 0.1681691 0 0 -0.1719334 0.1676871 -0.07043821 0.24003 -0.06151309 0.2096161 -0.124359 0.4237741 -0.3153384 0.3075503 -0.06151309 0.2096161 -0.3153384 0.3075503 -0.1724276 0.1681691 -0.124359 0.4237741 -0.1606674 0.5475011 -0.3803098 0.3709171 -0.124359 0.4237741 -0.3803098 0.3709171 -0.3153384 0.3075503 -0.1606674 0.5475011 -0.1512457 0.5153949 -0.4019248 0.3919982 -0.1606674 0.5475011 -0.4019248 0.3919982 -0.3803098 0.3709171 -0.1512457 0.5153949 -0.1218855 0.4153451 -0.3075474 0.2999517 -0.1512457 0.5153949 -0.3075474 0.2999517 -0.4019248 0.3919982 -0.1218855 0.4153451 -0.07043821 0.24003 -0.1719334 0.1676871 -0.1218855 0.4153451 -0.1719334 0.1676871 -0.3075474 0.2999517 0 0 -0.1724276 0.1681691 -0.2808685 0.1052016 0 0 -0.2734097 0.1024078 -0.1719334 0.1676871 -0.1724276 0.1681691 -0.3153384 0.3075503 -0.4847962 0.1815843 -0.1724276 0.1681691 -0.4847962 0.1815843 -0.2808685 0.1052016 -0.3153384 0.3075503 -0.3803098 0.3709171 -0.6488341 0.243026 -0.3153384 0.3075503 -0.6488341 0.243026 -0.4847962 0.1815843 -0.3803098 0.3709171 -0.4019248 0.3919982 -0.5603083 0.209868 -0.3803098 0.3709171 -0.5603083 0.209868 -0.6488341 0.243026 -0.4019248 0.3919982 -0.3075474 0.2999517 -0.4347323 0.1628325 -0.4019248 0.3919982 -0.4347323 0.1628325 -0.5603083 0.209868 -0.3075474 0.2999517 -0.1719334 0.1676871 -0.2734097 0.1024078 -0.3075474 0.2999517 -0.2734097 0.1024078 -0.4347323 0.1628325 0 0 -0.2808685 0.1052016 -0.3208633 3.056233e-17 0 0 -0.3124833 2.976413e-17 -0.2734097 0.1024078 -0.2808685 0.1052016 -0.4847962 0.1815843 -0.4856441 4.625775e-17 -0.2808685 0.1052016 -0.4856441 4.625775e-17 -0.3208633 3.056233e-17 -0.4847962 0.1815843 -0.6488341 0.243026 -0.6806268 6.482991e-17 -0.4847962 0.1815843 -0.6806268 6.482991e-17 -0.4856441 4.625775e-17 -0.6488341 0.243026 -0.5603083 0.209868 -0.5995199 5.710446e-17 -0.6488341 0.243026 -0.5995199 5.710446e-17 -0.6806268 6.482991e-17 -0.5603083 0.209868 -0.4347323 0.1628325 -0.4907122 4.674048e-17 -0.5603083 0.209868 -0.4907122 4.674048e-17 -0.5995199 5.710446e-17 -0.4347323 0.1628325 -0.2734097 0.1024078 -0.3124833 2.976413e-17 -0.4347323 0.1628325 -0.3124833 2.976413e-17 -0.4907122 4.674048e-17 0 0 -0.3208633 3.056233e-17 -0.2773058 -0.1038671 0 0 -0.2532391 -0.09485273 -0.3124833 2.976413e-17 -0.3208633 3.056233e-17 -0.4856441 4.625775e-17 -0.4501073 -0.1685913 -0.3208633 3.056233e-17 -0.4501073 -0.1685913 -0.2773058 -0.1038671 -0.4856441 4.625775e-17 -0.6806268 6.482991e-17 -0.603657 -0.2261046 -0.4856441 4.625775e-17 -0.603657 -0.2261046 -0.4501073 -0.1685913 -0.6806268 6.482991e-17 -0.5995199 5.710446e-17 -0.648675 -0.2429664 -0.6806268 6.482991e-17 -0.648675 -0.2429664 -0.603657 -0.2261046 -0.5995199 5.710446e-17 -0.4907122 4.674048e-17 -0.5036201 -0.188635 -0.5995199 5.710446e-17 -0.5036201 -0.188635 -0.648675 -0.2429664 -0.4907122 4.674048e-17 -0.3124833 2.976413e-17 -0.2532391 -0.09485273 -0.4907122 4.674048e-17 -0.2532391 -0.09485273 -0.5036201 -0.188635 0 0 -0.2773058 -0.1038671 -0.1773831 -0.1730022 0 0 -0.1685174 -0.1643555 -0.2532391 -0.09485273 -0.2773058 -0.1038671 -0.4501073 -0.1685913 -0.345318 -0.3367895 -0.2773058 -0.1038671 -0.345318 -0.3367895 -0.1773831 -0.1730022 -0.4501073 -0.1685913 -0.603657 -0.2261046 -0.3921601 -0.3824747 -0.4501073 -0.1685913 -0.3921601 -0.3824747 -0.345318 -0.3367895 -0.603657 -0.2261046 -0.648675 -0.2429664 -0.3738371 -0.3646043 -0.603657 -0.2261046 -0.3738371 -0.3646043 -0.3921601 -0.3824747 -0.648675 -0.2429664 -0.5036201 -0.188635 -0.3049027 -0.2973724 -0.648675 -0.2429664 -0.3049027 -0.2973724 -0.3738371 -0.3646043 -0.5036201 -0.188635 -0.2532391 -0.09485273 -0.1685174 -0.1643555 -0.5036201 -0.188635 -0.1685174 -0.1643555 -0.3049027 -0.2973724 0 0 -0.1773831 -0.1730022 -0.06476441 -0.2206955 0 0 -0.06541226 -0.2229032 -0.1685174 -0.1643555 -0.1773831 -0.1730022 -0.345318 -0.3367895 -0.1247366 -0.4250608 -0.1773831 -0.1730022 -0.1247366 -0.4250608 -0.06476441 -0.2206955 -0.345318 -0.3367895 -0.3921601 -0.3824747 -0.1339499 -0.4564566 -0.345318 -0.3367895 -0.1339499 -0.4564566 -0.1247366 -0.4250608 -0.3921601 -0.3824747 -0.3738371 -0.3646043 -0.1337189 -0.4556696 -0.3921601 -0.3824747 -0.1337189 -0.4556696 -0.1339499 -0.4564566 -0.3738371 -0.3646043 -0.3049027 -0.2973724 -0.1199318 -0.4086877 -0.3738371 -0.3646043 -0.1199318 -0.4086877 -0.1337189 -0.4556696 -0.3049027 -0.2973724 -0.1685174 -0.1643555 -0.06541226 -0.2229032 -0.3049027 -0.2973724 -0.06541226 -0.2229032 -0.1199318 -0.4086877 0 0 -0.06476441 -0.2206955 0.06866496 -0.2339873 0 0 0.0639671 -0.2179786 -0.06541226 -0.2229032 -0.06476441 -0.2206955 -0.1247366 -0.4250608 0.1228276 -0.4185555 -0.06476441 -0.2206955 0.1228276 -0.4185555 0.06866496 -0.2339873 -0.1247366 -0.4250608 -0.1339499 -0.4564566 0.1420468 -0.4840483 -0.1247366 -0.4250608 0.1420468 -0.4840483 0.1228276 -0.4185555 -0.1339499 -0.4564566 -0.1337189 -0.4556696 0.1592874 -0.5427985 -0.1339499 -0.4564566 0.1592874 -0.5427985 0.1420468 -0.4840483 -0.1337189 -0.4556696 -0.1199318 -0.4086877 0.1112146 -0.3789824 -0.1337189 -0.4556696 0.1112146 -0.3789824 0.1592874 -0.5427985 -0.1199318 -0.4086877 -0.06541226 -0.2229032 0.0639671 -0.2179786 -0.1199318 -0.4086877 0.0639671 -0.2179786 0.1112146 -0.3789824 0 0 0.06866496 -0.2339873 0.1792461 -0.1748192 0 0 0.1852766 -0.1807007 0.0639671 -0.2179786 0.06866496 -0.2339873 0.1228276 -0.4185555 0.3185686 -0.3107007 0.06866496 -0.2339873 0.3185686 -0.3107007 0.1792461 -0.1748192 0.1228276 -0.4185555 0.1420468 -0.4840483 0.3971911 -0.3873815 0.1228276 -0.4185555 0.3971911 -0.3873815 0.3185686 -0.3107007 0.1420468 -0.4840483 0.1592874 -0.5427985 0.4471321 -0.436089 0.1420468 -0.4840483 0.4471321 -0.436089 0.3971911 -0.3873815 0.1592874 -0.5427985 0.1112146 -0.3789824 0.3266532 -0.3185857 0.1592874 -0.5427985 0.3266532 -0.3185857 0.4471321 -0.436089 0.1112146 -0.3789824 0.0639671 -0.2179786 0.1852766 -0.1807007 0.1112146 -0.3789824 0.1852766 -0.1807007 0.3266532 -0.3185857 0 0 0.1792461 -0.1748192 0.2831284 -0.106048 0 0 0.2498517 -0.09358396 0.1852766 -0.1807007 0.1792461 -0.1748192 0.3185686 -0.3107007 0.4743311 -0.1776645 0.1792461 -0.1748192 0.4743311 -0.1776645 0.2831284 -0.106048 0.3185686 -0.3107007 0.3971911 -0.3873815 0.6418305 -0.2404028 0.3185686 -0.3107007 0.6418305 -0.2404028 0.4743311 -0.1776645 0.3971911 -0.3873815 0.4471321 -0.436089 0.6276602 -0.2350952 0.3971911 -0.3873815 0.6276602 -0.2350952 0.6418305 -0.2404028 0.4471321 -0.436089 0.3266532 -0.3185857 0.4489378 -0.1681533 0.4471321 -0.436089 0.4489378 -0.1681533 0.6276602 -0.2350952 0.3266532 -0.3185857 0.1852766 -0.1807007 0.2498517 -0.09358396 0.3266532 -0.3185857 0.2498517 -0.09358396 0.4489378 -0.1681533 0 0 0.2831284 -0.106048 0.2712502 0 0 0 0.2676081 0 0.2498517 -0.09358396 0.2831284 -0.106048 0.4743311 -0.1776645 0.5764503 0 0.2831284 -0.106048 0.5764503 0 0.2712502 0 0.4743311 -0.1776645 0.6418305 -0.2404028 0.6172722 0 0.4743311 -0.1776645 0.6172722 0 0.5764503 0 0.6418305 -0.2404028 0.6276602 -0.2350952 0.6541661 0 0.6418305 -0.2404028 0.6541661 0 0.6172722 0 0.6276602 -0.2350952 0.4489378 -0.1681533 0.5339413 0 0.6276602 -0.2350952 0.5339413 0 0.6541661 0 0.4489378 -0.1681533 0.2498517 -0.09358396 0.2676081 0 0.4489378 -0.1681533 0.2676081 0 0.5339413 0 0.65 0.2 0.8163778 0.2 0.7889253 0.2579825 0.65 0.2 0.7947165 0.2603995 0.8286669 0.2 0.8163778 0.2 0.939971 0.2 0.9307757 0.3171859 0.8163778 0.2 0.9307757 0.3171859 0.7889253 0.2579825 0.939971 0.2 1.024929 0.2 1.00637 0.3487362 0.939971 0.2 1.00637 0.3487362 0.9307757 0.3171859 1.024929 0.2 1.041781 0.2 0.9872091 0.3407392 1.024929 0.2 0.9872091 0.3407392 1.00637 0.3487362 1.041781 0.2 0.9541241 0.2 0.9124991 0.3095579 1.041781 0.2 0.9124991 0.3095579 0.9872091 0.3407392 0.9541241 0.2 0.8286669 0.2 0.7947165 0.2603995 0.9541241 0.2 0.7947165 0.2603995 0.9124991 0.3095579 0.65 0.2 0.7889253 0.2579825 0.7421871 0.3001858 0.65 0.2 0.7557851 0.3149636 0.7947165 0.2603995 0.7889253 0.2579825 0.9307757 0.3171859 0.8284288 0.3939103 0.7889253 0.2579825 0.8284288 0.3939103 0.7421871 0.3001858 0.9307757 0.3171859 1.00637 0.3487362 0.8831574 0.4533875 0.9307757 0.3171859 0.8831574 0.4533875 0.8284288 0.3939103 1.00637 0.3487362 0.9872091 0.3407392 0.8796605 0.4495872 1.00637 0.3487362 0.8796605 0.4495872 0.8831574 0.4533875 0.9872091 0.3407392 0.9124991 0.3095579 0.8321143 0.3979155 0.9872091 0.3407392 0.8321143 0.3979155 0.8796605 0.4495872 0.9124991 0.3095579 0.7947165 0.2603995 0.7557851 0.3149636 0.9124991 0.3095579 0.7557851 0.3149636 0.8321143 0.3979155 0.65 0.2 0.7421871 0.3001858 0.6844324 0.3307439 0.65 0.2 0.6855249 0.334892 0.7557851 0.3149636 0.7421871 0.3001858 0.8284288 0.3939103 0.7144118 0.444579 0.7421871 0.3001858 0.7144118 0.444579 0.6844324 0.3307439 0.8284288 0.3939103 0.8831574 0.4533875 0.7349575 0.5225933 0.8284288 0.3939103 0.7349575 0.5225933 0.7144118 0.444579 0.8831574 0.4533875 0.8796605 0.4495872 0.7262784 0.4896378 0.8831574 0.4533875 0.7262784 0.4896378 0.7349575 0.5225933 0.8796605 0.4495872 0.8321143 0.3979155 0.7199996 0.4657966 0.8796605 0.4495872 0.7199996 0.4657966 0.7262784 0.4896378 0.8321143 0.3979155 0.7557851 0.3149636 0.6855249 0.334892 0.8321143 0.3979155 0.6855249 0.334892 0.7199996 0.4657966 0.65 0.2 0.6844324 0.3307439 0.6156601 0.3303924 0.65 0.2 0.6102932 0.3507712 0.6855249 0.334892 0.6844324 0.3307439 0.7144118 0.444579 0.5814143 0.4604276 0.6844324 0.3307439 0.5814143 0.4604276 0.6156601 0.3303924 0.7144118 0.444579 0.7349575 0.5225933 0.5660243 0.5188654 0.7144118 0.444579 0.5660243 0.5188654 0.5814143 0.4604276 0.7349575 0.5225933 0.7262784 0.4896378 0.562775 0.5312033 0.7349575 0.5225933 0.562775 0.5312033 0.5660243 0.5188654 0.7262784 0.4896378 0.7199996 0.4657966 0.5804919 0.4639302 0.7262784 0.4896378 0.5804919 0.4639302 0.562775 0.5312033 0.7199996 0.4657966 0.6855249 0.334892 0.6102932 0.3507712 0.7199996 0.4657966 0.6102932 0.3507712 0.5804919 0.4639302 0.65 0.2 0.6156601 0.3303924 0.5471235 0.3118026 0.65 0.2 0.5409104 0.3185548 0.6102932 0.3507712 0.6156601 0.3303924 0.5814143 0.4604276 0.458518 0.408096 0.6156601 0.3303924 0.458518 0.408096 0.5471235 0.3118026 0.5814143 0.4604276 0.5660243 0.5188654 0.4183757 0.4517214 0.5814143 0.4604276 0.4183757 0.4517214 0.458518 0.408096 0.5660243 0.5188654 0.562775 0.5312033 0.4138472 0.4566427 0.5660243 0.5188654 0.4138472 0.4566427 0.4183757 0.4517214 0.562775 0.5312033 0.5804919 0.4639302 0.472406 0.393003 0.562775 0.5312033 0.472406 0.393003 0.4138472 0.4566427 0.5804919 0.4639302 0.6102932 0.3507712 0.5409104 0.3185548 0.5804919 0.4639302 0.5409104 0.3185548 0.472406 0.393003 0.65 0.2 0.5471235 0.3118026 0.5051825 0.2604417 0.65 0.2 0.5164876 0.2557234 0.5409104 0.3185548 0.5471235 0.3118026 0.458518 0.408096 0.4099026 0.3002082 0.5471235 0.3118026 0.4099026 0.3002082 0.5051825 0.2604417 0.458518 0.408096 0.4183757 0.4517214 0.3025256 0.3450236 0.458518 0.408096 0.3025256 0.3450236 0.4099026 0.3002082 0.4183757 0.4517214 0.4138472 0.4566427 0.3058605 0.3436317 0.4183757 0.4517214 0.3058605 0.3436317 0.3025256 0.3450236 0.4138472 0.4566427 0.472406 0.393003 0.3708032 0.3165269 0.4138472 0.4566427 0.3708032 0.3165269 0.3058605 0.3436317 0.472406 0.393003 0.5409104 0.3185548 0.5164876 0.2557234 0.472406 0.393003 0.5164876 0.2557234 0.3708032 0.3165269 0.65 0.2 0.5051825 0.2604417 0.5029687 0.2 0.65 0.2 0.4983041 0.2 0.5164876 0.2557234 0.5051825 0.2604417 0.4099026 0.3002082 0.340465 0.2 0.5051825 0.2604417 0.340465 0.2 0.5029687 0.2 0.4099026 0.3002082 0.3025256 0.3450236 0.2562689 0.2 0.4099026 0.3002082 0.2562689 0.2 0.340465 0.2 0.3025256 0.3450236 0.3058605 0.3436317 0.2713917 0.2 0.3025256 0.3450236 0.2713917 0.2 0.2562689 0.2 0.3058605 0.3436317 0.3708032 0.3165269 0.3487733 0.2 0.3058605 0.3436317 0.3487733 0.2 0.2713917 0.2 0.3708032 0.3165269 0.5164876 0.2557234 0.4983041 0.2 0.3708032 0.3165269 0.4983041 0.2 0.3487733 0.2 0.65 0.2 0.5029687 0.2 0.4913646 0.1337912 0.65 0.2 0.4978491 0.1364976 0.4983041 0.2 0.5029687 0.2 0.340465 0.2 0.3996417 0.09550929 0.5029687 0.2 0.3996417 0.09550929 0.4913646 0.1337912 0.340465 0.2 0.2562689 0.2 0.3399319 0.07058854 0.340465 0.2 0.3399319 0.07058854 0.3996417 0.09550929 0.2562689 0.2 0.2713917 0.2 0.3319189 0.0672442 0.2562689 0.2 0.3319189 0.0672442 0.3399319 0.07058854 0.2713917 0.2 0.3487733 0.2 0.3711778 0.08362948 0.2713917 0.2 0.3711778 0.08362948 0.3319189 0.0672442 0.3487733 0.2 0.4983041 0.2 0.4978491 0.1364976 0.3487733 0.2 0.4978491 0.1364976 0.3711778 0.08362948 0.65 0.2 0.4913646 0.1337912 0.5485273 0.08972297 0.65 0.2 0.5572848 0.09924027 0.4978491 0.1364976 0.4913646 0.1337912 0.3996417 0.09550929 0.4749527 0.00976464 0.4913646 0.1337912 0.4749527 0.00976464 0.5485273 0.08972297 0.3996417 0.09550929 0.3399319 0.07058854 0.4038674 -0.06748842 0.3996417 0.09550929 0.4038674 -0.06748842 0.4749527 0.00976464 0.3399319 0.07058854 0.3319189 0.0672442 0.4341739 -0.03455241 0.3399319 0.07058854 0.4341739 -0.03455241 0.4038674 -0.06748842 0.3319189 0.0672442 0.3711778 0.08362948 0.4818011 0.01720724 0.3319189 0.0672442 0.4818011 0.01720724 0.4341739 -0.03455241 0.3711778 0.08362948 0.4978491 0.1364976 0.5572848 0.09924027 0.3711778 0.08362948 0.5572848 0.09924027 0.4818011 0.01720724 0.65 0.2 0.5485273 0.08972297 0.6117637 0.0548125 0.65 0.2 0.6156943 0.06973716 0.5572848 0.09924027 0.5485273 0.08972297 0.4749527 0.00976464 0.5881856 -0.03471643 0.5485273 0.08972297 0.5881856 -0.03471643 0.6117637 0.0548125 0.4749527 0.00976464 0.4038674 -0.06748842 0.5669955 -0.1151775 0.4749527 0.00976464 0.5669955 -0.1151775 0.5881856 -0.03471643 0.4038674 -0.06748842 0.4341739 -0.03455241 0.560873 -0.1384255 0.4038674 -0.06748842 0.560873 -0.1384255 0.5669955 -0.1151775 0.4341739 -0.03455241 0.4818011 0.01720724 0.5798231 -0.06646982 0.4341739 -0.03455241 0.5798231 -0.06646982 0.560873 -0.1384255 0.4818011 0.01720724 0.5572848 0.09924027 0.6156943 0.06973716 0.4818011 0.01720724 0.6156943 0.06973716 0.5798231 -0.06646982 0.65 0.2 0.6117637 0.0548125 0.689418 0.05032544 0.65 0.2 0.6839935 0.07092289 0.6156943 0.06973716 0.6117637 0.0548125 0.5881856 -0.03471643 0.7169954 -0.05438916 0.6117637 0.0548125 0.7169954 -0.05438916 0.689418 0.05032544 0.5881856 -0.03471643 0.5669955 -0.1151775 0.7273497 -0.09370567 0.5881856 -0.03471643 0.7273497 -0.09370567 0.7169954 -0.05438916 0.5669955 -0.1151775 0.560873 -0.1384255 0.7275239 -0.09436728 0.5669955 -0.1151775 0.7275239 -0.09436728 0.7273497 -0.09370567 0.560873 -0.1384255 0.5798231 -0.06646982 0.7144437 -0.04470009 0.560873 -0.1384255 0.7144437 -0.04470009 0.7275239 -0.09436728 0.5798231 -0.06646982 0.6156943 0.06973716 0.6839935 0.07092289 0.5798231 -0.06646982 0.6839935 0.07092289 0.7144437 -0.04470009 0.65 0.2 0.689418 0.05032544 0.7527677 0.08831559 0.65 0.2 0.7530189 0.08804263 0.6839935 0.07092289 0.689418 0.05032544 0.7169954 -0.05438916 0.8212826 0.013856 0.689418 0.05032544 0.8212826 0.013856 0.7527677 0.08831559 0.7169954 -0.05438916 0.7273497 -0.09370567 0.8721644 -0.04144067 0.7169954 -0.05438916 0.8721644 -0.04144067 0.8212826 0.013856 0.7273497 -0.09370567 0.7275239 -0.09436728 0.8937553 -0.0649049 0.7273497 -0.09370567 0.8937553 -0.0649049 0.8721644 -0.04144067 0.7275239 -0.09436728 0.7144437 -0.04470009 0.8344342 -0.0004367595 0.7275239 -0.09436728 0.8344342 -0.0004367595 0.8937553 -0.0649049 0.7144437 -0.04470009 0.6839935 0.07092289 0.7530189 0.08804263 0.7144437 -0.04470009 0.7530189 0.08804263 0.8344342 -0.0004367595 0.65 0.2 0.7527677 0.08831559 0.7972626 0.1385378 0.65 0.2 0.7974216 0.1384714 0.7530189 0.08804263 0.7527677 0.08831559 0.8212826 0.013856 0.9295672 0.08331852 0.7527677 0.08831559 0.9295672 0.08331852 0.7972626 0.1385378 0.8212826 0.013856 0.8721644 -0.04144067 0.9990488 0.05431935 0.8212826 0.013856 0.9990488 0.05431935 0.9295672 0.08331852 0.8721644 -0.04144067 0.8937553 -0.0649049 1.011813 0.04899206 0.8721644 -0.04144067 1.011813 0.04899206 0.9990488 0.05431935 0.8937553 -0.0649049 0.8344342 -0.0004367595 0.912501 0.09044136 0.8937553 -0.0649049 0.912501 0.09044136 1.011813 0.04899206 0.8344342 -0.0004367595 0.7530189 0.08804263 0.7974216 0.1384714 0.8344342 -0.0004367595 0.7974216 0.1384714 0.912501 0.09044136 0.65 0.2 0.7972626 0.1385378 0.8163778 0.2 0.65 0.2 0.8286669 0.2 0.7974216 0.1384714 0.7972626 0.1385378 0.9295672 0.08331852 0.939971 0.2 0.7972626 0.1385378 0.939971 0.2 0.8163778 0.2 0.9295672 0.08331852 0.9990488 0.05431935 1.024929 0.2 0.9295672 0.08331852 1.024929 0.2 0.939971 0.2 0.9990488 0.05431935 1.011813 0.04899206 1.041781 0.2 0.9990488 0.05431935 1.041781 0.2 1.024929 0.2 1.011813 0.04899206 0.912501 0.09044136 0.9541241 0.2 1.011813 0.04899206 0.9541241 0.2 1.041781 0.2 0.912501 0.09044136 0.7974216 0.1384714 0.8286669 0.2 0.912501 0.09044136 0.8286669 0.2 0.9541241 0.2 -0.55 0.3 -0.4219486 0.3 -0.4351235 0.3442573 -0.55 0.3 -0.4213783 0.3495527 -0.417262 0.3 -0.4219486 0.3 -0.322284 0.3 -0.3237335 0.3871714 -0.4219486 0.3 -0.3237335 0.3871714 -0.4351235 0.3442573 -0.322284 0.3 -0.2583922 0.3 -0.2719377 0.4071262 -0.322284 0.3 -0.2719377 0.4071262 -0.3237335 0.3871714 -0.2583922 0.3 -0.2662349 0.3 -0.276481 0.4053759 -0.2583922 0.3 -0.276481 0.4053759 -0.2719377 0.4071262 -0.2662349 0.3 -0.316917 0.3 -0.3338586 0.3832706 -0.2662349 0.3 -0.3338586 0.3832706 -0.276481 0.4053759 -0.316917 0.3 -0.417262 0.3 -0.4213783 0.3495527 -0.316917 0.3 -0.4213783 0.3495527 -0.3338586 0.3832706 -0.55 0.3 -0.4351235 0.3442573 -0.4658726 0.384394 -0.55 0.3 -0.4714722 0.3787766 -0.4213783 0.3495527 -0.4351235 0.3442573 -0.3237335 0.3871714 -0.4156022 0.4348236 -0.4351235 0.3442573 -0.4156022 0.4348236 -0.4658726 0.384394 -0.3237335 0.3871714 -0.2719377 0.4071262 -0.3539842 0.4966368 -0.3237335 0.3871714 -0.3539842 0.4966368 -0.4156022 0.4348236 -0.2719377 0.4071262 -0.276481 0.4053759 -0.3520488 0.4985784 -0.2719377 0.4071262 -0.3520488 0.4985784 -0.3539842 0.4966368 -0.276481 0.4053759 -0.3338586 0.3832706 -0.4118513 0.4385864 -0.276481 0.4053759 -0.4118513 0.4385864 -0.3520488 0.4985784 -0.3338586 0.3832706 -0.4213783 0.3495527 -0.4714722 0.3787766 -0.3338586 0.3832706 -0.4714722 0.3787766 -0.4118513 0.4385864 -0.55 0.3 -0.4658726 0.384394 -0.5222184 0.3973753 -0.55 0.3 -0.5195143 0.4068534 -0.4714722 0.3787766 -0.4658726 0.384394 -0.4156022 0.4348236 -0.4968691 0.4862253 -0.4658726 0.384394 -0.4968691 0.4862253 -0.5222184 0.3973753 -0.4156022 0.4348236 -0.3539842 0.4966368 -0.4808174 0.542487 -0.4156022 0.4348236 -0.4808174 0.542487 -0.4968691 0.4862253 -0.3539842 0.4966368 -0.3520488 0.4985784 -0.4887997 0.5145088 -0.3539842 0.4966368 -0.4887997 0.5145088 -0.4808174 0.542487 -0.3520488 0.4985784 -0.4118513 0.4385864 -0.4929742 0.499877 -0.3520488 0.4985784 -0.4929742 0.499877 -0.4887997 0.5145088 -0.4118513 0.4385864 -0.4714722 0.3787766 -0.5195143 0.4068534 -0.4118513 0.4385864 -0.5195143 0.4068534 -0.4929742 0.499877 -0.55 0.3 -0.5222184 0.3973753 -0.5778739 0.3976988 -0.55 0.3 -0.5808059 0.4079756 -0.5195143 0.4068534 -0.5222184 0.3973753 -0.4968691 0.4862253 -0.6003549 0.4764954 -0.5222184 0.3973753 -0.6003549 0.4764954 -0.5778739 0.3976988 -0.4968691 0.4862253 -0.4808174 0.542487 -0.6186998 0.5407946 -0.4968691 0.4862253 -0.6186998 0.5407946 -0.6003549 0.4764954 -0.4808174 0.542487 -0.4887997 0.5145088 -0.6120469 0.5174761 -0.4808174 0.542487 -0.6120469 0.5174761 -0.6186998 0.5407946 -0.4887997 0.5145088 -0.4929742 0.499877 -0.5983313 0.4694025 -0.4887997 0.5145088 -0.5983313 0.4694025 -0.6120469 0.5174761 -0.4929742 0.499877 -0.5195143 0.4068534 -0.5808059 0.4079756 -0.4929742 0.499877 -0.5808059 0.4079756 -0.5983313 0.4694025 -0.55 0.3 -0.5778739 0.3976988 -0.6368253 0.3871004 -0.55 0.3 -0.6343633 0.3846306 -0.5808059 0.4079756 -0.5778739 0.3976988 -0.6003549 0.4764954 -0.6905396 0.4409848 -0.5778739 0.3976988 -0.6905396 0.4409848 -0.6368253 0.3871004 -0.6003549 0.4764954 -0.6186998 0.5407946 -0.7325287 0.483107 -0.6003549 0.4764954 -0.7325287 0.483107 -0.6905396 0.4409848 -0.6186998 0.5407946 -0.6120469 0.5174761 -0.7342031 0.4847867 -0.6186998 0.5407946 -0.7342031 0.4847867 -0.7325287 0.483107 -0.6120469 0.5174761 -0.5983313 0.4694025 -0.6846129 0.4350394 -0.6120469 0.5174761 -0.6846129 0.4350394 -0.7342031 0.4847867 -0.5983313 0.4694025 -0.5808059 0.4079756 -0.6343633 0.3846306 -0.5983313 0.4694025 -0.6343633 0.3846306 -0.6846129 0.4350394 -0.55 0.3 -0.6368253 0.3871004 -0.6698393 0.3461693 -0.55 0.3 -0.6592825 0.3421022 -0.6343633 0.3846306 -0.6368253 0.3871004 -0.6905396 0.4409848 -0.7698278 0.3846908 -0.6368253 0.3871004 -0.7698278 0.3846908 -0.6698393 0.3461693 -0.6905396 0.4409848 -0.7325287 0.483107 -0.8382031 0.411033 -0.6905396 0.4409848 -0.8382031 0.411033 -0.7698278 0.3846908 -0.7325287 0.483107 -0.7342031 0.4847867 -0.8138987 0.4016695 -0.7325287 0.483107 -0.8138987 0.4016695 -0.8382031 0.411033 -0.7342031 0.4847867 -0.6846129 0.4350394 -0.7628109 0.3819875 -0.7342031 0.4847867 -0.7628109 0.3819875 -0.8138987 0.4016695 -0.6846129 0.4350394 -0.6343633 0.3846306 -0.6592825 0.3421022 -0.6846129 0.4350394 -0.6592825 0.3421022 -0.7628109 0.3819875 -0.55 0.3 -0.6698393 0.3461693 -0.6874543 0.3 -0.55 0.3 -0.6713702 0.3 -0.6592825 0.3421022 -0.6698393 0.3461693 -0.7698278 0.3846908 -0.7875414 0.3 -0.6698393 0.3461693 -0.7875414 0.3 -0.6874543 0.3 -0.7698278 0.3846908 -0.8382031 0.411033 -0.8319819 0.3 -0.7698278 0.3846908 -0.8319819 0.3 -0.7875414 0.3 -0.8382031 0.411033 -0.8138987 0.4016695 -0.8184272 0.3 -0.8382031 0.411033 -0.8184272 0.3 -0.8319819 0.3 -0.8138987 0.4016695 -0.7628109 0.3819875 -0.7831896 0.3 -0.8138987 0.4016695 -0.7831896 0.3 -0.8184272 0.3 -0.7628109 0.3819875 -0.6592825 0.3421022 -0.6713702 0.3 -0.7628109 0.3819875 -0.6713702 0.3 -0.7831896 0.3 -0.55 0.3 -0.6874543 0.3 -0.6626291 0.2566085 -0.55 0.3 -0.6710178 0.2533767 -0.6713702 0.3 -0.6874543 0.3 -0.7875414 0.3 -0.7824386 0.2104508 -0.6874543 0.3 -0.7824386 0.2104508 -0.6626291 0.2566085 -0.7875414 0.3 -0.8319819 0.3 -0.7914616 0.2069746 -0.7875414 0.3 -0.7914616 0.2069746 -0.7824386 0.2104508 -0.8319819 0.3 -0.8184272 0.3 -0.8303557 0.1919903 -0.8319819 0.3 -0.8303557 0.1919903 -0.7914616 0.2069746 -0.8184272 0.3 -0.7831896 0.3 -0.7440714 0.2252321 -0.8184272 0.3 -0.7440714 0.2252321 -0.8303557 0.1919903 -0.7831896 0.3 -0.6713702 0.3 -0.6710178 0.2533767 -0.7831896 0.3 -0.6710178 0.2533767 -0.7440714 0.2252321 -0.55 0.3 -0.6626291 0.2566085 -0.630736 0.2190082 -0.55 0.3 -0.6243928 0.2253715 -0.6710178 0.2533767 -0.6626291 0.2566085 -0.7824386 0.2104508 -0.6823558 0.1672248 -0.6626291 0.2566085 -0.6823558 0.1672248 -0.630736 0.2190082 -0.7824386 0.2104508 -0.7914616 0.2069746 -0.7264304 0.1230106 -0.7824386 0.2104508 -0.7264304 0.1230106 -0.6823558 0.1672248 -0.7914616 0.2069746 -0.8303557 0.1919903 -0.7418032 0.1075891 -0.7914616 0.2069746 -0.7418032 0.1075891 -0.7264304 0.1230106 -0.8303557 0.1919903 -0.7440714 0.2252321 -0.6902647 0.1592909 -0.8303557 0.1919903 -0.6902647 0.1592909 -0.7418032 0.1075891 -0.7440714 0.2252321 -0.6710178 0.2533767 -0.6243928 0.2253715 -0.7440714 0.2252321 -0.6243928 0.2253715 -0.6902647 0.1592909 -0.55 0.3 -0.630736 0.2190082 -0.5783678 0.2005701 -0.55 0.3 -0.577079 0.2050872 -0.6243928 0.2253715 -0.630736 0.2190082 -0.6823558 0.1672248 -0.6046403 0.108484 -0.630736 0.2190082 -0.6046403 0.108484 -0.5783678 0.2005701 -0.6823558 0.1672248 -0.7264304 0.1230106 -0.6175149 0.06335843 -0.6823558 0.1672248 -0.6175149 0.06335843 -0.6046403 0.108484 -0.7264304 0.1230106 -0.7418032 0.1075891 -0.6195492 0.05622804 -0.7264304 0.1230106 -0.6195492 0.05622804 -0.6175149 0.06335843 -0.7418032 0.1075891 -0.6902647 0.1592909 -0.6004349 0.1232241 -0.7418032 0.1075891 -0.6004349 0.1232241 -0.6195492 0.05622804 -0.6902647 0.1592909 -0.6243928 0.2253715 -0.577079 0.2050872 -0.6902647 0.1592909 -0.577079 0.2050872 -0.6004349 0.1232241 -0.55 0.3 -0.5783678 0.2005701 -0.5185701 0.1898373 -0.55 0.3 -0.5229968 0.2053532 -0.577079 0.2050872 -0.5783678 0.2005701 -0.6046403 0.108484 -0.4976243 0.1164215 -0.5783678 0.2005701 -0.4976243 0.1164215 -0.5185701 0.1898373 -0.6046403 0.108484 -0.6175149 0.06335843 -0.48031 0.05573469 -0.6046403 0.108484 -0.48031 0.05573469 -0.4976243 0.1164215 -0.6175149 0.06335843 -0.6195492 0.05622804 -0.4848126 0.0715162 -0.6175149 0.06335843 -0.4848126 0.0715162 -0.48031 0.05573469 -0.6195492 0.05622804 -0.6004349 0.1232241 -0.5021548 0.1323012 -0.6195492 0.05622804 -0.5021548 0.1323012 -0.4848126 0.0715162 -0.6004349 0.1232241 -0.577079 0.2050872 -0.5229968 0.2053532 -0.6004349 0.1232241 -0.5229968 0.2053532 -0.5021548 0.1323012 -0.55 0.3 -0.5185701 0.1898373 -0.4667586 0.2164948 -0.55 0.3 -0.4693941 0.2191387 -0.5229968 0.2053532 -0.5185701 0.1898373 -0.4976243 0.1164215 -0.394663 0.1441708 -0.5185701 0.1898373 -0.394663 0.1441708 -0.4667586 0.2164948 -0.4976243 0.1164215 -0.48031 0.05573469 -0.3750156 0.1244612 -0.4976243 0.1164215 -0.3750156 0.1244612 -0.394663 0.1441708 -0.48031 0.05573469 -0.4848126 0.0715162 -0.3547186 0.1040999 -0.48031 0.05573469 -0.3547186 0.1040999 -0.3750156 0.1244612 -0.4848126 0.0715162 -0.5021548 0.1323012 -0.4011432 0.1506716 -0.4848126 0.0715162 -0.4011432 0.1506716 -0.3547186 0.1040999 -0.5021548 0.1323012 -0.5229968 0.2053532 -0.4693941 0.2191387 -0.5021548 0.1323012 -0.4693941 0.2191387 -0.4011432 0.1506716 -0.55 0.3 -0.4667586 0.2164948 -0.4254542 0.2520175 -0.55 0.3 -0.42565 0.252093 -0.4693941 0.2191387 -0.4667586 0.2164948 -0.394663 0.1441708 -0.3518869 0.223675 -0.4667586 0.2164948 -0.3518869 0.223675 -0.4254542 0.2520175 -0.394663 0.1441708 -0.3750156 0.1244612 -0.3032217 0.2049263 -0.394663 0.1441708 -0.3032217 0.2049263 -0.3518869 0.223675 -0.3750156 0.1244612 -0.3547186 0.1040999 -0.2880661 0.1990874 -0.3750156 0.1244612 -0.2880661 0.1990874 -0.3032217 0.2049263 -0.3547186 0.1040999 -0.4011432 0.1506716 -0.3263607 0.2138408 -0.3547186 0.1040999 -0.3263607 0.2138408 -0.2880661 0.1990874 -0.4011432 0.1506716 -0.4693941 0.2191387 -0.42565 0.252093 -0.4011432 0.1506716 -0.42565 0.252093 -0.3263607 0.2138408 -0.55 0.3 -0.4254542 0.2520175 -0.4219486 0.3 -0.55 0.3 -0.417262 0.3 -0.42565 0.252093 -0.4254542 0.2520175 -0.3518869 0.223675 -0.322284 0.3 -0.4254542 0.2520175 -0.322284 0.3 -0.4219486 0.3 -0.3518869 0.223675 -0.3032217 0.2049263 -0.2583922 0.3 -0.3518869 0.223675 -0.2583922 0.3 -0.322284 0.3 -0.3032217 0.2049263 -0.2880661 0.1990874 -0.2662349 0.3 -0.3032217 0.2049263 -0.2662349 0.3 -0.2583922 0.3 -0.2880661 0.1990874 -0.3263607 0.2138408 -0.316917 0.3 -0.2880661 0.1990874 -0.316917 0.3 -0.2662349 0.3 -0.3263607 0.2138408 -0.42565 0.252093 -0.417262 0.3 -0.3263607 0.2138408 -0.417262 0.3 -0.316917 0.3</float_array><technique_common><accessor source="#g0uv-array" count="1512" stride="2"><param name="S" type="float" /><param name="T" type="float" /></accessor></technique_common></source><vertices id="g0-vertices"><input semantic="POSITION" source="#g0p" /></vertices><triangles count="504" material="m0-slot"><input semantic="VERTEX" source="#g0-vertices" offset="0" /><input semantic="NORMAL" source="#g0n" offset="1" /><input semantic="TEXCOORD" source="#g0uv" offset="2" set="0" /><p>0 0 0 1 1 1 2 2 2 3 3 3 4 4 4 5 5 5 6 6 6 7 7 7 8 8 8 9 9 9 10 10 10 11 11 11 12 12 12 13 13 13 14 14 14 15 15 15 16 16 16 17 17 17 18 18 18 19 19 19 20 20 20 21 21 21 22 22 22 23 23 23 24 24 24 25 25 25 26 26 26 27 27 27 28 28 28 29 29 29 30 30 30 31 31 31 32 32 32 33 33 33 34 34 34 35 35 35 36 36 36 37 37 37 38 38 38 39 39 39 40 40 40 41 41 41 42 42 42 43 43 43 44 44 44 45 45 45 46 46 46 47 47 47 48 48 48 49 49 49 50 50 50 51 51 51 52 52 52 53 53 53 54 54 54 55 55 55 56 56 56 57 57 57 58 58 58 59 59 59 60 60 60 61 61 61 62 62 62 63 63 63 64 64 64 65 65 65 66 66 66 67 67 67 68 68 68 69 69 69 70 70 70 71 71 71 72 72 72 73 73 73 74 74 74 75 75 75 76 76 76 77 77 77 78 78 78 79 79 79 80 80 80 81 81 81 82 82 82 83 83 83 84 84 84 85 85 85 86 86 86 87 87 87 88 88 88 89 89 89 90 90 90 91 91 91 92 92 92 93 93 93 94 94 94 95 95 95 96 96 96 97 97 97 98 98 98 99 99 99 100 100 100 101 101 101 102 102 102 103 103 103 104 104 104 105 105 105 106 106 106 107 107 107 108 108 108 109 109 109 110 110 110 111 111 111 112 112 112 113 113 113 114 114 114 115 115 115 116 116 116 117 117 117 118 118 118 119 119 119 120 120 120 121 121 121 122 122 122 123 123 123 124 124 124 125 125 125 126 126 126 127 127 127 128 128 128 129 129 129 130 130 130 131 131 131 132 132 132 133 133 133 134 134 134 135 135 135 136 136 136 137 137 137 138 138 138 139 139 139 140 140 140 141 141 141 142 142 142 143 143 143 144 144 144 145 145 145 146 146 146 147 147 147 148 148 148 149 149 149 150 150 150 151 151 151 152 152 152 153 153 153 154 154 154 155 155 155 156 156 156 157 157 157 158 158 158 159 159 159 160 160 160 161 161 161 162 162 162 163 163 163 164 164 164 165 165 165 166 166 166 167 167 167 168 168 168 169 169 169 170 170 170 171 171 171 172 172 172 173 173 173 174 174 174 175 175 175 176 176 176 177 177 177 178 178 178 179 179 179 180 180 180 181 181 181 182 182 182 183 183 183 184 184 184 185 185 185 186 186 186 187 187 187 188 188 188 189 189 189 190 190 190 191 191 191 192 192 192 193 193 193 194 194 194 195 195 195 196 196 196 197 197 197 198 198 198 199 199 199 200 200 200 201 201 201 202 202 202 203 203 203 204 204 204 205 205 205 206 206 206 207 207 207 208 208 208 209 209 209 210 210 210 211 211 211 212 212 212 213 213 213 214 214 214 215 215 215 216 216 216 217 217 217 218 218 218 219 219 219 220 220 220 221 221 221 222 222 222 223 223 223 224 224 224 225 225 225 226 226 226 227 227 227 228 228 228 229 229 229 230 230 230 231 231 231 232 232 232 233 233 233 234 234 234 235 235 235 236 236 236 237 237 237 238 238 238 239 239 239 240 240 240 241 241 241 242 242 242 243 243 243 244 244 244 245 245 245 246 246 246 247 247 247 248 248 248 249 249 249 250 250 250 251 251 251 252 252 252 253 253 253 254 254 254 255 255 255 256 256 256 257 257 257 258 258 258 259 259 259 260 260 260 261 261 261 262 262 262 263 263 263 264 264 264 265 265 265 266 266 266 267 267 267 268 268 268 269 269 269 270 270 270 271 271 271 272 272 272 273 273 273 274 274 274 275 275 275 276 276 276 277 277 277 278 278 278 279 279 279 280 280 280 281 281 281 282 282 282 283 283 283 284 284 284 285 285 285 286 286 286 287 287 287 288 288 288 289 289 289 290 290 290 291 291 291 292 292 292 293 293 293 294 294 294 295 295 295 296 296 296 297 297 297 298 298 298 299 299 299 300 300 300 301 301 301 302 302 302 303 303 303 304 304 304 305 305 305 306 306 306 307 307 307 308 308 308 309 309 309 310 310 310 311 311 311 312 312 312 313 313 313 314 314 314 315 315 315 316 316 316 317 317 317 318 318 318 319 319 319 320 320 320 321 321 321 322 322 322 323 323 323 324 324 324 325 325 325 326 326 326 327 327 327 328 328 328 329 329 329 330 330 330 331 331 331 332 332 332 333 333 333 334 334 334 335 335 335 336 336 336 337 337 337 338 338 338 339 339 339 340 340 340 341 341 341 342 342 342 343 343 343 344 344 344 345 345 345 346 346 346 347 347 347 348 348 348 349 349 349 350 350 350 351 351 351 352 352 352 353 353 353 354 354 354 355 355 355 356 356 356 357 357 357 358 358 358 359 359 359 360 360 360 361 361 361 362 362 362 363 363 363 364 364 364 365 365 365 366 366 366 367 367 367 368 368 368 369 369 369 370 370 370 371 371 371 372 372 372 373 373 373 374 374 374 375 375 375 376 376 376 377 377 377 378 378 378 379 379 379 380 380 380 381 381 381 382 382 382 383 383 383 384 384 384 385 385 385 386 386 386 387 387 387 388 388 388 389 389 389 390 390 390 391 391 391 392 392 392 393 393 393 394 394 394 395 395 395 396 396 396 397 397 397 398 398 398 399 399 399 400 400 400 401 401 401 402 402 402 403 403 403 404 404 404 405 405 405 406 406 406 407 407 407 408 408 408 409 409 409 410 410 410 411 411 411 412 412 412 413 413 413 414 414 414 415 415 415 416 416 416 417 417 417 418 418 418 419 419 419 420 420 420 421 421 421 422 422 422 423 423 423 424 424 424 425 425 425 426 426 426 427 427 427 428 428 428 429 429 429 430 430 430 431 431 431 432 432 432 433 433 433 434 434 434 435 435 435 436 436 436 437 437 437 438 438 438 439 439 439 440 440 440 441 441 441 442 442 442 443 443 443 444 444 444 445 445 445 446 446 446 447 447 447 448 448 448 449 449 449 450 450 450 451 451 451 452 452 452 453 453 453 454 454 454 455 455 455 456 456 456 457 457 457 458 458 458 459 459 459 460 460 460 461 461 461 462 462 462 463 463 463 464 464 464 465 465 465 466 466 466 467 467 467 468 468 468 469 469 469 470 470 470 471 471 471 472 472 472 473 473 473 474 474 474 475 475 475 476 476 476 477 477 477 478 478 478 479 479 479 480 480 480 481 481 481 482 482 482 483 483 483 484 484 484 485 485 485 486 486 486 487 487 487 488 488 488 489 489 489 490 490 490 491 491 491 492 492 492 493 493 493 494 494 494 495 495 495 496 496 496 497 497 497 498 498 498 499 499 499 500 500 500 501 501 501 502 502 502 503 503 503 504 504 504 505 505 505 506 506 506 507 507 507 508 508 508 509 509 509 510 510 510 511 511 511 512 512 512 513 513 513 514 514 514 515 515 515 516 516 516 517 517 517 518 518 518 519 519 519 520 520 520 521 521 521 522 522 522 523 523 523 524 524 524 525 525 525 526 526 526 527 527 527 528 528 528 529 529 529 530 530 530 531 531 531 532 532 532 533 533 533 534 534 534 535 535 535 536 536 536 537 537 537 538 538 538 539 539 539 540 540 540 541 541 541 542 542 542 543 543 543 544 544 544 545 545 545 546 546 546 547 547 547 548 548 548 549 549 549 550 550 550 551 551 551 552 552 552 553 553 553 554 554 554 555 555 555 556 556 556 557 557 557 558 558 558 559 559 559 560 560 560 561 561 561 562 562 562 563 563 563 564 564 564 565 565 565 566 566 566 567 567 567 568 568 568 569 569 569 570 570 570 571 571 571 572 572 572 573 573 573 574 574 574 575 575 575 576 576 576 577 577 577 578 578 578 579 579 579 580 580 580 581 581 581 582 582 582 583 583 583 584 584 584 585 585 585 586 586 586 587 587 587 588 588 588 589 589 589 590 590 590 591 591 591 592 592 592 593 593 593 594 594 594 595 595 595 596 596 596 597 597 597 598 598 598 599 599 599 600 600 600 601 601 601 602 602 602 603 603 603 604 604 604 605 605 605 606 606 606 607 607 607 608 608 608 609 609 609 610 610 610 611 611 611 612 612 612 613 613 613 614 614 614 615 615 615 616 616 616 617 617 617 618 618 618 619 619 619 620 620 620 621 621 621 622 622 622 623 623 623 624 624 624 625 625 625 626 626 626 627 627 627 628 628 628 629 629 629 630 630 630 631 631 631 632 632 632 633 633 633 634 634 634 635 635 635 636 636 636 637 637 637 638 638 638 639 639 639 640 640 640 641 641 641 642 642 642 643 643 643 644 644 644 645 645 645 646 646 646 647 647 647 648 648 648 649 649 649 650 650 650 651 651 651 652 652 652 653 653 653 654 654 654 655 655 655 656 656 656 657 657 657 658 658 658 659 659 659 660 660 660 661 661 661 662 662 662 663 663 663 664 664 664 665 665 665 666 666 666 667 667 667 668 668 668 669 669 669 670 670 670 671 671 671 672 672 672 673 673 673 674 674 674 675 675 675 676 676 676 677 677 677 678 678 678 679 679 679 680 680 680 681 681 681 682 682 682 683 683 683 684 684 684 685 685 685 686 686 686 687 687 687 688 688 688 689 689 689 690 690 690 691 691 691 692 692 692 693 693 693 694 694 694 695 695 695 696 696 696 697 697 697 698 698 698 699 699 699 700 700 700 701 701 701 702 702 702 703 703 703 704 704 704 705 705 705 706 706 706 707 707 707 708 708 708 709 709 709 710 710 710 711 711 711 712 712 712 713 713 713 714 714 714 715 715 715 716 716 716 717 717 717 718 718 718 719 719 719 720 720 720 721 721 721 722 722 722 723 723 723 724 724 724 725 725 725 726 726 726 727 727 727 728 728 728 729 729 729 730 730 730 731 731 731 732 732 732 733 733 733 734 734 734 735 735 735 736 736 736 737 737 737 738 738 738 739 739 739 740 740 740 741 741 741 742 742 742 743 743 743 744 744 744 745 745 745 746 746 746 747 747 747 748 748 748 749 749 749 750 750 750 751 751 751 752 752 752 753 753 753 754 754 754 755 755 755 756 756 756 757 757 757 758 758 758 759 759 759 760 760 760 761 761 761 762 762 762 763 763 763 764 764 764 765 765 765 766 766 766 767 767 767 768 768 768 769 769 769 770 770 770 771 771 771 772 772 772 773 773 773 774 774 774 775 775 775 776 776 776 777 777 777 778 778 778 779 779 779 780 780 780 781 781 781 782 782 782 783 783 783 784 784 784 785 785 785 786 786 786 787 787 787 788 788 788 789 789 789 790 790 790 791 791 791 792 792 792 793 793 793 794 794 794 795 795 795 796 796 796 797 797 797 798 798 798 799 799 799 800 800 800 801 801 801 802 802 802 803 803 803 804 804 804 805 805 805 806 806 806 807 807 807 808 808 808 809 809 809 810 810 810 811 811 811 812 812 812 813 813 813 814 814 814 815 815 815 816 816 816 817 817 817 818 818 818 819 819 819 820 820 820 821 821 821 822 822 822 823 823 823 824 824 824 825 825 825 826 826 826 827 827 827 828 828 828 829 829 829 830 830 830 831 831 831 832 832 832 833 833 833 834 834 834 835 835 835 836 836 836 837 837 837 838 838 838 839 839 839 840 840 840 841 841 841 842 842 842 843 843 843 844 844 844 845 845 845 846 846 846 847 847 847 848 848 848 849 849 849 850 850 850 851 851 851 852 852 852 853 853 853 854 854 854 855 855 855 856 856 856 857 857 857 858 858 858 859 859 859 860 860 860 861 861 861 862 862 862 863 863 863 864 864 864 865 865 865 866 866 866 867 867 867 868 868 868 869 869 869 870 870 870 871 871 871 872 872 872 873 873 873 874 874 874 875 875 875 876 876 876 877 877 877 878 878 878 879 879 879 880 880 880 881 881 881 882 882 882 883 883 883 884 884 884 885 885 885 886 886 886 887 887 887 888 888 888 889 889 889 890 890 890 891 891 891 892 892 892 893 893 893 894 894 894 895 895 895 896 896 896 897 897 897 898 898 898 899 899 899 900 900 900 901 901 901 902 902 902 903 903 903 904 904 904 905 905 905 906 906 906 907 907 907 908 908 908 909 909 909 910 910 910 911 911 911 912 912 912 913 913 913 914 914 914 915 915 915 916 916 916 917 917 917 918 918 918 919 919 919 920 920 920 921 921 921 922 922 922 923 923 923 924 924 924 925 925 925 926 926 926 927 927 927 928 928 928 929 929 929 930 930 930 931 931 931 932 932 932 933 933 933 934 934 934 935 935 935 936 936 936 937 937 937 938 938 938 939 939 939 940 940 940 941 941 941 942 942 942 943 943 943 944 944 944 945 945 945 946 946 946 947 947 947 948 948 948 949 949 949 950 950 950 951 951 951 952 952 952 953 953 953 954 954 954 955 955 955 956 956 956 957 957 957 958 958 958 959 959 959 960 960 960 961 961 961 962 962 962 963 963 963 964 964 964 965 965 965 966 966 966 967 967 967 968 968 968 969 969 969 970 970 970 971 971 971 972 972 972 973 973 973 974 974 974 975 975 975 976 976 976 977 977 977 978 978 978 979 979 979 980 980 980 981 981 981 982 982 982 983 983 983 984 984 984 985 985 985 986 986 986 987 987 987 988 988 988 989 989 989 990 990 990 991 991 991 992 992 992 993 993 993 994 994 994 995 995 995 996 996 996 997 997 997 998 998 998 999 999 999 1000 1000 1000 1001 1001 1001 1002 1002 1002 1003 1003 1003 1004 1004 1004 1005 1005 1005 1006 1006 1006 1007 1007 1007 1008 1008 1008 1009 1009 1009 1010 1010 1010 1011 1011 1011 1012 1012 1012 1013 1013 1013 1014 1014 1014 1015 1015 1015 1016 1016 1016 1017 1017 1017 1018 1018 1018 1019 1019 1019 1020 1020 1020 1021 1021 1021 1022 1022 1022 1023 1023 1023 1024 1024 1024 1025 1025 1025 1026 1026 1026 1027 1027 1027 1028 1028 1028 1029 1029 1029 1030 1030 1030 1031 1031 1031 1032 1032 1032 1033 1033 1033 1034 1034 1034 1035 1035 1035 1036 1036 1036 1037 1037 1037 1038 1038 1038 1039 1039 1039 1040 1040 1040 1041 1041 1041 1042 1042 1042 1043 1043 1043 1044 1044 1044 1045 1045 1045 1046 1046 1046 1047 1047 1047 1048 1048 1048 1049 1049 1049 1050 1050 1050 1051 1051 1051 1052 1052 1052 1053 1053 1053 1054 1054 1054 1055 1055 1055 1056 1056 1056 1057 1057 1057 1058 1058 1058 1059 1059 1059 1060 1060 1060 1061 1061 1061 1062 1062 1062 1063 1063 1063 1064 1064 1064 1065 1065 1065 1066 1066 1066 1067 1067 1067 1068 1068 1068 1069 1069 1069 1070 1070 1070 1071 1071 1071 1072 1072 1072 1073 1073 1073 1074 1074 1074 1075 1075 1075 1076 1076 1076 1077 1077 1077 1078 1078 1078 1079 1079 1079 1080 1080 1080 1081 1081 1081 1082 1082 1082 1083 1083 1083 1084 1084 1084 1085 1085 1085 1086 1086 1086 1087 1087 1087 1088 1088 1088 1089 1089 1089 1090 1090 1090 1091 1091 1091 1092 1092 1092 1093 1093 1093 1094 1094 1094 1095 1095 1095 1096 1096 1096 1097 1097 1097 1098 1098 1098 1099 1099 1099 1100 1100 1100 1101 1101 1101 1102 1102 1102 1103 1103 1103 1104 1104 1104 1105 1105 1105 1106 1106 1106 1107 1107 1107 1108 1108 1108 1109 1109 1109 1110 1110 1110 1111 1111 1111 1112 1112 1112 1113 1113 1113 1114 1114 1114 1115 1115 1115 1116 1116 1116 1117 1117 1117 1118 1118 1118 1119 1119 1119 1120 1120 1120 1121 1121 1121 1122 1122 1122 1123 1123 1123 1124 1124 1124 1125 1125 1125 1126 1126 1126 1127 1127 1127 1128 1128 1128 1129 1129 1129 1130 1130 1130 1131 1131 1131 1132 1132 1132 1133 1133 1133 1134 1134 1134 1135 1135 1135 1136 1136 1136 1137 1137 1137 1138 1138 1138 1139 1139 1139 1140 1140 1140 1141 1141 1141 1142 1142 1142 1143 1143 1143 1144 1144 1144 1145 1145 1145 1146 1146 1146 1147 1147 1147 1148 1148 1148 1149 1149 1149 1150 1150 1150 1151 1151 1151 1152 1152 1152 1153 1153 1153 1154 1154 1154 1155 1155 1155 1156 1156 1156 1157 1157 1157 1158 1158 1158 1159 1159 1159 1160 1160 1160 1161 1161 1161 1162 1162 1162 1163 1163 1163 1164 1164 1164 1165 1165 1165 1166 1166 1166 1167 1167 1167 1168 1168 1168 1169 1169 1169 1170 1170 1170 1171 1171 1171 1172 1172 1172 1173 1173 1173 1174 1174 1174 1175 1175 1175 1176 1176 1176 1177 1177 1177 1178 1178 1178 1179 1179 1179 1180 1180 1180 1181 1181 1181 1182 1182 1182 1183 1183 1183 1184 1184 1184 1185 1185 1185 1186 1186 1186 1187 1187 1187 1188 1188 1188 1189 1189 1189 1190 1190 1190 1191 1191 1191 1192 1192 1192 1193 1193 1193 1194 1194 1194 1195 1195 1195 1196 1196 1196 1197 1197 1197 1198 1198 1198 1199 1199 1199 1200 1200 1200 1201 1201 1201 1202 1202 1202 1203 1203 1203 1204 1204 1204 1205 1205 1205 1206 1206 1206 1207 1207 1207 1208 1208 1208 1209 1209 1209 1210 1210 1210 1211 1211 1211 1212 1212 1212 1213 1213 1213 1214 1214 1214 1215 1215 1215 1216 1216 1216 1217 1217 1217 1218 1218 1218 1219 1219 1219 1220 1220 1220 1221 1221 1221 1222 1222 1222 1223 1223 1223 1224 1224 1224 1225 1225 1225 1226 1226 1226 1227 1227 1227 1228 1228 1228 1229 1229 1229 1230 1230 1230 1231 1231 1231 1232 1232 1232 1233 1233 1233 1234 1234 1234 1235 1235 1235 1236 1236 1236 1237 1237 1237 1238 1238 1238 1239 1239 1239 1240 1240 1240 1241 1241 1241 1242 1242 1242 1243 1243 1243 1244 1244 1244 1245 1245 1245 1246 1246 1246 1247 1247 1247 1248 1248 1248 1249 1249 1249 1250 1250 1250 1251 1251 1251 1252 1252 1252 1253 1253 1253 1254 1254 1254 1255 1255 1255 1256 1256 1256 1257 1257 1257 1258 1258 1258 1259 1259 1259 1260 1260 1260 1261 1261 1261 1262 1262 1262 1263 1263 1263 1264 1264 1264 1265 1265 1265 1266 1266 1266 1267 1267 1267 1268 1268 1268 1269 1269 1269 1270 1270 1270 1271 1271 1271 1272 1272 1272 1273 1273 1273 1274 1274 1274 1275 1275 1275 1276 1276 1276 1277 1277 1277 1278 1278 1278 1279 1279 1279 1280 1280 1280 1281 1281 1281 1282 1282 1282 1283 1283 1283 1284 1284 1284 1285 1285 1285 1286 1286 1286 1287 1287 1287 1288 1288 1288 1289 1289 1289 1290 1290 1290 1291 1291 1291 1292 1292 1292 1293 1293 1293 1294 1294 1294 1295 1295 1295 1296 1296 1296 1297 1297 1297 1298 1298 1298 1299 1299 1299 1300 1300 1300 1301 1301 1301 1302 1302 1302 1303 1303 1303 1304 1304 1304 1305 1305 1305 1306 1306 1306 1307 1307 1307 1308 1308 1308 1309 1309 1309 1310 1310 1310 1311 1311 1311 1312 1312 1312 1313 1313 1313 1314 1314 1314 1315 1315 1315 1316 1316 1316 1317 1317 1317 1318 1318 1318 1319 1319 1319 1320 1320 1320 1321 1321 1321 1322 1322 1322 1323 1323 1323 1324 1324 1324 1325 1325 1325 1326 1326 1326 1327 1327 1327 1328 1328 1328 1329 1329 1329 1330 1330 1330 1331 1331 1331 1332 1332 1332 1333 1333 1333 1334 1334 1334 1335 1335 1335 1336 1336 1336 1337 1337 1337 1338 1338 1338 1339 1339 1339 1340 1340 1340 1341 1341 1341 1342 1342 1342 1343 1343 1343 1344 1344 1344 1345 1345 1345 1346 1346 1346 1347 1347 1347 1348 1348 1348 1349 1349 1349 1350 1350 1350 1351 1351 1351 1352 1352 1352 1353 1353 1353 1354 1354 1354 1355 1355 1355 1356 1356 1356 1357 1357 1357 1358 1358 1358 1359 1359 1359 1360 1360 1360 1361 1361 1361 1362 1362 1362 1363 1363 1363 1364 1364 1364 1365 1365 1365 1366 1366 1366 1367 1367 1367 1368 1368 1368 1369 1369 1369 1370 1370 1370 1371 1371 1371 1372 1372 1372 1373 1373 1373 1374 1374 1374 1375 1375 1375 1376 1376 1376 1377 1377 1377 1378 1378 1378 1379 1379 1379 1380 1380 1380 1381 1381 1381 1382 1382 1382 1383 1383 1383 1384 1384 1384 1385 1385 1385 1386 1386 1386 1387 1387 1387 1388 1388 1388 1389 1389 1389 1390 1390 1390 1391 1391 1391 1392 1392 1392 1393 1393 1393 1394 1394 1394 1395 1395 1395 1396 1396 1396 1397 1397 1397 1398 1398 1398 1399 1399 1399 1400 1400 1400 1401 1401 1401 1402 1402 1402 1403 1403 1403 1404 1404 1404 1405 1405 1405 1406 1406 1406 1407 1407 1407 1408 1408 1408 1409 1409 1409 1410 1410 1410 1411 1411 1411 1412 1412 1412 1413 1413 1413 1414 1414 1414 1415 1415 1415 1416 1416 1416 1417 1417 1417 1418 1418 1418 1419 1419 1419 1420 1420 1420 1421 1421 1421 1422 1422 1422 1423 1423 1423 1424 1424 1424 1425 1425 1425 1426 1426 1426 1427 1427 1427 1428 1428 1428 1429 1429 1429 1430 1430 1430 1431 1431 1431 1432 1432 1432 1433 1433 1433 1434 1434 1434 1435 1435 1435 1436 1436 1436 1437 1437 1437 1438 1438 1438 1439 1439 1439 1440 1440 1440 1441 1441 1441 1442 1442 1442 1443 1443 1443 1444 1444 1444 1445 1445 1445 1446 1446 1446 1447 1447 1447 1448 1448 1448 1449 1449 1449 1450 1450 1450 1451 1451 1451 1452 1452 1452 1453 1453 1453 1454 1454 1454 1455 1455 1455 1456 1456 1456 1457 1457 1457 1458 1458 1458 1459 1459 1459 1460 1460 1460 1461 1461 1461 1462 1462 1462 1463 1463 1463 1464 1464 1464 1465 1465 1465 1466 1466 1466 1467 1467 1467 1468 1468 1468 1469 1469 1469 1470 1470 1470 1471 1471 1471 1472 1472 1472 1473 1473 1473 1474 1474 1474 1475 1475 1475 1476 1476 1476 1477 1477 1477 1478 1478 1478 1479 1479 1479 1480 1480 1480 1481 1481 1481 1482 1482 1482 1483 1483 1483 1484 1484 1484 1485 1485 1485 1486 1486 1486 1487 1487 1487 1488 1488 1488 1489 1489 1489 1490 1490 1490 1491 1491 1491 1492 1492 1492 1493 1493 1493 1494 1494 1494 1495 1495 1495 1496 1496 1496 1497 1497 1497 1498 1498 1498 1499 1499 1499 1500 1500 1500 1501 1501 1501 1502 1502 1502 1503 1503 1503 1504 1504 1504 1505 1505 1505 1506 1506 1506 1507 1507 1507 1508 1508 1508 1509 1509 1509 1510 1510 1510 1511 1511 1511</p></triangles></mesh></geometry></library_geometries><library_visual_scenes><visual_scene id="Scene"><node id="g0-node"><instance_geometry url="#g0"><bind_material><technique_common><instance_material symbol="m0-slot" target="#m0-material"><bind_vertex_input semantic="UVMap" input_semantic="TEXCOORD" input_set="0" /></instance_material></technique_common></bind_material></instance_geometry></node></visual_scene></library_visual_scenes><scene><instance_visual_scene url="#Scene" /></scene></COLLADA>